District,Point_ID,Latitude,Longitude,pH,N (kg/ha),P (kg/ha),K (kg/ha),Carbon_Organic (g/kg),CEC (cmol/kg),Clay (%),Sand (%),Silt (%),Bulk_Density (g/cm3),Depth,Data_Source,Citation
Mbeya_Mjini,Mbeya_Mjini_1,-8.97,33.38,5.9,286.0,2.34,51.82,11.2,12.5,29.0,52.0,20.0,1.3,0-20 cm,iSDA Africa API v2 (30m resolution),"Hengl, T. et al. (2021). Scientific Reports, 11:6130"
Mbeya_Mjini,Mbeya_Mjini_2,-8.97,33.392,5.9,312.0,1.87,70.04,12.5,12.5,30.0,51.0,19.0,1.3,0-20 cm,iSDA Africa API v2 (30m resolution),"Hengl, T. et al. (2021). Scientific Reports, 11:6130"
Mbeya_Mjini,Mbeya_Mjini_3,-8.97,33.404,5.8,312.0,1.92,71.5,12.5,12.5,28.0,55.0,19.0,1.2,0-20 cm,iSDA Africa API v2 (30m resolution),"Hengl, T. et al. (2021). Scientific Reports, 11:6130"
Mbeya_Mjini,Mbeya_Mjini_4,-8.97,33.416,5.9,336.0,1.92,71.5,13.9,12.5,32.0,47.0,18.0,1.2,0-20 cm,iSDA Africa API v2 (30m resolution),"Hengl, T. et al. (2021). Scientific Reports, 11:6130"
Mbeya_Mjini,Mbeya_Mjini_5,-8.97,33.428,5.9,336.0,2.4,71.5,13.9,12.5,32.0,52.0,20.0,1.2,0-20 cm,iSDA Africa API v2 (30m resolution),"Hengl, T. et al. (2021). Scientific Reports, 11:6130"
Mbeya_Mjini,Mbeya_Mjini_6,-8.97,33.44,5.8,360.0,2.16,64.66,15.4,13.9,33.0,48.0,20.0,1.2,0-20 cm,iSDA Africa API v2 (30m resolution),"Hengl, T. et al. (2021). Scientific Reports, 11:6130"
Mbeya_Mjini,Mbeya_Mjini_7,-8.97,33.452,5.8,360.0,1.73,71.5,13.9,13.9,31.0,52.0,21.0,1.2,0-20 cm,iSDA Africa API v2 (30m resolution),"Hengl, T. et al. (2021). Scientific Reports, 11:6130"
Mbeya_Mjini,Mbeya_Mjini_8,-8.97,33.464,5.9,330.0,1.76,72.45,17.2,13.9,32.0,50.0,22.0,1.1,0-20 cm,iSDA Africa API v2 (30m resolution),"Hengl, T. et al. (2021). Scientific Reports, 11:6130"
Mbeya_Mjini,Mbeya_Mjini_9,-8.97,33.476,6.0,374.0,1.98,72.45,15.4,15.4,32.0,46.0,25.0,1.1,0-20 cm,iSDA Africa API v2 (30m resolution),"Hengl, T. et al. (2021). Scientific Reports, 11:6130"
Mbeya_Mjini,Mbeya_Mjini_10,-8.97,33.488,5.9,352.0,1.98,65.54,19.1,15.4,34.0,47.0,25.0,1.1,0-20 cm,iSDA Africa API v2 (30m resolution),"Hengl, T. et al. (2021). Scientific Reports, 11:6130"
Mbeya_Mjini,Mbeya_Mjini_11,-8.97,33.5,6.1,330.0,1.76,65.54,13.9,13.9,30.0,50.0,25.0,1.1,0-20 cm,iSDA Africa API v2 (30m resolution),"Hengl, T. et al. (2021). Scientific Reports, 11:6130"
Mbeya_Mjini,Mbeya_Mjini_12,-8.959,33.38,5.7,312.0,1.92,58.49,12.5,15.4,29.0,55.0,20.0,1.2,0-20 cm,iSDA Africa API v2 (30m resolution),"Hengl, T. et al. (2021). Scientific Reports, 11:6130"
Mbeya_Mjini,Mbeya_Mjini_13,-8.959,33.392,5.7,336.0,1.92,58.49,13.9,13.9,32.0,50.0,19.0,1.2,0-20 cm,iSDA Africa API v2 (30m resolution),"Hengl, T. et al. (2021). Scientific Reports, 11:6130"
Mbeya_Mjini,Mbeya_Mjini_14,-8.959,33.404,5.8,384.0,1.73,58.49,15.4,13.9,31.0,48.0,17.0,1.2,0-20 cm,iSDA Africa API v2 (30m resolution),"Hengl, T. et al. (2021). Scientific Reports, 11:6130"
Mbeya_Mjini,Mbeya_Mjini_15,-8.959,33.416,5.8,336.0,2.69,64.66,15.4,13.9,36.0,50.0,20.0,1.2,0-20 cm,iSDA Africa API v2 (30m resolution),"Hengl, T. et al. (2021). Scientific Reports, 11:6130"
Mbeya_Mjini,Mbeya_Mjini_16,-8.959,33.428,5.8,336.0,1.73,64.66,15.4,12.5,31.0,50.0,20.0,1.2,0-20 cm,iSDA Africa API v2 (30m resolution),"Hengl, T. et al. (2021). Scientific Reports, 11:6130"
Mbeya_Mjini,Mbeya_Mjini_17,-8.959,33.44,5.7,360.0,2.69,64.66,15.4,13.9,31.0,53.0,23.0,1.2,0-20 cm,iSDA Africa API v2 (30m resolution),"Hengl, T. et al. (2021). Scientific Reports, 11:6130"
Mbeya_Mjini,Mbeya_Mjini_18,-8.959,33.452,5.8,360.0,2.16,79.03,15.4,12.5,32.0,45.0,25.0,1.2,0-20 cm,iSDA Africa API v2 (30m resolution),"Hengl, T. et al. (2021). Scientific Reports, 11:6130"
Mbeya_Mjini,Mbeya_Mjini_19,-8.959,33.464,5.9,360.0,1.92,71.5,15.4,12.5,31.0,48.0,22.0,1.2,0-20 cm,iSDA Africa API v2 (30m resolution),"Hengl, T. et al. (2021). Scientific Reports, 11:6130"
Mbeya_Mjini,Mbeya_Mjini_49,-8.926,33.428,6.1,264.0,2.69,64.66,12.5,13.9,23.0,57.0,21.0,1.2,0-20 cm,iSDA Africa API v2 (30m resolution),"Hengl, T. et al. (2021). Scientific Reports, 11:6130"
Mbeya_Mjini,Mbeya_Mjini_50,-8.926,33.44,5.9,360.0,2.16,71.5,15.4,15.4,30.0,45.0,21.0,1.2,0-20 cm,iSDA Africa API v2 (30m resolution),"Hengl, T. et al. (2021). Scientific Reports, 11:6130"
Mbeya_Mjini,Mbeya_Mjini_51,-8.926,33.452,5.8,312.0,2.16,64.66,12.5,13.9,24.0,53.0,23.0,1.2,0-20 cm,iSDA Africa API v2 (30m resolution),"Hengl, T. et al. (2021). Scientific Reports, 11:6130"
Mbeya_Mjini,Mbeya_Mjini_52,-8.926,33.464,5.9,264.0,2.4,64.66,10.0,12.5,24.0,56.0,23.0,1.2,0-20 cm,iSDA Africa API v2 (30m resolution),"Hengl, T. et al. (2021). Scientific Reports, 11:6130"
Mbeya_Mjini,Mbeya_Mjini_53,-8.926,33.476,5.8,312.0,2.69,71.5,12.5,12.5,22.0,52.0,23.0,1.2,0-20 cm,iSDA Africa API v2 (30m resolution),"Hengl, T. et al. (2021). Scientific Reports, 11:6130"
Mbeya_Mjini,Mbeya_Mjini_54,-8.926,33.488,5.9,288.0,2.16,71.5,11.2,12.5,22.0,52.0,22.0,1.2,0-20 cm,iSDA Africa API v2 (30m resolution),"Hengl, T. et al. (2021). Scientific Reports, 11:6130"
Mbeya_Mjini,Mbeya_Mjini_55,-8.926,33.5,5.8,288.0,2.4,64.66,11.2,12.5,24.0,45.0,29.0,1.2,0-20 cm,iSDA Africa API v2 (30m resolution),"Hengl, T. et al. (2021). Scientific Reports, 11:6130"
Mbeya_Mjini,Mbeya_Mjini_56,-8.915,33.38,6.0,312.0,2.6,57.3,10.0,12.5,28.0,57.0,18.0,1.3,0-20 cm,iSDA Africa API v2 (30m resolution),"Hengl, T. et al. (2021). Scientific Reports, 11:6130"
Mbeya_Mjini,Mbeya_Mjini_57,-8.915,33.392,5.8,312.0,2.16,64.66,12.5,12.5,30.0,52.0,18.0,1.2,0-20 cm,iSDA Africa API v2 (30m resolution),"Hengl, T. et al. (2021). Scientific Reports, 11:6130"
Mbeya_Mjini,Mbeya_Mjini_58,-8.915,33.404,6.0,312.0,2.6,51.82,11.2,12.5,26.0,50.0,20.0,1.3,0-20 cm,iSDA Africa API v2 (30m resolution),"Hengl, T. et al. (2021). Scientific Reports, 11:6130"
Mbeya_Mjini,Mbeya_Mjini_59,-8.915,33.416,6.1,338.0,2.34,63.36,11.2,12.5,29.0,57.0,17.0,1.3,0-20 cm,iSDA Africa API v2 (30m resolution),"Hengl, T. et al. (2021). Scientific Reports, 11:6130"
Mbeya_Mjini,Mbeya_Mjini_60,-8.915,33.428,5.8,312.0,2.16,58.49,11.2,12.5,27.0,54.0,21.0,1.2,0-20 cm,iSDA Africa API v2 (30m resolution),"Hengl, T. et al. (2021). Scientific Reports, 11:6130"
Mbeya_Mjini,Mbeya_Mjini_61,-8.915,33.44,5.9,312.0,2.91,63.36,11.2,13.9,23.0,60.0,18.0,1.3,0-20 cm,iSDA Africa API v2 (30m resolution),"Hengl, T. et al. (2021). Scientific Reports, 11:6130"
Mbeya_Mjini,Mbeya_Mjini_62,-8.915,33.452,6.5,288.0,3.0,64.66,11.2,13.9,23.0,56.0,20.0,1.2,0-20 cm,iSDA Africa API v2 (30m resolution),"Hengl, T. et al. (2021). Scientific Reports, 11:6130"
Mbeya_Mjini,Mbeya_Mjini_63,-8.915,33.464,6.2,288.0,2.4,64.66,11.2,12.5,22.0,55.0,22.0,1.2,0-20 cm,iSDA Africa API v2 (30m resolution),"Hengl, T. et al. (2021). Scientific Reports, 11:6130"
Mbeya_Mjini,Mbeya_Mjini_64,-8.915,33.476,6.6,264.0,2.4,64.66,12.5,13.9,23.0,49.0,24.0,1.2,0-20 cm,iSDA Africa API v2 (30m resolution),"Hengl, T. et al. (2021). Scientific Reports, 11:6130"
Mbeya_Mjini,Mbeya_Mjini_65,-8.915,33.488,6.4,264.0,2.69,58.49,12.5,13.9,24.0,42.0,30.0,1.2,0-20 cm,iSDA Africa API v2 (30m resolution),"Hengl, T. et al. (2021). Scientific Reports, 11:6130"
Mbeya_Mjini,Mbeya_Mjini_66,-8.915,33.5,5.9,288.0,2.4,71.5,11.2,12.5,23.0,46.0,30.0,1.2,0-20 cm,iSDA Africa API v2 (30m resolution),"Hengl, T. et al. (2021). Scientific Reports, 11:6130"
Mbeya_Mjini,Mbeya_Mjini_67,-8.904,33.38,6.0,288.0,2.16,58.49,12.5,12.5,28.0,54.0,17.0,1.2,0-20 cm,iSDA Africa API v2 (30m resolution),"Hengl, T. et al. (2021). Scientific Reports, 11:6130"
Mbeya_Mjini,Mbeya_Mjini_68,-8.904,33.392,5.9,312.0,2.6,57.3,10.0,12.5,28.0,54.0,20.0,1.3,0-20 cm,iSDA Africa API v2 (30m resolution),"Hengl, T. et al. (2021). Scientific Reports, 11:6130"
Mbeya_Mjini,Mbeya_Mjini_69,-8.904,33.404,5.8,336.0,2.4,52.9,12.5,12.5,30.0,49.0,20.0,1.2,0-20 cm,iSDA Africa API v2 (30m resolution),"Hengl, T. et al. (2021). Scientific Reports, 11:6130"
Mbeya_Mjini,Mbeya_Mjini_70,-8.904,33.416,6.0,352.0,2.2,48.49,15.4,12.5,35.0,50.0,19.0,1.1,0-20 cm,iSDA Africa API v2 (30m resolution),"Hengl, T. et al. (2021). Scientific Reports, 11:6130"
Mbeya_Mjini,Mbeya_Mjini_71,-8.904,33.428,5.8,408.0,1.92,43.27,13.9,12.5,32.0,53.0,18.0,1.2,0-20 cm,iSDA Africa API v2 (30m resolution),"Hengl, T. et al. (2021). Scientific Reports, 11:6130"
Mbeya_Mjini,Mbeya_Mjini_72,-8.904,33.44,6.2,312.0,2.6,57.3,11.2,13.9,25.0,49.0,21.0,1.3,0-20 cm,iSDA Africa API v2 (30m resolution),"Hengl, T. et al. (2021). Scientific Reports, 11:6130"
Mbeya_Mjini,Mbeya_Mjini_73,-8.904,33.452,5.9,288.0,2.69,58.49,11.2,12.5,26.0,53.0,20.0,1.2,0-20 cm,iSDA Africa API v2 (30m resolution),"Hengl, T. et al. (2021). Scientific Reports, 11:6130"
Mbeya_Mjini,Mbeya_Mjini_74,-8.904,33.464,6.7,288.0,3.0,58.49,11.2,13.9,25.0,52.0,22.0,1.2,0-20 cm,iSDA Africa API v2 (30m resolution),"Hengl, T. et al. (2021). Scientific Reports, 11:6130"
Mbeya_Mjini,Mbeya_Mjini_75,-8.904,33.476,6.1,312.0,2.4,52.9,12.5,15.4,24.0,50.0,23.0,1.2,0-20 cm,iSDA Africa API v2 (30m resolution),"Hengl, T. et al. (2021). Scientific Reports, 11:6130"
Mbeya_Mjini,Mbeya_Mjini_76,-8.904,33.488,5.9,336.0,2.16,58.49,13.9,12.5,30.0,49.0,25.0,1.2,0-20 cm,iSDA Africa API v2 (30m resolution),"Hengl, T. et al. (2021). Scientific Reports, 11:6130"
Mbeya_Mjini,Mbeya_Mjini_77,-8.904,33.5,5.9,312.0,2.16,64.66,11.2,13.9,22.0,49.0,24.0,1.2,0-20 cm,iSDA Africa API v2 (30m resolution),"Hengl, T. et al. (2021). Scientific Reports, 11:6130"
Mbeya_Mjini,Mbeya_Mjini_78,-8.893,33.38,5.8,360.0,2.16,52.9,15.4,13.9,32.0,49.0,19.0,1.2,0-20 cm,iSDA Africa API v2 (30m resolution),"Hengl, T. et al. (2021). Scientific Reports, 11:6130"
Mbeya_Mjini,Mbeya_Mjini_79,-8.893,33.392,5.8,330.0,1.98,48.49,13.9,12.5,32.0,49.0,20.0,1.1,0-20 cm,iSDA Africa API v2 (30m resolution),"Hengl, T. et al. (2021). Scientific Reports, 11:6130"
Mbeya_Mjini,Mbeya_Mjini_80,-8.893,33.404,5.7,374.0,2.2,35.86,15.4,12.5,33.0,48.0,18.0,1.1,0-20 cm,iSDA Africa API v2 (30m resolution),"Hengl, T. et al. (2021). Scientific Reports, 11:6130"
Mbeya_Mjini,Mbeya_Mjini_81,-8.893,33.416,5.8,374.0,1.76,39.67,15.4,15.4,33.0,50.0,18.0,1.1,0-20 cm,iSDA Africa API v2 (30m resolution),"Hengl, T. et al. (2021). Scientific Reports, 11:6130"
Mbeya_Mjini,Mbeya_Mjini_82,-8.893,33.428,5.9,312.0,2.4,43.27,11.2,13.9,28.0,52.0,21.0,1.2,0-20 cm,iSDA Africa API v2 (30m resolution),"Hengl, T. et al. (2021). Scientific Reports, 11:6130"
Mbeya_Mjini,Mbeya_Mjini_83,-8.893,33.44,6.1,312.0,2.69,58.49,11.2,13.9,29.0,47.0,22.0,1.2,0-20 cm,iSDA Africa API v2 (30m resolution),"Hengl, T. et al. (2021). Scientific Reports, 11:6130"
Mbeya_Mjini,Mbeya_Mjini_84,-8.893,33.452,5.8,360.0,2.4,52.9,13.9,13.9,31.0,48.0,19.0,1.2,0-20 cm,iSDA Africa API v2 (30m resolution),"Hengl, T. et al. (2021). Scientific Reports, 11:6130"
Mbeya_Mjini,Mbeya_Mjini_85,-8.893,33.464,6.1,240.0,2.16,58.49,10.0,13.9,25.0,55.0,24.0,1.2,0-20 cm,iSDA Africa API v2 (30m resolution),"Hengl, T. et al. (2021). Scientific Reports, 11:6130"
Mbeya_Mjini,Mbeya_Mjini_86,-8.893,33.476,5.9,336.0,2.16,52.9,12.5,11.2,26.0,50.0,25.0,1.2,0-20 cm,iSDA Africa API v2 (30m resolution),"Hengl, T. et al. (2021). Scientific Reports, 11:6130"
Mbeya_Mjini,Mbeya_Mjini_87,-8.893,33.488,5.9,286.0,2.08,63.36,11.2,12.5,25.0,54.0,22.0,1.3,0-20 cm,iSDA Africa API v2 (30m resolution),"Hengl, T. et al. (2021). Scientific Reports, 11:6130"
Mbeya_Mjini,Mbeya_Mjini_88,-8.893,33.5,5.8,288.0,2.4,58.49,12.5,11.2,28.0,48.0,24.0,1.2,0-20 cm,iSDA Africa API v2 (30m resolution),"Hengl, T. et al. (2021). Scientific Reports, 11:6130"
Mbeya_Mjini,Mbeya_Mjini_89,-8.882,33.38,5.5,396.0,1.76,43.85,17.2,13.9,33.0,47.0,21.0,1.1,0-20 cm,iSDA Africa API v2 (30m resolution),"Hengl, T. et al. (2021). Scientific Reports, 11:6130"
Mbeya_Mjini,Mbeya_Mjini_90,-8.882,33.392,5.8,396.0,1.76,43.85,17.2,15.4,38.0,44.0,20.0,1.1,0-20 cm,iSDA Africa API v2 (30m resolution),"Hengl, T. et al. (2021). Scientific Reports, 11:6130"
Mbeya_Mjini,Mbeya_Mjini_91,-8.882,33.404,5.8,308.0,1.58,48.49,15.4,13.9,36.0,41.0,19.0,1.1,0-20 cm,iSDA Africa API v2 (30m resolution),"Hengl, T. et al. (2021). Scientific Reports, 11:6130"
Mbeya_Mjini,Mbeya_Mjini_92,-8.882,33.416,5.7,440.0,2.2,32.43,19.1,15.4,35.0,47.0,20.0,1.1,0-20 cm,iSDA Africa API v2 (30m resolution),"Hengl, T. et al. (2021). Scientific Reports, 11:6130"
Mbeya_Mjini,Mbeya_Mjini_93,-8.882,33.428,5.7,396.0,1.98,39.67,17.2,13.9,37.0,44.0,21.0,1.1,0-20 cm,iSDA Africa API v2 (30m resolution),"Hengl, T. et al. (2021). Scientific Reports, 11:6130"
Mbeya_Mjini,Mbeya_Mjini_94,-8.882,33.44,5.5,418.0,1.98,39.67,19.1,12.5,36.0,46.0,19.0,1.1,0-20 cm,iSDA Africa API v2 (30m resolution),"Hengl, T. et al. (2021). Scientific Reports, 11:6130"
Mbeya_Mjini,Mbeya_Mjini_95,-8.882,33.452,5.6,396.0,2.46,43.85,17.2,11.2,33.0,49.0,19.0,1.1,0-20 cm,iSDA Africa API v2 (30m resolution),"Hengl, T. et al. (2021). Scientific Reports, 11:6130"
Mbeya_Mjini,Mbeya_Mjini_96,-8.882,33.464,5.8,360.0,2.16,52.9,12.5,12.5,30.0,46.0,19.0,1.2,0-20 cm,iSDA Africa API v2 (30m resolution),"Hengl, T. et al. (2021). Scientific Reports, 11:6130"
Mbeya_Mjini,Mbeya_Mjini_97,-8.882,33.476,5.9,288.0,2.16,64.66,12.5,13.9,28.0,51.0,22.0,1.2,0-20 cm,iSDA Africa API v2 (30m resolution),"Hengl, T. et al. (2021). Scientific Reports, 11:6130"
Mbeya_Mjini,Mbeya_Mjini_98,-8.882,33.488,5.9,360.0,1.92,64.66,17.2,15.4,31.0,47.0,20.0,1.2,0-20 cm,iSDA Africa API v2 (30m resolution),"Hengl, T. et al. (2021). Scientific Reports, 11:6130"
Mbeya_Mjini,Mbeya_Mjini_99,-8.882,33.5,5.9,288.0,2.69,58.49,11.2,12.5,28.0,49.0,24.0,1.2,0-20 cm,iSDA Africa API v2 (30m resolution),"Hengl, T. et al. (2021). Scientific Reports, 11:6130"
Mbeya_Mjini,Mbeya_Mjini_100,-8.871,33.38,5.6,352.0,1.76,48.49,19.1,13.9,36.0,47.0,20.0,1.1,0-20 cm,iSDA Africa API v2 (30m resolution),"Hengl, T. et al. (2021). Scientific Reports, 11:6130"
Mbeya_Mjini,Mbeya_Mjini_101,-8.871,33.392,5.8,418.0,2.2,43.85,17.2,13.9,34.0,45.0,21.0,1.1,0-20 cm,iSDA Africa API v2 (30m resolution),"Hengl, T. et al. (2021). Scientific Reports, 11:6130"
Mbeya_Mjini,Mbeya_Mjini_102,-8.871,33.404,5.7,400.0,2.0,44.08,19.1,15.4,34.0,49.0,20.0,1.0,0-20 cm,iSDA Africa API v2 (30m resolution),"Hengl, T. et al. (2021). Scientific Reports, 11:6130"
Mbeya_Mjini,Mbeya_Mjini_103,-8.871,33.416,5.8,440.0,1.58,43.85,17.2,13.9,35.0,51.0,21.0,1.1,0-20 cm,iSDA Africa API v2 (30m resolution),"Hengl, T. et al. (2021). Scientific Reports, 11:6130"
Mbeya_Mjini,Mbeya_Mjini_104,-8.871,33.428,5.8,484.0,2.2,53.61,21.2,15.4,36.0,48.0,19.0,1.1,0-20 cm,iSDA Africa API v2 (30m resolution),"Hengl, T. et al. (2021). Scientific Reports, 11:6130"
Mbeya_Mjini,Mbeya_Mjini_105,-8.871,33.44,5.6,520.0,2.0,36.06,23.5,15.4,36.0,41.0,22.0,1.0,0-20 cm,iSDA Africa API v2 (30m resolution),"Hengl, T. et al. (2021). Scientific Reports, 11:6130"
Mbeya_Mjini,Mbeya_Mjini_106,-8.871,33.452,5.6,462.0,1.98,29.33,19.1,15.4,36.0,44.0,20.0,1.1,0-20 cm,iSDA Africa API v2 (30m resolution),"Hengl, T. et al. (2021). Scientific Reports, 11:6130"
Mbeya_Mjini,Mbeya_Mjini_107,-8.871,33.464,5.9,308.0,1.76,53.61,13.9,13.9,34.0,44.0,20.0,1.1,0-20 cm,iSDA Africa API v2 (30m resolution),"Hengl, T. et al. (2021). Scientific Reports, 11:6130"
Mbeya_Mjini,Mbeya_Mjini_108,-8.871,33.476,5.8,336.0,1.92,47.83,15.4,13.9,32.0,45.0,21.0,1.2,0-20 cm,iSDA Africa API v2 (30m resolution),"Hengl, T. et al. (2021). Scientific Reports, 11:6130"
Mbeya_Mjini,Mbeya_Mjini_109,-8.871,33.488,5.8,384.0,1.92,52.9,17.2,15.4,37.0,47.0,23.0,1.2,0-20 cm,iSDA Africa API v2 (30m resolution),"Hengl, T. et al. (2021). Scientific Reports, 11:6130"
Mbeya_Mjini,Mbeya_Mjini_110,-8.871,33.5,5.9,330.0,1.76,43.85,17.2,13.9,36.0,46.0,23.0,1.1,0-20 cm,iSDA Africa API v2 (30m resolution),"Hengl, T. et al. (2021). Scientific Reports, 11:6130"
Mbeya_Mjini,Mbeya_Mjini_111,-8.86,33.38,5.7,396.0,1.98,53.61,17.2,13.9,35.0,45.0,20.0,1.1,0-20 cm,iSDA Africa API v2 (30m resolution),"Hengl, T. et al. (2021). Scientific Reports, 11:6130"
Mbeya_Mjini,Mbeya_Mjini_112,-8.86,33.392,5.7,418.0,2.2,43.85,19.1,13.9,34.0,50.0,19.0,1.1,0-20 cm,iSDA Africa API v2 (30m resolution),"Hengl, T. et al. (2021). Scientific Reports, 11:6130"
Mbeya_Mjini,Mbeya_Mjini_113,-8.86,33.404,5.8,484.0,1.98,48.49,21.2,13.9,37.0,47.0,20.0,1.1,0-20 cm,iSDA Africa API v2 (30m resolution),"Hengl, T. et al. (2021). Scientific Reports, 11:6130"
Mbeya_Mjini,Mbeya_Mjini_114,-8.86,33.416,5.7,540.0,2.0,44.08,26.1,12.5,38.0,51.0,18.0,1.0,0-20 cm,iSDA Africa API v2 (30m resolution),"Hengl, T. et al. (2021). Scientific Reports, 11:6130"
Mbeya_Mjini,Mbeya_Mjini_115,-8.86,33.428,5.7,620.0,1.6,48.74,29.0,12.5,38.0,49.0,19.0,1.0,0-20 cm,iSDA Africa API v2 (30m resolution),"Hengl, T. et al. (2021). Scientific Reports, 11:6130"
Mbeya_Mjini,Mbeya_Mjini_116,-8.86,33.44,5.6,638.0,1.76,43.85,29.0,13.9,35.0,47.0,20.0,1.1,0-20 cm,iSDA Africa API v2 (30m resolution),"Hengl, T. et al. (2021). Scientific Reports, 11:6130"
Mbeya_Mjini,Mbeya_Mjini_117,-8.86,33.452,5.6,572.0,1.76,39.67,26.1,15.4,36.0,45.0,19.0,1.1,0-20 cm,iSDA Africa API v2 (30m resolution),"Hengl, T. et al. (2021). Scientific Reports, 11:6130"
Mbeya_Mjini,Mbeya_Mjini_118,-8.86,33.464,5.6,462.0,1.98,35.86,19.1,15.4,37.0,43.0,20.0,1.1,0-20 cm,iSDA Africa API v2 (30m resolution),"Hengl, T. et al. (2021). Scientific Reports, 11:6130"
Mbeya_Mjini,Mbeya_Mjini_119,-8.86,33.476,5.8,352.0,1.98,43.85,17.2,15.4,34.0,41.0,21.0,1.1,0-20 cm,iSDA Africa API v2 (30m resolution),"Hengl, T. et al. (2021). Scientific Reports, 11:6130"
Mbeya_Mjini,Mbeya_Mjini_120,-8.86,33.488,5.8,330.0,1.98,48.49,17.2,13.9,34.0,45.0,24.0,1.1,0-20 cm,iSDA Africa API v2 (30m resolution),"Hengl, T. et al. (2021). Scientific Reports, 11:6130"
Mbeya_Mjini,Mbeya_Mjini_121,-8.86,33.5,5.9,360.0,2.16,47.83,21.2,13.9,34.0,45.0,23.0,1.2,0-20 cm,iSDA Africa API v2 (30m resolution),"Hengl, T. et al. (2021). Scientific Reports, 11:6130"
Mbeya_Vijijini,Mbeya_Vijijini_1,-8.95,33.3,6.1,260.0,2.91,51.82,9.0,13.9,28.0,51.0,18.0,1.3,0-20 cm,iSDA Africa API v2 (30m resolution),"Hengl, T. et al. (2021). Scientific Reports, 11:6130"
Mbeya_Vijijini,Mbeya_Vijijini_2,-8.95,33.345,6.0,260.0,2.91,63.36,11.2,13.9,32.0,51.0,20.0,1.3,0-20 cm,iSDA Africa API v2 (30m resolution),"Hengl, T. et al. (2021). Scientific Reports, 11:6130"
Mbeya_Vijijini,Mbeya_Vijijini_3,-8.95,33.39,5.7,336.0,1.73,71.5,13.9,13.9,28.0,53.0,17.0,1.2,0-20 cm,iSDA Africa API v2 (30m resolution),"Hengl, T. et al. (2021). Scientific Reports, 11:6130"
Mbeya_Vijijini,Mbeya_Vijijini_4,-8.95,33.435,5.9,338.0,2.34,70.04,11.2,12.5,28.0,53.0,22.0,1.3,0-20 cm,iSDA Africa API v2 (30m resolution),"Hengl, T. et al. (2021). Scientific Reports, 11:6130"
Mbeya_Vijijini,Mbeya_Vijijini_5,-8.95,33.48,5.9,360.0,1.54,87.36,13.9,13.9,28.0,48.0,23.0,1.2,0-20 cm,iSDA Africa API v2 (30m resolution),"Hengl, T. et al. (2021). Scientific Reports, 11:6130"
Mbeya_Vijijini,Mbeya_Vijijini_6,-8.95,33.525,5.9,374.0,1.98,59.27,19.1,12.5,33.0,46.0,26.0,1.1,0-20 cm,iSDA Africa API v2 (30m resolution),"Hengl, T. et al. (2021). Scientific Reports, 11:6130"
Mbeya_Vijijini,Mbeya_Vijijini_7,-8.95,33.57,5.8,440.0,1.6,65.86,23.5,15.4,35.0,39.0,28.0,1.0,0-20 cm,iSDA Africa API v2 (30m resolution),"Hengl, T. et al. (2021). Scientific Reports, 11:6130"
Mbeya_Vijijini,Mbeya_Vijijini_8,-8.95,33.615,5.7,414.0,1.44,72.43,23.5,15.4,34.0,42.0,23.0,0.9,0-20 cm,iSDA Africa API v2 (30m resolution),"Hengl, T. et al. (2021). Scientific Reports, 11:6130"
Mbeya_Vijijini,Mbeya_Vijijini_9,-8.95,33.66,5.9,440.0,1.44,72.8,21.2,13.9,35.0,43.0,24.0,1.0,0-20 cm,iSDA Africa API v2 (30m resolution),"Hengl, T. et al. (2021). Scientific Reports, 11:6130"
Mbeya_Vijijini,Mbeya_Vijijini_10,-8.95,33.705,5.7,460.0,2.24,53.88,19.1,15.4,40.0,42.0,23.0,1.0,0-20 cm,iSDA Africa API v2 (30m resolution),"Hengl, T. et al. (2021). Scientific Reports, 11:6130"
Mbeya_Vijijini,Mbeya_Vijijini_11,-8.95,33.75,5.8,520.0,1.8,53.88,23.5,15.4,35.0,41.0,22.0,1.0,0-20 cm,iSDA Africa API v2 (30m resolution),"Hengl, T. et al. (2021). Scientific Reports, 11:6130"
Mbeya_Vijijini,Mbeya_Vijijini_12,-8.91,33.3,6.0,234.0,2.6,63.36,9.0,12.5,30.0,51.0,19.0,1.3,0-20 cm,iSDA Africa API v2 (30m resolution),"Hengl, T. et al. (2021). Scientific Reports, 11:6130"
Mbeya_Vijijini,Mbeya_Vijijini_13,-8.91,33.345,6.0,286.0,2.91,57.3,10.0,11.2,28.0,58.0,18.0,1.3,0-20 cm,iSDA Africa API v2 (30m resolution),"Hengl, T. et al. (2021). Scientific Reports, 11:6130"
Mbeya_Vijijini,Mbeya_Vijijini_14,-8.91,33.39,5.7,384.0,2.4,58.49,13.9,12.5,33.0,50.0,23.0,1.2,0-20 cm,iSDA Africa API v2 (30m resolution),"Hengl, T. et al. (2021). Scientific Reports, 11:6130"
Mbeya_Vijijini,Mbeya_Vijijini_15,-8.91,33.435,6.0,288.0,2.69,64.66,11.2,12.5,24.0,54.0,19.0,1.2,0-20 cm,iSDA Africa API v2 (30m resolution),"Hengl, T. et al. (2021). Scientific Reports, 11:6130"
Mbeya_Vijijini,Mbeya_Vijijini_16,-8.91,33.48,6.2,312.0,2.69,58.49,12.5,12.5,24.0,50.0,23.0,1.2,0-20 cm,iSDA Africa API v2 (30m resolution),"Hengl, T. et al. (2021). Scientific Reports, 11:6130"
Mbeya_Vijijini,Mbeya_Vijijini_17,-8.91,33.525,5.9,336.0,1.73,71.5,15.4,13.9,28.0,51.0,25.0,1.2,0-20 cm,iSDA Africa API v2 (30m resolution),"Hengl, T. et al. (2021). Scientific Reports, 11:6130"
Mbeya_Vijijini,Mbeya_Vijijini_18,-8.91,33.57,5.9,330.0,1.76,72.45,13.9,13.9,33.0,50.0,25.0,1.1,0-20 cm,iSDA Africa API v2 (30m resolution),"Hengl, T. et al. (2021). Scientific Reports, 11:6130"
Mbeya_Vijijini,Mbeya_Vijijini_19,-8.91,33.615,5.9,308.0,1.58,65.54,15.4,15.4,32.0,48.0,27.0,1.1,0-20 cm,iSDA Africa API v2 (30m resolution),"Hengl, T. et al. (2021). Scientific Reports, 11:6130"
Mbeya_Vijijini,Mbeya_Vijijini_20,-8.91,33.66,5.6,340.0,1.8,48.74,19.1,15.4,33.0,45.0,26.0,1.0,0-20 cm,iSDA Africa API v2 (30m resolution),"Hengl, T. et al. (2021). Scientific Reports, 11:6130"
Mbeya_Vijijini,Mbeya_Vijijini_21,-8.91,33.705,5.9,308.0,1.41,65.54,13.9,15.4,34.0,49.0,23.0,1.1,0-20 cm,iSDA Africa API v2 (30m resolution),"Hengl, T. et al. (2021). Scientific Reports, 11:6130"
Mbeya_Vijijini,Mbeya_Vijijini_22,-8.91,33.75,5.9,418.0,1.76,53.61,17.2,15.4,37.0,45.0,20.0,1.1,0-20 cm,iSDA Africa API v2 (30m resolution),"Hengl, T. et al. (2021). Scientific Reports, 11:6130"
Mbeya_Vijijini,Mbeya_Vijijini_23,-8.87,33.3,5.6,312.0,2.4,43.27,12.5,12.5,34.0,51.0,19.0,1.2,0-20 cm,iSDA Africa API v2 (30m resolution),"Hengl, T. et al. (2021). Scientific Reports, 11:6130"
Mbeya_Vijijini,Mbeya_Vijijini_24,-8.87,33.345,5.8,312.0,2.4,47.83,12.5,13.9,32.0,52.0,19.0,1.2,0-20 cm,iSDA Africa API v2 (30m resolution),"Hengl, T. et al. (2021). Scientific Reports, 11:6130"
Mbeya_Vijijini,Mbeya_Vijijini_25,-8.87,33.39,5.6,396.0,1.58,43.85,19.1,13.9,37.0,43.0,21.0,1.1,0-20 cm,iSDA Africa API v2 (30m resolution),"Hengl, T. et al. (2021). Scientific Reports, 11:6130"
Mbeya_Vijijini,Mbeya_Vijijini_26,-8.87,33.435,5.7,484.0,2.2,43.85,21.2,13.9,34.0,49.0,20.0,1.1,0-20 cm,iSDA Africa API v2 (30m resolution),"Hengl, T. et al. (2021). Scientific Reports, 11:6130"
Mbeya_Vijijini,Mbeya_Vijijini_27,-8.87,33.48,5.7,360.0,1.92,47.83,15.4,15.4,32.0,49.0,22.0,1.2,0-20 cm,iSDA Africa API v2 (30m resolution),"Hengl, T. et al. (2021). Scientific Reports, 11:6130"
Mbeya_Vijijini,Mbeya_Vijijini_28,-8.87,33.525,5.9,352.0,1.98,39.67,17.2,13.9,36.0,43.0,23.0,1.1,0-20 cm,iSDA Africa API v2 (30m resolution),"Hengl, T. et al. (2021). Scientific Reports, 11:6130"
Mbeya_Vijijini,Mbeya_Vijijini_29,-8.87,33.57,5.8,312.0,1.73,71.5,13.9,15.4,30.0,51.0,22.0,1.2,0-20 cm,iSDA Africa API v2 (30m resolution),"Hengl, T. et al. (2021). Scientific Reports, 11:6130"
Mbeya_Vijijini,Mbeya_Vijijini_30,-8.87,33.615,5.8,288.0,1.54,58.49,12.5,17.2,30.0,51.0,22.0,1.2,0-20 cm,iSDA Africa API v2 (30m resolution),"Hengl, T. et al. (2021). Scientific Reports, 11:6130"
Mbeya_Vijijini,Mbeya_Vijijini_31,-8.87,33.66,5.9,312.0,2.08,70.04,11.2,13.9,30.0,52.0,18.0,1.3,0-20 cm,iSDA Africa API v2 (30m resolution),"Hengl, T. et al. (2021). Scientific Reports, 11:6130"
Mbeya_Vijijini,Mbeya_Vijijini_32,-8.87,33.705,5.7,288.0,2.4,58.49,11.2,12.5,29.0,50.0,15.0,1.2,0-20 cm,iSDA Africa API v2 (30m resolution),"Hengl, T. et al. (2021). Scientific Reports, 11:6130"
Mbeya_Vijijini,Mbeya_Vijijini_33,-8.87,33.75,5.8,312.0,2.16,52.9,12.5,12.5,36.0,48.0,18.0,1.2,0-20 cm,iSDA Africa API v2 (30m resolution),"Hengl, T. et al. (2021). Scientific Reports, 11:6130"
Mbeya_Vijijini,Mbeya_Vijijini_34,-8.83,33.3,5.5,440.0,2.2,32.43,17.2,13.9,35.0,49.0,20.0,1.1,0-20 cm,iSDA Africa API v2 (30m resolution),"Hengl, T. et al. (2021). Scientific Reports, 11:6130"
Mbeya_Vijijini,Mbeya_Vijijini_35,-8.83,33.345,5.5,580.0,1.6,36.06,26.1,13.9,38.0,48.0,19.0,1.0,0-20 cm,iSDA Africa API v2 (30m resolution),"Hengl, T. et al. (2021). Scientific Reports, 11:6130"
Mbeya_Vijijini,Mbeya_Vijijini_36,-8.83,33.39,5.5,572.0,1.98,48.49,26.1,15.4,38.0,49.0,21.0,1.1,0-20 cm,iSDA Africa API v2 (30m resolution),"Hengl, T. et al. (2021). Scientific Reports, 11:6130"
Mbeya_Vijijini,Mbeya_Vijijini_37,-8.83,33.435,5.7,484.0,1.76,35.86,23.5,12.5,36.0,48.0,23.0,1.1,0-20 cm,iSDA Africa API v2 (30m resolution),"Hengl, T. et al. (2021). Scientific Reports, 11:6130"
Mbeya_Vijijini,Mbeya_Vijijini_38,-8.83,33.48,5.8,396.0,2.2,39.67,21.2,15.4,37.0,46.0,22.0,1.1,0-20 cm,iSDA Africa API v2 (30m resolution),"Hengl, T. et al. (2021). Scientific Reports, 11:6130"
Mbeya_Vijijini,Mbeya_Vijijini_39,-8.83,33.525,5.6,624.0,2.16,47.83,23.5,13.9,38.0,47.0,20.0,1.2,0-20 cm,iSDA Africa API v2 (30m resolution),"Hengl, T. et al. (2021). Scientific Reports, 11:6130"
Mbeya_Vijijini,Mbeya_Vijijini_40,-8.83,33.57,5.8,288.0,1.92,47.83,12.5,12.5,31.0,50.0,18.0,1.2,0-20 cm,iSDA Africa API v2 (30m resolution),"Hengl, T. et al. (2021). Scientific Reports, 11:6130"
Mbeya_Vijijini,Mbeya_Vijijini_41,-8.83,33.615,6.0,264.0,2.16,58.49,13.9,13.9,32.0,51.0,19.0,1.2,0-20 cm,iSDA Africa API v2 (30m resolution),"Hengl, T. et al. (2021). Scientific Reports, 11:6130"
Mbeya_Vijijini,Mbeya_Vijijini_42,-8.83,33.66,5.9,286.0,2.08,57.3,11.2,12.5,29.0,53.0,18.0,1.3,0-20 cm,iSDA Africa API v2 (30m resolution),"Hengl, T. et al. (2021). Scientific Reports, 11:6130"
Mbeya_Vijijini,Mbeya_Vijijini_43,-8.83,33.705,5.8,312.0,2.34,57.3,11.2,15.4,27.0,52.0,17.0,1.3,0-20 cm,iSDA Africa API v2 (30m resolution),"Hengl, T. et al. (2021). Scientific Reports, 11:6130"
Mbeya_Vijijini,Mbeya_Vijijini_44,-8.83,33.75,5.8,312.0,1.48,57.3,11.2,13.9,27.0,54.0,17.0,1.3,0-20 cm,iSDA Africa API v2 (30m resolution),"Hengl, T. et al. (2021). Scientific Reports, 11:6130"
Mbeya_Vijijini,Mbeya_Vijijini_45,-8.79,33.3,5.7,360.0,2.4,39.12,15.4,15.4,35.0,45.0,20.0,1.2,0-20 cm,iSDA Africa API v2 (30m resolution),"Hengl, T. et al. (2021). Scientific Reports, 11:6130"
Mbeya_Vijijini,Mbeya_Vijijini_46,-8.79,33.345,5.6,312.0,2.16,43.27,13.9,12.5,33.0,47.0,17.0,1.2,0-20 cm,iSDA Africa API v2 (30m resolution),"Hengl, T. et al. (2021). Scientific Reports, 11:6130"
Mbeya_Vijijini,Mbeya_Vijijini_47,-8.79,33.39,5.8,312.0,1.92,43.27,13.9,13.9,33.0,49.0,17.0,1.2,0-20 cm,iSDA Africa API v2 (30m resolution),"Hengl, T. et al. (2021). Scientific Reports, 11:6130"
Mbeya_Vijijini,Mbeya_Vijijini_48,-8.79,33.435,5.7,308.0,1.98,35.86,15.4,12.5,32.0,46.0,19.0,1.1,0-20 cm,iSDA Africa API v2 (30m resolution),"Hengl, T. et al. (2021). Scientific Reports, 11:6130"
Mbeya_Vijijini,Mbeya_Vijijini_49,-8.79,33.48,5.7,312.0,2.16,39.12,13.9,12.5,31.0,47.0,19.0,1.2,0-20 cm,iSDA Africa API v2 (30m resolution),"Hengl, T. et al. (2021). Scientific Reports, 11:6130"
Mbeya_Vijijini,Mbeya_Vijijini_50,-8.79,33.525,5.7,374.0,1.76,39.67,19.1,15.4,36.0,47.0,19.0,1.1,0-20 cm,iSDA Africa API v2 (30m resolution),"Hengl, T. et al. (2021). Scientific Reports, 11:6130"
Mbeya_Vijijini,Mbeya_Vijijini_51,-8.79,33.57,6.0,312.0,2.16,43.27,13.9,12.5,33.0,49.0,20.0,1.2,0-20 cm,iSDA Africa API v2 (30m resolution),"Hengl, T. et al. (2021). Scientific Reports, 11:6130"
Mbeya_Vijijini,Mbeya_Vijijini_52,-8.79,33.615,6.0,280.0,1.79,61.71,10.0,11.2,30.0,49.0,20.0,1.4,0-20 cm,iSDA Africa API v2 (30m resolution),"Hengl, T. et al. (2021). Scientific Reports, 11:6130"
Mbeya_Vijijini,Mbeya_Vijijini_53,-8.79,33.66,5.9,286.0,2.34,57.3,11.2,15.4,24.0,55.0,17.0,1.3,0-20 cm,iSDA Africa API v2 (30m resolution),"Hengl, T. et al. (2021). Scientific Reports, 11:6130"
Mbeya_Vijijini,Mbeya_Vijijini_54,-8.79,33.705,6.0,260.0,2.6,63.36,9.0,11.2,26.0,53.0,18.0,1.3,0-20 cm,iSDA Africa API v2 (30m resolution),"Hengl, T. et al. (2021). Scientific Reports, 11:6130"
Mbeya_Vijijini,Mbeya_Vijijini_55,-8.79,33.75,6.1,286.0,2.91,57.3,10.0,13.9,25.0,57.0,17.0,1.3,0-20 cm,iSDA Africa API v2 (30m resolution),"Hengl, T. et al. (2021). Scientific Reports, 11:6130"
Mbeya_Vijijini,Mbeya_Vijijini_56,-8.75,33.3,5.9,286.0,2.34,51.82,11.2,12.5,23.0,61.0,15.0,1.3,0-20 cm,iSDA Africa API v2 (30m resolution),"Hengl, T. et al. (2021). Scientific Reports, 11:6130"
Mbeya_Vijijini,Mbeya_Vijijini_57,-8.75,33.345,5.9,312.0,2.34,51.82,13.9,12.5,29.0,52.0,16.0,1.3,0-20 cm,iSDA Africa API v2 (30m resolution),"Hengl, T. et al. (2021). Scientific Reports, 11:6130"
Mbeya_Vijijini,Mbeya_Vijijini_58,-8.75,33.39,6.0,286.0,2.08,46.88,13.9,12.5,28.0,52.0,14.0,1.3,0-20 cm,iSDA Africa API v2 (30m resolution),"Hengl, T. et al. (2021). Scientific Reports, 11:6130"
Mbeya_Vijijini,Mbeya_Vijijini_59,-8.75,33.435,6.0,286.0,2.08,51.82,11.2,12.5,29.0,58.0,16.0,1.3,0-20 cm,iSDA Africa API v2 (30m resolution),"Hengl, T. et al. (2021). Scientific Reports, 11:6130"
Mbeya_Vijijini,Mbeya_Vijijini_60,-8.75,33.48,5.9,286.0,2.34,42.38,11.2,12.5,31.0,58.0,17.0,1.3,0-20 cm,iSDA Africa API v2 (30m resolution),"Hengl, T. et al. (2021). Scientific Reports, 11:6130"
Mbeya_Vijijini,Mbeya_Vijijini_61,-8.75,33.525,5.8,312.0,1.92,39.12,13.9,13.9,36.0,52.0,17.0,1.2,0-20 cm,iSDA Africa API v2 (30m resolution),"Hengl, T. et al. (2021). Scientific Reports, 11:6130"
Mbeya_Vijijini,Mbeya_Vijijini_62,-8.75,33.57,5.8,288.0,1.92,35.38,13.9,12.5,38.0,48.0,19.0,1.2,0-20 cm,iSDA Africa API v2 (30m resolution),"Hengl, T. et al. (2021). Scientific Reports, 11:6130"
Mbeya_Vijijini,Mbeya_Vijijini_63,-8.75,33.615,6.3,224.0,2.02,61.71,9.0,10.0,27.0,53.0,20.0,1.4,0-20 cm,iSDA Africa API v2 (30m resolution),"Hengl, T. et al. (2021). Scientific Reports, 11:6130"
Mbeya_Vijijini,Mbeya_Vijijini_64,-8.75,33.66,6.0,252.0,2.52,61.71,10.0,10.0,29.0,55.0,20.0,1.4,0-20 cm,iSDA Africa API v2 (30m resolution),"Hengl, T. et al. (2021). Scientific Reports, 11:6130"
Mbeya_Vijijini,Mbeya_Vijijini_65,-8.75,33.705,5.9,280.0,2.52,68.24,10.0,11.2,29.0,46.0,19.0,1.4,0-20 cm,iSDA Africa API v2 (30m resolution),"Hengl, T. et al. (2021). Scientific Reports, 11:6130"
Mbeya_Vijijini,Mbeya_Vijijini_66,-8.75,33.75,6.1,260.0,2.91,63.36,10.0,11.2,28.0,53.0,16.0,1.3,0-20 cm,iSDA Africa API v2 (30m resolution),"Hengl, T. et al. (2021). Scientific Reports, 11:6130"
Mbeya_Vijijini,Mbeya_Vijijini_67,-8.71,33.3,6.1,224.0,3.14,61.71,7.2,9.0,25.0,58.0,17.0,1.4,0-20 cm,iSDA Africa API v2 (30m resolution),"Hengl, T. et al. (2021). Scientific Reports, 11:6130"
Mbeya_Vijijini,Mbeya_Vijijini_68,-8.71,33.345,6.0,260.0,2.6,51.82,11.2,12.5,24.0,58.0,15.0,1.3,0-20 cm,iSDA Africa API v2 (30m resolution),"Hengl, T. et al. (2021). Scientific Reports, 11:6130"
Mbeya_Vijijini,Mbeya_Vijijini_69,-8.71,33.39,5.9,288.0,1.92,43.27,13.9,12.5,31.0,56.0,14.0,1.2,0-20 cm,iSDA Africa API v2 (30m resolution),"Hengl, T. et al. (2021). Scientific Reports, 11:6130"
Mbeya_Vijijini,Mbeya_Vijijini_70,-8.71,33.435,6.0,260.0,2.08,51.82,10.0,11.2,28.0,59.0,16.0,1.3,0-20 cm,iSDA Africa API v2 (30m resolution),"Hengl, T. et al. (2021). Scientific Reports, 11:6130"
Mbeya_Vijijini,Mbeya_Vijijini_71,-8.71,33.48,5.9,260.0,1.87,42.38,10.0,12.5,28.0,58.0,17.0,1.3,0-20 cm,iSDA Africa API v2 (30m resolution),"Hengl, T. et al. (2021). Scientific Reports, 11:6130"
Mbeya_Vijijini,Mbeya_Vijijini_72,-8.71,33.525,5.8,286.0,1.66,46.88,10.0,10.0,31.0,53.0,16.0,1.3,0-20 cm,iSDA Africa API v2 (30m resolution),"Hengl, T. et al. (2021). Scientific Reports, 11:6130"
Mbeya_Vijijini,Mbeya_Vijijini_73,-8.71,33.57,5.8,286.0,1.87,46.88,12.5,12.5,35.0,45.0,18.0,1.3,0-20 cm,iSDA Africa API v2 (30m resolution),"Hengl, T. et al. (2021). Scientific Reports, 11:6130"
Mbeya_Vijijini,Mbeya_Vijijini_74,-8.71,33.615,6.1,196.0,2.24,50.48,7.2,10.0,26.0,59.0,16.0,1.4,0-20 cm,iSDA Africa API v2 (30m resolution),"Hengl, T. et al. (2021). Scientific Reports, 11:6130"
Mbeya_Vijijini,Mbeya_Vijijini_75,-8.71,33.66,6.2,252.0,2.8,61.71,9.0,11.2,24.0,51.0,15.0,1.4,0-20 cm,iSDA Africa API v2 (30m resolution),"Hengl, T. et al. (2021). Scientific Reports, 11:6130"
Mbeya_Vijijini,Mbeya_Vijijini_76,-8.71,33.705,6.0,252.0,2.52,75.43,9.0,12.5,29.0,52.0,17.0,1.4,0-20 cm,iSDA Africa API v2 (30m resolution),"Hengl, T. et al. (2021). Scientific Reports, 11:6130"
Mbeya_Vijijini,Mbeya_Vijijini_77,-8.71,33.75,6.4,252.0,2.24,92.2,8.0,12.5,30.0,49.0,17.0,1.4,0-20 cm,iSDA Africa API v2 (30m resolution),"Hengl, T. et al. (2021). Scientific Reports, 11:6130"
Mbeya_Vijijini,Mbeya_Vijijini_78,-8.67,33.3,6.1,312.0,2.91,51.82,10.0,13.9,24.0,57.0,15.0,1.3,0-20 cm,iSDA Africa API v2 (30m resolution),"Hengl, T. et al. (2021). Scientific Reports, 11:6130"
Mbeya_Vijijini,Mbeya_Vijijini_79,-8.67,33.345,5.8,286.0,2.34,51.82,12.5,12.5,26.0,57.0,14.0,1.3,0-20 cm,iSDA Africa API v2 (30m resolution),"Hengl, T. et al. (2021). Scientific Reports, 11:6130"
Mbeya_Vijijini,Mbeya_Vijijini_80,-8.67,33.39,6.0,286.0,2.34,46.88,12.5,12.5,26.0,56.0,13.0,1.3,0-20 cm,iSDA Africa API v2 (30m resolution),"Hengl, T. et al. (2021). Scientific Reports, 11:6130"
Mbeya_Vijijini,Mbeya_Vijijini_81,-8.67,33.435,5.9,264.0,1.92,43.27,11.2,12.5,29.0,60.0,14.0,1.2,0-20 cm,iSDA Africa API v2 (30m resolution),"Hengl, T. et al. (2021). Scientific Reports, 11:6130"
Mbeya_Vijijini,Mbeya_Vijijini_82,-8.67,33.48,6.0,224.0,2.52,50.48,8.0,9.0,24.0,63.0,13.0,1.4,0-20 cm,iSDA Africa API v2 (30m resolution),"Hengl, T. et al. (2021). Scientific Reports, 11:6130"
Mbeya_Vijijini,Mbeya_Vijijini_83,-8.67,33.525,6.0,196.0,2.24,45.64,8.0,9.0,28.0,61.0,15.0,1.4,0-20 cm,iSDA Africa API v2 (30m resolution),"Hengl, T. et al. (2021). Scientific Reports, 11:6130"
Mbeya_Vijijini,Mbeya_Vijijini_84,-8.67,33.57,6.1,208.0,2.08,42.38,9.0,9.0,29.0,57.0,14.0,1.3,0-20 cm,iSDA Africa API v2 (30m resolution),"Hengl, T. et al. (2021). Scientific Reports, 11:6130"
Mbeya_Vijijini,Mbeya_Vijijini_85,-8.67,33.615,5.9,264.0,2.16,35.38,12.5,12.5,29.0,56.0,15.0,1.2,0-20 cm,iSDA Africa API v2 (30m resolution),"Hengl, T. et al. (2021). Scientific Reports, 11:6130"
Mbeya_Vijijini,Mbeya_Vijijini_86,-8.67,33.66,6.1,224.0,2.24,61.71,9.0,10.0,22.0,63.0,13.0,1.4,0-20 cm,iSDA Africa API v2 (30m resolution),"Hengl, T. et al. (2021). Scientific Reports, 11:6130"
Mbeya_Vijijini,Mbeya_Vijijini_87,-8.67,33.705,6.2,234.0,2.6,63.36,10.0,12.5,26.0,55.0,15.0,1.3,0-20 cm,iSDA Africa API v2 (30m resolution),"Hengl, T. et al. (2021). Scientific Reports, 11:6130"
Mbeya_Vijijini,Mbeya_Vijijini_88,-8.67,33.75,6.0,252.0,3.14,92.2,9.0,15.4,31.0,55.0,16.0,1.4,0-20 cm,iSDA Africa API v2 (30m resolution),"Hengl, T. et al. (2021). Scientific Reports, 11:6130"
Mbeya_Vijijini,Mbeya_Vijijini_89,-8.63,33.3,5.8,286.0,2.08,46.88,9.0,11.2,21.0,53.0,14.0,1.3,0-20 cm,iSDA Africa API v2 (30m resolution),"Hengl, T. et al. (2021). Scientific Reports, 11:6130"
Mbeya_Vijijini,Mbeya_Vijijini_90,-8.63,33.345,6.0,260.0,2.34,51.82,9.0,11.2,23.0,56.0,14.0,1.3,0-20 cm,iSDA Africa API v2 (30m resolution),"Hengl, T. et al. (2021). Scientific Reports, 11:6130"
Mbeya_Vijijini,Mbeya_Vijijini_91,-8.63,33.39,6.1,224.0,2.52,55.8,8.0,10.0,22.0,63.0,15.0,1.4,0-20 cm,iSDA Africa API v2 (30m resolution),"Hengl, T. et al. (2021). Scientific Reports, 11:6130"
Mbeya_Vijijini,Mbeya_Vijijini_92,-8.63,33.435,5.8,286.0,2.34,42.38,12.5,12.5,32.0,56.0,14.0,1.3,0-20 cm,iSDA Africa API v2 (30m resolution),"Hengl, T. et al. (2021). Scientific Reports, 11:6130"
Mbeya_Vijijini,Mbeya_Vijijini_93,-8.63,33.48,6.0,252.0,1.79,41.27,10.0,11.2,26.0,61.0,12.0,1.4,0-20 cm,iSDA Africa API v2 (30m resolution),"Hengl, T. et al. (2021). Scientific Reports, 11:6130"
Mbeya_Vijijini,Mbeya_Vijijini_94,-8.63,33.525,6.0,196.0,2.24,41.27,7.2,8.0,23.0,64.0,12.0,1.4,0-20 cm,iSDA Africa API v2 (30m resolution),"Hengl, T. et al. (2021). Scientific Reports, 11:6130"
Mbeya_Vijijini,Mbeya_Vijijini_95,-8.63,33.57,5.8,208.0,2.08,42.38,9.0,9.0,26.0,59.0,14.0,1.3,0-20 cm,iSDA Africa API v2 (30m resolution),"Hengl, T. et al. (2021). Scientific Reports, 11:6130"
Mbeya_Vijijini,Mbeya_Vijijini_96,-8.63,33.615,5.9,216.0,2.69,31.99,10.0,12.5,30.0,55.0,15.0,1.2,0-20 cm,iSDA Africa API v2 (30m resolution),"Hengl, T. et al. (2021). Scientific Reports, 11:6130"
Mbeya_Vijijini,Mbeya_Vijijini_97,-8.63,33.66,5.9,264.0,1.92,43.27,12.5,15.4,27.0,59.0,15.0,1.2,0-20 cm,iSDA Africa API v2 (30m resolution),"Hengl, T. et al. (2021). Scientific Reports, 11:6130"
Mbeya_Vijijini,Mbeya_Vijijini_98,-8.63,33.705,6.3,252.0,3.14,75.43,9.0,12.5,25.0,55.0,21.0,1.4,0-20 cm,iSDA Africa API v2 (30m resolution),"Hengl, T. et al. (2021). Scientific Reports, 11:6130"
Mbeya_Vijijini,Mbeya_Vijijini_99,-8.63,33.75,6.1,196.0,2.24,75.43,8.0,10.0,25.0,62.0,15.0,1.4,0-20 cm,iSDA Africa API v2 (30m resolution),"Hengl, T. et al. (2021). Scientific Reports, 11:6130"
Mbeya_Vijijini,Mbeya_Vijijini_100,-8.59,33.3,5.9,286.0,2.34,46.88,11.2,12.5,23.0,65.0,14.0,1.3,0-20 cm,iSDA Africa API v2 (30m resolution),"Hengl, T. et al. (2021). Scientific Reports, 11:6130"
Mbeya_Vijijini,Mbeya_Vijijini_101,-8.59,33.345,6.1,208.0,2.91,51.82,9.0,10.0,20.0,63.0,14.0,1.3,0-20 cm,iSDA Africa API v2 (30m resolution),"Hengl, T. et al. (2021). Scientific Reports, 11:6130"
Mbeya_Vijijini,Mbeya_Vijijini_102,-8.59,33.39,6.0,224.0,2.24,45.64,8.0,11.2,24.0,59.0,13.0,1.4,0-20 cm,iSDA Africa API v2 (30m resolution),"Hengl, T. et al. (2021). Scientific Reports, 11:6130"
Mbeya_Vijijini,Mbeya_Vijijini_103,-8.59,33.435,6.0,224.0,2.24,41.27,8.0,9.0,25.0,64.0,13.0,1.4,0-20 cm,iSDA Africa API v2 (30m resolution),"Hengl, T. et al. (2021). Scientific Reports, 11:6130"
Mbeya_Vijijini,Mbeya_Vijijini_104,-8.59,33.48,5.8,196.0,2.24,41.27,8.0,10.0,24.0,64.0,12.0,1.4,0-20 cm,iSDA Africa API v2 (30m resolution),"Hengl, T. et al. (2021). Scientific Reports, 11:6130"
Mbeya_Vijijini,Mbeya_Vijijini_105,-8.59,33.525,5.9,224.0,2.52,41.27,8.0,9.0,22.0,67.0,12.0,1.4,0-20 cm,iSDA Africa API v2 (30m resolution),"Hengl, T. et al. (2021). Scientific Reports, 11:6130"
Mbeya_Vijijini,Mbeya_Vijijini_106,-8.59,33.57,5.9,208.0,2.6,38.32,8.0,9.0,22.0,65.0,13.0,1.3,0-20 cm,iSDA Africa API v2 (30m resolution),"Hengl, T. et al. (2021). Scientific Reports, 11:6130"
Mbeya_Vijijini,Mbeya_Vijijini_107,-8.59,33.615,5.8,240.0,1.92,35.38,11.2,12.5,28.0,59.0,13.0,1.2,0-20 cm,iSDA Africa API v2 (30m resolution),"Hengl, T. et al. (2021). Scientific Reports, 11:6130"
Mbeya_Vijijini,Mbeya_Vijijini_108,-8.59,33.66,5.8,264.0,1.92,39.12,12.5,13.9,32.0,52.0,14.0,1.2,0-20 cm,iSDA Africa API v2 (30m resolution),"Hengl, T. et al. (2021). Scientific Reports, 11:6130"
Mbeya_Vijijini,Mbeya_Vijijini_109,-8.59,33.705,6.2,252.0,2.8,61.71,9.0,12.5,24.0,62.0,17.0,1.4,0-20 cm,iSDA Africa API v2 (30m resolution),"Hengl, T. et al. (2021). Scientific Reports, 11:6130"
Mbeya_Vijijini,Mbeya_Vijijini_110,-8.59,33.75,6.3,252.0,3.14,68.24,9.0,11.2,25.0,54.0,13.0,1.4,0-20 cm,iSDA Africa API v2 (30m resolution),"Hengl, T. et al. (2021). Scientific Reports, 11:6130"
Mbeya_Vijijini,Mbeya_Vijijini_111,-8.55,33.3,6.0,252.0,3.14,50.48,9.0,10.0,21.0,67.0,13.0,1.4,0-20 cm,iSDA Africa API v2 (30m resolution),"Hengl, T. et al. (2021). Scientific Reports, 11:6130"
Mbeya_Vijijini,Mbeya_Vijijini_112,-8.55,33.345,5.9,260.0,2.6,51.82,10.0,12.5,22.0,59.0,13.0,1.3,0-20 cm,iSDA Africa API v2 (30m resolution),"Hengl, T. et al. (2021). Scientific Reports, 11:6130"
Mbeya_Vijijini,Mbeya_Vijijini_113,-8.55,33.39,5.9,286.0,2.08,46.88,10.0,11.2,25.0,62.0,11.0,1.3,0-20 cm,iSDA Africa API v2 (30m resolution),"Hengl, T. et al. (2021). Scientific Reports, 11:6130"
Mbeya_Vijijini,Mbeya_Vijijini_114,-8.55,33.435,6.0,208.0,2.08,42.38,9.0,9.0,26.0,59.0,13.0,1.3,0-20 cm,iSDA Africa API v2 (30m resolution),"Hengl, T. et al. (2021). Scientific Reports, 11:6130"
Mbeya_Vijijini,Mbeya_Vijijini_115,-8.55,33.48,6.0,168.0,2.52,41.27,6.4,8.0,20.0,64.0,13.0,1.4,0-20 cm,iSDA Africa API v2 (30m resolution),"Hengl, T. et al. (2021). Scientific Reports, 11:6130"
Mbeya_Vijijini,Mbeya_Vijijini_116,-8.55,33.525,6.0,168.0,2.52,41.27,7.2,8.0,23.0,69.0,14.0,1.4,0-20 cm,iSDA Africa API v2 (30m resolution),"Hengl, T. et al. (2021). Scientific Reports, 11:6130"
Mbeya_Vijijini,Mbeya_Vijijini_117,-8.55,33.57,5.9,260.0,2.08,46.88,10.0,10.0,28.0,57.0,15.0,1.3,0-20 cm,iSDA Africa API v2 (30m resolution),"Hengl, T. et al. (2021). Scientific Reports, 11:6130"
Mbeya_Vijijini,Mbeya_Vijijini_118,-8.55,33.615,5.8,208.0,2.34,34.66,9.0,10.0,25.0,66.0,14.0,1.3,0-20 cm,iSDA Africa API v2 (30m resolution),"Hengl, T. et al. (2021). Scientific Reports, 11:6130"
Mbeya_Vijijini,Mbeya_Vijijini_119,-8.55,33.66,5.8,288.0,2.16,43.27,13.9,12.5,25.0,54.0,11.0,1.2,0-20 cm,iSDA Africa API v2 (30m resolution),"Hengl, T. et al. (2021). Scientific Reports, 11:6130"
Mbeya_Vijijini,Mbeya_Vijijini_120,-8.55,33.705,6.3,260.0,2.91,70.04,10.0,19.1,31.0,53.0,18.0,1.3,0-20 cm,iSDA Africa API v2 (30m resolution),"Hengl, T. et al. (2021). Scientific Reports, 11:6130"
Mbeya_Vijijini,Mbeya_Vijijini_121,-8.55,33.75,6.4,280.0,2.8,92.2,10.0,19.1,33.0,47.0,16.0,1.4,0-20 cm,iSDA Africa API v2 (30m resolution),"Hengl, T. et al. (2021). Scientific Reports, 11:6130"
Mbarali,Mbarali_1,-8.95,33.75,5.8,520.0,1.8,53.88,23.5,15.4,35.0,41.0,22.0,1.0,0-20 cm,iSDA Africa API v2 (30m resolution),"Hengl, T. et al. (2021). Scientific Reports, 11:6130"
Mbarali,Mbarali_2,-8.95,33.81,5.7,620.0,2.0,80.48,35.6,12.5,38.0,48.0,25.0,1.0,0-20 cm,iSDA Africa API v2 (30m resolution),"Hengl, T. et al. (2021). Scientific Reports, 11:6130"
Mbarali,Mbarali_3,-8.95,33.87,5.8,720.0,2.0,108.72,39.4,12.5,36.0,46.0,24.0,1.0,0-20 cm,iSDA Africa API v2 (30m resolution),"Hengl, T. et al. (2021). Scientific Reports, 11:6130"
Mbarali,Mbarali_4,-8.95,33.93,5.7,506.0,1.25,53.61,23.5,12.5,38.0,47.0,24.0,1.1,0-20 cm,iSDA Africa API v2 (30m resolution),"Hengl, T. et al. (2021). Scientific Reports, 11:6130"
Mbarali,Mbarali_5,-8.95,33.99,5.7,432.0,1.54,52.9,15.4,11.2,35.0,46.0,25.0,1.2,0-20 cm,iSDA Africa API v2 (30m resolution),"Hengl, T. et al. (2021). Scientific Reports, 11:6130"
Mbarali,Mbarali_6,-8.95,34.05,5.7,480.0,1.37,39.12,13.9,12.5,32.0,46.0,23.0,1.2,0-20 cm,iSDA Africa API v2 (30m resolution),"Hengl, T. et al. (2021). Scientific Reports, 11:6130"
Mbarali,Mbarali_7,-8.95,34.11,5.8,336.0,1.73,39.12,12.5,12.5,34.0,45.0,19.0,1.2,0-20 cm,iSDA Africa API v2 (30m resolution),"Hengl, T. et al. (2021). Scientific Reports, 11:6130"
Mbarali,Mbarali_8,-8.95,34.17,5.6,390.0,1.66,42.38,15.4,12.5,37.0,45.0,18.0,1.3,0-20 cm,iSDA Africa API v2 (30m resolution),"Hengl, T. et al. (2021). Scientific Reports, 11:6130"
Mbarali,Mbarali_9,-8.95,34.23,5.7,364.0,1.66,42.38,11.2,12.5,34.0,46.0,18.0,1.3,0-20 cm,iSDA Africa API v2 (30m resolution),"Hengl, T. et al. (2021). Scientific Reports, 11:6130"
Mbarali,Mbarali_10,-8.95,34.29,5.7,432.0,1.92,31.99,17.2,11.2,38.0,46.0,17.0,1.2,0-20 cm,iSDA Africa API v2 (30m resolution),"Hengl, T. et al. (2021). Scientific Reports, 11:6130"
Mbarali,Mbarali_11,-8.95,34.35,5.8,312.0,1.66,46.88,11.2,11.2,31.0,49.0,16.0,1.3,0-20 cm,iSDA Africa API v2 (30m resolution),"Hengl, T. et al. (2021). Scientific Reports, 11:6130"
Mbarali,Mbarali_12,-8.895,33.75,5.8,336.0,1.92,58.49,13.9,15.4,41.0,44.0,21.0,1.2,0-20 cm,iSDA Africa API v2 (30m resolution),"Hengl, T. et al. (2021). Scientific Reports, 11:6130"
Mbarali,Mbarali_13,-8.895,33.81,5.6,418.0,1.58,43.85,19.1,12.5,40.0,45.0,22.0,1.1,0-20 cm,iSDA Africa API v2 (30m resolution),"Hengl, T. et al. (2021). Scientific Reports, 11:6130"
Mbarali,Mbarali_14,-8.895,33.87,5.8,462.0,1.98,39.67,19.1,12.5,38.0,43.0,20.0,1.1,0-20 cm,iSDA Africa API v2 (30m resolution),"Hengl, T. et al. (2021). Scientific Reports, 11:6130"
Mbarali,Mbarali_15,-8.895,33.93,5.7,528.0,1.58,35.86,23.5,11.2,38.0,41.0,23.0,1.1,0-20 cm,iSDA Africa API v2 (30m resolution),"Hengl, T. et al. (2021). Scientific Reports, 11:6130"
Mbarali,Mbarali_16,-8.895,33.99,5.6,440.0,1.76,29.33,21.2,12.5,38.0,46.0,20.0,1.1,0-20 cm,iSDA Africa API v2 (30m resolution),"Hengl, T. et al. (2021). Scientific Reports, 11:6130"
Mbarali,Mbarali_17,-8.895,34.05,5.6,418.0,1.76,32.43,13.9,10.0,39.0,44.0,19.0,1.1,0-20 cm,iSDA Africa API v2 (30m resolution),"Hengl, T. et al. (2021). Scientific Reports, 11:6130"
Mbarali,Mbarali_18,-8.895,34.11,6.0,312.0,2.08,46.88,11.2,13.9,33.0,49.0,23.0,1.3,0-20 cm,iSDA Africa API v2 (30m resolution),"Hengl, T. et al. (2021). Scientific Reports, 11:6130"
Mbarali,Mbarali_19,-8.895,34.17,5.9,286.0,2.34,57.3,9.0,11.2,30.0,55.0,19.0,1.3,0-20 cm,iSDA Africa API v2 (30m resolution),"Hengl, T. et al. (2021). Scientific Reports, 11:6130"
Mbarali,Mbarali_20,-8.895,34.23,5.9,364.0,1.87,42.38,12.5,12.5,31.0,46.0,17.0,1.3,0-20 cm,iSDA Africa API v2 (30m resolution),"Hengl, T. et al. (2021). Scientific Reports, 11:6130"
Mbarali,Mbarali_21,-8.895,34.29,5.7,288.0,1.92,39.12,11.2,12.5,32.0,52.0,15.0,1.2,0-20 cm,iSDA Africa API v2 (30m resolution),"Hengl, T. et al. (2021). Scientific Reports, 11:6130"
Mbarali,Mbarali_22,-8.895,34.35,5.8,260.0,1.87,42.38,10.0,12.5,27.0,63.0,13.0,1.3,0-20 cm,iSDA Africa API v2 (30m resolution),"Hengl, T. et al. (2021). Scientific Reports, 11:6130"
Mbarali,Mbarali_23,-8.84,33.75,5.7,192.0,1.92,52.9,10.0,15.4,28.0,51.0,20.0,1.2,0-20 cm,iSDA Africa API v2 (30m resolution),"Hengl, T. et al. (2021). Scientific Reports, 11:6130"
Mbarali,Mbarali_24,-8.84,33.81,5.9,286.0,1.87,51.82,11.2,12.5,31.0,49.0,15.0,1.3,0-20 cm,iSDA Africa API v2 (30m resolution),"Hengl, T. et al. (2021). Scientific Reports, 11:6130"
Mbarali,Mbarali_25,-8.84,33.87,5.9,252.0,2.52,61.71,8.0,10.0,29.0,55.0,16.0,1.4,0-20 cm,iSDA Africa API v2 (30m resolution),"Hengl, T. et al. (2021). Scientific Reports, 11:6130"
Mbarali,Mbarali_26,-8.84,33.93,6.0,224.0,1.79,45.64,8.0,10.0,25.0,60.0,15.0,1.4,0-20 cm,iSDA Africa API v2 (30m resolution),"Hengl, T. et al. (2021). Scientific Reports, 11:6130"
Mbarali,Mbarali_27,-8.84,33.99,5.9,224.0,2.02,50.48,9.0,10.0,29.0,57.0,18.0,1.4,0-20 cm,iSDA Africa API v2 (30m resolution),"Hengl, T. et al. (2021). Scientific Reports, 11:6130"
Mbarali,Mbarali_28,-8.84,34.05,5.8,312.0,2.08,46.88,10.0,11.2,30.0,51.0,17.0,1.3,0-20 cm,iSDA Africa API v2 (30m resolution),"Hengl, T. et al. (2021). Scientific Reports, 11:6130"
Mbarali,Mbarali_29,-8.84,34.11,6.3,224.0,1.79,61.71,9.0,12.5,29.0,55.0,20.0,1.4,0-20 cm,iSDA Africa API v2 (30m resolution),"Hengl, T. et al. (2021). Scientific Reports, 11:6130"
Mbarali,Mbarali_30,-8.84,34.17,6.1,260.0,2.34,63.36,9.0,10.0,28.0,58.0,18.0,1.3,0-20 cm,iSDA Africa API v2 (30m resolution),"Hengl, T. et al. (2021). Scientific Reports, 11:6130"
Mbarali,Mbarali_31,-8.84,34.23,5.9,208.0,2.6,46.88,8.0,11.2,27.0,56.0,15.0,1.3,0-20 cm,iSDA Africa API v2 (30m resolution),"Hengl, T. et al. (2021). Scientific Reports, 11:6130"
Mbarali,Mbarali_32,-8.84,34.29,6.0,252.0,2.24,55.8,9.0,11.2,24.0,56.0,18.0,1.4,0-20 cm,iSDA Africa API v2 (30m resolution),"Hengl, T. et al. (2021). Scientific Reports, 11:6130"
Mbarali,Mbarali_33,-8.84,34.35,6.1,260.0,1.87,51.82,10.0,12.5,26.0,59.0,15.0,1.3,0-20 cm,iSDA Africa API v2 (30m resolution),"Hengl, T. et al. (2021). Scientific Reports, 11:6130"
Mbarali,Mbarali_34,-8.785,33.75,6.1,252.0,2.8,61.71,10.0,15.4,25.0,56.0,17.0,1.4,0-20 cm,iSDA Africa API v2 (30m resolution),"Hengl, T. et al. (2021). Scientific Reports, 11:6130"
Mbarali,Mbarali_35,-8.785,33.81,6.0,224.0,2.52,75.43,9.0,10.0,30.0,50.0,21.0,1.4,0-20 cm,iSDA Africa API v2 (30m resolution),"Hengl, T. et al. (2021). Scientific Reports, 11:6130"
Mbarali,Mbarali_36,-8.785,33.87,6.0,224.0,2.24,75.43,7.2,10.0,26.0,59.0,16.0,1.4,0-20 cm,iSDA Africa API v2 (30m resolution),"Hengl, T. et al. (2021). Scientific Reports, 11:6130"
Mbarali,Mbarali_37,-8.785,33.93,6.3,196.0,2.8,75.43,6.4,10.0,27.0,53.0,18.0,1.4,0-20 cm,iSDA Africa API v2 (30m resolution),"Hengl, T. et al. (2021). Scientific Reports, 11:6130"
Mbarali,Mbarali_38,-8.785,33.99,6.3,196.0,2.02,75.43,7.2,8.0,25.0,58.0,18.0,1.4,0-20 cm,iSDA Africa API v2 (30m resolution),"Hengl, T. et al. (2021). Scientific Reports, 11:6130"
Mbarali,Mbarali_39,-8.785,34.05,6.3,270.0,3.0,73.11,8.0,10.0,26.0,60.0,17.0,1.5,0-20 cm,iSDA Africa API v2 (30m resolution),"Hengl, T. et al. (2021). Scientific Reports, 11:6130"
Mbarali,Mbarali_40,-8.785,34.11,6.1,240.0,2.16,73.11,8.0,11.2,30.0,53.0,16.0,1.5,0-20 cm,iSDA Africa API v2 (30m resolution),"Hengl, T. et al. (2021). Scientific Reports, 11:6130"
Mbarali,Mbarali_41,-8.785,34.17,6.3,252.0,2.02,75.43,8.0,12.5,34.0,53.0,20.0,1.4,0-20 cm,iSDA Africa API v2 (30m resolution),"Hengl, T. et al. (2021). Scientific Reports, 11:6130"
Mbarali,Mbarali_42,-8.785,34.23,6.5,252.0,2.24,83.41,8.0,9.0,21.0,63.0,15.0,1.4,0-20 cm,iSDA Africa API v2 (30m resolution),"Hengl, T. et al. (2021). Scientific Reports, 11:6130"
Mbarali,Mbarali_43,-8.785,34.29,6.2,252.0,2.24,75.43,8.0,10.0,20.0,67.0,11.0,1.4,0-20 cm,iSDA Africa API v2 (30m resolution),"Hengl, T. et al. (2021). Scientific Reports, 11:6130"
Mbarali,Mbarali_44,-8.785,34.35,6.2,224.0,2.52,61.71,7.2,10.0,22.0,65.0,12.0,1.4,0-20 cm,iSDA Africa API v2 (30m resolution),"Hengl, T. et al. (2021). Scientific Reports, 11:6130"
Mbarali,Mbarali_45,-8.73,33.75,6.3,196.0,2.52,83.41,8.0,13.9,27.0,54.0,17.0,1.4,0-20 cm,iSDA Africa API v2 (30m resolution),"Hengl, T. et al. (2021). Scientific Reports, 11:6130"
Mbarali,Mbarali_46,-8.73,33.81,6.1,224.0,2.02,83.41,8.0,13.9,31.0,51.0,17.0,1.4,0-20 cm,iSDA Africa API v2 (30m resolution),"Hengl, T. et al. (2021). Scientific Reports, 11:6130"
Mbarali,Mbarali_47,-8.73,33.87,6.2,224.0,2.52,83.41,8.0,12.5,28.0,50.0,16.0,1.4,0-20 cm,iSDA Africa API v2 (30m resolution),"Hengl, T. et al. (2021). Scientific Reports, 11:6130"
Mbarali,Mbarali_48,-8.73,33.93,6.2,210.0,2.16,80.82,6.4,11.2,28.0,54.0,16.0,1.5,0-20 cm,iSDA Africa API v2 (30m resolution),"Hengl, T. et al. (2021). Scientific Reports, 11:6130"
Mbarali,Mbarali_49,-8.73,33.99,6.1,240.0,2.7,98.79,7.2,12.5,27.0,60.0,15.0,1.5,0-20 cm,iSDA Africa API v2 (30m resolution),"Hengl, T. et al. (2021). Scientific Reports, 11:6130"
Mbarali,Mbarali_50,-8.73,34.05,6.4,180.0,1.92,80.82,5.7,11.2,26.0,59.0,16.0,1.5,0-20 cm,iSDA Africa API v2 (30m resolution),"Hengl, T. et al. (2021). Scientific Reports, 11:6130"
Mbarali,Mbarali_51,-8.73,34.11,6.3,308.0,2.8,68.24,10.0,12.5,31.0,55.0,16.0,1.4,0-20 cm,iSDA Africa API v2 (30m resolution),"Hengl, T. et al. (2021). Scientific Reports, 11:6130"
Mbarali,Mbarali_52,-8.73,34.17,6.3,252.0,2.02,83.41,8.0,12.5,32.0,51.0,16.0,1.4,0-20 cm,iSDA Africa API v2 (30m resolution),"Hengl, T. et al. (2021). Scientific Reports, 11:6130"
Mbarali,Mbarali_53,-8.73,34.23,6.9,210.0,2.16,98.79,8.0,12.5,25.0,61.0,15.0,1.5,0-20 cm,iSDA Africa API v2 (30m resolution),"Hengl, T. et al. (2021). Scientific Reports, 11:6130"
Mbarali,Mbarali_54,-8.73,34.29,7.1,224.0,2.24,83.41,8.0,10.0,25.0,57.0,15.0,1.4,0-20 cm,iSDA Africa API v2 (30m resolution),"Hengl, T. et al. (2021). Scientific Reports, 11:6130"
Mbarali,Mbarali_55,-8.73,34.35,6.5,196.0,2.24,92.2,7.2,9.0,26.0,65.0,14.0,1.4,0-20 cm,iSDA Africa API v2 (30m resolution),"Hengl, T. et al. (2021). Scientific Reports, 11:6130"
Mbarali,Mbarali_56,-8.675,33.75,6.0,252.0,2.52,75.43,8.0,13.9,28.0,52.0,16.0,1.4,0-20 cm,iSDA Africa API v2 (30m resolution),"Hengl, T. et al. (2021). Scientific Reports, 11:6130"
Mbarali,Mbarali_57,-8.675,33.81,6.2,224.0,2.8,101.92,8.0,11.2,31.0,54.0,17.0,1.4,0-20 cm,iSDA Africa API v2 (30m resolution),"Hengl, T. et al. (2021). Scientific Reports, 11:6130"
Mbarali,Mbarali_58,-8.675,33.87,6.2,224.0,2.8,83.41,7.2,12.5,27.0,54.0,15.0,1.4,0-20 cm,iSDA Africa API v2 (30m resolution),"Hengl, T. et al. (2021). Scientific Reports, 11:6130"
Mbarali,Mbarali_59,-8.675,33.93,6.6,196.0,2.24,112.67,6.4,13.9,23.0,57.0,15.0,1.4,0-20 cm,iSDA Africa API v2 (30m resolution),"Hengl, T. et al. (2021). Scientific Reports, 11:6130"
Mbarali,Mbarali_60,-8.675,33.99,6.5,196.0,1.79,137.68,7.2,12.5,26.0,55.0,15.0,1.4,0-20 cm,iSDA Africa API v2 (30m resolution),"Hengl, T. et al. (2021). Scientific Reports, 11:6130"
Mbarali,Mbarali_61,-8.675,34.05,6.9,168.0,1.79,112.67,5.7,13.9,26.0,57.0,17.0,1.4,0-20 cm,iSDA Africa API v2 (30m resolution),"Hengl, T. et al. (2021). Scientific Reports, 11:6130"
Mbarali,Mbarali_62,-8.675,34.11,6.3,280.0,3.14,68.24,9.0,15.4,30.0,47.0,18.0,1.4,0-20 cm,iSDA Africa API v2 (30m resolution),"Hengl, T. et al. (2021). Scientific Reports, 11:6130"
Mbarali,Mbarali_63,-8.675,34.17,6.4,252.0,1.79,75.43,7.2,12.5,32.0,51.0,17.0,1.4,0-20 cm,iSDA Africa API v2 (30m resolution),"Hengl, T. et al. (2021). Scientific Reports, 11:6130"
Mbarali,Mbarali_64,-8.675,34.23,6.4,252.0,3.89,68.24,9.0,12.5,29.0,52.0,17.0,1.4,0-20 cm,iSDA Africa API v2 (30m resolution),"Hengl, T. et al. (2021). Scientific Reports, 11:6130"
Mbarali,Mbarali_65,-8.675,34.29,6.2,252.0,2.24,61.71,10.0,11.2,28.0,54.0,17.0,1.4,0-20 cm,iSDA Africa API v2 (30m resolution),"Hengl, T. et al. (2021). Scientific Reports, 11:6130"
Mbarali,Mbarali_66,-8.675,34.35,6.3,180.0,2.7,54.09,5.7,11.2,25.0,57.0,14.0,1.5,0-20 cm,iSDA Africa API v2 (30m resolution),"Hengl, T. et al. (2021). Scientific Reports, 11:6130"
Mbarali,Mbarali_67,-8.62,33.75,6.1,224.0,3.14,68.24,9.0,11.2,25.0,58.0,15.0,1.4,0-20 cm,iSDA Africa API v2 (30m resolution),"Hengl, T. et al. (2021). Scientific Reports, 11:6130"
Mbarali,Mbarali_68,-8.62,33.81,6.2,224.0,2.24,92.2,8.0,11.2,30.0,52.0,18.0,1.4,0-20 cm,iSDA Africa API v2 (30m resolution),"Hengl, T. et al. (2021). Scientific Reports, 11:6130"
Mbarali,Mbarali_69,-8.62,33.87,6.4,224.0,2.24,101.92,7.2,11.2,23.0,60.0,16.0,1.4,0-20 cm,iSDA Africa API v2 (30m resolution),"Hengl, T. et al. (2021). Scientific Reports, 11:6130"
Mbarali,Mbarali_70,-8.62,33.93,6.6,224.0,1.79,137.68,8.0,15.4,29.0,53.0,15.0,1.4,0-20 cm,iSDA Africa API v2 (30m resolution),"Hengl, T. et al. (2021). Scientific Reports, 11:6130"
Mbarali,Mbarali_71,-8.62,33.99,6.7,260.0,2.08,104.62,9.0,15.4,34.0,48.0,18.0,1.3,0-20 cm,iSDA Africa API v2 (30m resolution),"Hengl, T. et al. (2021). Scientific Reports, 11:6130"
Mbarali,Mbarali_72,-8.62,34.05,6.7,196.0,1.6,124.57,6.4,17.2,30.0,55.0,16.0,1.4,0-20 cm,iSDA Africa API v2 (30m resolution),"Hengl, T. et al. (2021). Scientific Reports, 11:6130"
Mbarali,Mbarali_73,-8.62,34.11,6.4,280.0,2.24,92.2,9.0,15.4,38.0,46.0,19.0,1.4,0-20 cm,iSDA Africa API v2 (30m resolution),"Hengl, T. et al. (2021). Scientific Reports, 11:6130"
Mbarali,Mbarali_74,-8.62,34.17,6.6,196.0,1.79,92.2,5.7,13.9,31.0,49.0,19.0,1.4,0-20 cm,iSDA Africa API v2 (30m resolution),"Hengl, T. et al. (2021). Scientific Reports, 11:6130"
Mbarali,Mbarali_75,-8.62,34.23,6.1,252.0,2.24,83.41,8.0,12.5,34.0,50.0,17.0,1.4,0-20 cm,iSDA Africa API v2 (30m resolution),"Hengl, T. et al. (2021). Scientific Reports, 11:6130"
Mbarali,Mbarali_76,-8.62,34.29,6.2,240.0,2.16,73.11,7.2,11.2,23.0,56.0,14.0,1.5,0-20 cm,iSDA Africa API v2 (30m resolution),"Hengl, T. et al. (2021). Scientific Reports, 11:6130"
Mbarali,Mbarali_77,-8.62,34.35,5.9,270.0,2.4,73.11,8.0,10.0,22.0,59.0,14.0,1.5,0-20 cm,iSDA Africa API v2 (30m resolution),"Hengl, T. et al. (2021). Scientific Reports, 11:6130"
Mbarali,Mbarali_78,-8.565,33.75,6.1,280.0,2.8,83.41,10.0,13.9,28.0,59.0,16.0,1.4,0-20 cm,iSDA Africa API v2 (30m resolution),"Hengl, T. et al. (2021). Scientific Reports, 11:6130"
Mbarali,Mbarali_79,-8.565,33.81,6.2,224.0,3.14,83.41,8.0,13.9,31.0,53.0,16.0,1.4,0-20 cm,iSDA Africa API v2 (30m resolution),"Hengl, T. et al. (2021). Scientific Reports, 11:6130"
Mbarali,Mbarali_80,-8.565,33.87,6.7,168.0,2.24,137.68,5.7,12.5,29.0,51.0,17.0,1.4,0-20 cm,iSDA Africa API v2 (30m resolution),"Hengl, T. et al. (2021). Scientific Reports, 11:6130"
Mbarali,Mbarali_81,-8.565,33.93,6.8,308.0,2.24,152.21,9.0,17.2,36.0,46.0,17.0,1.4,0-20 cm,iSDA Africa API v2 (30m resolution),"Hengl, T. et al. (2021). Scientific Reports, 11:6130"
Mbarali,Mbarali_82,-8.565,33.99,6.3,252.0,2.52,92.2,8.0,19.1,40.0,39.0,16.0,1.4,0-20 cm,iSDA Africa API v2 (30m resolution),"Hengl, T. et al. (2021). Scientific Reports, 11:6130"
Mbarali,Mbarali_83,-8.565,34.05,7.0,224.0,2.24,101.92,8.0,15.4,35.0,46.0,17.0,1.4,0-20 cm,iSDA Africa API v2 (30m resolution),"Hengl, T. et al. (2021). Scientific Reports, 11:6130"
Mbarali,Mbarali_84,-8.565,34.11,6.0,168.0,1.79,112.67,6.4,21.2,40.0,33.0,22.0,1.4,0-20 cm,iSDA Africa API v2 (30m resolution),"Hengl, T. et al. (2021). Scientific Reports, 11:6130"
Mbarali,Mbarali_85,-8.565,34.17,6.5,252.0,2.24,101.92,9.0,19.1,41.0,36.0,17.0,1.4,0-20 cm,iSDA Africa API v2 (30m resolution),"Hengl, T. et al. (2021). Scientific Reports, 11:6130"
Mbarali,Mbarali_86,-8.565,34.23,6.8,280.0,2.02,124.57,8.0,19.1,39.0,38.0,20.0,1.4,0-20 cm,iSDA Africa API v2 (30m resolution),"Hengl, T. et al. (2021). Scientific Reports, 11:6130"
Mbarali,Mbarali_87,-8.565,34.29,5.9,252.0,2.02,83.41,8.0,12.5,30.0,50.0,16.0,1.4,0-20 cm,iSDA Africa API v2 (30m resolution),"Hengl, T. et al. (2021). Scientific Reports, 11:6130"
Mbarali,Mbarali_88,-8.565,34.35,6.2,180.0,2.16,80.82,5.7,11.2,24.0,58.0,13.0,1.5,0-20 cm,iSDA Africa API v2 (30m resolution),"Hengl, T. et al. (2021). Scientific Reports, 11:6130"
Mbarali,Mbarali_89,-8.51,33.75,6.2,224.0,2.52,75.43,9.0,11.2,26.0,56.0,15.0,1.4,0-20 cm,iSDA Africa API v2 (30m resolution),"Hengl, T. et al. (2021). Scientific Reports, 11:6130"
Mbarali,Mbarali_90,-8.51,33.81,6.6,252.0,2.8,83.41,9.0,15.4,28.0,52.0,15.0,1.4,0-20 cm,iSDA Africa API v2 (30m resolution),"Hengl, T. et al. (2021). Scientific Reports, 11:6130"
Mbarali,Mbarali_91,-8.51,33.87,6.7,224.0,2.24,112.67,7.2,12.5,25.0,57.0,16.0,1.4,0-20 cm,iSDA Africa API v2 (30m resolution),"Hengl, T. et al. (2021). Scientific Reports, 11:6130"
Mbarali,Mbarali_92,-8.51,33.93,7.5,286.0,3.25,127.84,9.0,21.2,50.0,36.0,17.0,1.3,0-20 cm,iSDA Africa API v2 (30m resolution),"Hengl, T. et al. (2021). Scientific Reports, 11:6130"
Mbarali,Mbarali_93,-8.51,33.99,7.4,286.0,3.25,115.67,11.2,21.2,43.0,33.0,18.0,1.3,0-20 cm,iSDA Africa API v2 (30m resolution),"Hengl, T. et al. (2021). Scientific Reports, 11:6130"
Mbarali,Mbarali_94,-8.51,34.05,6.7,260.0,2.34,104.62,10.0,29.0,50.0,31.0,16.0,1.3,0-20 cm,iSDA Africa API v2 (30m resolution),"Hengl, T. et al. (2021). Scientific Reports, 11:6130"
Mbarali,Mbarali_95,-8.51,34.11,7.0,252.0,2.8,92.2,9.0,19.1,43.0,37.0,17.0,1.4,0-20 cm,iSDA Africa API v2 (30m resolution),"Hengl, T. et al. (2021). Scientific Reports, 11:6130"
Mbarali,Mbarali_96,-8.51,34.17,6.3,280.0,2.24,75.43,8.0,19.1,37.0,41.0,17.0,1.4,0-20 cm,iSDA Africa API v2 (30m resolution),"Hengl, T. et al. (2021). Scientific Reports, 11:6130"
Mbarali,Mbarali_97,-8.51,34.23,7.2,252.0,2.24,124.57,8.0,17.2,39.0,37.0,20.0,1.4,0-20 cm,iSDA Africa API v2 (30m resolution),"Hengl, T. et al. (2021). Scientific Reports, 11:6130"
Mbarali,Mbarali_98,-8.51,34.29,6.4,270.0,2.4,98.79,8.0,15.4,35.0,46.0,15.0,1.5,0-20 cm,iSDA Africa API v2 (30m resolution),"Hengl, T. et al. (2021). Scientific Reports, 11:6130"
Mbarali,Mbarali_99,-8.51,34.35,6.5,240.0,2.4,89.37,6.4,11.2,28.0,56.0,14.0,1.5,0-20 cm,iSDA Africa API v2 (30m resolution),"Hengl, T. et al. (2021). Scientific Reports, 11:6130"
Mbarali,Mbarali_100,-8.455,33.75,6.2,224.0,2.8,68.24,9.0,12.5,24.0,54.0,15.0,1.4,0-20 cm,iSDA Africa API v2 (30m resolution),"Hengl, T. et al. (2021). Scientific Reports, 11:6130"
Mbarali,Mbarali_101,-8.455,33.81,6.3,270.0,3.36,80.82,8.0,12.5,25.0,56.0,15.0,1.5,0-20 cm,iSDA Africa API v2 (30m resolution),"Hengl, T. et al. (2021). Scientific Reports, 11:6130"
Mbarali,Mbarali_102,-8.455,33.87,6.3,180.0,1.92,73.11,5.0,9.0,18.0,67.0,13.0,1.5,0-20 cm,iSDA Africa API v2 (30m resolution),"Hengl, T. et al. (2021). Scientific Reports, 11:6130"
Mbarali,Mbarali_103,-8.455,33.93,6.6,240.0,2.4,98.79,7.2,12.5,32.0,50.0,17.0,1.5,0-20 cm,iSDA Africa API v2 (30m resolution),"Hengl, T. et al. (2021). Scientific Reports, 11:6130"
Mbarali,Mbarali_104,-8.455,33.99,6.7,264.0,2.69,79.03,11.2,29.0,49.0,36.0,16.0,1.2,0-20 cm,iSDA Africa API v2 (30m resolution),"Hengl, T. et al. (2021). Scientific Reports, 11:6130"
Mbarali,Mbarali_105,-8.455,34.05,6.8,260.0,1.87,77.45,10.0,23.5,45.0,36.0,16.0,1.3,0-20 cm,iSDA Africa API v2 (30m resolution),"Hengl, T. et al. (2021). Scientific Reports, 11:6130"
Mbarali,Mbarali_106,-8.455,34.11,6.7,260.0,2.91,85.62,10.0,32.1,43.0,39.0,16.0,1.3,0-20 cm,iSDA Africa API v2 (30m resolution),"Hengl, T. et al. (2021). Scientific Reports, 11:6130"
Mbarali,Mbarali_107,-8.455,34.17,7.0,252.0,2.8,83.41,9.0,17.2,48.0,42.0,16.0,1.4,0-20 cm,iSDA Africa API v2 (30m resolution),"Hengl, T. et al. (2021). Scientific Reports, 11:6130"
Mbarali,Mbarali_108,-8.455,34.23,7.1,252.0,3.14,83.41,9.0,21.2,43.0,43.0,18.0,1.4,0-20 cm,iSDA Africa API v2 (30m resolution),"Hengl, T. et al. (2021). Scientific Reports, 11:6130"
Mbarali,Mbarali_109,-8.455,34.29,6.9,252.0,2.8,83.41,9.0,21.2,38.0,42.0,17.0,1.4,0-20 cm,iSDA Africa API v2 (30m resolution),"Hengl, T. et al. (2021). Scientific Reports, 11:6130"
Mbarali,Mbarali_110,-8.455,34.35,6.7,168.0,1.6,75.43,5.7,11.2,25.0,53.0,15.0,1.4,0-20 cm,iSDA Africa API v2 (30m resolution),"Hengl, T. et al. (2021). Scientific Reports, 11:6130"
Mbarali,Mbarali_111,-8.4,33.75,5.9,260.0,2.08,46.88,11.2,11.2,24.0,58.0,11.0,1.3,0-20 cm,iSDA Africa API v2 (30m resolution),"Hengl, T. et al. (2021). Scientific Reports, 11:6130"
Mbarali,Mbarali_112,-8.4,33.81,6.5,270.0,2.16,80.82,8.0,11.2,22.0,65.0,14.0,1.5,0-20 cm,iSDA Africa API v2 (30m resolution),"Hengl, T. et al. (2021). Scientific Reports, 11:6130"
Mbarali,Mbarali_113,-8.4,33.87,6.2,280.0,2.52,45.64,8.0,12.5,25.0,60.0,16.0,1.4,0-20 cm,iSDA Africa API v2 (30m resolution),"Hengl, T. et al. (2021). Scientific Reports, 11:6130"
Mbarali,Mbarali_114,-8.4,33.93,6.2,252.0,2.52,55.8,8.0,11.2,26.0,53.0,14.0,1.4,0-20 cm,iSDA Africa API v2 (30m resolution),"Hengl, T. et al. (2021). Scientific Reports, 11:6130"
Mbarali,Mbarali_115,-8.4,33.99,6.9,224.0,2.02,61.71,8.0,11.2,23.0,59.0,13.0,1.4,0-20 cm,iSDA Africa API v2 (30m resolution),"Hengl, T. et al. (2021). Scientific Reports, 11:6130"
Mbarali,Mbarali_116,-8.4,34.05,6.7,208.0,2.91,85.62,9.0,15.4,32.0,45.0,17.0,1.3,0-20 cm,iSDA Africa API v2 (30m resolution),"Hengl, T. et al. (2021). Scientific Reports, 11:6130"
Mbarali,Mbarali_117,-8.4,34.11,6.7,252.0,2.8,92.2,8.0,23.5,41.0,42.0,14.0,1.4,0-20 cm,iSDA Africa API v2 (30m resolution),"Hengl, T. et al. (2021). Scientific Reports, 11:6130"
Mbarali,Mbarali_118,-8.4,34.17,6.9,224.0,2.02,101.92,7.2,15.4,31.0,52.0,15.0,1.4,0-20 cm,iSDA Africa API v2 (30m resolution),"Hengl, T. et al. (2021). Scientific Reports, 11:6130"
Mbarali,Mbarali_119,-8.4,34.23,6.6,210.0,2.16,89.37,6.4,12.5,24.0,60.0,15.0,1.5,0-20 cm,iSDA Africa API v2 (30m resolution),"Hengl, T. et al. (2021). Scientific Reports, 11:6130"
Mbarali,Mbarali_120,-8.4,34.29,6.6,252.0,2.8,68.24,9.0,21.2,41.0,44.0,16.0,1.4,0-20 cm,iSDA Africa API v2 (30m resolution),"Hengl, T. et al. (2021). Scientific Reports, 11:6130"
Mbarali,Mbarali_121,-8.4,34.35,6.5,252.0,2.8,68.24,8.0,17.2,36.0,42.0,16.0,1.4,0-20 cm,iSDA Africa API v2 (30m resolution),"Hengl, T. et al. (2021). Scientific Reports, 11:6130"
Kyela,Kyela_1,-9.6,33.78,5.5,312.0,2.91,38.32,10.0,12.5,30.0,52.0,16.0,1.3,0-20 cm,iSDA Africa API v2 (30m resolution),"Hengl, T. et al. (2021). Scientific Reports, 11:6130"
Kyela,Kyela_2,-9.6,33.812,5.7,308.0,3.14,50.48,9.0,11.2,29.0,52.0,18.0,1.4,0-20 cm,iSDA Africa API v2 (30m resolution),"Hengl, T. et al. (2021). Scientific Reports, 11:6130"
Kyela,Kyela_3,-9.6,33.844,5.6,260.0,2.6,46.88,10.0,12.5,34.0,55.0,18.0,1.3,0-20 cm,iSDA Africa API v2 (30m resolution),"Hengl, T. et al. (2021). Scientific Reports, 11:6130"
Kyela,Kyela_4,-9.6,33.876,5.9,308.0,2.8,41.27,10.0,12.5,37.0,45.0,23.0,1.4,0-20 cm,iSDA Africa API v2 (30m resolution),"Hengl, T. et al. (2021). Scientific Reports, 11:6130"
Kyela,Kyela_5,-9.6,33.908,5.8,286.0,3.25,38.32,9.0,12.5,31.0,46.0,20.0,1.3,0-20 cm,iSDA Africa API v2 (30m resolution),"Hengl, T. et al. (2021). Scientific Reports, 11:6130"
Kyela,Kyela_6,-9.6,33.94,5.5,336.0,2.4,39.12,11.2,12.5,33.0,50.0,21.0,1.2,0-20 cm,iSDA Africa API v2 (30m resolution),"Hengl, T. et al. (2021). Scientific Reports, 11:6130"
Kyela,Kyela_12,-9.57,33.78,5.7,364.0,2.6,42.38,11.2,12.5,31.0,53.0,18.0,1.3,0-20 cm,iSDA Africa API v2 (30m resolution),"Hengl, T. et al. (2021). Scientific Reports, 11:6130"
Kyela,Kyela_13,-9.57,33.812,5.5,312.0,2.16,35.38,11.2,12.5,32.0,48.0,18.0,1.2,0-20 cm,iSDA Africa API v2 (30m resolution),"Hengl, T. et al. (2021). Scientific Reports, 11:6130"
Kyela,Kyela_14,-9.57,33.844,5.4,338.0,2.34,38.32,10.0,12.5,34.0,50.0,17.0,1.3,0-20 cm,iSDA Africa API v2 (30m resolution),"Hengl, T. et al. (2021). Scientific Reports, 11:6130"
Kyela,Kyela_15,-9.57,33.876,5.8,286.0,2.91,46.88,11.2,13.9,31.0,46.0,21.0,1.3,0-20 cm,iSDA Africa API v2 (30m resolution),"Hengl, T. et al. (2021). Scientific Reports, 11:6130"
Kyela,Kyela_16,-9.57,33.908,5.7,288.0,2.4,31.99,11.2,13.9,30.0,47.0,20.0,1.2,0-20 cm,iSDA Africa API v2 (30m resolution),"Hengl, T. et al. (2021). Scientific Reports, 11:6130"
Kyela,Kyela_17,-9.57,33.94,5.6,364.0,3.25,46.88,12.5,15.4,31.0,45.0,22.0,1.3,0-20 cm,iSDA Africa API v2 (30m resolution),"Hengl, T. et al. (2021). Scientific Reports, 11:6130"
Kyela,Kyela_23,-9.54,33.78,5.5,260.0,2.34,38.32,10.0,12.5,29.0,49.0,16.0,1.3,0-20 cm,iSDA Africa API v2 (30m resolution),"Hengl, T. et al. (2021). Scientific Reports, 11:6130"
Kyela,Kyela_24,-9.54,33.812,5.6,312.0,2.6,42.38,10.0,13.9,30.0,52.0,18.0,1.3,0-20 cm,iSDA Africa API v2 (30m resolution),"Hengl, T. et al. (2021). Scientific Reports, 11:6130"
Kyela,Kyela_25,-9.54,33.844,5.6,286.0,2.6,46.88,11.2,15.4,31.0,48.0,21.0,1.3,0-20 cm,iSDA Africa API v2 (30m resolution),"Hengl, T. et al. (2021). Scientific Reports, 11:6130"
Kyela,Kyela_26,-9.54,33.876,5.4,364.0,2.6,31.33,12.5,12.5,30.0,43.0,21.0,1.3,0-20 cm,iSDA Africa API v2 (30m resolution),"Hengl, T. et al. (2021). Scientific Reports, 11:6130"
Kyela,Kyela_27,-9.54,33.908,5.5,312.0,2.6,42.38,11.2,15.4,32.0,49.0,19.0,1.3,0-20 cm,iSDA Africa API v2 (30m resolution),"Hengl, T. et al. (2021). Scientific Reports, 11:6130"
Kyela,Kyela_28,-9.54,33.94,5.7,288.0,2.4,43.27,10.0,12.5,31.0,48.0,19.0,1.2,0-20 cm,iSDA Africa API v2 (30m resolution),"Hengl, T. et al. (2021). Scientific Reports, 11:6130"
Kyela,Kyela_33,-9.54,34.1,5.6,330.0,2.2,32.43,15.4,12.5,35.0,46.0,21.0,1.1,0-20 cm,iSDA Africa API v2 (30m resolution),"Hengl, T. et al. (2021). Scientific Reports, 11:6130"
Kyela,Kyela_34,-9.51,33.78,5.6,260.0,2.34,42.38,9.0,12.5,25.0,54.0,16.0,1.3,0-20 cm,iSDA Africa API v2 (30m resolution),"Hengl, T. et al. (2021). Scientific Reports, 11:6130"
Kyela,Kyela_35,-9.51,33.812,5.6,286.0,3.25,38.32,12.5,13.9,27.0,43.0,21.0,1.3,0-20 cm,iSDA Africa API v2 (30m resolution),"Hengl, T. et al. (2021). Scientific Reports, 11:6130"
Kyela,Kyela_36,-9.51,33.844,5.6,312.0,2.6,38.32,11.2,13.9,31.0,46.0,20.0,1.3,0-20 cm,iSDA Africa API v2 (30m resolution),"Hengl, T. et al. (2021). Scientific Reports, 11:6130"
Kyela,Kyela_37,-9.51,33.876,6.0,312.0,2.91,34.66,9.0,13.9,32.0,41.0,22.0,1.3,0-20 cm,iSDA Africa API v2 (30m resolution),"Hengl, T. et al. (2021). Scientific Reports, 11:6130"
Kyela,Kyela_38,-9.51,33.908,5.6,336.0,2.16,39.12,12.5,15.4,33.0,48.0,20.0,1.2,0-20 cm,iSDA Africa API v2 (30m resolution),"Hengl, T. et al. (2021). Scientific Reports, 11:6130"
Kyela,Kyela_39,-9.51,33.94,5.6,288.0,2.69,39.12,12.5,17.2,27.0,52.0,21.0,1.2,0-20 cm,iSDA Africa API v2 (30m resolution),"Hengl, T. et al. (2021). Scientific Reports, 11:6130"
Kyela,Kyela_40,-9.51,33.972,5.5,312.0,3.0,39.12,13.9,13.9,29.0,47.0,25.0,1.2,0-20 cm,iSDA Africa API v2 (30m resolution),"Hengl, T. et al. (2021). Scientific Reports, 11:6130"
Kyela,Kyela_43,-9.51,34.068,5.7,288.0,2.4,35.38,15.4,13.9,32.0,48.0,18.0,1.2,0-20 cm,iSDA Africa API v2 (30m resolution),"Hengl, T. et al. (2021). Scientific Reports, 11:6130"
Kyela,Kyela_44,-9.51,34.1,5.4,352.0,1.98,32.43,17.2,15.4,35.0,46.0,20.0,1.1,0-20 cm,iSDA Africa API v2 (30m resolution),"Hengl, T. et al. (2021). Scientific Reports, 11:6130"
Kyela,Kyela_45,-9.48,33.78,5.5,338.0,2.34,46.88,10.0,13.9,27.0,53.0,18.0,1.3,0-20 cm,iSDA Africa API v2 (30m resolution),"Hengl, T. et al. (2021). Scientific Reports, 11:6130"
Kyela,Kyela_46,-9.48,33.812,5.5,338.0,2.91,38.32,12.5,17.2,31.0,45.0,20.0,1.3,0-20 cm,iSDA Africa API v2 (30m resolution),"Hengl, T. et al. (2021). Scientific Reports, 11:6130"
Kyela,Kyela_47,-9.48,33.844,5.6,286.0,2.6,34.66,11.2,13.9,30.0,48.0,19.0,1.3,0-20 cm,iSDA Africa API v2 (30m resolution),"Hengl, T. et al. (2021). Scientific Reports, 11:6130"
Kyela,Kyela_48,-9.48,33.876,5.7,286.0,2.34,34.66,10.0,12.5,29.0,44.0,21.0,1.3,0-20 cm,iSDA Africa API v2 (30m resolution),"Hengl, T. et al. (2021). Scientific Reports, 11:6130"
Kyela,Kyela_49,-9.48,33.908,5.5,312.0,2.16,28.92,12.5,15.4,33.0,44.0,25.0,1.2,0-20 cm,iSDA Africa API v2 (30m resolution),"Hengl, T. et al. (2021). Scientific Reports, 11:6130"
Kyela,Kyela_50,-9.48,33.94,5.5,312.0,3.0,39.12,13.9,15.4,28.0,47.0,27.0,1.2,0-20 cm,iSDA Africa API v2 (30m resolution),"Hengl, T. et al. (2021). Scientific Reports, 11:6130"
Kyela,Kyela_51,-9.48,33.972,5.8,308.0,1.98,35.86,15.4,15.4,30.0,44.0,26.0,1.1,0-20 cm,iSDA Africa API v2 (30m resolution),"Hengl, T. et al. (2021). Scientific Reports, 11:6130"
Kyela,Kyela_52,-9.48,34.004,5.5,308.0,2.2,35.86,13.9,13.9,30.0,45.0,23.0,1.1,0-20 cm,iSDA Africa API v2 (30m resolution),"Hengl, T. et al. (2021). Scientific Reports, 11:6130"
Kyela,Kyela_53,-9.48,34.036,5.6,396.0,2.2,29.33,17.2,13.9,34.0,46.0,21.0,1.1,0-20 cm,iSDA Africa API v2 (30m resolution),"Hengl, T. et al. (2021). Scientific Reports, 11:6130"
Kyela,Kyela_54,-9.48,34.068,5.3,374.0,1.76,29.33,17.2,13.9,36.0,47.0,19.0,1.1,0-20 cm,iSDA Africa API v2 (30m resolution),"Hengl, T. et al. (2021). Scientific Reports, 11:6130"
Kyela,Kyela_55,-9.48,34.1,5.5,352.0,1.58,39.67,17.2,17.2,38.0,40.0,21.0,1.1,0-20 cm,iSDA Africa API v2 (30m resolution),"Hengl, T. et al. (2021). Scientific Reports, 11:6130"
Kyela,Kyela_56,-9.45,33.78,5.6,312.0,2.91,38.32,12.5,12.5,30.0,47.0,17.0,1.3,0-20 cm,iSDA Africa API v2 (30m resolution),"Hengl, T. et al. (2021). Scientific Reports, 11:6130"
Kyela,Kyela_57,-9.45,33.812,5.6,312.0,2.16,35.38,12.5,12.5,30.0,50.0,19.0,1.2,0-20 cm,iSDA Africa API v2 (30m resolution),"Hengl, T. et al. (2021). Scientific Reports, 11:6130"
Kyela,Kyela_58,-9.45,33.844,5.4,312.0,2.16,31.99,13.9,15.4,31.0,49.0,18.0,1.2,0-20 cm,iSDA Africa API v2 (30m resolution),"Hengl, T. et al. (2021). Scientific Reports, 11:6130"
Kyela,Kyela_59,-9.45,33.876,5.9,286.0,2.6,38.32,11.2,17.2,29.0,39.0,25.0,1.3,0-20 cm,iSDA Africa API v2 (30m resolution),"Hengl, T. et al. (2021). Scientific Reports, 11:6130"
Kyela,Kyela_60,-9.45,33.908,5.5,308.0,2.2,32.43,15.4,15.4,31.0,46.0,27.0,1.1,0-20 cm,iSDA Africa API v2 (30m resolution),"Hengl, T. et al. (2021). Scientific Reports, 11:6130"
Kyela,Kyela_61,-9.45,33.94,5.8,288.0,2.16,39.12,12.5,13.9,26.0,40.0,28.0,1.2,0-20 cm,iSDA Africa API v2 (30m resolution),"Hengl, T. et al. (2021). Scientific Reports, 11:6130"
Kyela,Kyela_62,-9.45,33.972,5.6,264.0,1.98,35.86,13.9,15.4,29.0,49.0,23.0,1.1,0-20 cm,iSDA Africa API v2 (30m resolution),"Hengl, T. et al. (2021). Scientific Reports, 11:6130"
Kyela,Kyela_63,-9.45,34.004,5.5,312.0,1.92,39.12,11.2,12.5,31.0,53.0,16.0,1.2,0-20 cm,iSDA Africa API v2 (30m resolution),"Hengl, T. et al. (2021). Scientific Reports, 11:6130"
Kyela,Kyela_64,-9.45,34.036,5.7,352.0,1.58,35.86,15.4,13.9,36.0,47.0,19.0,1.1,0-20 cm,iSDA Africa API v2 (30m resolution),"Hengl, T. et al. (2021). Scientific Reports, 11:6130"
Kyela,Kyela_65,-9.45,34.068,5.4,396.0,1.76,35.86,17.2,15.4,38.0,45.0,18.0,1.1,0-20 cm,iSDA Africa API v2 (30m resolution),"Hengl, T. et al. (2021). Scientific Reports, 11:6130"
Kyela,Kyela_66,-9.45,34.1,5.4,396.0,1.25,39.67,21.2,15.4,38.0,42.0,20.0,1.1,0-20 cm,iSDA Africa API v2 (30m resolution),"Hengl, T. et al. (2021). Scientific Reports, 11:6130"
Kyela,Kyela_67,-9.42,33.78,5.5,288.0,2.4,35.38,12.5,13.9,31.0,47.0,16.0,1.2,0-20 cm,iSDA Africa API v2 (30m resolution),"Hengl, T. et al. (2021). Scientific Reports, 11:6130"
Kyela,Kyela_68,-9.42,33.812,5.6,288.0,2.16,39.12,13.9,12.5,28.0,50.0,16.0,1.2,0-20 cm,iSDA Africa API v2 (30m resolution),"Hengl, T. et al. (2021). Scientific Reports, 11:6130"
Kyela,Kyela_69,-9.42,33.844,5.7,288.0,2.4,47.83,12.5,17.2,28.0,42.0,24.0,1.2,0-20 cm,iSDA Africa API v2 (30m resolution),"Hengl, T. et al. (2021). Scientific Reports, 11:6130"
Kyela,Kyela_70,-9.42,33.876,5.7,312.0,2.16,43.27,13.9,15.4,29.0,40.0,27.0,1.2,0-20 cm,iSDA Africa API v2 (30m resolution),"Hengl, T. et al. (2021). Scientific Reports, 11:6130"
Kyela,Kyela_71,-9.42,33.908,5.6,288.0,2.4,43.27,13.9,15.4,28.0,47.0,24.0,1.2,0-20 cm,iSDA Africa API v2 (30m resolution),"Hengl, T. et al. (2021). Scientific Reports, 11:6130"
Kyela,Kyela_72,-9.42,33.94,5.6,264.0,2.2,43.85,12.5,13.9,29.0,47.0,16.0,1.1,0-20 cm,iSDA Africa API v2 (30m resolution),"Hengl, T. et al. (2021). Scientific Reports, 11:6130"
Kyela,Kyela_73,-9.42,33.972,5.5,360.0,2.16,39.12,15.4,13.9,31.0,48.0,18.0,1.2,0-20 cm,iSDA Africa API v2 (30m resolution),"Hengl, T. et al. (2021). Scientific Reports, 11:6130"
Kyela,Kyela_74,-9.42,34.004,5.4,462.0,1.76,32.43,17.2,13.9,37.0,47.0,24.0,1.1,0-20 cm,iSDA Africa API v2 (30m resolution),"Hengl, T. et al. (2021). Scientific Reports, 11:6130"
Kyela,Kyela_75,-9.42,34.036,5.3,520.0,1.8,32.6,23.5,12.5,33.0,45.0,22.0,1.0,0-20 cm,iSDA Africa API v2 (30m resolution),"Hengl, T. et al. (2021). Scientific Reports, 11:6130"
Kyela,Kyela_76,-9.42,34.068,5.6,418.0,1.58,39.67,23.5,13.9,37.0,40.0,20.0,1.1,0-20 cm,iSDA Africa API v2 (30m resolution),"Hengl, T. et al. (2021). Scientific Reports, 11:6130"
Kyela,Kyela_77,-9.42,34.1,5.4,418.0,1.41,43.85,21.2,13.9,40.0,41.0,22.0,1.1,0-20 cm,iSDA Africa API v2 (30m resolution),"Hengl, T. et al. (2021). Scientific Reports, 11:6130"
Kyela,Kyela_78,-9.39,33.78,5.4,288.0,2.4,47.83,13.9,13.9,30.0,50.0,16.0,1.2,0-20 cm,iSDA Africa API v2 (30m resolution),"Hengl, T. et al. (2021). Scientific Reports, 11:6130"
Kyela,Kyela_79,-9.39,33.812,5.5,264.0,2.46,39.67,15.4,15.4,29.0,45.0,18.0,1.1,0-20 cm,iSDA Africa API v2 (30m resolution),"Hengl, T. et al. (2021). Scientific Reports, 11:6130"
Kyela,Kyela_80,-9.39,33.844,5.6,288.0,2.16,39.12,12.5,15.4,29.0,49.0,17.0,1.2,0-20 cm,iSDA Africa API v2 (30m resolution),"Hengl, T. et al. (2021). Scientific Reports, 11:6130"
Kyela,Kyela_81,-9.39,33.876,5.5,360.0,2.16,35.38,12.5,13.9,33.0,45.0,17.0,1.2,0-20 cm,iSDA Africa API v2 (30m resolution),"Hengl, T. et al. (2021). Scientific Reports, 11:6130"
Kyela,Kyela_82,-9.39,33.908,5.5,286.0,1.98,43.85,13.9,15.4,31.0,50.0,17.0,1.1,0-20 cm,iSDA Africa API v2 (30m resolution),"Hengl, T. et al. (2021). Scientific Reports, 11:6130"
Kyela,Kyela_83,-9.39,33.94,5.6,264.0,1.92,39.12,11.2,12.5,27.0,53.0,17.0,1.2,0-20 cm,iSDA Africa API v2 (30m resolution),"Hengl, T. et al. (2021). Scientific Reports, 11:6130"
Kyela,Kyela_84,-9.39,33.972,5.5,352.0,2.2,35.86,15.4,12.5,35.0,50.0,20.0,1.1,0-20 cm,iSDA Africa API v2 (30m resolution),"Hengl, T. et al. (2021). Scientific Reports, 11:6130"
Kyela,Kyela_85,-9.39,34.004,5.3,520.0,1.44,36.06,29.0,12.5,34.0,45.0,22.0,1.0,0-20 cm,iSDA Africa API v2 (30m resolution),"Hengl, T. et al. (2021). Scientific Reports, 11:6130"
Kyela,Kyela_86,-9.39,34.036,5.5,594.0,1.41,43.85,26.1,15.4,34.0,44.0,20.0,1.1,0-20 cm,iSDA Africa API v2 (30m resolution),"Hengl, T. et al. (2021). Scientific Reports, 11:6130"
Kyela,Kyela_87,-9.39,34.068,5.6,480.0,1.44,48.74,23.5,15.4,37.0,44.0,22.0,1.0,0-20 cm,iSDA Africa API v2 (30m resolution),"Hengl, T. et al. (2021). Scientific Reports, 11:6130"
Kyela,Kyela_88,-9.39,34.1,5.6,506.0,1.76,53.61,23.5,17.2,33.0,46.0,20.0,1.1,0-20 cm,iSDA Africa API v2 (30m resolution),"Hengl, T. et al. (2021). Scientific Reports, 11:6130"
Kyela,Kyela_89,-9.36,33.78,5.6,288.0,2.69,52.9,12.5,13.9,27.0,49.0,18.0,1.2,0-20 cm,iSDA Africa API v2 (30m resolution),"Hengl, T. et al. (2021). Scientific Reports, 11:6130"
Kyela,Kyela_90,-9.36,33.812,5.5,308.0,2.2,43.85,17.2,15.4,29.0,50.0,18.0,1.1,0-20 cm,iSDA Africa API v2 (30m resolution),"Hengl, T. et al. (2021). Scientific Reports, 11:6130"
Kyela,Kyela_91,-9.36,33.844,5.5,308.0,2.2,43.85,15.4,15.4,28.0,51.0,17.0,1.1,0-20 cm,iSDA Africa API v2 (30m resolution),"Hengl, T. et al. (2021). Scientific Reports, 11:6130"
Kyela,Kyela_92,-9.36,33.876,5.6,288.0,2.4,43.27,11.2,13.9,30.0,47.0,17.0,1.2,0-20 cm,iSDA Africa API v2 (30m resolution),"Hengl, T. et al. (2021). Scientific Reports, 11:6130"
Kyela,Kyela_93,-9.36,33.908,5.5,308.0,2.75,39.67,11.2,15.4,31.0,47.0,19.0,1.1,0-20 cm,iSDA Africa API v2 (30m resolution),"Hengl, T. et al. (2021). Scientific Reports, 11:6130"
Kyela,Kyela_94,-9.36,33.94,5.5,352.0,1.76,39.67,13.9,13.9,30.0,53.0,16.0,1.1,0-20 cm,iSDA Africa API v2 (30m resolution),"Hengl, T. et al. (2021). Scientific Reports, 11:6130"
Kyela,Kyela_95,-9.36,33.972,5.5,418.0,1.76,43.85,17.2,13.9,35.0,48.0,21.0,1.1,0-20 cm,iSDA Africa API v2 (30m resolution),"Hengl, T. et al. (2021). Scientific Reports, 11:6130"
Kyela,Kyela_96,-9.36,34.004,5.5,540.0,1.8,39.86,29.0,13.9,35.0,44.0,25.0,1.0,0-20 cm,iSDA Africa API v2 (30m resolution),"Hengl, T. et al. (2021). Scientific Reports, 11:6130"
Kyela,Kyela_97,-9.36,34.036,5.5,580.0,1.6,44.08,32.1,12.5,35.0,48.0,19.0,1.0,0-20 cm,iSDA Africa API v2 (30m resolution),"Hengl, T. et al. (2021). Scientific Reports, 11:6130"
Kyela,Kyela_98,-9.36,34.068,5.6,480.0,1.6,48.74,26.1,13.9,36.0,44.0,23.0,1.0,0-20 cm,iSDA Africa API v2 (30m resolution),"Hengl, T. et al. (2021). Scientific Reports, 11:6130"
Kyela,Kyela_99,-9.36,34.1,5.7,500.0,1.8,44.08,23.5,17.2,36.0,45.0,22.0,1.0,0-20 cm,iSDA Africa API v2 (30m resolution),"Hengl, T. et al. (2021). Scientific Reports, 11:6130"
Kyela,Kyela_100,-9.33,33.78,5.5,330.0,2.2,43.85,17.2,15.4,27.0,48.0,20.0,1.1,0-20 cm,iSDA Africa API v2 (30m resolution),"Hengl, T. et al. (2021). Scientific Reports, 11:6130"
Kyela,Kyela_101,-9.33,33.812,5.5,286.0,1.98,48.49,17.2,15.4,29.0,46.0,19.0,1.1,0-20 cm,iSDA Africa API v2 (30m resolution),"Hengl, T. et al. (2021). Scientific Reports, 11:6130"
Kyela,Kyela_102,-9.33,33.844,5.6,286.0,1.76,65.54,12.5,15.4,30.0,52.0,19.0,1.1,0-20 cm,iSDA Africa API v2 (30m resolution),"Hengl, T. et al. (2021). Scientific Reports, 11:6130"
Kyela,Kyela_103,-9.33,33.876,5.6,330.0,2.2,65.54,12.5,13.9,33.0,49.0,18.0,1.1,0-20 cm,iSDA Africa API v2 (30m resolution),"Hengl, T. et al. (2021). Scientific Reports, 11:6130"
Kyela,Kyela_104,-9.33,33.908,5.6,308.0,1.98,53.61,13.9,13.9,31.0,47.0,20.0,1.1,0-20 cm,iSDA Africa API v2 (30m resolution),"Hengl, T. et al. (2021). Scientific Reports, 11:6130"
Kyela,Kyela_105,-9.33,33.94,5.6,360.0,1.8,36.06,17.2,11.2,33.0,49.0,21.0,1.0,0-20 cm,iSDA Africa API v2 (30m resolution),"Hengl, T. et al. (2021). Scientific Reports, 11:6130"
Kyela,Kyela_106,-9.33,33.972,5.4,500.0,1.8,39.86,26.1,11.2,32.0,46.0,23.0,1.0,0-20 cm,iSDA Africa API v2 (30m resolution),"Hengl, T. et al. (2021). Scientific Reports, 11:6130"
Kyela,Kyela_107,-9.33,34.004,5.5,620.0,1.8,44.08,29.0,13.9,35.0,44.0,25.0,1.0,0-20 cm,iSDA Africa API v2 (30m resolution),"Hengl, T. et al. (2021). Scientific Reports, 11:6130"
Kyela,Kyela_108,-9.33,34.036,5.4,520.0,1.6,39.86,26.1,13.9,39.0,40.0,19.0,1.0,0-20 cm,iSDA Africa API v2 (30m resolution),"Hengl, T. et al. (2021). Scientific Reports, 11:6130"
Kyela,Kyela_109,-9.33,34.068,5.5,572.0,1.25,48.49,26.1,12.5,38.0,40.0,22.0,1.1,0-20 cm,iSDA Africa API v2 (30m resolution),"Hengl, T. et al. (2021). Scientific Reports, 11:6130"
Kyela,Kyela_110,-9.33,34.1,5.5,560.0,1.44,44.08,26.1,17.2,32.0,47.0,21.0,1.0,0-20 cm,iSDA Africa API v2 (30m resolution),"Hengl, T. et al. (2021). Scientific Reports, 11:6130"
Kyela,Kyela_111,-9.3,33.78,5.5,484.0,2.2,72.45,21.2,13.9,30.0,50.0,18.0,1.1,0-20 cm,iSDA Africa API v2 (30m resolution),"Hengl, T. et al. (2021). Scientific Reports, 11:6130"
Kyela,Kyela_112,-9.3,33.812,5.7,360.0,1.8,98.34,19.1,13.9,29.0,49.0,19.0,1.0,0-20 cm,iSDA Africa API v2 (30m resolution),"Hengl, T. et al. (2021). Scientific Reports, 11:6130"
Kyela,Kyela_113,-9.3,33.844,5.7,330.0,1.98,80.08,15.4,13.9,27.0,52.0,19.0,1.1,0-20 cm,iSDA Africa API v2 (30m resolution),"Hengl, T. et al. (2021). Scientific Reports, 11:6130"
Kyela,Kyela_114,-9.3,33.876,5.7,374.0,1.98,65.54,15.4,13.9,34.0,53.0,20.0,1.1,0-20 cm,iSDA Africa API v2 (30m resolution),"Hengl, T. et al. (2021). Scientific Reports, 11:6130"
Kyela,Kyela_115,-9.3,33.908,5.6,352.0,1.41,53.61,15.4,12.5,31.0,44.0,20.0,1.1,0-20 cm,iSDA Africa API v2 (30m resolution),"Hengl, T. et al. (2021). Scientific Reports, 11:6130"
Kyela,Kyela_116,-9.3,33.94,5.5,418.0,1.76,53.61,21.2,12.5,32.0,49.0,23.0,1.1,0-20 cm,iSDA Africa API v2 (30m resolution),"Hengl, T. et al. (2021). Scientific Reports, 11:6130"
Kyela,Kyela_117,-9.3,33.972,5.8,506.0,1.58,65.54,19.1,12.5,32.0,48.0,21.0,1.1,0-20 cm,iSDA Africa API v2 (30m resolution),"Hengl, T. et al. (2021). Scientific Reports, 11:6130"
Kyela,Kyela_118,-9.3,34.004,5.5,560.0,1.6,53.88,29.0,13.9,34.0,43.0,23.0,1.0,0-20 cm,iSDA Africa API v2 (30m resolution),"Hengl, T. et al. (2021). Scientific Reports, 11:6130"
Kyela,Kyela_119,-9.3,34.036,5.4,620.0,1.8,48.74,29.0,11.2,32.0,43.0,26.0,1.0,0-20 cm,iSDA Africa API v2 (30m resolution),"Hengl, T. et al. (2021). Scientific Reports, 11:6130"
Kyela,Kyela_120,-9.3,34.068,5.6,540.0,1.6,53.88,26.1,13.9,39.0,43.0,24.0,1.0,0-20 cm,iSDA Africa API v2 (30m resolution),"Hengl, T. et al. (2021). Scientific Reports, 11:6130"
Kyela,Kyela_121,-9.3,34.1,5.7,704.0,2.2,65.54,32.1,15.4,33.0,43.0,21.0,1.1,0-20 cm,iSDA Africa API v2 (30m resolution),"Hengl, T. et al. (2021). Scientific Reports, 11:6130"
Rungwe,Rungwe_1,-9.4,33.45,5.2,680.0,2.0,32.6,39.4,13.9,36.0,43.0,18.0,1.0,0-20 cm,iSDA Africa API v2 (30m resolution),"Hengl, T. et al. (2021). Scientific Reports, 11:6130"
Rungwe,Rungwe_2,-9.4,33.49,5.2,520.0,1.8,36.06,29.0,13.9,36.0,42.0,19.0,1.0,0-20 cm,iSDA Africa API v2 (30m resolution),"Hengl, T. et al. (2021). Scientific Reports, 11:6130"
Rungwe,Rungwe_3,-9.4,33.53,5.1,500.0,2.24,36.06,23.5,11.2,33.0,45.0,21.0,1.0,0-20 cm,iSDA Africa API v2 (30m resolution),"Hengl, T. et al. (2021). Scientific Reports, 11:6130"
Rungwe,Rungwe_4,-9.4,33.57,5.6,286.0,1.76,39.67,13.9,12.5,33.0,47.0,20.0,1.1,0-20 cm,iSDA Africa API v2 (30m resolution),"Hengl, T. et al. (2021). Scientific Reports, 11:6130"
Rungwe,Rungwe_5,-9.4,33.61,5.4,330.0,2.46,43.85,15.4,15.4,36.0,52.0,18.0,1.1,0-20 cm,iSDA Africa API v2 (30m resolution),"Hengl, T. et al. (2021). Scientific Reports, 11:6130"
Rungwe,Rungwe_6,-9.4,33.65,5.5,330.0,2.46,39.67,19.1,17.2,32.0,48.0,20.0,1.1,0-20 cm,iSDA Africa API v2 (30m resolution),"Hengl, T. et al. (2021). Scientific Reports, 11:6130"
Rungwe,Rungwe_7,-9.4,33.69,5.5,308.0,2.2,48.49,17.2,13.9,32.0,52.0,16.0,1.1,0-20 cm,iSDA Africa API v2 (30m resolution),"Hengl, T. et al. (2021). Scientific Reports, 11:6130"
Rungwe,Rungwe_8,-9.4,33.73,5.5,240.0,2.4,52.9,13.9,12.5,33.0,48.0,17.0,1.2,0-20 cm,iSDA Africa API v2 (30m resolution),"Hengl, T. et al. (2021). Scientific Reports, 11:6130"
Rungwe,Rungwe_9,-9.4,33.77,5.5,336.0,2.69,43.27,13.9,13.9,32.0,46.0,17.0,1.2,0-20 cm,iSDA Africa API v2 (30m resolution),"Hengl, T. et al. (2021). Scientific Reports, 11:6130"
Rungwe,Rungwe_10,-9.4,33.81,5.6,312.0,2.69,43.27,13.9,13.9,30.0,50.0,20.0,1.2,0-20 cm,iSDA Africa API v2 (30m resolution),"Hengl, T. et al. (2021). Scientific Reports, 11:6130"
Rungwe,Rungwe_11,-9.4,33.85,5.7,288.0,2.4,47.83,12.5,15.4,28.0,49.0,19.0,1.2,0-20 cm,iSDA Africa API v2 (30m resolution),"Hengl, T. et al. (2021). Scientific Reports, 11:6130"
Rungwe,Rungwe_12,-9.365,33.45,5.2,860.0,2.0,44.08,35.6,10.0,35.0,48.0,20.0,1.0,0-20 cm,iSDA Africa API v2 (30m resolution),"Hengl, T. et al. (2021). Scientific Reports, 11:6130"
Rungwe,Rungwe_13,-9.365,33.49,5.3,520.0,1.8,39.86,29.0,12.5,36.0,44.0,21.0,1.0,0-20 cm,iSDA Africa API v2 (30m resolution),"Hengl, T. et al. (2021). Scientific Reports, 11:6130"
Rungwe,Rungwe_14,-9.365,33.53,5.6,330.0,2.2,53.61,17.2,13.9,32.0,49.0,21.0,1.1,0-20 cm,iSDA Africa API v2 (30m resolution),"Hengl, T. et al. (2021). Scientific Reports, 11:6130"
Rungwe,Rungwe_15,-9.365,33.57,5.6,286.0,1.98,43.85,15.4,15.4,37.0,49.0,18.0,1.1,0-20 cm,iSDA Africa API v2 (30m resolution),"Hengl, T. et al. (2021). Scientific Reports, 11:6130"
Rungwe,Rungwe_16,-9.365,33.61,5.6,288.0,2.4,43.27,13.9,13.9,33.0,46.0,18.0,1.2,0-20 cm,iSDA Africa API v2 (30m resolution),"Hengl, T. et al. (2021). Scientific Reports, 11:6130"
Rungwe,Rungwe_17,-9.365,33.65,5.6,360.0,3.0,58.49,15.4,13.9,34.0,46.0,17.0,1.2,0-20 cm,iSDA Africa API v2 (30m resolution),"Hengl, T. et al. (2021). Scientific Reports, 11:6130"
Rungwe,Rungwe_18,-9.365,33.69,5.5,286.0,2.46,43.85,15.4,17.2,30.0,47.0,21.0,1.1,0-20 cm,iSDA Africa API v2 (30m resolution),"Hengl, T. et al. (2021). Scientific Reports, 11:6130"
Rungwe,Rungwe_19,-9.365,33.73,5.7,264.0,2.4,52.9,13.9,13.9,30.0,48.0,18.0,1.2,0-20 cm,iSDA Africa API v2 (30m resolution),"Hengl, T. et al. (2021). Scientific Reports, 11:6130"
Rungwe,Rungwe_20,-9.365,33.77,5.6,312.0,2.69,47.83,13.9,15.4,31.0,55.0,18.0,1.2,0-20 cm,iSDA Africa API v2 (30m resolution),"Hengl, T. et al. (2021). Scientific Reports, 11:6130"
Rungwe,Rungwe_21,-9.365,33.81,5.5,312.0,2.4,43.27,13.9,15.4,31.0,49.0,20.0,1.2,0-20 cm,iSDA Africa API v2 (30m resolution),"Hengl, T. et al. (2021). Scientific Reports, 11:6130"
Rungwe,Rungwe_22,-9.365,33.85,5.6,286.0,2.2,43.85,15.4,15.4,30.0,47.0,18.0,1.1,0-20 cm,iSDA Africa API v2 (30m resolution),"Hengl, T. et al. (2021). Scientific Reports, 11:6130"
Rungwe,Rungwe_23,-9.33,33.45,5.2,640.0,2.24,48.74,32.1,13.9,34.0,41.0,21.0,1.0,0-20 cm,iSDA Africa API v2 (30m resolution),"Hengl, T. et al. (2021). Scientific Reports, 11:6130"
Rungwe,Rungwe_24,-9.33,33.49,5.3,440.0,1.98,43.85,21.2,13.9,32.0,48.0,20.0,1.1,0-20 cm,iSDA Africa API v2 (30m resolution),"Hengl, T. et al. (2021). Scientific Reports, 11:6130"
Rungwe,Rungwe_25,-9.33,33.53,5.5,312.0,2.16,52.9,15.4,12.5,33.0,45.0,22.0,1.2,0-20 cm,iSDA Africa API v2 (30m resolution),"Hengl, T. et al. (2021). Scientific Reports, 11:6130"
Rungwe,Rungwe_26,-9.33,33.57,5.5,288.0,2.16,52.9,15.4,15.4,32.0,50.0,19.0,1.2,0-20 cm,iSDA Africa API v2 (30m resolution),"Hengl, T. et al. (2021). Scientific Reports, 11:6130"
Rungwe,Rungwe_27,-9.33,33.61,5.5,308.0,1.98,53.61,15.4,15.4,32.0,48.0,17.0,1.1,0-20 cm,iSDA Africa API v2 (30m resolution),"Hengl, T. et al. (2021). Scientific Reports, 11:6130"
Rungwe,Rungwe_28,-9.33,33.65,5.6,330.0,2.2,53.61,17.2,15.4,33.0,45.0,18.0,1.1,0-20 cm,iSDA Africa API v2 (30m resolution),"Hengl, T. et al. (2021). Scientific Reports, 11:6130"
Rungwe,Rungwe_29,-9.33,33.69,5.6,308.0,2.2,53.61,17.2,13.9,30.0,50.0,20.0,1.1,0-20 cm,iSDA Africa API v2 (30m resolution),"Hengl, T. et al. (2021). Scientific Reports, 11:6130"
Rungwe,Rungwe_30,-9.33,33.73,5.6,308.0,2.46,48.49,15.4,13.9,30.0,49.0,19.0,1.1,0-20 cm,iSDA Africa API v2 (30m resolution),"Hengl, T. et al. (2021). Scientific Reports, 11:6130"
Rungwe,Rungwe_31,-9.33,33.77,5.5,286.0,1.98,43.85,15.4,15.4,29.0,52.0,19.0,1.1,0-20 cm,iSDA Africa API v2 (30m resolution),"Hengl, T. et al. (2021). Scientific Reports, 11:6130"
Rungwe,Rungwe_32,-9.33,33.81,5.5,286.0,2.2,43.85,17.2,15.4,28.0,48.0,18.0,1.1,0-20 cm,iSDA Africa API v2 (30m resolution),"Hengl, T. et al. (2021). Scientific Reports, 11:6130"
Rungwe,Rungwe_33,-9.33,33.85,5.4,330.0,2.2,65.54,17.2,13.9,30.0,53.0,20.0,1.1,0-20 cm,iSDA Africa API v2 (30m resolution),"Hengl, T. et al. (2021). Scientific Reports, 11:6130"
Rungwe,Rungwe_34,-9.295,33.45,5.5,540.0,1.6,39.86,26.1,13.9,38.0,44.0,20.0,1.0,0-20 cm,iSDA Africa API v2 (30m resolution),"Hengl, T. et al. (2021). Scientific Reports, 11:6130"
Rungwe,Rungwe_35,-9.295,33.49,5.5,374.0,2.2,43.85,17.2,13.9,35.0,47.0,19.0,1.1,0-20 cm,iSDA Africa API v2 (30m resolution),"Hengl, T. et al. (2021). Scientific Reports, 11:6130"
Rungwe,Rungwe_36,-9.295,33.53,5.6,384.0,2.4,52.9,13.9,13.9,34.0,45.0,23.0,1.2,0-20 cm,iSDA Africa API v2 (30m resolution),"Hengl, T. et al. (2021). Scientific Reports, 11:6130"
Rungwe,Rungwe_37,-9.295,33.57,5.5,286.0,1.76,53.61,17.2,17.2,34.0,48.0,21.0,1.1,0-20 cm,iSDA Africa API v2 (30m resolution),"Hengl, T. et al. (2021). Scientific Reports, 11:6130"
Rungwe,Rungwe_38,-9.295,33.61,5.5,374.0,2.46,72.45,19.1,15.4,29.0,48.0,19.0,1.1,0-20 cm,iSDA Africa API v2 (30m resolution),"Hengl, T. et al. (2021). Scientific Reports, 11:6130"
Rungwe,Rungwe_39,-9.295,33.65,5.7,340.0,1.8,72.8,21.2,13.9,31.0,47.0,19.0,1.0,0-20 cm,iSDA Africa API v2 (30m resolution),"Hengl, T. et al. (2021). Scientific Reports, 11:6130"
Rungwe,Rungwe_40,-9.295,33.69,5.6,330.0,2.2,59.27,17.2,13.9,31.0,51.0,19.0,1.1,0-20 cm,iSDA Africa API v2 (30m resolution),"Hengl, T. et al. (2021). Scientific Reports, 11:6130"
Rungwe,Rungwe_41,-9.295,33.73,5.5,308.0,2.2,53.61,15.4,17.2,32.0,51.0,17.0,1.1,0-20 cm,iSDA Africa API v2 (30m resolution),"Hengl, T. et al. (2021). Scientific Reports, 11:6130"
Rungwe,Rungwe_42,-9.295,33.77,5.6,440.0,1.98,88.53,19.1,15.4,32.0,44.0,21.0,1.1,0-20 cm,iSDA Africa API v2 (30m resolution),"Hengl, T. et al. (2021). Scientific Reports, 11:6130"
Rungwe,Rungwe_43,-9.295,33.81,5.7,440.0,1.98,80.08,19.1,15.4,33.0,50.0,19.0,1.1,0-20 cm,iSDA Africa API v2 (30m resolution),"Hengl, T. et al. (2021). Scientific Reports, 11:6130"
Rungwe,Rungwe_44,-9.295,33.85,5.6,352.0,1.98,97.88,13.9,13.9,29.0,49.0,19.0,1.1,0-20 cm,iSDA Africa API v2 (30m resolution),"Hengl, T. et al. (2021). Scientific Reports, 11:6130"
Rungwe,Rungwe_45,-9.26,33.45,5.3,680.0,1.8,53.88,32.1,9.0,35.0,43.0,19.0,1.0,0-20 cm,iSDA Africa API v2 (30m resolution),"Hengl, T. et al. (2021). Scientific Reports, 11:6130"
Rungwe,Rungwe_46,-9.26,33.49,5.5,400.0,1.6,48.74,21.2,12.5,35.0,48.0,19.0,1.0,0-20 cm,iSDA Africa API v2 (30m resolution),"Hengl, T. et al. (2021). Scientific Reports, 11:6130"
Rungwe,Rungwe_47,-9.26,33.53,5.6,374.0,1.98,48.49,19.1,13.9,33.0,47.0,20.0,1.1,0-20 cm,iSDA Africa API v2 (30m resolution),"Hengl, T. et al. (2021). Scientific Reports, 11:6130"
Rungwe,Rungwe_48,-9.26,33.57,5.5,462.0,2.46,80.08,21.2,13.9,32.0,51.0,19.0,1.1,0-20 cm,iSDA Africa API v2 (30m resolution),"Hengl, T. et al. (2021). Scientific Reports, 11:6130"
Rungwe,Rungwe_49,-9.26,33.61,5.6,440.0,2.46,108.17,19.1,12.5,30.0,49.0,21.0,1.1,0-20 cm,iSDA Africa API v2 (30m resolution),"Hengl, T. et al. (2021). Scientific Reports, 11:6130"
Rungwe,Rungwe_50,-9.26,33.65,5.6,418.0,2.46,80.08,21.2,13.9,31.0,48.0,21.0,1.1,0-20 cm,iSDA Africa API v2 (30m resolution),"Hengl, T. et al. (2021). Scientific Reports, 11:6130"
Rungwe,Rungwe_51,-9.26,33.69,5.6,374.0,2.2,59.27,19.1,12.5,28.0,47.0,20.0,1.1,0-20 cm,iSDA Africa API v2 (30m resolution),"Hengl, T. et al. (2021). Scientific Reports, 11:6130"
Rungwe,Rungwe_52,-9.26,33.73,5.7,374.0,1.98,97.88,19.1,15.4,34.0,50.0,19.0,1.1,0-20 cm,iSDA Africa API v2 (30m resolution),"Hengl, T. et al. (2021). Scientific Reports, 11:6130"
Rungwe,Rungwe_53,-9.26,33.77,5.5,550.0,2.2,108.17,26.1,12.5,30.0,49.0,20.0,1.1,0-20 cm,iSDA Africa API v2 (30m resolution),"Hengl, T. et al. (2021). Scientific Reports, 11:6130"
Rungwe,Rungwe_54,-9.26,33.81,5.4,560.0,2.0,98.34,29.0,12.5,31.0,53.0,23.0,1.0,0-20 cm,iSDA Africa API v2 (30m resolution),"Hengl, T. et al. (2021). Scientific Reports, 11:6130"
Rungwe,Rungwe_55,-9.26,33.85,5.6,418.0,2.2,88.53,21.2,12.5,30.0,50.0,20.0,1.1,0-20 cm,iSDA Africa API v2 (30m resolution),"Hengl, T. et al. (2021). Scientific Reports, 11:6130"
Rungwe,Rungwe_56,-9.225,33.45,5.4,640.0,2.0,53.88,32.1,9.0,34.0,48.0,21.0,1.0,0-20 cm,iSDA Africa API v2 (30m resolution),"Hengl, T. et al. (2021). Scientific Reports, 11:6130"
Rungwe,Rungwe_57,-9.225,33.49,5.6,420.0,2.0,59.58,23.5,12.5,35.0,48.0,21.0,1.0,0-20 cm,iSDA Africa API v2 (30m resolution),"Hengl, T. et al. (2021). Scientific Reports, 11:6130"
Rungwe,Rungwe_58,-9.225,33.53,5.7,396.0,1.98,88.53,21.2,13.9,32.0,47.0,20.0,1.1,0-20 cm,iSDA Africa API v2 (30m resolution),"Hengl, T. et al. (2021). Scientific Reports, 11:6130"
Rungwe,Rungwe_59,-9.225,33.57,5.8,396.0,2.2,119.59,17.2,13.9,31.0,49.0,21.0,1.1,0-20 cm,iSDA Africa API v2 (30m resolution),"Hengl, T. et al. (2021). Scientific Reports, 11:6130"
Rungwe,Rungwe_60,-9.225,33.61,5.5,462.0,2.75,146.1,19.1,13.9,30.0,54.0,17.0,1.1,0-20 cm,iSDA Africa API v2 (30m resolution),"Hengl, T. et al. (2021). Scientific Reports, 11:6130"
Rungwe,Rungwe_61,-9.225,33.65,5.7,528.0,2.46,161.5,21.2,11.2,29.0,52.0,18.0,1.1,0-20 cm,iSDA Africa API v2 (30m resolution),"Hengl, T. et al. (2021). Scientific Reports, 11:6130"
Rungwe,Rungwe_62,-9.225,33.69,5.8,528.0,2.46,108.17,26.1,13.9,29.0,52.0,19.0,1.1,0-20 cm,iSDA Africa API v2 (30m resolution),"Hengl, T. et al. (2021). Scientific Reports, 11:6130"
Rungwe,Rungwe_63,-9.225,33.73,5.9,506.0,2.2,119.59,21.2,12.5,29.0,53.0,19.0,1.1,0-20 cm,iSDA Africa API v2 (30m resolution),"Hengl, T. et al. (2021). Scientific Reports, 11:6130"
Rungwe,Rungwe_64,-9.225,33.77,5.5,460.0,1.44,59.58,23.5,13.9,32.0,46.0,22.0,1.0,0-20 cm,iSDA Africa API v2 (30m resolution),"Hengl, T. et al. (2021). Scientific Reports, 11:6130"
Rungwe,Rungwe_65,-9.225,33.81,5.5,620.0,1.6,53.88,29.0,13.9,33.0,44.0,25.0,1.0,0-20 cm,iSDA Africa API v2 (30m resolution),"Hengl, T. et al. (2021). Scientific Reports, 11:6130"
Rungwe,Rungwe_66,-9.225,33.85,5.7,462.0,1.98,80.08,21.2,13.9,31.0,50.0,20.0,1.1,0-20 cm,iSDA Africa API v2 (30m resolution),"Hengl, T. et al. (2021). Scientific Reports, 11:6130"
Rungwe,Rungwe_67,-9.19,33.45,5.4,704.0,2.46,59.27,32.1,13.9,34.0,40.0,19.0,1.1,0-20 cm,iSDA Africa API v2 (30m resolution),"Hengl, T. et al. (2021). Scientific Reports, 11:6130"
Rungwe,Rungwe_68,-9.19,33.49,5.6,550.0,1.98,59.27,23.5,13.9,32.0,46.0,18.0,1.1,0-20 cm,iSDA Africa API v2 (30m resolution),"Hengl, T. et al. (2021). Scientific Reports, 11:6130"
Rungwe,Rungwe_69,-9.19,33.53,5.7,460.0,1.8,108.72,23.5,13.9,34.0,49.0,20.0,1.0,0-20 cm,iSDA Africa API v2 (30m resolution),"Hengl, T. et al. (2021). Scientific Reports, 11:6130"
Rungwe,Rungwe_70,-9.19,33.57,5.7,506.0,2.2,132.18,21.2,15.4,30.0,54.0,22.0,1.1,0-20 cm,iSDA Africa API v2 (30m resolution),"Hengl, T. et al. (2021). Scientific Reports, 11:6130"
Rungwe,Rungwe_71,-9.19,33.61,5.6,580.0,1.8,132.82,29.0,15.4,31.0,50.0,21.0,1.0,0-20 cm,iSDA Africa API v2 (30m resolution),"Hengl, T. et al. (2021). Scientific Reports, 11:6130"
Rungwe,Rungwe_72,-9.19,33.65,5.6,660.0,2.5,98.34,35.6,13.9,32.0,51.0,22.0,1.0,0-20 cm,iSDA Africa API v2 (30m resolution),"Hengl, T. et al. (2021). Scientific Reports, 11:6130"
Rungwe,Rungwe_73,-9.19,33.69,5.6,726.0,1.98,108.17,32.1,13.9,27.0,48.0,21.0,1.1,0-20 cm,iSDA Africa API v2 (30m resolution),"Hengl, T. et al. (2021). Scientific Reports, 11:6130"
Rungwe,Rungwe_74,-9.19,33.73,5.7,540.0,2.0,120.16,29.0,12.5,31.0,53.0,20.0,1.0,0-20 cm,iSDA Africa API v2 (30m resolution),"Hengl, T. et al. (2021). Scientific Reports, 11:6130"
Rungwe,Rungwe_75,-9.19,33.77,5.5,572.0,1.58,119.59,29.0,11.2,29.0,51.0,21.0,1.1,0-20 cm,iSDA Africa API v2 (30m resolution),"Hengl, T. et al. (2021). Scientific Reports, 11:6130"
Rungwe,Rungwe_76,-9.19,33.81,5.5,540.0,1.6,53.88,32.1,12.5,35.0,46.0,25.0,1.0,0-20 cm,iSDA Africa API v2 (30m resolution),"Hengl, T. et al. (2021). Scientific Reports, 11:6130"
Rungwe,Rungwe_77,-9.19,33.85,5.2,594.0,1.76,65.54,21.2,13.9,31.0,47.0,21.0,1.1,0-20 cm,iSDA Africa API v2 (30m resolution),"Hengl, T. et al. (2021). Scientific Reports, 11:6130"
Rungwe,Rungwe_78,-9.155,33.45,5.4,580.0,2.0,59.58,32.1,10.0,32.0,47.0,20.0,1.0,0-20 cm,iSDA Africa API v2 (30m resolution),"Hengl, T. et al. (2021). Scientific Reports, 11:6130"
Rungwe,Rungwe_79,-9.155,33.49,5.6,484.0,2.2,72.45,23.5,12.5,33.0,48.0,21.0,1.1,0-20 cm,iSDA Africa API v2 (30m resolution),"Hengl, T. et al. (2021). Scientific Reports, 11:6130"
Rungwe,Rungwe_80,-9.155,33.53,5.8,572.0,2.2,132.18,26.1,13.9,28.0,55.0,19.0,1.1,0-20 cm,iSDA Africa API v2 (30m resolution),"Hengl, T. et al. (2021). Scientific Reports, 11:6130"
Rungwe,Rungwe_81,-9.155,33.57,5.7,500.0,2.0,120.16,26.1,13.9,28.0,52.0,18.0,1.0,0-20 cm,iSDA Africa API v2 (30m resolution),"Hengl, T. et al. (2021). Scientific Reports, 11:6130"
Rungwe,Rungwe_82,-9.155,33.61,5.4,580.0,1.8,98.34,32.1,13.9,31.0,52.0,23.0,1.0,0-20 cm,iSDA Africa API v2 (30m resolution),"Hengl, T. et al. (2021). Scientific Reports, 11:6130"
Rungwe,Rungwe_83,-9.155,33.65,5.4,680.0,2.24,72.8,39.4,12.5,31.0,45.0,24.0,1.0,0-20 cm,iSDA Africa API v2 (30m resolution),"Hengl, T. et al. (2021). Scientific Reports, 11:6130"
Rungwe,Rungwe_84,-9.155,33.69,5.5,684.0,2.25,59.27,35.6,12.5,32.0,47.0,26.0,0.9,0-20 cm,iSDA Africa API v2 (30m resolution),"Hengl, T. et al. (2021). Scientific Reports, 11:6130"
Rungwe,Rungwe_85,-9.155,33.73,5.4,616.0,2.2,88.53,29.0,15.4,35.0,47.0,21.0,1.1,0-20 cm,iSDA Africa API v2 (30m resolution),"Hengl, T. et al. (2021). Scientific Reports, 11:6130"
Rungwe,Rungwe_86,-9.155,33.77,5.7,560.0,1.6,98.34,26.1,13.9,29.0,49.0,21.0,1.0,0-20 cm,iSDA Africa API v2 (30m resolution),"Hengl, T. et al. (2021). Scientific Reports, 11:6130"
Rungwe,Rungwe_87,-9.155,33.81,5.7,550.0,2.75,88.53,21.2,15.4,31.0,49.0,21.0,1.1,0-20 cm,iSDA Africa API v2 (30m resolution),"Hengl, T. et al. (2021). Scientific Reports, 11:6130"
Rungwe,Rungwe_88,-9.155,33.85,5.5,600.0,1.6,72.8,29.0,13.9,32.0,50.0,24.0,1.0,0-20 cm,iSDA Africa API v2 (30m resolution),"Hengl, T. et al. (2021). Scientific Reports, 11:6130"
Rungwe,Rungwe_89,-9.12,33.45,5.4,682.0,2.2,59.27,32.1,17.2,36.0,45.0,23.0,1.1,0-20 cm,iSDA Africa API v2 (30m resolution),"Hengl, T. et al. (2021). Scientific Reports, 11:6130"
Rungwe,Rungwe_90,-9.12,33.49,5.8,440.0,2.46,119.59,17.2,12.5,30.0,49.0,21.0,1.1,0-20 cm,iSDA Africa API v2 (30m resolution),"Hengl, T. et al. (2021). Scientific Reports, 11:6130"
Rungwe,Rungwe_91,-9.12,33.53,5.7,572.0,1.98,178.51,26.1,15.4,31.0,46.0,19.0,1.1,0-20 cm,iSDA Africa API v2 (30m resolution),"Hengl, T. et al. (2021). Scientific Reports, 11:6130"
Rungwe,Rungwe_92,-9.12,33.57,5.5,560.0,1.6,120.16,29.0,11.2,28.0,54.0,17.0,1.0,0-20 cm,iSDA Africa API v2 (30m resolution),"Hengl, T. et al. (2021). Scientific Reports, 11:6130"
Rungwe,Rungwe_93,-9.12,33.61,5.3,704.0,2.75,72.45,29.0,10.0,31.0,48.0,22.0,1.1,0-20 cm,iSDA Africa API v2 (30m resolution),"Hengl, T. et al. (2021). Scientific Reports, 11:6130"
Rungwe,Rungwe_94,-9.12,33.65,5.7,800.0,2.5,65.86,35.6,12.5,33.0,47.0,20.0,1.0,0-20 cm,iSDA Africa API v2 (30m resolution),"Hengl, T. et al. (2021). Scientific Reports, 11:6130"
Rungwe,Rungwe_95,-9.12,33.69,5.4,860.0,1.8,72.8,39.4,12.5,32.0,46.0,26.0,1.0,0-20 cm,iSDA Africa API v2 (30m resolution),"Hengl, T. et al. (2021). Scientific Reports, 11:6130"
Rungwe,Rungwe_96,-9.12,33.73,5.4,720.0,2.5,59.58,35.6,15.4,33.0,44.0,26.0,1.0,0-20 cm,iSDA Africa API v2 (30m resolution),"Hengl, T. et al. (2021). Scientific Reports, 11:6130"
Rungwe,Rungwe_97,-9.12,33.77,5.5,680.0,2.0,72.8,32.1,15.4,31.0,49.0,20.0,1.0,0-20 cm,iSDA Africa API v2 (30m resolution),"Hengl, T. et al. (2021). Scientific Reports, 11:6130"
Rungwe,Rungwe_98,-9.12,33.81,5.7,528.0,2.46,97.88,21.2,12.5,32.0,49.0,25.0,1.1,0-20 cm,iSDA Africa API v2 (30m resolution),"Hengl, T. et al. (2021). Scientific Reports, 11:6130"
Rungwe,Rungwe_99,-9.12,33.85,5.6,594.0,2.02,48.49,35.6,13.9,30.0,46.0,27.0,0.9,0-20 cm,iSDA Africa API v2 (30m resolution),"Hengl, T. et al. (2021). Scientific Reports, 11:6130"
Rungwe,Rungwe_100,-9.085,33.45,5.8,462.0,1.76,72.45,21.2,13.9,36.0,45.0,20.0,1.1,0-20 cm,iSDA Africa API v2 (30m resolution),"Hengl, T. et al. (2021). Scientific Reports, 11:6130"
Rungwe,Rungwe_101,-9.085,33.49,5.7,506.0,1.76,88.53,26.1,15.4,33.0,49.0,18.0,1.1,0-20 cm,iSDA Africa API v2 (30m resolution),"Hengl, T. et al. (2021). Scientific Reports, 11:6130"
Rungwe,Rungwe_102,-9.085,33.53,5.8,462.0,2.2,161.5,21.2,12.5,27.0,52.0,24.0,1.1,0-20 cm,iSDA Africa API v2 (30m resolution),"Hengl, T. et al. (2021). Scientific Reports, 11:6130"
Rungwe,Rungwe_103,-9.085,33.57,5.8,440.0,2.5,146.82,21.2,12.5,24.0,52.0,25.0,1.0,0-20 cm,iSDA Africa API v2 (30m resolution),"Hengl, T. et al. (2021). Scientific Reports, 11:6130"
Rungwe,Rungwe_104,-9.085,33.61,5.4,700.0,2.0,80.48,32.1,15.4,35.0,44.0,23.0,1.0,0-20 cm,iSDA Africa API v2 (30m resolution),"Hengl, T. et al. (2021). Scientific Reports, 11:6130"
Rungwe,Rungwe_105,-9.085,33.65,5.5,738.0,2.02,65.52,35.6,11.2,38.0,42.0,25.0,0.9,0-20 cm,iSDA Africa API v2 (30m resolution),"Hengl, T. et al. (2021). Scientific Reports, 11:6130"
Rungwe,Rungwe_106,-9.085,33.69,5.6,540.0,2.5,98.34,29.0,10.0,35.0,44.0,25.0,1.0,0-20 cm,iSDA Africa API v2 (30m resolution),"Hengl, T. et al. (2021). Scientific Reports, 11:6130"
Rungwe,Rungwe_107,-9.085,33.73,5.5,702.0,1.8,72.43,32.1,15.4,33.0,43.0,25.0,0.9,0-20 cm,iSDA Africa API v2 (30m resolution),"Hengl, T. et al. (2021). Scientific Reports, 11:6130"
Rungwe,Rungwe_108,-9.085,33.77,5.6,620.0,2.0,53.88,32.1,13.9,32.0,47.0,24.0,1.0,0-20 cm,iSDA Africa API v2 (30m resolution),"Hengl, T. et al. (2021). Scientific Reports, 11:6130"
Rungwe,Rungwe_109,-9.085,33.81,5.5,640.0,1.8,53.88,32.1,15.4,33.0,46.0,24.0,1.0,0-20 cm,iSDA Africa API v2 (30m resolution),"Hengl, T. et al. (2021). Scientific Reports, 11:6130"
Rungwe,Rungwe_110,-9.085,33.85,5.6,820.0,2.5,80.48,39.4,13.9,33.0,46.0,25.0,1.0,0-20 cm,iSDA Africa API v2 (30m resolution),"Hengl, T. et al. (2021). Scientific Reports, 11:6130"
Rungwe,Rungwe_111,-9.05,33.45,5.5,638.0,2.46,65.54,26.1,15.4,37.0,45.0,21.0,1.1,0-20 cm,iSDA Africa API v2 (30m resolution),"Hengl, T. et al. (2021). Scientific Reports, 11:6130"
Rungwe,Rungwe_112,-9.05,33.49,5.6,550.0,2.2,119.59,23.5,13.9,31.0,49.0,21.0,1.1,0-20 cm,iSDA Africa API v2 (30m resolution),"Hengl, T. et al. (2021). Scientific Reports, 11:6130"
Rungwe,Rungwe_113,-9.05,33.53,5.7,506.0,2.2,132.18,19.1,13.9,27.0,49.0,22.0,1.1,0-20 cm,iSDA Africa API v2 (30m resolution),"Hengl, T. et al. (2021). Scientific Reports, 11:6130"
Rungwe,Rungwe_114,-9.05,33.57,5.6,528.0,2.2,132.18,21.2,13.9,31.0,50.0,27.0,1.1,0-20 cm,iSDA Africa API v2 (30m resolution),"Hengl, T. et al. (2021). Scientific Reports, 11:6130"
Rungwe,Rungwe_115,-9.05,33.61,5.6,520.0,2.0,98.34,21.2,12.5,33.0,46.0,24.0,1.0,0-20 cm,iSDA Africa API v2 (30m resolution),"Hengl, T. et al. (2021). Scientific Reports, 11:6130"
Rungwe,Rungwe_116,-9.05,33.65,5.4,620.0,1.8,80.48,35.6,15.4,35.0,39.0,25.0,1.0,0-20 cm,iSDA Africa API v2 (30m resolution),"Hengl, T. et al. (2021). Scientific Reports, 11:6130"
Rungwe,Rungwe_117,-9.05,33.69,5.5,600.0,2.24,88.98,26.1,9.0,37.0,43.0,21.0,1.0,0-20 cm,iSDA Africa API v2 (30m resolution),"Hengl, T. et al. (2021). Scientific Reports, 11:6130"
Rungwe,Rungwe_118,-9.05,33.73,5.4,720.0,1.6,65.86,29.0,12.5,38.0,45.0,23.0,1.0,0-20 cm,iSDA Africa API v2 (30m resolution),"Hengl, T. et al. (2021). Scientific Reports, 11:6130"
Rungwe,Rungwe_119,-9.05,33.77,5.5,666.0,1.62,80.08,35.6,13.9,39.0,44.0,23.0,0.9,0-20 cm,iSDA Africa API v2 (30m resolution),"Hengl, T. et al. (2021). Scientific Reports, 11:6130"
Rungwe,Rungwe_120,-9.05,33.81,5.6,720.0,1.62,65.52,35.6,17.2,32.0,44.0,24.0,0.9,0-20 cm,iSDA Africa API v2 (30m resolution),"Hengl, T. et al. (2021). Scientific Reports, 11:6130"
Rungwe,Rungwe_121,-9.05,33.85,5.7,820.0,2.24,98.34,39.4,11.2,36.0,49.0,23.0,1.0,0-20 cm,iSDA Africa API v2 (30m resolution),"Hengl, T. et al. (2021). Scientific Reports, 11:6130"
Busokelo,Busokelo_1,-9.15,33.4,5.8,484.0,1.58,65.54,23.5,13.9,37.0,49.0,19.0,1.1,0-20 cm,iSDA Africa API v2 (30m resolution),"Hengl, T. et al. (2021). Scientific Reports, 11:6130"
Busokelo,Busokelo_2,-9.15,33.425,5.5,616.0,2.46,59.27,32.1,19.1,36.0,45.0,19.0,1.1,0-20 cm,iSDA Africa API v2 (30m resolution),"Hengl, T. et al. (2021). Scientific Reports, 11:6130"
Busokelo,Busokelo_3,-9.15,33.45,5.5,704.0,1.76,72.45,32.1,12.5,33.0,43.0,18.0,1.1,0-20 cm,iSDA Africa API v2 (30m resolution),"Hengl, T. et al. (2021). Scientific Reports, 11:6130"
Busokelo,Busokelo_4,-9.15,33.475,5.5,600.0,1.8,53.88,29.0,12.5,34.0,49.0,19.0,1.0,0-20 cm,iSDA Africa API v2 (30m resolution),"Hengl, T. et al. (2021). Scientific Reports, 11:6130"
Busokelo,Busokelo_5,-9.15,33.5,5.8,506.0,1.98,88.53,26.1,13.9,31.0,52.0,21.0,1.1,0-20 cm,iSDA Africa API v2 (30m resolution),"Hengl, T. et al. (2021). Scientific Reports, 11:6130"
Busokelo,Busokelo_6,-9.15,33.525,5.7,594.0,2.46,146.1,26.1,13.9,30.0,54.0,20.0,1.1,0-20 cm,iSDA Africa API v2 (30m resolution),"Hengl, T. et al. (2021). Scientific Reports, 11:6130"
Busokelo,Busokelo_7,-9.15,33.55,5.8,550.0,1.76,161.5,21.2,13.9,27.0,54.0,23.0,1.1,0-20 cm,iSDA Africa API v2 (30m resolution),"Hengl, T. et al. (2021). Scientific Reports, 11:6130"
Busokelo,Busokelo_8,-9.15,33.575,5.6,616.0,1.76,161.5,26.1,12.5,25.0,54.0,20.0,1.1,0-20 cm,iSDA Africa API v2 (30m resolution),"Hengl, T. et al. (2021). Scientific Reports, 11:6130"
Busokelo,Busokelo_9,-9.15,33.6,5.6,560.0,2.0,108.72,26.1,15.4,30.0,49.0,22.0,1.0,0-20 cm,iSDA Africa API v2 (30m resolution),"Hengl, T. et al. (2021). Scientific Reports, 11:6130"
Busokelo,Busokelo_10,-9.15,33.625,5.3,640.0,2.0,72.8,29.0,13.9,33.0,44.0,21.0,1.0,0-20 cm,iSDA Africa API v2 (30m resolution),"Hengl, T. et al. (2021). Scientific Reports, 11:6130"
Busokelo,Busokelo_11,-9.15,33.65,5.4,780.0,2.24,72.8,39.4,12.5,34.0,43.0,25.0,1.0,0-20 cm,iSDA Africa API v2 (30m resolution),"Hengl, T. et al. (2021). Scientific Reports, 11:6130"
Busokelo,Busokelo_12,-9.125,33.4,5.9,528.0,1.98,65.54,23.5,12.5,37.0,43.0,18.0,1.1,0-20 cm,iSDA Africa API v2 (30m resolution),"Hengl, T. et al. (2021). Scientific Reports, 11:6130"
Busokelo,Busokelo_13,-9.125,33.425,5.8,528.0,1.58,53.61,23.5,11.2,36.0,47.0,18.0,1.1,0-20 cm,iSDA Africa API v2 (30m resolution),"Hengl, T. et al. (2021). Scientific Reports, 11:6130"
Busokelo,Busokelo_14,-9.125,33.45,5.4,770.0,2.75,59.27,32.1,17.2,31.0,47.0,22.0,1.1,0-20 cm,iSDA Africa API v2 (30m resolution),"Hengl, T. et al. (2021). Scientific Reports, 11:6130"
Busokelo,Busokelo_15,-9.125,33.475,5.6,460.0,2.0,65.86,23.5,15.4,34.0,47.0,17.0,1.0,0-20 cm,iSDA Africa API v2 (30m resolution),"Hengl, T. et al. (2021). Scientific Reports, 11:6130"
Busokelo,Busokelo_16,-9.125,33.5,5.7,520.0,1.8,162.28,26.1,11.2,28.0,48.0,20.0,1.0,0-20 cm,iSDA Africa API v2 (30m resolution),"Hengl, T. et al. (2021). Scientific Reports, 11:6130"
Busokelo,Busokelo_17,-9.125,33.525,5.7,528.0,1.76,161.5,23.5,13.9,29.0,49.0,19.0,1.1,0-20 cm,iSDA Africa API v2 (30m resolution),"Hengl, T. et al. (2021). Scientific Reports, 11:6130"
Busokelo,Busokelo_18,-9.125,33.55,5.7,572.0,1.76,161.5,26.1,13.9,32.0,50.0,20.0,1.1,0-20 cm,iSDA Africa API v2 (30m resolution),"Hengl, T. et al. (2021). Scientific Reports, 11:6130"
Busokelo,Busokelo_19,-9.125,33.575,5.6,520.0,2.0,132.82,23.5,13.9,30.0,47.0,18.0,1.0,0-20 cm,iSDA Africa API v2 (30m resolution),"Hengl, T. et al. (2021). Scientific Reports, 11:6130"
Busokelo,Busokelo_20,-9.125,33.6,5.4,594.0,2.2,97.88,23.5,13.9,30.0,47.0,21.0,1.1,0-20 cm,iSDA Africa API v2 (30m resolution),"Hengl, T. et al. (2021). Scientific Reports, 11:6130"
Busokelo,Busokelo_21,-9.125,33.625,5.2,720.0,2.24,53.88,35.6,12.5,35.0,42.0,25.0,1.0,0-20 cm,iSDA Africa API v2 (30m resolution),"Hengl, T. et al. (2021). Scientific Reports, 11:6130"
Busokelo,Busokelo_22,-9.125,33.65,5.7,840.0,2.24,53.88,39.4,10.0,35.0,46.0,23.0,1.0,0-20 cm,iSDA Africa API v2 (30m resolution),"Hengl, T. et al. (2021). Scientific Reports, 11:6130"
Busokelo,Busokelo_23,-9.1,33.4,6.0,484.0,1.98,59.27,23.5,15.4,37.0,48.0,20.0,1.1,0-20 cm,iSDA Africa API v2 (30m resolution),"Hengl, T. et al. (2021). Scientific Reports, 11:6130"
Busokelo,Busokelo_24,-9.1,33.425,5.9,506.0,1.58,65.54,23.5,13.9,37.0,48.0,18.0,1.1,0-20 cm,iSDA Africa API v2 (30m resolution),"Hengl, T. et al. (2021). Scientific Reports, 11:6130"
Busokelo,Busokelo_25,-9.1,33.45,5.7,460.0,2.0,72.8,23.5,15.4,36.0,50.0,20.0,1.0,0-20 cm,iSDA Africa API v2 (30m resolution),"Hengl, T. et al. (2021). Scientific Reports, 11:6130"
Busokelo,Busokelo_26,-9.1,33.475,6.0,396.0,1.76,80.08,23.5,13.9,34.0,46.0,21.0,1.1,0-20 cm,iSDA Africa API v2 (30m resolution),"Hengl, T. et al. (2021). Scientific Reports, 11:6130"
Busokelo,Busokelo_27,-9.1,33.5,5.7,460.0,1.8,98.34,26.1,15.4,30.0,53.0,22.0,1.0,0-20 cm,iSDA Africa API v2 (30m resolution),"Hengl, T. et al. (2021). Scientific Reports, 11:6130"
Busokelo,Busokelo_28,-9.1,33.525,5.8,440.0,2.0,146.82,23.5,13.9,29.0,51.0,22.0,1.0,0-20 cm,iSDA Africa API v2 (30m resolution),"Hengl, T. et al. (2021). Scientific Reports, 11:6130"
Busokelo,Busokelo_29,-9.1,33.55,5.8,480.0,2.24,162.28,26.1,13.9,25.0,51.0,23.0,1.0,0-20 cm,iSDA Africa API v2 (30m resolution),"Hengl, T. et al. (2021). Scientific Reports, 11:6130"
Busokelo,Busokelo_30,-9.1,33.575,5.6,550.0,1.98,146.1,19.1,13.9,25.0,58.0,19.0,1.1,0-20 cm,iSDA Africa API v2 (30m resolution),"Hengl, T. et al. (2021). Scientific Reports, 11:6130"
Busokelo,Busokelo_31,-9.1,33.6,5.4,660.0,2.0,98.34,26.1,13.9,35.0,43.0,23.0,1.0,0-20 cm,iSDA Africa API v2 (30m resolution),"Hengl, T. et al. (2021). Scientific Reports, 11:6130"
Busokelo,Busokelo_32,-9.1,33.625,5.6,680.0,2.24,80.48,39.4,11.2,34.0,44.0,26.0,1.0,0-20 cm,iSDA Africa API v2 (30m resolution),"Hengl, T. et al. (2021). Scientific Reports, 11:6130"
Busokelo,Busokelo_33,-9.1,33.65,5.6,702.0,2.5,48.49,35.6,15.4,37.0,46.0,22.0,0.9,0-20 cm,iSDA Africa API v2 (30m resolution),"Hengl, T. et al. (2021). Scientific Reports, 11:6130"
Busokelo,Busokelo_34,-9.075,33.4,6.0,440.0,1.76,65.54,19.1,13.9,37.0,45.0,20.0,1.1,0-20 cm,iSDA Africa API v2 (30m resolution),"Hengl, T. et al. (2021). Scientific Reports, 11:6130"
Busokelo,Busokelo_35,-9.075,33.425,5.9,506.0,1.76,72.45,21.2,15.4,37.0,43.0,21.0,1.1,0-20 cm,iSDA Africa API v2 (30m resolution),"Hengl, T. et al. (2021). Scientific Reports, 11:6130"
Busokelo,Busokelo_36,-9.075,33.45,5.7,506.0,2.2,65.54,21.2,15.4,36.0,42.0,22.0,1.1,0-20 cm,iSDA Africa API v2 (30m resolution),"Hengl, T. et al. (2021). Scientific Reports, 11:6130"
Busokelo,Busokelo_37,-9.075,33.475,5.7,500.0,2.0,72.8,23.5,13.9,34.0,47.0,20.0,1.0,0-20 cm,iSDA Africa API v2 (30m resolution),"Hengl, T. et al. (2021). Scientific Reports, 11:6130"
Busokelo,Busokelo_38,-9.075,33.5,5.8,440.0,1.98,108.17,23.5,12.5,33.0,49.0,21.0,1.1,0-20 cm,iSDA Africa API v2 (30m resolution),"Hengl, T. et al. (2021). Scientific Reports, 11:6130"
Busokelo,Busokelo_39,-9.075,33.525,5.7,440.0,2.0,132.82,21.2,13.9,26.0,50.0,21.0,1.0,0-20 cm,iSDA Africa API v2 (30m resolution),"Hengl, T. et al. (2021). Scientific Reports, 11:6130"
Busokelo,Busokelo_40,-9.075,33.55,5.8,462.0,1.76,178.51,21.2,13.9,28.0,48.0,23.0,1.1,0-20 cm,iSDA Africa API v2 (30m resolution),"Hengl, T. et al. (2021). Scientific Reports, 11:6130"
Busokelo,Busokelo_41,-9.075,33.575,5.8,440.0,1.8,132.82,23.5,11.2,30.0,44.0,32.0,1.0,0-20 cm,iSDA Africa API v2 (30m resolution),"Hengl, T. et al. (2021). Scientific Reports, 11:6130"
Busokelo,Busokelo_42,-9.075,33.6,5.6,500.0,2.0,120.16,23.5,13.9,33.0,44.0,23.0,1.0,0-20 cm,iSDA Africa API v2 (30m resolution),"Hengl, T. et al. (2021). Scientific Reports, 11:6130"
Busokelo,Busokelo_43,-9.075,33.625,5.4,680.0,2.5,59.58,35.6,13.9,35.0,42.0,26.0,1.0,0-20 cm,iSDA Africa API v2 (30m resolution),"Hengl, T. et al. (2021). Scientific Reports, 11:6130"
Busokelo,Busokelo_44,-9.075,33.65,5.5,580.0,2.24,65.86,32.1,15.4,37.0,43.0,26.0,1.0,0-20 cm,iSDA Africa API v2 (30m resolution),"Hengl, T. et al. (2021). Scientific Reports, 11:6130"
Busokelo,Busokelo_45,-9.05,33.4,6.0,352.0,1.58,72.45,17.2,15.4,37.0,45.0,21.0,1.1,0-20 cm,iSDA Africa API v2 (30m resolution),"Hengl, T. et al. (2021). Scientific Reports, 11:6130"
Busokelo,Busokelo_46,-9.05,33.425,6.2,396.0,1.76,72.45,15.4,15.4,38.0,41.0,20.0,1.1,0-20 cm,iSDA Africa API v2 (30m resolution),"Hengl, T. et al. (2021). Scientific Reports, 11:6130"
Busokelo,Busokelo_47,-9.05,33.45,5.5,638.0,2.46,65.54,26.1,15.4,37.0,45.0,21.0,1.1,0-20 cm,iSDA Africa API v2 (30m resolution),"Hengl, T. et al. (2021). Scientific Reports, 11:6130"
Busokelo,Busokelo_48,-9.05,33.475,5.7,572.0,1.58,88.53,23.5,13.9,35.0,46.0,23.0,1.1,0-20 cm,iSDA Africa API v2 (30m resolution),"Hengl, T. et al. (2021). Scientific Reports, 11:6130"
Busokelo,Busokelo_49,-9.05,33.5,5.7,484.0,1.98,132.18,23.5,12.5,31.0,47.0,20.0,1.1,0-20 cm,iSDA Africa API v2 (30m resolution),"Hengl, T. et al. (2021). Scientific Reports, 11:6130"
Busokelo,Busokelo_50,-9.05,33.525,5.6,500.0,2.0,120.16,23.5,11.2,31.0,46.0,23.0,1.0,0-20 cm,iSDA Africa API v2 (30m resolution),"Hengl, T. et al. (2021). Scientific Reports, 11:6130"
Busokelo,Busokelo_51,-9.05,33.55,5.5,460.0,2.24,132.82,21.2,15.4,29.0,51.0,24.0,1.0,0-20 cm,iSDA Africa API v2 (30m resolution),"Hengl, T. et al. (2021). Scientific Reports, 11:6130"
Busokelo,Busokelo_52,-9.05,33.575,5.4,500.0,2.5,98.34,23.5,11.2,28.0,49.0,26.0,1.0,0-20 cm,iSDA Africa API v2 (30m resolution),"Hengl, T. et al. (2021). Scientific Reports, 11:6130"
Busokelo,Busokelo_53,-9.05,33.6,5.6,528.0,2.46,108.17,21.2,12.5,30.0,49.0,26.0,1.1,0-20 cm,iSDA Africa API v2 (30m resolution),"Hengl, T. et al. (2021). Scientific Reports, 11:6130"
Busokelo,Busokelo_54,-9.05,33.625,5.6,540.0,2.0,120.16,23.5,13.9,39.0,44.0,23.0,1.0,0-20 cm,iSDA Africa API v2 (30m resolution),"Hengl, T. et al. (2021). Scientific Reports, 11:6130"
Busokelo,Busokelo_55,-9.05,33.65,5.4,620.0,1.8,80.48,35.6,15.4,35.0,39.0,25.0,1.0,0-20 cm,iSDA Africa API v2 (30m resolution),"Hengl, T. et al. (2021). Scientific Reports, 11:6130"
Busokelo,Busokelo_56,-9.025,33.4,5.8,352.0,1.76,59.27,15.4,12.5,37.0,46.0,16.0,1.1,0-20 cm,iSDA Africa API v2 (30m resolution),"Hengl, T. et al. (2021). Scientific Reports, 11:6130"
Busokelo,Busokelo_57,-9.025,33.425,6.0,330.0,1.76,65.54,13.9,13.9,35.0,46.0,22.0,1.1,0-20 cm,iSDA Africa API v2 (30m resolution),"Hengl, T. et al. (2021). Scientific Reports, 11:6130"
Busokelo,Busokelo_58,-9.025,33.45,5.8,408.0,1.92,64.66,15.4,15.4,40.0,41.0,20.0,1.2,0-20 cm,iSDA Africa API v2 (30m resolution),"Hengl, T. et al. (2021). Scientific Reports, 11:6130"
Busokelo,Busokelo_59,-9.025,33.475,5.6,616.0,2.2,72.45,26.1,15.4,37.0,43.0,20.0,1.1,0-20 cm,iSDA Africa API v2 (30m resolution),"Hengl, T. et al. (2021). Scientific Reports, 11:6130"
Busokelo,Busokelo_60,-9.025,33.5,5.5,660.0,2.0,88.98,32.1,15.4,35.0,44.0,21.0,1.0,0-20 cm,iSDA Africa API v2 (30m resolution),"Hengl, T. et al. (2021). Scientific Reports, 11:6130"
Busokelo,Busokelo_61,-9.025,33.525,5.4,620.0,1.6,88.98,32.1,15.4,31.0,46.0,24.0,1.0,0-20 cm,iSDA Africa API v2 (30m resolution),"Hengl, T. et al. (2021). Scientific Reports, 11:6130"
Busokelo,Busokelo_62,-9.025,33.55,5.4,660.0,2.24,59.58,35.6,12.5,33.0,45.0,25.0,1.0,0-20 cm,iSDA Africa API v2 (30m resolution),"Hengl, T. et al. (2021). Scientific Reports, 11:6130"
Busokelo,Busokelo_63,-9.025,33.575,5.3,720.0,1.8,53.88,35.6,13.9,34.0,45.0,24.0,1.0,0-20 cm,iSDA Africa API v2 (30m resolution),"Hengl, T. et al. (2021). Scientific Reports, 11:6130"
Busokelo,Busokelo_64,-9.025,33.6,5.6,600.0,2.0,88.98,29.0,13.9,34.0,46.0,22.0,1.0,0-20 cm,iSDA Africa API v2 (30m resolution),"Hengl, T. et al. (2021). Scientific Reports, 11:6130"
Busokelo,Busokelo_65,-9.025,33.625,5.6,620.0,2.0,88.98,32.1,13.9,32.0,45.0,23.0,1.0,0-20 cm,iSDA Africa API v2 (30m resolution),"Hengl, T. et al. (2021). Scientific Reports, 11:6130"
Busokelo,Busokelo_66,-9.025,33.65,5.3,700.0,2.24,72.8,32.1,17.2,38.0,41.0,26.0,1.0,0-20 cm,iSDA Africa API v2 (30m resolution),"Hengl, T. et al. (2021). Scientific Reports, 11:6130"
Busokelo,Busokelo_67,-9.0,33.4,5.7,360.0,1.73,52.9,15.4,12.5,31.0,47.0,18.0,1.2,0-20 cm,iSDA Africa API v2 (30m resolution),"Hengl, T. et al. (2021). Scientific Reports, 11:6130"
Busokelo,Busokelo_68,-9.0,33.425,5.7,336.0,1.73,58.49,13.9,12.5,31.0,48.0,19.0,1.2,0-20 cm,iSDA Africa API v2 (30m resolution),"Hengl, T. et al. (2021). Scientific Reports, 11:6130"
Busokelo,Busokelo_69,-9.0,33.45,5.9,432.0,1.92,71.5,17.2,13.9,35.0,44.0,20.0,1.2,0-20 cm,iSDA Africa API v2 (30m resolution),"Hengl, T. et al. (2021). Scientific Reports, 11:6130"
Busokelo,Busokelo_70,-9.0,33.475,5.8,418.0,1.58,59.27,17.2,15.4,38.0,41.0,22.0,1.1,0-20 cm,iSDA Africa API v2 (30m resolution),"Hengl, T. et al. (2021). Scientific Reports, 11:6130"
Busokelo,Busokelo_71,-9.0,33.5,5.5,594.0,1.98,80.08,23.5,15.4,38.0,46.0,22.0,1.1,0-20 cm,iSDA Africa API v2 (30m resolution),"Hengl, T. et al. (2021). Scientific Reports, 11:6130"
Busokelo,Busokelo_72,-9.0,33.525,5.4,640.0,2.78,53.88,35.6,15.4,34.0,44.0,23.0,1.0,0-20 cm,iSDA Africa API v2 (30m resolution),"Hengl, T. et al. (2021). Scientific Reports, 11:6130"
Busokelo,Busokelo_73,-9.0,33.55,5.4,594.0,2.25,48.49,35.6,11.2,35.0,46.0,27.0,0.9,0-20 cm,iSDA Africa API v2 (30m resolution),"Hengl, T. et al. (2021). Scientific Reports, 11:6130"
Busokelo,Busokelo_74,-9.0,33.575,5.4,760.0,2.24,72.8,35.6,15.4,32.0,41.0,23.0,1.0,0-20 cm,iSDA Africa API v2 (30m resolution),"Hengl, T. et al. (2021). Scientific Reports, 11:6130"
Busokelo,Busokelo_75,-9.0,33.6,5.6,580.0,1.8,88.98,26.1,12.5,34.0,45.0,22.0,1.0,0-20 cm,iSDA Africa API v2 (30m resolution),"Hengl, T. et al. (2021). Scientific Reports, 11:6130"
Busokelo,Busokelo_76,-9.0,33.625,5.6,600.0,2.0,98.34,32.1,12.5,38.0,45.0,20.0,1.0,0-20 cm,iSDA Africa API v2 (30m resolution),"Hengl, T. et al. (2021). Scientific Reports, 11:6130"
Busokelo,Busokelo_77,-9.0,33.65,5.7,638.0,1.98,97.88,26.1,12.5,34.0,47.0,23.0,1.1,0-20 cm,iSDA Africa API v2 (30m resolution),"Hengl, T. et al. (2021). Scientific Reports, 11:6130"
Busokelo,Busokelo_78,-8.975,33.4,5.9,336.0,1.73,64.66,12.5,12.5,26.0,51.0,20.0,1.2,0-20 cm,iSDA Africa API v2 (30m resolution),"Hengl, T. et al. (2021). Scientific Reports, 11:6130"
Busokelo,Busokelo_79,-8.975,33.425,5.8,360.0,1.92,52.9,13.9,12.5,31.0,48.0,21.0,1.2,0-20 cm,iSDA Africa API v2 (30m resolution),"Hengl, T. et al. (2021). Scientific Reports, 11:6130"
Busokelo,Busokelo_80,-8.975,33.45,5.8,352.0,2.2,53.61,15.4,12.5,35.0,48.0,22.0,1.1,0-20 cm,iSDA Africa API v2 (30m resolution),"Hengl, T. et al. (2021). Scientific Reports, 11:6130"
Busokelo,Busokelo_81,-8.975,33.475,5.8,374.0,1.98,65.54,19.1,15.4,35.0,46.0,23.0,1.1,0-20 cm,iSDA Africa API v2 (30m resolution),"Hengl, T. et al. (2021). Scientific Reports, 11:6130"
Busokelo,Busokelo_82,-8.975,33.5,5.8,396.0,1.76,59.27,17.2,13.9,32.0,42.0,23.0,1.1,0-20 cm,iSDA Africa API v2 (30m resolution),"Hengl, T. et al. (2021). Scientific Reports, 11:6130"
Busokelo,Busokelo_83,-8.975,33.525,5.7,500.0,2.0,65.86,26.1,19.1,37.0,42.0,22.0,1.0,0-20 cm,iSDA Africa API v2 (30m resolution),"Hengl, T. et al. (2021). Scientific Reports, 11:6130"
Busokelo,Busokelo_84,-8.975,33.55,5.5,572.0,2.2,108.17,23.5,15.4,36.0,46.0,24.0,1.1,0-20 cm,iSDA Africa API v2 (30m resolution),"Hengl, T. et al. (2021). Scientific Reports, 11:6130"
Busokelo,Busokelo_85,-8.975,33.575,5.6,594.0,1.98,97.88,23.5,13.9,36.0,46.0,21.0,1.1,0-20 cm,iSDA Africa API v2 (30m resolution),"Hengl, T. et al. (2021). Scientific Reports, 11:6130"
Busokelo,Busokelo_86,-8.975,33.6,5.8,440.0,1.6,98.34,23.5,13.9,36.0,49.0,23.0,1.0,0-20 cm,iSDA Africa API v2 (30m resolution),"Hengl, T. et al. (2021). Scientific Reports, 11:6130"
Busokelo,Busokelo_87,-8.975,33.625,5.6,480.0,1.8,88.98,23.5,11.2,36.0,45.0,20.0,1.0,0-20 cm,iSDA Africa API v2 (30m resolution),"Hengl, T. et al. (2021). Scientific Reports, 11:6130"
Busokelo,Busokelo_88,-8.975,33.65,5.5,576.0,1.62,80.08,29.0,15.4,36.0,44.0,23.0,0.9,0-20 cm,iSDA Africa API v2 (30m resolution),"Hengl, T. et al. (2021). Scientific Reports, 11:6130"
Busokelo,Busokelo_89,-8.95,33.4,5.8,336.0,2.4,58.49,13.9,11.2,29.0,53.0,19.0,1.2,0-20 cm,iSDA Africa API v2 (30m resolution),"Hengl, T. et al. (2021). Scientific Reports, 11:6130"
Busokelo,Busokelo_90,-8.95,33.425,5.9,312.0,2.08,70.04,11.2,12.5,28.0,57.0,21.0,1.3,0-20 cm,iSDA Africa API v2 (30m resolution),"Hengl, T. et al. (2021). Scientific Reports, 11:6130"
Busokelo,Busokelo_91,-8.95,33.45,5.7,360.0,2.4,64.66,15.4,13.9,33.0,50.0,22.0,1.2,0-20 cm,iSDA Africa API v2 (30m resolution),"Hengl, T. et al. (2021). Scientific Reports, 11:6130"
Busokelo,Busokelo_92,-8.95,33.475,6.0,336.0,1.92,96.58,12.5,12.5,30.0,52.0,22.0,1.2,0-20 cm,iSDA Africa API v2 (30m resolution),"Hengl, T. et al. (2021). Scientific Reports, 11:6130"
Busokelo,Busokelo_93,-8.95,33.5,5.8,384.0,2.69,87.36,15.4,13.9,30.0,49.0,24.0,1.2,0-20 cm,iSDA Africa API v2 (30m resolution),"Hengl, T. et al. (2021). Scientific Reports, 11:6130"
Busokelo,Busokelo_94,-8.95,33.525,5.9,374.0,1.98,59.27,19.1,12.5,33.0,46.0,26.0,1.1,0-20 cm,iSDA Africa API v2 (30m resolution),"Hengl, T. et al. (2021). Scientific Reports, 11:6130"
Busokelo,Busokelo_95,-8.95,33.55,5.9,330.0,1.41,80.08,17.2,15.4,32.0,47.0,27.0,1.1,0-20 cm,iSDA Africa API v2 (30m resolution),"Hengl, T. et al. (2021). Scientific Reports, 11:6130"
Busokelo,Busokelo_96,-8.95,33.575,5.9,360.0,1.8,65.86,21.2,13.9,35.0,38.0,28.0,1.0,0-20 cm,iSDA Africa API v2 (30m resolution),"Hengl, T. et al. (2021). Scientific Reports, 11:6130"
Busokelo,Busokelo_97,-8.95,33.6,6.0,460.0,1.6,80.48,21.2,13.9,35.0,47.0,23.0,1.0,0-20 cm,iSDA Africa API v2 (30m resolution),"Hengl, T. et al. (2021). Scientific Reports, 11:6130"
Busokelo,Busokelo_98,-8.95,33.625,5.7,580.0,2.0,88.98,29.0,12.5,35.0,44.0,23.0,1.0,0-20 cm,iSDA Africa API v2 (30m resolution),"Hengl, T. et al. (2021). Scientific Reports, 11:6130"
Busokelo,Busokelo_99,-8.95,33.65,5.9,460.0,1.28,72.8,23.5,15.4,36.0,45.0,21.0,1.0,0-20 cm,iSDA Africa API v2 (30m resolution),"Hengl, T. et al. (2021). Scientific Reports, 11:6130"
Busokelo,Busokelo_100,-8.925,33.4,5.9,312.0,2.91,70.04,10.0,12.5,27.0,53.0,19.0,1.3,0-20 cm,iSDA Africa API v2 (30m resolution),"Hengl, T. et al. (2021). Scientific Reports, 11:6130"
Busokelo,Busokelo_101,-8.925,33.425,6.5,286.0,2.6,63.36,11.2,12.5,24.0,52.0,21.0,1.3,0-20 cm,iSDA Africa API v2 (30m resolution),"Hengl, T. et al. (2021). Scientific Reports, 11:6130"
Busokelo,Busokelo_102,-8.925,33.45,5.9,312.0,1.92,71.5,12.5,15.4,27.0,55.0,21.0,1.2,0-20 cm,iSDA Africa API v2 (30m resolution),"Hengl, T. et al. (2021). Scientific Reports, 11:6130"
Busokelo,Busokelo_103,-8.925,33.475,6.0,288.0,3.34,87.36,12.5,13.9,21.0,55.0,25.0,1.2,0-20 cm,iSDA Africa API v2 (30m resolution),"Hengl, T. et al. (2021). Scientific Reports, 11:6130"
Busokelo,Busokelo_104,-8.925,33.5,5.8,288.0,2.69,64.66,12.5,12.5,25.0,48.0,27.0,1.2,0-20 cm,iSDA Africa API v2 (30m resolution),"Hengl, T. et al. (2021). Scientific Reports, 11:6130"
Busokelo,Busokelo_105,-8.925,33.525,5.6,396.0,1.58,72.45,15.4,13.9,31.0,48.0,24.0,1.1,0-20 cm,iSDA Africa API v2 (30m resolution),"Hengl, T. et al. (2021). Scientific Reports, 11:6130"
Busokelo,Busokelo_106,-8.925,33.55,5.8,336.0,2.4,71.5,12.5,13.9,27.0,53.0,25.0,1.2,0-20 cm,iSDA Africa API v2 (30m resolution),"Hengl, T. et al. (2021). Scientific Reports, 11:6130"
Busokelo,Busokelo_107,-8.925,33.575,5.9,308.0,1.98,80.08,15.4,13.9,32.0,46.0,30.0,1.1,0-20 cm,iSDA Africa API v2 (30m resolution),"Hengl, T. et al. (2021). Scientific Reports, 11:6130"
Busokelo,Busokelo_108,-8.925,33.6,5.7,342.0,1.3,65.52,21.2,17.2,35.0,38.0,32.0,0.9,0-20 cm,iSDA Africa API v2 (30m resolution),"Hengl, T. et al. (2021). Scientific Reports, 11:6130"
Busokelo,Busokelo_109,-8.925,33.625,6.0,320.0,2.0,72.8,17.2,13.9,32.0,44.0,28.0,1.0,0-20 cm,iSDA Africa API v2 (30m resolution),"Hengl, T. et al. (2021). Scientific Reports, 11:6130"
Busokelo,Busokelo_110,-8.925,33.65,5.9,380.0,1.44,72.8,21.2,15.4,34.0,42.0,24.0,1.0,0-20 cm,iSDA Africa API v2 (30m resolution),"Hengl, T. et al. (2021). Scientific Reports, 11:6130"
Busokelo,Busokelo_111,-8.9,33.4,5.8,336.0,2.4,58.49,12.5,13.9,30.0,53.0,20.0,1.2,0-20 cm,iSDA Africa API v2 (30m resolution),"Hengl, T. et al. (2021). Scientific Reports, 11:6130"
Busokelo,Busokelo_112,-8.9,33.425,5.9,336.0,1.92,43.27,13.9,11.2,30.0,49.0,20.0,1.2,0-20 cm,iSDA Africa API v2 (30m resolution),"Hengl, T. et al. (2021). Scientific Reports, 11:6130"
Busokelo,Busokelo_113,-8.9,33.45,5.8,312.0,2.4,58.49,11.2,13.9,27.0,47.0,22.0,1.2,0-20 cm,iSDA Africa API v2 (30m resolution),"Hengl, T. et al. (2021). Scientific Reports, 11:6130"
Busokelo,Busokelo_114,-8.9,33.475,6.0,312.0,2.69,47.83,13.9,11.2,24.0,51.0,22.0,1.2,0-20 cm,iSDA Africa API v2 (30m resolution),"Hengl, T. et al. (2021). Scientific Reports, 11:6130"
Busokelo,Busokelo_115,-8.9,33.5,6.0,288.0,1.73,71.5,12.5,13.9,25.0,51.0,23.0,1.2,0-20 cm,iSDA Africa API v2 (30m resolution),"Hengl, T. et al. (2021). Scientific Reports, 11:6130"
Busokelo,Busokelo_116,-8.9,33.525,6.0,264.0,2.4,71.5,11.2,13.9,26.0,55.0,23.0,1.2,0-20 cm,iSDA Africa API v2 (30m resolution),"Hengl, T. et al. (2021). Scientific Reports, 11:6130"
Busokelo,Busokelo_117,-8.9,33.55,6.1,288.0,3.0,64.66,12.5,12.5,26.0,51.0,25.0,1.2,0-20 cm,iSDA Africa API v2 (30m resolution),"Hengl, T. et al. (2021). Scientific Reports, 11:6130"
Busokelo,Busokelo_118,-8.9,33.575,5.9,308.0,1.76,72.45,15.4,15.4,33.0,42.0,22.0,1.1,0-20 cm,iSDA Africa API v2 (30m resolution),"Hengl, T. et al. (2021). Scientific Reports, 11:6130"
Busokelo,Busokelo_119,-8.9,33.6,5.8,286.0,1.41,65.54,13.9,15.4,31.0,50.0,26.0,1.1,0-20 cm,iSDA Africa API v2 (30m resolution),"Hengl, T. et al. (2021). Scientific Reports, 11:6130"
Busokelo,Busokelo_120,-8.9,33.625,5.9,312.0,2.4,71.5,12.5,13.9,34.0,50.0,26.0,1.2,0-20 cm,iSDA Africa API v2 (30m resolution),"Hengl, T. et al. (2021). Scientific Reports, 11:6130"
Busokelo,Busokelo_121,-8.9,33.65,5.8,330.0,1.58,65.54,13.9,13.9,32.0,46.0,24.0,1.1,0-20 cm,iSDA Africa API v2 (30m resolution),"Hengl, T. et al. (2021). Scientific Reports, 11:6130"
Chunya,Chunya_1,-8.75,32.75,5.9,260.0,2.08,46.88,10.0,13.9,26.0,58.0,13.0,1.3,0-20 cm,iSDA Africa API v2 (30m resolution),"Hengl, T. et al. (2021). Scientific Reports, 11:6130"
Chunya,Chunya_2,-8.75,32.855,5.9,286.0,2.34,51.82,11.2,13.9,26.0,59.0,12.0,1.3,0-20 cm,iSDA Africa API v2 (30m resolution),"Hengl, T. et al. (2021). Scientific Reports, 11:6130"
Chunya,Chunya_3,-8.75,32.96,5.9,312.0,2.16,47.83,12.5,12.5,30.0,51.0,13.0,1.2,0-20 cm,iSDA Africa API v2 (30m resolution),"Hengl, T. et al. (2021). Scientific Reports, 11:6130"
Chunya,Chunya_4,-8.75,33.065,5.9,286.0,2.6,57.3,11.2,13.9,25.0,56.0,14.0,1.3,0-20 cm,iSDA Africa API v2 (30m resolution),"Hengl, T. et al. (2021). Scientific Reports, 11:6130"
Chunya,Chunya_5,-8.75,33.17,6.1,280.0,2.24,61.71,10.0,11.2,22.0,57.0,14.0,1.4,0-20 cm,iSDA Africa API v2 (30m resolution),"Hengl, T. et al. (2021). Scientific Reports, 11:6130"
Chunya,Chunya_6,-8.75,33.275,6.2,224.0,2.8,61.71,8.0,10.0,26.0,57.0,17.0,1.4,0-20 cm,iSDA Africa API v2 (30m resolution),"Hengl, T. et al. (2021). Scientific Reports, 11:6130"
Chunya,Chunya_7,-8.75,33.38,5.8,240.0,1.92,43.27,12.5,12.5,26.0,51.0,17.0,1.2,0-20 cm,iSDA Africa API v2 (30m resolution),"Hengl, T. et al. (2021). Scientific Reports, 11:6130"
Chunya,Chunya_8,-8.75,33.485,5.9,260.0,1.87,42.38,10.0,11.2,26.0,61.0,17.0,1.3,0-20 cm,iSDA Africa API v2 (30m resolution),"Hengl, T. et al. (2021). Scientific Reports, 11:6130"
Chunya,Chunya_9,-8.75,33.59,5.8,312.0,2.6,46.88,12.5,11.2,29.0,56.0,17.0,1.3,0-20 cm,iSDA Africa API v2 (30m resolution),"Hengl, T. et al. (2021). Scientific Reports, 11:6130"
Chunya,Chunya_10,-8.75,33.695,5.9,260.0,2.6,63.36,9.0,12.5,31.0,52.0,19.0,1.3,0-20 cm,iSDA Africa API v2 (30m resolution),"Hengl, T. et al. (2021). Scientific Reports, 11:6130"
Chunya,Chunya_11,-8.75,33.8,6.4,224.0,2.52,83.41,8.0,12.5,25.0,56.0,15.0,1.4,0-20 cm,iSDA Africa API v2 (30m resolution),"Hengl, T. et al. (2021). Scientific Reports, 11:6130"
Chunya,Chunya_12,-8.66,32.75,5.9,286.0,2.34,57.3,11.2,12.5,24.0,59.0,15.0,1.3,0-20 cm,iSDA Africa API v2 (30m resolution),"Hengl, T. et al. (2021). Scientific Reports, 11:6130"
Chunya,Chunya_13,-8.66,32.855,6.2,224.0,2.52,61.71,7.2,11.2,18.0,65.0,13.0,1.4,0-20 cm,iSDA Africa API v2 (30m resolution),"Hengl, T. et al. (2021). Scientific Reports, 11:6130"
Chunya,Chunya_14,-8.66,32.96,6.4,224.0,3.14,75.43,9.0,9.0,19.0,64.0,12.0,1.4,0-20 cm,iSDA Africa API v2 (30m resolution),"Hengl, T. et al. (2021). Scientific Reports, 11:6130"
Chunya,Chunya_15,-8.66,33.065,6.6,224.0,3.14,68.24,7.2,10.0,21.0,63.0,16.0,1.4,0-20 cm,iSDA Africa API v2 (30m resolution),"Hengl, T. et al. (2021). Scientific Reports, 11:6130"
Chunya,Chunya_16,-8.66,33.17,6.3,224.0,3.14,75.43,8.0,9.0,19.0,66.0,13.0,1.4,0-20 cm,iSDA Africa API v2 (30m resolution),"Hengl, T. et al. (2021). Scientific Reports, 11:6130"
Chunya,Chunya_17,-8.66,33.275,6.1,288.0,2.4,47.83,11.2,12.5,24.0,61.0,16.0,1.2,0-20 cm,iSDA Africa API v2 (30m resolution),"Hengl, T. et al. (2021). Scientific Reports, 11:6130"
Chunya,Chunya_18,-8.66,33.38,5.9,312.0,2.08,46.88,11.2,13.9,28.0,58.0,13.0,1.3,0-20 cm,iSDA Africa API v2 (30m resolution),"Hengl, T. et al. (2021). Scientific Reports, 11:6130"
Chunya,Chunya_19,-8.66,33.485,5.8,260.0,1.87,46.88,11.2,12.5,26.0,56.0,15.0,1.3,0-20 cm,iSDA Africa API v2 (30m resolution),"Hengl, T. et al. (2021). Scientific Reports, 11:6130"
Chunya,Chunya_20,-8.66,33.59,5.9,216.0,1.92,39.12,11.2,10.0,29.0,54.0,15.0,1.2,0-20 cm,iSDA Africa API v2 (30m resolution),"Hengl, T. et al. (2021). Scientific Reports, 11:6130"
Chunya,Chunya_21,-8.66,33.695,6.3,224.0,2.8,68.24,7.2,12.5,22.0,58.0,17.0,1.4,0-20 cm,iSDA Africa API v2 (30m resolution),"Hengl, T. et al. (2021). Scientific Reports, 11:6130"
Chunya,Chunya_22,-8.66,33.8,6.5,196.0,2.52,101.92,7.2,12.5,27.0,58.0,15.0,1.4,0-20 cm,iSDA Africa API v2 (30m resolution),"Hengl, T. et al. (2021). Scientific Reports, 11:6130"
Chunya,Chunya_23,-8.57,32.75,6.5,252.0,3.5,75.43,9.0,11.2,21.0,57.0,13.0,1.4,0-20 cm,iSDA Africa API v2 (30m resolution),"Hengl, T. et al. (2021). Scientific Reports, 11:6130"
Chunya,Chunya_24,-8.57,32.855,6.6,224.0,3.14,83.41,8.0,12.5,22.0,58.0,16.0,1.4,0-20 cm,iSDA Africa API v2 (30m resolution),"Hengl, T. et al. (2021). Scientific Reports, 11:6130"
Chunya,Chunya_25,-8.57,32.96,7.0,196.0,2.8,92.2,6.4,11.2,23.0,60.0,14.0,1.4,0-20 cm,iSDA Africa API v2 (30m resolution),"Hengl, T. et al. (2021). Scientific Reports, 11:6130"
Chunya,Chunya_26,-8.57,33.065,6.7,252.0,3.14,92.2,8.0,11.2,23.0,57.0,14.0,1.4,0-20 cm,iSDA Africa API v2 (30m resolution),"Hengl, T. et al. (2021). Scientific Reports, 11:6130"
Chunya,Chunya_27,-8.57,33.17,5.8,312.0,2.91,51.82,11.2,12.5,24.0,61.0,15.0,1.3,0-20 cm,iSDA Africa API v2 (30m resolution),"Hengl, T. et al. (2021). Scientific Reports, 11:6130"
Chunya,Chunya_28,-8.57,33.275,5.8,286.0,2.34,46.88,10.0,13.9,22.0,60.0,14.0,1.3,0-20 cm,iSDA Africa API v2 (30m resolution),"Hengl, T. et al. (2021). Scientific Reports, 11:6130"
Chunya,Chunya_29,-8.57,33.38,6.0,260.0,2.6,46.88,10.0,13.9,25.0,57.0,13.0,1.3,0-20 cm,iSDA Africa API v2 (30m resolution),"Hengl, T. et al. (2021). Scientific Reports, 11:6130"
Chunya,Chunya_30,-8.57,33.485,6.0,208.0,2.6,46.88,9.0,9.0,26.0,66.0,15.0,1.3,0-20 cm,iSDA Africa API v2 (30m resolution),"Hengl, T. et al. (2021). Scientific Reports, 11:6130"
Chunya,Chunya_31,-8.57,33.59,5.8,260.0,2.08,38.32,10.0,10.0,25.0,67.0,15.0,1.3,0-20 cm,iSDA Africa API v2 (30m resolution),"Hengl, T. et al. (2021). Scientific Reports, 11:6130"
Chunya,Chunya_32,-8.57,33.695,6.2,252.0,2.8,61.71,10.0,11.2,26.0,59.0,17.0,1.4,0-20 cm,iSDA Africa API v2 (30m resolution),"Hengl, T. et al. (2021). Scientific Reports, 11:6130"
Chunya,Chunya_33,-8.57,33.8,6.3,224.0,2.8,75.43,9.0,12.5,30.0,48.0,18.0,1.4,0-20 cm,iSDA Africa API v2 (30m resolution),"Hengl, T. et al. (2021). Scientific Reports, 11:6130"
Chunya,Chunya_36,-8.48,32.96,6.3,252.0,3.14,68.24,9.0,11.2,24.0,60.0,12.0,1.4,0-20 cm,iSDA Africa API v2 (30m resolution),"Hengl, T. et al. (2021). Scientific Reports, 11:6130"
Chunya,Chunya_37,-8.48,33.065,6.3,280.0,2.8,68.24,10.0,12.5,23.0,60.0,14.0,1.4,0-20 cm,iSDA Africa API v2 (30m resolution),"Hengl, T. et al. (2021). Scientific Reports, 11:6130"
Chunya,Chunya_38,-8.48,33.17,5.9,286.0,2.6,42.38,12.5,12.5,23.0,63.0,14.0,1.3,0-20 cm,iSDA Africa API v2 (30m resolution),"Hengl, T. et al. (2021). Scientific Reports, 11:6130"
Chunya,Chunya_39,-8.48,33.275,5.9,224.0,3.14,37.32,7.2,11.2,20.0,70.0,12.0,1.4,0-20 cm,iSDA Africa API v2 (30m resolution),"Hengl, T. et al. (2021). Scientific Reports, 11:6130"
Chunya,Chunya_40,-8.48,33.38,6.2,168.0,2.52,45.64,7.2,9.0,22.0,65.0,14.0,1.4,0-20 cm,iSDA Africa API v2 (30m resolution),"Hengl, T. et al. (2021). Scientific Reports, 11:6130"
Chunya,Chunya_41,-8.48,33.485,6.0,224.0,2.02,50.48,8.0,11.2,26.0,63.0,13.0,1.4,0-20 cm,iSDA Africa API v2 (30m resolution),"Hengl, T. et al. (2021). Scientific Reports, 11:6130"
Chunya,Chunya_42,-8.48,33.59,5.9,168.0,2.24,33.74,6.4,7.2,21.0,70.0,11.0,1.4,0-20 cm,iSDA Africa API v2 (30m resolution),"Hengl, T. et al. (2021). Scientific Reports, 11:6130"
Chunya,Chunya_43,-8.48,33.695,6.0,260.0,2.6,46.88,11.2,12.5,24.0,59.0,12.0,1.3,0-20 cm,iSDA Africa API v2 (30m resolution),"Hengl, T. et al. (2021). Scientific Reports, 11:6130"
Chunya,Chunya_44,-8.48,33.8,6.1,240.0,3.0,73.11,8.0,11.2,23.0,59.0,14.0,1.5,0-20 cm,iSDA Africa API v2 (30m resolution),"Hengl, T. et al. (2021). Scientific Reports, 11:6130"
Chunya,Chunya_47,-8.39,32.96,6.4,224.0,2.8,61.71,7.2,10.0,22.0,65.0,14.0,1.4,0-20 cm,iSDA Africa API v2 (30m resolution),"Hengl, T. et al. (2021). Scientific Reports, 11:6130"
Chunya,Chunya_48,-8.39,33.065,6.1,252.0,2.8,55.8,9.0,11.2,19.0,68.0,12.0,1.4,0-20 cm,iSDA Africa API v2 (30m resolution),"Hengl, T. et al. (2021). Scientific Reports, 11:6130"
Chunya,Chunya_49,-8.39,33.17,6.0,168.0,2.52,45.64,6.4,9.0,18.0,69.0,11.0,1.4,0-20 cm,iSDA Africa API v2 (30m resolution),"Hengl, T. et al. (2021). Scientific Reports, 11:6130"
Chunya,Chunya_50,-8.39,33.275,6.1,224.0,2.24,45.64,7.2,8.0,19.0,69.0,12.0,1.4,0-20 cm,iSDA Africa API v2 (30m resolution),"Hengl, T. et al. (2021). Scientific Reports, 11:6130"
Chunya,Chunya_51,-8.39,33.38,6.2,168.0,2.02,37.32,5.7,10.0,20.0,66.0,13.0,1.4,0-20 cm,iSDA Africa API v2 (30m resolution),"Hengl, T. et al. (2021). Scientific Reports, 11:6130"
Chunya,Chunya_52,-8.39,33.485,6.2,224.0,2.52,45.64,8.0,10.0,23.0,63.0,15.0,1.4,0-20 cm,iSDA Africa API v2 (30m resolution),"Hengl, T. et al. (2021). Scientific Reports, 11:6130"
Chunya,Chunya_53,-8.39,33.59,5.9,224.0,2.24,37.32,9.0,11.2,24.0,66.0,13.0,1.4,0-20 cm,iSDA Africa API v2 (30m resolution),"Hengl, T. et al. (2021). Scientific Reports, 11:6130"
Chunya,Chunya_54,-8.39,33.695,6.1,260.0,2.34,42.38,11.2,12.5,25.0,60.0,12.0,1.3,0-20 cm,iSDA Africa API v2 (30m resolution),"Hengl, T. et al. (2021). Scientific Reports, 11:6130"
Chunya,Chunya_55,-8.39,33.8,6.1,234.0,2.08,46.88,10.0,11.2,23.0,55.0,12.0,1.3,0-20 cm,iSDA Africa API v2 (30m resolution),"Hengl, T. et al. (2021). Scientific Reports, 11:6130"
Chunya,Chunya_57,-8.3,32.855,6.0,252.0,2.52,45.64,10.0,10.0,23.0,63.0,12.0,1.4,0-20 cm,iSDA Africa API v2 (30m resolution),"Hengl, T. et al. (2021). Scientific Reports, 11:6130"
Chunya,Chunya_58,-8.3,32.96,6.0,280.0,2.24,41.27,8.0,11.2,20.0,65.0,12.0,1.4,0-20 cm,iSDA Africa API v2 (30m resolution),"Hengl, T. et al. (2021). Scientific Reports, 11:6130"
Chunya,Chunya_59,-8.3,33.065,6.1,252.0,2.8,50.48,8.0,11.2,22.0,64.0,13.0,1.4,0-20 cm,iSDA Africa API v2 (30m resolution),"Hengl, T. et al. (2021). Scientific Reports, 11:6130"
Chunya,Chunya_60,-8.3,33.17,6.2,224.0,2.52,55.8,8.0,11.2,21.0,64.0,14.0,1.4,0-20 cm,iSDA Africa API v2 (30m resolution),"Hengl, T. et al. (2021). Scientific Reports, 11:6130"
Chunya,Chunya_61,-8.3,33.275,6.1,140.0,2.24,37.32,5.0,9.0,15.0,71.0,9.0,1.4,0-20 cm,iSDA Africa API v2 (30m resolution),"Hengl, T. et al. (2021). Scientific Reports, 11:6130"
Chunya,Chunya_62,-8.3,33.38,6.0,150.0,2.7,32.67,5.7,8.0,19.0,74.0,12.0,1.5,0-20 cm,iSDA Africa API v2 (30m resolution),"Hengl, T. et al. (2021). Scientific Reports, 11:6130"
Chunya,Chunya_63,-8.3,33.485,5.8,196.0,2.24,30.49,6.4,9.0,19.0,69.0,10.0,1.4,0-20 cm,iSDA Africa API v2 (30m resolution),"Hengl, T. et al. (2021). Scientific Reports, 11:6130"
Chunya,Chunya_64,-8.3,33.59,6.0,168.0,2.52,27.58,5.7,9.0,18.0,74.0,10.0,1.4,0-20 cm,iSDA Africa API v2 (30m resolution),"Hengl, T. et al. (2021). Scientific Reports, 11:6130"
Chunya,Chunya_65,-8.3,33.695,6.1,224.0,2.52,45.64,8.0,9.0,20.0,66.0,12.0,1.4,0-20 cm,iSDA Africa API v2 (30m resolution),"Hengl, T. et al. (2021). Scientific Reports, 11:6130"
Chunya,Chunya_66,-8.3,33.8,5.8,252.0,2.24,45.64,9.0,10.0,25.0,60.0,11.0,1.4,0-20 cm,iSDA Africa API v2 (30m resolution),"Hengl, T. et al. (2021). Scientific Reports, 11:6130"
Chunya,Chunya_67,-8.21,32.75,6.0,252.0,2.24,41.27,10.0,11.2,25.0,63.0,11.0,1.4,0-20 cm,iSDA Africa API v2 (30m resolution),"Hengl, T. et al. (2021). Scientific Reports, 11:6130"
Chunya,Chunya_68,-8.21,32.855,5.9,252.0,2.52,37.32,7.2,10.0,19.0,68.0,12.0,1.4,0-20 cm,iSDA Africa API v2 (30m resolution),"Hengl, T. et al. (2021). Scientific Reports, 11:6130"
Chunya,Chunya_69,-8.21,32.96,5.8,224.0,2.52,30.49,8.0,9.0,20.0,70.0,11.0,1.4,0-20 cm,iSDA Africa API v2 (30m resolution),"Hengl, T. et al. (2021). Scientific Reports, 11:6130"
Chunya,Chunya_70,-8.21,33.065,6.0,168.0,2.24,33.74,6.4,9.0,17.0,69.0,12.0,1.4,0-20 cm,iSDA Africa API v2 (30m resolution),"Hengl, T. et al. (2021). Scientific Reports, 11:6130"
Chunya,Chunya_71,-8.21,33.17,5.9,286.0,2.08,34.66,10.0,12.5,24.0,59.0,13.0,1.3,0-20 cm,iSDA Africa API v2 (30m resolution),"Hengl, T. et al. (2021). Scientific Reports, 11:6130"
Chunya,Chunya_72,-8.21,33.275,6.1,112.0,2.24,27.58,5.0,9.0,18.0,72.0,11.0,1.4,0-20 cm,iSDA Africa API v2 (30m resolution),"Hengl, T. et al. (2021). Scientific Reports, 11:6130"
Chunya,Chunya_73,-8.21,33.38,6.0,196.0,2.02,30.49,6.4,10.0,18.0,71.0,11.0,1.4,0-20 cm,iSDA Africa API v2 (30m resolution),"Hengl, T. et al. (2021). Scientific Reports, 11:6130"
Chunya,Chunya_74,-8.21,33.485,5.7,196.0,2.02,37.32,9.0,11.2,21.0,66.0,10.0,1.4,0-20 cm,iSDA Africa API v2 (30m resolution),"Hengl, T. et al. (2021). Scientific Reports, 11:6130"
Chunya,Chunya_75,-8.21,33.59,5.7,168.0,2.02,24.92,6.4,7.2,17.0,73.0,9.0,1.4,0-20 cm,iSDA Africa API v2 (30m resolution),"Hengl, T. et al. (2021). Scientific Reports, 11:6130"
Chunya,Chunya_76,-8.21,33.695,5.5,196.0,2.8,24.92,6.4,8.0,19.0,73.0,10.0,1.4,0-20 cm,iSDA Africa API v2 (30m resolution),"Hengl, T. et al. (2021). Scientific Reports, 11:6130"
Chunya,Chunya_77,-8.21,33.8,5.6,196.0,2.52,24.92,8.0,8.0,21.0,64.0,9.0,1.4,0-20 cm,iSDA Africa API v2 (30m resolution),"Hengl, T. et al. (2021). Scientific Reports, 11:6130"
Chunya,Chunya_78,-8.12,32.75,6.2,224.0,2.8,45.64,8.0,10.0,16.0,68.0,11.0,1.4,0-20 cm,iSDA Africa API v2 (30m resolution),"Hengl, T. et al. (2021). Scientific Reports, 11:6130"
Chunya,Chunya_79,-8.12,32.855,5.6,312.0,2.6,34.66,11.2,13.9,26.0,58.0,12.0,1.3,0-20 cm,iSDA Africa API v2 (30m resolution),"Hengl, T. et al. (2021). Scientific Reports, 11:6130"
Chunya,Chunya_80,-8.12,32.96,5.6,240.0,2.4,32.67,7.2,9.0,19.0,66.0,9.0,1.5,0-20 cm,iSDA Africa API v2 (30m resolution),"Hengl, T. et al. (2021). Scientific Reports, 11:6130"
Chunya,Chunya_81,-8.12,33.065,5.9,196.0,2.8,30.49,7.2,11.2,21.0,62.0,12.0,1.4,0-20 cm,iSDA Africa API v2 (30m resolution),"Hengl, T. et al. (2021). Scientific Reports, 11:6130"
Chunya,Chunya_82,-8.12,33.17,6.0,168.0,2.24,37.32,6.4,9.0,19.0,72.0,11.0,1.4,0-20 cm,iSDA Africa API v2 (30m resolution),"Hengl, T. et al. (2021). Scientific Reports, 11:6130"
Chunya,Chunya_83,-8.12,33.275,6.1,112.0,2.24,27.58,5.7,9.0,18.0,69.0,11.0,1.4,0-20 cm,iSDA Africa API v2 (30m resolution),"Hengl, T. et al. (2021). Scientific Reports, 11:6130"
Chunya,Chunya_84,-8.12,33.38,5.9,168.0,2.24,24.92,5.7,9.0,18.0,71.0,11.0,1.4,0-20 cm,iSDA Africa API v2 (30m resolution),"Hengl, T. et al. (2021). Scientific Reports, 11:6130"
Chunya,Chunya_85,-8.12,33.485,5.8,168.0,2.24,22.54,6.4,9.0,17.0,72.0,8.0,1.4,0-20 cm,iSDA Africa API v2 (30m resolution),"Hengl, T. et al. (2021). Scientific Reports, 11:6130"
Chunya,Chunya_86,-8.12,33.59,5.4,180.0,2.7,21.81,6.4,8.0,15.0,76.0,9.0,1.5,0-20 cm,iSDA Africa API v2 (30m resolution),"Hengl, T. et al. (2021). Scientific Reports, 11:6130"
Chunya,Chunya_87,-8.12,33.695,5.7,240.0,3.0,32.67,7.2,8.0,21.0,74.0,9.0,1.5,0-20 cm,iSDA Africa API v2 (30m resolution),"Hengl, T. et al. (2021). Scientific Reports, 11:6130"
Chunya,Chunya_88,-8.12,33.8,5.5,208.0,1.87,18.9,9.0,10.0,26.0,62.0,10.0,1.3,0-20 cm,iSDA Africa API v2 (30m resolution),"Hengl, T. et al. (2021). Scientific Reports, 11:6130"
Chunya,Chunya_89,-8.03,32.75,5.8,252.0,2.24,27.58,8.0,10.0,20.0,68.0,10.0,1.4,0-20 cm,iSDA Africa API v2 (30m resolution),"Hengl, T. et al. (2021). Scientific Reports, 11:6130"
Chunya,Chunya_90,-8.03,32.855,5.6,280.0,2.52,45.64,8.0,10.0,20.0,64.0,11.0,1.4,0-20 cm,iSDA Africa API v2 (30m resolution),"Hengl, T. et al. (2021). Scientific Reports, 11:6130"
Chunya,Chunya_91,-8.03,32.96,5.5,240.0,2.7,36.15,8.0,9.0,20.0,65.0,13.0,1.5,0-20 cm,iSDA Africa API v2 (30m resolution),"Hengl, T. et al. (2021). Scientific Reports, 11:6130"
Chunya,Chunya_92,-8.03,33.065,5.6,196.0,2.8,33.74,7.2,8.0,19.0,63.0,10.0,1.4,0-20 cm,iSDA Africa API v2 (30m resolution),"Hengl, T. et al. (2021). Scientific Reports, 11:6130"
Chunya,Chunya_93,-8.03,33.17,5.7,234.0,1.87,28.31,10.0,11.2,24.0,62.0,11.0,1.3,0-20 cm,iSDA Africa API v2 (30m resolution),"Hengl, T. et al. (2021). Scientific Reports, 11:6130"
Chunya,Chunya_94,-8.03,33.275,5.9,140.0,2.24,30.49,5.7,9.0,18.0,70.0,11.0,1.4,0-20 cm,iSDA Africa API v2 (30m resolution),"Hengl, T. et al. (2021). Scientific Reports, 11:6130"
Chunya,Chunya_95,-8.03,33.38,5.7,140.0,2.52,16.6,6.4,8.0,18.0,74.0,7.0,1.4,0-20 cm,iSDA Africa API v2 (30m resolution),"Hengl, T. et al. (2021). Scientific Reports, 11:6130"
Chunya,Chunya_96,-8.03,33.485,5.9,168.0,2.52,24.92,5.7,8.0,19.0,74.0,8.0,1.4,0-20 cm,iSDA Africa API v2 (30m resolution),"Hengl, T. et al. (2021). Scientific Reports, 11:6130"
Chunya,Chunya_97,-8.03,33.59,5.7,196.0,2.24,22.54,7.2,8.0,19.0,72.0,9.0,1.4,0-20 cm,iSDA Africa API v2 (30m resolution),"Hengl, T. et al. (2021). Scientific Reports, 11:6130"
Chunya,Chunya_98,-8.03,33.695,5.5,196.0,2.8,24.92,6.4,7.2,19.0,75.0,9.0,1.4,0-20 cm,iSDA Africa API v2 (30m resolution),"Hengl, T. et al. (2021). Scientific Reports, 11:6130"
Chunya,Chunya_99,-8.03,33.8,5.7,286.0,2.08,23.14,10.0,11.2,28.0,53.0,11.0,1.3,0-20 cm,iSDA Africa API v2 (30m resolution),"Hengl, T. et al. (2021). Scientific Reports, 11:6130"
Chunya,Chunya_100,-7.94,32.75,6.0,224.0,2.8,41.27,8.0,10.0,22.0,66.0,12.0,1.4,0-20 cm,iSDA Africa API v2 (30m resolution),"Hengl, T. et al. (2021). Scientific Reports, 11:6130"
Chunya,Chunya_101,-7.94,32.855,5.6,252.0,2.52,37.32,9.0,11.2,20.0,66.0,11.0,1.4,0-20 cm,iSDA Africa API v2 (30m resolution),"Hengl, T. et al. (2021). Scientific Reports, 11:6130"
Chunya,Chunya_102,-7.94,32.96,5.4,260.0,2.08,34.66,9.0,12.5,19.0,63.0,10.0,1.3,0-20 cm,iSDA Africa API v2 (30m resolution),"Hengl, T. et al. (2021). Scientific Reports, 11:6130"
Chunya,Chunya_103,-7.94,33.065,5.5,224.0,2.8,30.49,7.2,10.0,19.0,68.0,9.0,1.4,0-20 cm,iSDA Africa API v2 (30m resolution),"Hengl, T. et al. (2021). Scientific Reports, 11:6130"
Chunya,Chunya_104,-7.94,33.17,5.7,168.0,2.52,24.92,7.2,10.0,22.0,67.0,11.0,1.4,0-20 cm,iSDA Africa API v2 (30m resolution),"Hengl, T. et al. (2021). Scientific Reports, 11:6130"
Chunya,Chunya_105,-7.94,33.275,5.7,196.0,2.8,22.54,7.2,10.0,23.0,65.0,12.0,1.4,0-20 cm,iSDA Africa API v2 (30m resolution),"Hengl, T. et al. (2021). Scientific Reports, 11:6130"
Chunya,Chunya_106,-7.94,33.38,5.8,168.0,2.52,16.6,5.7,8.0,18.0,75.0,9.0,1.4,0-20 cm,iSDA Africa API v2 (30m resolution),"Hengl, T. et al. (2021). Scientific Reports, 11:6130"
Chunya,Chunya_107,-7.94,33.485,5.7,168.0,2.24,18.4,6.4,9.0,19.0,70.0,10.0,1.4,0-20 cm,iSDA Africa API v2 (30m resolution),"Hengl, T. et al. (2021). Scientific Reports, 11:6130"
Chunya,Chunya_108,-7.94,33.59,5.8,196.0,2.24,30.49,7.2,7.2,21.0,68.0,11.0,1.4,0-20 cm,iSDA Africa API v2 (30m resolution),"Hengl, T. et al. (2021). Scientific Reports, 11:6130"
Chunya,Chunya_109,-7.94,33.695,5.6,252.0,2.24,30.49,9.0,11.2,27.0,64.0,10.0,1.4,0-20 cm,iSDA Africa API v2 (30m resolution),"Hengl, T. et al. (2021). Scientific Reports, 11:6130"
Chunya,Chunya_110,-7.94,33.8,5.6,208.0,1.87,20.93,10.0,9.0,31.0,61.0,12.0,1.3,0-20 cm,iSDA Africa API v2 (30m resolution),"Hengl, T. et al. (2021). Scientific Reports, 11:6130"
Chunya,Chunya_111,-7.85,32.75,5.5,224.0,2.02,27.58,7.2,8.0,17.0,74.0,10.0,1.4,0-20 cm,iSDA Africa API v2 (30m resolution),"Hengl, T. et al. (2021). Scientific Reports, 11:6130"
Chunya,Chunya_112,-7.85,32.855,5.5,252.0,2.24,33.74,9.0,10.0,19.0,71.0,10.0,1.4,0-20 cm,iSDA Africa API v2 (30m resolution),"Hengl, T. et al. (2021). Scientific Reports, 11:6130"
Chunya,Chunya_113,-7.85,32.96,5.4,252.0,2.52,37.32,7.2,11.2,16.0,69.0,11.0,1.4,0-20 cm,iSDA Africa API v2 (30m resolution),"Hengl, T. et al. (2021). Scientific Reports, 11:6130"
Chunya,Chunya_114,-7.85,33.065,5.5,336.0,2.24,37.32,9.0,10.0,27.0,56.0,9.0,1.4,0-20 cm,iSDA Africa API v2 (30m resolution),"Hengl, T. et al. (2021). Scientific Reports, 11:6130"
Chunya,Chunya_115,-7.85,33.17,5.6,196.0,2.24,22.54,7.2,9.0,23.0,71.0,11.0,1.4,0-20 cm,iSDA Africa API v2 (30m resolution),"Hengl, T. et al. (2021). Scientific Reports, 11:6130"
Chunya,Chunya_116,-7.85,33.275,5.5,252.0,2.24,22.54,6.4,9.0,18.0,74.0,9.0,1.4,0-20 cm,iSDA Africa API v2 (30m resolution),"Hengl, T. et al. (2021). Scientific Reports, 11:6130"
Chunya,Chunya_117,-7.85,33.38,5.8,196.0,2.52,20.36,7.2,8.0,22.0,71.0,12.0,1.4,0-20 cm,iSDA Africa API v2 (30m resolution),"Hengl, T. et al. (2021). Scientific Reports, 11:6130"
Chunya,Chunya_118,-7.85,33.485,5.5,224.0,2.24,27.58,7.2,9.0,19.0,73.0,7.0,1.4,0-20 cm,iSDA Africa API v2 (30m resolution),"Hengl, T. et al. (2021). Scientific Reports, 11:6130"
Chunya,Chunya_119,-7.85,33.59,5.5,252.0,2.24,33.74,10.0,10.0,24.0,59.0,11.0,1.4,0-20 cm,iSDA Africa API v2 (30m resolution),"Hengl, T. et al. (2021). Scientific Reports, 11:6130"
Chunya,Chunya_120,-7.85,33.695,5.5,224.0,1.79,27.58,6.4,9.0,19.0,73.0,9.0,1.4,0-20 cm,iSDA Africa API v2 (30m resolution),"Hengl, T. et al. (2021). Scientific Reports, 11:6130"
Chunya,Chunya_121,-7.85,33.8,5.6,196.0,2.52,24.92,7.2,9.0,23.0,67.0,11.0,1.4,0-20 cm,iSDA Africa API v2 (30m resolution),"Hengl, T. et al. (2021). Scientific Reports, 11:6130"
Momba,Momba_1,-8.55,32.25,6.4,280.0,3.14,68.24,8.0,12.5,25.0,57.0,19.0,1.4,0-20 cm,iSDA Africa API v2 (30m resolution),"Hengl, T. et al. (2021). Scientific Reports, 11:6130"
Momba,Momba_2,-8.55,32.315,6.3,252.0,2.8,61.71,8.0,10.0,19.0,66.0,13.0,1.4,0-20 cm,iSDA Africa API v2 (30m resolution),"Hengl, T. et al. (2021). Scientific Reports, 11:6130"
Momba,Momba_3,-8.55,32.38,6.4,224.0,3.5,61.71,7.2,9.0,18.0,64.0,12.0,1.4,0-20 cm,iSDA Africa API v2 (30m resolution),"Hengl, T. et al. (2021). Scientific Reports, 11:6130"
Momba,Momba_4,-8.55,32.445,6.1,252.0,2.8,50.48,10.0,11.2,20.0,62.0,11.0,1.4,0-20 cm,iSDA Africa API v2 (30m resolution),"Hengl, T. et al. (2021). Scientific Reports, 11:6130"
Momba,Momba_5,-8.55,32.51,6.3,208.0,2.6,51.82,9.0,11.2,22.0,67.0,12.0,1.3,0-20 cm,iSDA Africa API v2 (30m resolution),"Hengl, T. et al. (2021). Scientific Reports, 11:6130"
Momba,Momba_6,-8.55,32.575,6.4,224.0,3.14,61.71,7.2,9.0,19.0,70.0,9.0,1.4,0-20 cm,iSDA Africa API v2 (30m resolution),"Hengl, T. et al. (2021). Scientific Reports, 11:6130"
Momba,Momba_7,-8.55,32.64,6.7,224.0,2.8,83.41,7.2,10.0,21.0,64.0,14.0,1.4,0-20 cm,iSDA Africa API v2 (30m resolution),"Hengl, T. et al. (2021). Scientific Reports, 11:6130"
Momba,Momba_8,-8.55,32.705,6.6,224.0,3.14,83.41,8.0,9.0,19.0,60.0,12.0,1.4,0-20 cm,iSDA Africa API v2 (30m resolution),"Hengl, T. et al. (2021). Scientific Reports, 11:6130"
Momba,Momba_9,-8.55,32.77,6.6,196.0,3.14,75.43,7.2,10.0,21.0,62.0,13.0,1.4,0-20 cm,iSDA Africa API v2 (30m resolution),"Hengl, T. et al. (2021). Scientific Reports, 11:6130"
Momba,Momba_10,-8.55,32.835,6.8,224.0,3.14,83.41,8.0,12.5,24.0,55.0,15.0,1.4,0-20 cm,iSDA Africa API v2 (30m resolution),"Hengl, T. et al. (2021). Scientific Reports, 11:6130"
Momba,Momba_11,-8.55,32.9,6.9,196.0,2.8,112.67,6.4,15.4,24.0,54.0,17.0,1.4,0-20 cm,iSDA Africa API v2 (30m resolution),"Hengl, T. et al. (2021). Scientific Reports, 11:6130"
Momba,Momba_12,-8.485,32.25,6.3,196.0,3.5,55.8,7.2,9.0,17.0,66.0,15.0,1.4,0-20 cm,iSDA Africa API v2 (30m resolution),"Hengl, T. et al. (2021). Scientific Reports, 11:6130"
Momba,Momba_13,-8.485,32.315,6.2,240.0,3.36,66.12,7.2,11.2,20.0,66.0,14.0,1.5,0-20 cm,iSDA Africa API v2 (30m resolution),"Hengl, T. et al. (2021). Scientific Reports, 11:6130"
Momba,Momba_14,-8.485,32.38,6.5,224.0,3.14,55.8,7.2,9.0,15.0,71.0,12.0,1.4,0-20 cm,iSDA Africa API v2 (30m resolution),"Hengl, T. et al. (2021). Scientific Reports, 11:6130"
Momba,Momba_15,-8.485,32.445,6.1,224.0,3.14,45.64,8.0,10.0,20.0,66.0,10.0,1.4,0-20 cm,iSDA Africa API v2 (30m resolution),"Hengl, T. et al. (2021). Scientific Reports, 11:6130"
Momba,Momba_16,-8.485,32.51,6.3,252.0,2.8,61.71,8.0,10.0,19.0,67.0,10.0,1.4,0-20 cm,iSDA Africa API v2 (30m resolution),"Hengl, T. et al. (2021). Scientific Reports, 11:6130"
Momba,Momba_17,-8.485,32.575,6.5,224.0,2.8,61.71,9.0,10.0,19.0,69.0,11.0,1.4,0-20 cm,iSDA Africa API v2 (30m resolution),"Hengl, T. et al. (2021). Scientific Reports, 11:6130"
Momba,Momba_18,-8.485,32.64,6.7,330.0,4.17,98.79,8.0,12.5,27.0,59.0,18.0,1.5,0-20 cm,iSDA Africa API v2 (30m resolution),"Hengl, T. et al. (2021). Scientific Reports, 11:6130"
Momba,Momba_23,-8.42,32.25,6.2,240.0,2.7,59.79,7.2,10.0,19.0,66.0,13.0,1.5,0-20 cm,iSDA Africa API v2 (30m resolution),"Hengl, T. et al. (2021). Scientific Reports, 11:6130"
Momba,Momba_24,-8.42,32.315,6.3,224.0,3.5,55.8,7.2,11.2,18.0,67.0,12.0,1.4,0-20 cm,iSDA Africa API v2 (30m resolution),"Hengl, T. et al. (2021). Scientific Reports, 11:6130"
Momba,Momba_25,-8.42,32.38,6.2,196.0,3.14,45.64,6.4,8.0,14.0,68.0,10.0,1.4,0-20 cm,iSDA Africa API v2 (30m resolution),"Hengl, T. et al. (2021). Scientific Reports, 11:6130"
Momba,Momba_26,-8.42,32.445,6.1,252.0,3.14,45.64,8.0,10.0,17.0,71.0,11.0,1.4,0-20 cm,iSDA Africa API v2 (30m resolution),"Hengl, T. et al. (2021). Scientific Reports, 11:6130"
Momba,Momba_27,-8.42,32.51,6.8,252.0,3.5,83.41,8.0,8.0,18.0,69.0,13.0,1.4,0-20 cm,iSDA Africa API v2 (30m resolution),"Hengl, T. et al. (2021). Scientific Reports, 11:6130"
Momba,Momba_28,-8.42,32.575,6.5,280.0,3.89,83.41,10.0,10.0,24.0,60.0,14.0,1.4,0-20 cm,iSDA Africa API v2 (30m resolution),"Hengl, T. et al. (2021). Scientific Reports, 11:6130"
Momba,Momba_34,-8.355,32.25,6.3,224.0,2.8,50.48,7.2,9.0,16.0,69.0,9.0,1.4,0-20 cm,iSDA Africa API v2 (30m resolution),"Hengl, T. et al. (2021). Scientific Reports, 11:6130"
Momba,Momba_35,-8.355,32.315,6.4,196.0,3.14,55.8,7.2,10.0,14.0,67.0,11.0,1.4,0-20 cm,iSDA Africa API v2 (30m resolution),"Hengl, T. et al. (2021). Scientific Reports, 11:6130"
Momba,Momba_36,-8.355,32.38,6.4,252.0,3.14,75.43,8.0,11.2,21.0,58.0,13.0,1.4,0-20 cm,iSDA Africa API v2 (30m resolution),"Hengl, T. et al. (2021). Scientific Reports, 11:6130"
Momba,Momba_37,-8.355,32.445,6.8,336.0,3.14,137.68,11.2,13.9,24.0,58.0,18.0,1.4,0-20 cm,iSDA Africa API v2 (30m resolution),"Hengl, T. et al. (2021). Scientific Reports, 11:6130"
Momba,Momba_43,-8.355,32.835,6.4,312.0,3.25,38.32,11.2,10.0,24.0,58.0,14.0,1.3,0-20 cm,iSDA Africa API v2 (30m resolution),"Hengl, T. et al. (2021). Scientific Reports, 11:6130"
Momba,Momba_44,-8.355,32.9,6.1,224.0,2.52,55.8,9.0,10.0,21.0,67.0,11.0,1.4,0-20 cm,iSDA Africa API v2 (30m resolution),"Hengl, T. et al. (2021). Scientific Reports, 11:6130"
Momba,Momba_45,-8.29,32.25,6.3,252.0,2.8,68.24,7.2,12.5,26.0,59.0,16.0,1.4,0-20 cm,iSDA Africa API v2 (30m resolution),"Hengl, T. et al. (2021). Scientific Reports, 11:6130"
Momba,Momba_46,-8.29,32.315,6.5,224.0,3.89,68.24,8.0,12.5,22.0,60.0,16.0,1.4,0-20 cm,iSDA Africa API v2 (30m resolution),"Hengl, T. et al. (2021). Scientific Reports, 11:6130"
Momba,Momba_47,-8.29,32.38,6.3,224.0,3.89,68.24,8.0,11.2,24.0,59.0,13.0,1.4,0-20 cm,iSDA Africa API v2 (30m resolution),"Hengl, T. et al. (2021). Scientific Reports, 11:6130"
Momba,Momba_48,-8.29,32.445,6.3,280.0,3.14,68.24,10.0,12.5,29.0,53.0,19.0,1.4,0-20 cm,iSDA Africa API v2 (30m resolution),"Hengl, T. et al. (2021). Scientific Reports, 11:6130"
Momba,Momba_53,-8.29,32.77,6.4,288.0,2.69,35.38,11.2,12.5,29.0,53.0,17.0,1.2,0-20 cm,iSDA Africa API v2 (30m resolution),"Hengl, T. et al. (2021). Scientific Reports, 11:6130"
Momba,Momba_54,-8.29,32.835,6.2,224.0,2.52,50.48,9.0,11.2,22.0,59.0,14.0,1.4,0-20 cm,iSDA Africa API v2 (30m resolution),"Hengl, T. et al. (2021). Scientific Reports, 11:6130"
Momba,Momba_55,-8.29,32.9,6.1,196.0,2.8,37.32,6.4,8.0,18.0,70.0,12.0,1.4,0-20 cm,iSDA Africa API v2 (30m resolution),"Hengl, T. et al. (2021). Scientific Reports, 11:6130"
Momba,Momba_57,-8.225,32.315,6.9,280.0,3.5,83.41,9.0,11.2,26.0,53.0,18.0,1.4,0-20 cm,iSDA Africa API v2 (30m resolution),"Hengl, T. et al. (2021). Scientific Reports, 11:6130"
Momba,Momba_58,-8.225,32.38,6.5,252.0,3.14,68.24,8.0,11.2,24.0,55.0,18.0,1.4,0-20 cm,iSDA Africa API v2 (30m resolution),"Hengl, T. et al. (2021). Scientific Reports, 11:6130"
Momba,Momba_64,-8.225,32.77,6.1,280.0,2.52,50.48,10.0,10.0,22.0,58.0,13.0,1.4,0-20 cm,iSDA Africa API v2 (30m resolution),"Hengl, T. et al. (2021). Scientific Reports, 11:6130"
Momba,Momba_65,-8.225,32.835,6.2,196.0,2.8,37.32,6.4,9.0,16.0,74.0,11.0,1.4,0-20 cm,iSDA Africa API v2 (30m resolution),"Hengl, T. et al. (2021). Scientific Reports, 11:6130"
Momba,Momba_66,-8.225,32.9,6.0,224.0,2.24,37.32,8.0,10.0,19.0,64.0,11.0,1.4,0-20 cm,iSDA Africa API v2 (30m resolution),"Hengl, T. et al. (2021). Scientific Reports, 11:6130"
Momba,Momba_68,-8.16,32.315,6.5,260.0,4.0,57.3,9.0,15.4,27.0,50.0,20.0,1.3,0-20 cm,iSDA Africa API v2 (30m resolution),"Hengl, T. et al. (2021). Scientific Reports, 11:6130"
Momba,Momba_74,-8.16,32.705,6.0,224.0,2.24,41.27,7.2,10.0,20.0,64.0,10.0,1.4,0-20 cm,iSDA Africa API v2 (30m resolution),"Hengl, T. et al. (2021). Scientific Reports, 11:6130"
Momba,Momba_75,-8.16,32.77,6.0,308.0,3.14,55.8,11.2,11.2,23.0,63.0,13.0,1.4,0-20 cm,iSDA Africa API v2 (30m resolution),"Hengl, T. et al. (2021). Scientific Reports, 11:6130"
Momba,Momba_76,-8.16,32.835,5.5,224.0,2.52,30.49,7.2,10.0,22.0,64.0,13.0,1.4,0-20 cm,iSDA Africa API v2 (30m resolution),"Hengl, T. et al. (2021). Scientific Reports, 11:6130"
Momba,Momba_77,-8.16,32.9,5.5,224.0,2.24,24.92,6.4,9.0,19.0,69.0,10.0,1.4,0-20 cm,iSDA Africa API v2 (30m resolution),"Hengl, T. et al. (2021). Scientific Reports, 11:6130"
Momba,Momba_84,-8.095,32.64,6.3,240.0,2.7,48.9,8.0,9.0,21.0,65.0,12.0,1.5,0-20 cm,iSDA Africa API v2 (30m resolution),"Hengl, T. et al. (2021). Scientific Reports, 11:6130"
Momba,Momba_85,-8.095,32.705,6.2,224.0,2.24,55.8,8.0,10.0,20.0,63.0,12.0,1.4,0-20 cm,iSDA Africa API v2 (30m resolution),"Hengl, T. et al. (2021). Scientific Reports, 11:6130"
Momba,Momba_86,-8.095,32.77,6.1,224.0,2.8,41.27,8.0,9.0,17.0,62.0,11.0,1.4,0-20 cm,iSDA Africa API v2 (30m resolution),"Hengl, T. et al. (2021). Scientific Reports, 11:6130"
Momba,Momba_87,-8.095,32.835,5.8,312.0,2.34,42.38,10.0,12.5,25.0,63.0,12.0,1.3,0-20 cm,iSDA Africa API v2 (30m resolution),"Hengl, T. et al. (2021). Scientific Reports, 11:6130"
Momba,Momba_88,-8.095,32.9,5.6,224.0,2.24,27.58,8.0,9.0,20.0,68.0,10.0,1.4,0-20 cm,iSDA Africa API v2 (30m resolution),"Hengl, T. et al. (2021). Scientific Reports, 11:6130"
Momba,Momba_94,-8.03,32.575,5.6,338.0,2.6,34.66,13.9,11.2,27.0,59.0,13.0,1.3,0-20 cm,iSDA Africa API v2 (30m resolution),"Hengl, T. et al. (2021). Scientific Reports, 11:6130"
Momba,Momba_95,-8.03,32.64,6.2,224.0,2.52,41.27,8.0,9.0,21.0,65.0,11.0,1.4,0-20 cm,iSDA Africa API v2 (30m resolution),"Hengl, T. et al. (2021). Scientific Reports, 11:6130"
Momba,Momba_96,-8.03,32.705,5.8,224.0,2.24,33.74,8.0,10.0,18.0,74.0,9.0,1.4,0-20 cm,iSDA Africa API v2 (30m resolution),"Hengl, T. et al. (2021). Scientific Reports, 11:6130"
Momba,Momba_97,-8.03,32.77,5.7,252.0,2.24,37.32,8.0,8.0,19.0,66.0,13.0,1.4,0-20 cm,iSDA Africa API v2 (30m resolution),"Hengl, T. et al. (2021). Scientific Reports, 11:6130"
Momba,Momba_98,-8.03,32.835,5.6,280.0,2.52,41.27,9.0,11.2,21.0,63.0,11.0,1.4,0-20 cm,iSDA Africa API v2 (30m resolution),"Hengl, T. et al. (2021). Scientific Reports, 11:6130"
Momba,Momba_99,-8.03,32.9,5.6,280.0,2.24,33.74,10.0,9.0,19.0,61.0,10.0,1.4,0-20 cm,iSDA Africa API v2 (30m resolution),"Hengl, T. et al. (2021). Scientific Reports, 11:6130"
Momba,Momba_103,-7.965,32.445,6.5,308.0,3.5,45.64,9.0,9.0,21.0,69.0,15.0,1.4,0-20 cm,iSDA Africa API v2 (30m resolution),"Hengl, T. et al. (2021). Scientific Reports, 11:6130"
Momba,Momba_104,-7.965,32.51,6.0,312.0,2.34,42.38,12.5,11.2,26.0,60.0,13.0,1.3,0-20 cm,iSDA Africa API v2 (30m resolution),"Hengl, T. et al. (2021). Scientific Reports, 11:6130"
Momba,Momba_105,-7.965,32.575,5.6,280.0,1.79,41.27,9.0,11.2,18.0,65.0,13.0,1.4,0-20 cm,iSDA Africa API v2 (30m resolution),"Hengl, T. et al. (2021). Scientific Reports, 11:6130"
Momba,Momba_106,-7.965,32.64,5.7,280.0,2.24,33.74,9.0,10.0,21.0,66.0,10.0,1.4,0-20 cm,iSDA Africa API v2 (30m resolution),"Hengl, T. et al. (2021). Scientific Reports, 11:6130"
Momba,Momba_107,-7.965,32.705,5.9,252.0,2.52,37.32,9.0,10.0,19.0,66.0,11.0,1.4,0-20 cm,iSDA Africa API v2 (30m resolution),"Hengl, T. et al. (2021). Scientific Reports, 11:6130"
Momba,Momba_108,-7.965,32.77,5.6,308.0,2.02,37.32,9.0,10.0,20.0,71.0,13.0,1.4,0-20 cm,iSDA Africa API v2 (30m resolution),"Hengl, T. et al. (2021). Scientific Reports, 11:6130"
Momba,Momba_109,-7.965,32.835,5.5,286.0,2.34,38.32,12.5,13.9,24.0,60.0,12.0,1.3,0-20 cm,iSDA Africa API v2 (30m resolution),"Hengl, T. et al. (2021). Scientific Reports, 11:6130"
Momba,Momba_110,-7.965,32.9,5.6,224.0,2.52,37.32,7.2,10.0,21.0,70.0,12.0,1.4,0-20 cm,iSDA Africa API v2 (30m resolution),"Hengl, T. et al. (2021). Scientific Reports, 11:6130"
Momba,Momba_113,-7.9,32.38,6.0,312.0,2.91,38.32,10.0,11.2,24.0,63.0,13.0,1.3,0-20 cm,iSDA Africa API v2 (30m resolution),"Hengl, T. et al. (2021). Scientific Reports, 11:6130"
Momba,Momba_114,-7.9,32.445,5.8,308.0,2.8,50.48,9.0,11.2,21.0,68.0,14.0,1.4,0-20 cm,iSDA Africa API v2 (30m resolution),"Hengl, T. et al. (2021). Scientific Reports, 11:6130"
Momba,Momba_115,-7.9,32.51,5.7,252.0,2.24,41.27,8.0,11.2,18.0,71.0,11.0,1.4,0-20 cm,iSDA Africa API v2 (30m resolution),"Hengl, T. et al. (2021). Scientific Reports, 11:6130"
Momba,Momba_116,-7.9,32.575,5.4,240.0,2.4,29.55,6.4,8.0,17.0,74.0,8.0,1.5,0-20 cm,iSDA Africa API v2 (30m resolution),"Hengl, T. et al. (2021). Scientific Reports, 11:6130"
Momba,Momba_117,-7.9,32.64,5.4,224.0,2.24,27.58,6.4,9.0,14.0,76.0,9.0,1.4,0-20 cm,iSDA Africa API v2 (30m resolution),"Hengl, T. et al. (2021). Scientific Reports, 11:6130"
Momba,Momba_118,-7.9,32.705,5.5,252.0,2.24,37.32,7.2,10.0,17.0,69.0,12.0,1.4,0-20 cm,iSDA Africa API v2 (30m resolution),"Hengl, T. et al. (2021). Scientific Reports, 11:6130"
Momba,Momba_119,-7.9,32.77,5.7,252.0,2.02,30.49,8.0,10.0,20.0,69.0,11.0,1.4,0-20 cm,iSDA Africa API v2 (30m resolution),"Hengl, T. et al. (2021). Scientific Reports, 11:6130"
Momba,Momba_120,-7.9,32.835,5.6,280.0,2.52,33.74,9.0,10.0,20.0,69.0,11.0,1.4,0-20 cm,iSDA Africa API v2 (30m resolution),"Hengl, T. et al. (2021). Scientific Reports, 11:6130"
Momba,Momba_121,-7.9,32.9,5.5,252.0,2.52,37.32,7.2,11.2,18.0,70.0,9.0,1.4,0-20 cm,iSDA Africa API v2 (30m resolution),"Hengl, T. et al. (2021). Scientific Reports, 11:6130"
