District,Latitude,Longitude,Soil_Type,Temperature_C,Humidity_pct,Rainfall_mm,N_kg_ha,P_kg_ha,K_kg_ha,pH,_N_true_kgha,_P_true_kgha,_K_true_kgha,Recommendation,District_encoded,SoilType_encoded,NPK_Total,NP_Ratio
Mbeya_Mjini,-8.97,33.476,Sandy Clay Loam,14.68,79.95,0.0,77.4,52.6,80.7,6.0,73.7,57.8,81.4,Urea,4,3,210.7,1.4440298507462688
Mbeya_Mjini,-8.882,33.392,Clay Loam,17.51,68.25,0.0,186.5,40.5,96.3,5.8,171.6,43.4,85.5,No Fertilizer,4,1,323.3,4.493975903614458
Mbeya_Mjini,-8.926,33.5,Loam,19.08,83.52,6.88,123.9,25.8,41.0,5.8,134.4,30.0,39.4,No Fertilizer,4,2,190.70000000000002,4.623134328358209
Mbeya_Mjini,-8.882,33.416,Sandy Clay Loam,16.95,87.62,2.23,118.2,33.9,22.7,5.7,111.8,35.2,24.2,MOP,4,3,174.79999999999998,3.386819484240688
Mbeya_Mjini,-8.871,33.452,Clay Loam,16.79,88.32,18.03,40.8,66.8,36.1,5.6,36.5,60.4,37.4,Urea,4,1,143.7,0.6017699115044247
Mbeya_Mjini,-8.893,33.428,Sandy Clay Loam,18.97,86.89,10.82,36.5,26.9,34.1,5.9,36.5,26.4,34.0,DAP,4,3,97.5,1.3082437275985663
Mbeya_Mjini,-8.915,33.5,Loam,16.11,69.34,0.04,18.7,56.2,22.7,5.9,19.9,61.4,20.8,NPK,4,2,97.60000000000001,0.32692307692307687
Mbeya_Mjini,-8.959,33.416,Sandy Clay Loam,20.14,70.81,0.03,158.6,10.5,62.6,5.8,157.2,9.8,57.0,SSP,4,3,231.7,13.791304347826086
Mbeya_Mjini,-8.893,33.464,Sandy Loam,15.08,75.04,0.05,107.9,60.0,44.8,6.1,112.2,55.3,46.0,No Fertilizer,4,4,212.7,1.7688524590163934
Mbeya_Mjini,-8.86,33.416,Sandy Clay Loam,18.61,84.69,6.1,124.7,60.4,73.6,5.7,130.4,59.9,78.7,No Fertilizer,4,3,258.7,2.0309446254071664
Mbeya_Mjini,-8.97,33.44,Sandy Clay Loam,17.89,85.69,5.51,13.9,18.3,8.1,5.8,13.5,16.0,8.7,NPK,4,3,40.300000000000004,0.7202072538860104
Mbeya_Mjini,-8.882,33.464,Sandy Clay Loam,13.53,67.63,0.0,155.3,34.3,61.1,5.8,174.9,32.4,60.1,No Fertilizer,4,3,250.70000000000002,4.39943342776204
Mbeya_Mjini,-8.893,33.452,Sandy Clay Loam,19.08,73.11,0.11,136.2,15.6,81.4,5.8,151.5,14.9,70.1,SSP,4,3,233.2,8.204819277108433
Mbeya_Mjini,-8.915,33.5,Loam,15.9,68.05,0.0,46.2,47.8,72.4,5.9,46.1,50.6,69.8,Urea,4,2,166.4,0.9467213114754099
Mbeya_Mjini,-8.893,33.488,Sandy Loam,17.92,83.36,0.04,40.8,41.1,71.5,5.9,40.9,39.3,80.4,Urea,4,4,153.4,0.9691211401425177
Mbeya_Mjini,-8.97,33.44,Sandy Clay Loam,14.32,82.67,0.02,42.2,46.6,63.8,5.8,41.2,45.9,67.2,Urea,4,3,152.60000000000002,0.8865546218487396
Mbeya_Mjini,-8.97,33.428,Sandy Clay Loam,18.17,70.01,0.0,69.8,17.6,80.3,5.9,61.7,17.0,83.9,DAP,4,3,167.7,3.7526881720430105
Mbeya_Mjini,-8.871,33.428,Sandy Clay Loam,16.81,91.96,20.99,99.9,17.1,32.0,5.8,99.2,18.0,33.9,SSP,4,3,149.0,5.519337016574585
Mbeya_Mjini,-8.86,33.44,Sandy Clay Loam,18.0,82.14,8.99,86.9,6.8,47.0,5.6,83.4,6.7,48.3,DAP,4,3,140.7,11.141025641025642
Mbeya_Mjini,-8.893,33.38,Sandy Clay Loam,18.64,83.79,67.9,55.4,23.8,7.4,5.8,59.5,25.3,7.2,NPK,4,3,86.60000000000001,2.2338709677419355
Mbeya_Mjini,-8.871,33.404,Sandy Clay Loam,17.87,91.18,16.38,120.1,34.8,6.9,5.7,114.0,40.9,6.6,MOP,4,3,161.79999999999998,3.3547486033519553
Mbeya_Mjini,-8.882,33.476,Sandy Clay Loam,14.32,80.25,0.07,32.5,64.9,28.2,5.9,33.7,60.6,26.2,NPK,4,3,125.60000000000001,0.4931714719271623
Mbeya_Mjini,-8.97,33.476,Sandy Clay Loam,18.0,84.04,5.58,60.0,43.0,15.0,6.0,59.7,48.0,14.5,NPK,4,3,118.0,1.3636363636363635
Mbeya_Mjini,-8.86,33.428,Sandy Clay Loam,17.76,89.33,4.75,71.7,33.0,24.0,5.7,72.3,32.7,27.9,NPK,4,3,128.7,2.1088235294117648
Mbeya_Mjini,-8.926,33.452,Sandy Loam,16.0,88.33,6.34,93.9,68.5,19.3,5.8,87.5,66.9,20.9,NPK,4,4,181.70000000000002,1.3510791366906476
Mbeya_Mjini,-8.959,33.44,Sandy Clay Loam,17.64,93.42,2.69,130.3,52.6,8.3,5.7,143.5,51.5,8.4,MOP,4,3,191.20000000000002,2.4309701492537314
Mbeya_Mjini,-8.871,33.464,Clay Loam,17.88,86.32,4.27,36.9,64.1,83.2,5.9,43.9,65.4,82.4,Urea,4,1,184.2,0.5668202764976958
Mbeya_Mjini,-8.871,33.44,Clay Loam,13.08,80.9,0.0,96.0,39.6,7.1,5.6,97.4,38.8,6.7,MOP,4,1,142.7,2.3645320197044333
Mbeya_Mjini,-8.882,33.428,Clay Loam,17.35,87.25,14.64,114.3,21.8,68.0,5.7,110.7,21.1,67.8,SSP,4,1,204.1,5.013157894736842
Mbeya_Mjini,-8.882,33.392,Clay Loam,13.22,81.05,0.0,18.1,7.9,18.8,5.8,17.9,7.5,18.8,NPK,4,1,44.8,2.033707865168539
Mbeya_Mjini,-8.915,33.452,Sandy Loam,16.96,65.81,0.0,123.1,58.2,84.0,6.5,113.3,51.9,82.6,No Fertilizer,4,4,265.3,2.0793918918918917
Mbeya_Mjini,-8.904,33.44,Loam,17.52,76.03,7.34,40.2,12.2,79.5,6.2,39.0,12.0,81.0,DAP,4,2,131.9,3.045454545454546
Mbeya_Mjini,-8.86,33.428,Sandy Clay Loam,17.18,89.83,12.38,20.2,24.1,61.3,5.7,21.1,24.0,60.9,DAP,4,3,105.6,0.8047808764940239
Mbeya_Mjini,-8.86,33.476,Clay Loam,13.04,80.31,0.0,143.4,36.7,67.4,5.8,171.3,39.1,62.5,No Fertilizer,4,1,247.50000000000003,3.8037135278514587
Mbeya_Mjini,-8.882,33.488,Sandy Clay Loam,14.57,74.75,0.0,171.3,42.5,6.4,5.9,174.2,41.3,6.4,MOP,4,3,220.20000000000002,3.9379310344827587
Mbeya_Mjini,-8.915,33.416,Sandy Clay Loam,20.46,69.7,0.31,158.0,45.7,88.5,6.1,147.4,43.6,88.7,No Fertilizer,4,3,292.2,3.3832976445396143
Mbeya_Mjini,-8.959,33.452,Clay Loam,18.03,83.33,4.67,60.1,14.8,79.6,5.8,61.8,15.0,79.7,DAP,4,1,154.5,3.8037974683544302
Mbeya_Mjini,-8.97,33.452,Sandy Clay Loam,14.27,68.36,0.0,26.7,30.2,88.6,5.8,26.6,29.1,81.2,Urea,4,3,145.5,0.8557692307692307
Mbeya_Mjini,-8.915,33.38,Sandy Clay Loam,15.13,85.61,0.0,130.0,43.8,56.6,6.0,126.3,44.7,61.4,No Fertilizer,4,3,230.4,2.9017857142857144
Mbeya_Mjini,-8.915,33.44,Sandy Loam,17.22,70.73,0.0,78.8,71.2,39.3,5.9,84.8,68.0,35.0,Urea,4,4,189.3,1.0914127423822715
Mbeya_Mjini,-8.904,33.38,Sandy Clay Loam,18.34,74.32,2.07,32.1,55.3,74.4,6.0,30.7,52.0,81.1,Urea,4,3,161.8,0.5701598579040853
Mbeya_Mjini,-8.904,33.392,Sandy Clay Loam,16.06,74.02,2.25,105.0,69.0,29.1,5.9,94.2,64.9,30.5,MOP,4,3,203.1,1.5
Mbeya_Mjini,-8.882,33.488,Sandy Clay Loam,15.75,73.52,0.0,15.7,54.8,56.0,5.9,15.8,54.3,53.3,Urea,4,3,126.5,0.28136200716845877
Mbeya_Mjini,-8.915,33.5,Loam,19.93,70.44,0.1,151.6,39.9,15.4,5.9,164.6,43.1,14.4,MOP,4,2,206.9,3.706601466992665
Mbeya_Mjini,-8.871,33.416,Sandy Clay Loam,18.67,69.44,0.07,53.7,16.0,75.2,5.8,54.0,16.7,83.4,DAP,4,3,144.9,3.158823529411765
Mbeya_Mjini,-8.882,33.476,Sandy Clay Loam,14.63,75.55,0.0,103.5,50.0,16.5,5.9,122.6,48.0,17.8,MOP,4,3,170.0,2.0294117647058822
Mbeya_Mjini,-8.97,33.464,Sandy Clay Loam,18.39,83.75,4.51,64.5,52.9,25.4,5.9,63.0,45.1,24.9,NPK,4,3,142.8,1.1966604823747682
Mbeya_Mjini,-8.915,33.5,Loam,17.98,91.28,24.04,101.5,42.7,61.6,5.9,98.4,43.8,52.9,No Fertilizer,4,2,205.79999999999998,2.322654462242563
Mbeya_Mjini,-8.904,33.452,Sandy Loam,18.4,86.26,2.1,115.0,37.5,76.3,5.9,102.9,36.3,70.2,No Fertilizer,4,4,228.8,2.987012987012987
Mbeya_Mjini,-8.871,33.464,Clay Loam,18.09,89.56,9.46,40.9,37.4,57.0,5.9,41.4,38.9,58.0,Urea,4,1,135.3,1.0651041666666667
Mbeya_Mjini,-8.926,33.488,Loam,11.84,79.31,0.18,179.8,24.3,21.2,5.9,174.8,26.1,25.5,NPK,4,2,225.3,7.106719367588933
Mbeya_Mjini,-8.97,33.404,Sandy Clay Loam,12.99,77.43,0.0,133.2,36.5,6.1,5.8,141.8,38.3,6.1,MOP,4,3,175.79999999999998,3.5519999999999996
Mbeya_Mjini,-8.97,33.464,Sandy Clay Loam,14.07,73.92,0.0,165.5,14.6,71.4,5.9,169.7,17.0,69.6,SSP,4,3,251.5,10.60897435897436
Mbeya_Mjini,-8.882,33.38,Sandy Clay Loam,18.78,75.33,1.98,144.8,62.6,86.4,5.5,162.1,57.1,88.8,No Fertilizer,4,3,293.8,2.2767295597484276
Mbeya_Mjini,-8.97,33.38,Sandy Clay Loam,16.52,88.46,2.58,110.1,13.7,69.6,5.9,111.6,16.3,74.0,SSP,4,3,193.39999999999998,7.489795918367347
Mbeya_Mjini,-8.86,33.476,Clay Loam,17.3,88.66,0.87,163.2,9.4,45.2,5.8,166.7,9.6,44.7,SSP,4,1,217.8,15.69230769230769
Mbeya_Mjini,-8.915,33.452,Sandy Loam,15.65,87.82,9.47,25.6,30.1,76.5,6.5,25.0,32.8,81.9,Urea,4,4,132.2,0.8231511254019293
Mbeya_Mjini,-8.893,33.404,Sandy Clay Loam,16.08,89.78,9.49,41.4,44.5,45.7,5.7,43.3,47.4,40.4,Urea,4,3,131.60000000000002,0.9098901098901099
Mbeya_Mjini,-8.97,33.5,Sandy Clay Loam,14.23,71.72,0.0,17.8,36.1,55.4,6.1,17.7,32.9,50.1,Urea,4,3,109.30000000000001,0.4797843665768194
Mbeya_Mjini,-8.893,33.416,Sandy Clay Loam,16.12,91.43,18.92,63.8,22.6,48.2,5.8,65.3,22.3,46.1,DAP,4,3,134.60000000000002,2.7033898305084745
Mbeya_Mjini,-8.871,33.392,Clay Loam,18.43,86.09,17.72,74.3,38.1,43.9,5.8,76.1,40.8,43.6,Urea,4,1,156.3,1.9002557544757033
Mbeya_Mjini,-8.871,33.476,Clay Loam,12.78,78.66,0.34,56.4,25.8,67.8,5.8,56.1,26.9,71.1,DAP,4,1,150.0,2.1044776119402986
Mbeya_Mjini,-8.904,33.44,Loam,14.03,72.79,0.0,151.3,62.1,50.2,6.2,150.9,65.6,50.2,No Fertilizer,4,2,263.6,2.3977812995245644
Mbeya_Mjini,-8.97,33.392,Sandy Clay Loam,16.68,82.01,1.54,74.4,64.7,36.3,5.9,70.6,64.9,32.6,NPK,4,3,175.40000000000003,1.1324200913242009
Mbeya_Mjini,-8.893,33.464,Sandy Loam,16.39,84.99,0.41,57.3,37.6,29.4,6.1,57.8,37.2,27.7,NPK,4,4,124.30000000000001,1.4844559585492227
Mbeya_Mjini,-8.926,33.44,Clay Loam,17.31,73.86,0.0,99.8,29.0,9.3,5.9,102.3,25.6,9.2,NPK,4,1,138.10000000000002,3.3266666666666667
Mbeya_Mjini,-8.97,33.464,Sandy Clay Loam,18.11,89.06,8.86,33.5,45.6,58.5,5.9,34.0,52.7,55.0,Urea,4,3,137.6,0.7188841201716738
Mbeya_Mjini,-8.97,33.488,Sandy Clay Loam,20.14,72.97,0.13,139.1,6.4,26.3,5.9,146.4,6.4,25.3,NPK,4,3,171.8,18.797297297297295
Mbeya_Mjini,-8.926,33.488,Loam,17.01,84.45,0.31,22.1,34.6,19.0,5.9,22.7,35.3,18.4,NPK,4,2,75.7,0.6207865168539326
Mbeya_Mjini,-8.871,33.476,Clay Loam,17.62,88.98,12.11,203.0,27.9,65.1,5.8,177.8,26.2,60.9,SSP,4,1,296.0,7.024221453287198
Mbeya_Mjini,-8.893,33.404,Sandy Clay Loam,18.17,85.67,2.26,132.3,66.4,65.5,5.7,141.3,64.8,63.2,No Fertilizer,4,3,264.20000000000005,1.9629080118694362
Mbeya_Mjini,-8.904,33.488,Sandy Clay Loam,14.04,77.48,0.0,42.9,5.0,73.3,5.9,43.8,4.8,69.2,DAP,4,3,121.19999999999999,7.1499999999999995
Mbeya_Mjini,-8.882,33.416,Sandy Clay Loam,17.26,94.83,24.65,10.6,41.5,48.8,5.7,10.9,40.5,48.3,Urea,4,3,100.9,0.24941176470588233
Mbeya_Mjini,-8.86,33.488,Clay Loam,15.49,74.38,0.02,146.1,49.4,79.7,5.8,148.6,52.9,81.1,No Fertilizer,4,1,275.2,2.8988095238095237
Mbeya_Mjini,-8.871,33.5,Sandy Clay Loam,17.76,85.54,3.72,127.1,39.1,81.4,5.9,130.2,36.0,84.7,No Fertilizer,4,3,247.6,3.1695760598503737
Mbeya_Mjini,-8.871,33.392,Clay Loam,16.47,78.37,0.0,136.5,10.2,70.4,5.8,133.9,9.6,73.8,SSP,4,1,217.1,12.1875
Mbeya_Mjini,-8.959,33.464,Sandy Clay Loam,12.74,82.77,0.05,124.2,72.6,52.7,5.9,141.1,68.2,59.4,No Fertilizer,4,3,249.5,1.6875000000000002
Mbeya_Mjini,-8.871,33.488,Sandy Clay Loam,16.53,91.86,30.82,24.2,41.6,29.5,5.8,22.6,38.2,31.5,NPK,4,3,95.3,0.568075117370892
Mbeya_Mjini,-8.97,33.464,Sandy Clay Loam,12.86,79.22,0.02,74.1,45.8,82.7,5.9,70.9,44.5,88.6,Urea,4,3,202.6,1.5833333333333333
Mbeya_Mjini,-8.915,33.5,Loam,16.49,89.44,3.63,27.1,21.6,28.0,5.9,29.7,19.6,29.0,NPK,4,2,76.7,1.1991150442477876
Mbeya_Mjini,-8.893,33.44,Sandy Clay Loam,19.18,70.45,0.06,131.8,36.9,25.5,6.1,156.7,35.9,23.0,MOP,4,3,194.20000000000002,3.477572559366755
Mbeya_Mjini,-8.926,33.428,Sandy Loam,17.44,74.54,0.36,108.0,31.8,42.7,6.1,116.0,32.3,43.1,No Fertilizer,4,4,182.5,3.2926829268292686
Mbeya_Mjini,-8.926,33.428,Sandy Loam,13.66,71.82,0.0,65.1,8.9,11.0,6.1,66.3,8.9,10.8,NPK,4,4,85.0,6.575757575757575
Mbeya_Mjini,-8.86,33.476,Clay Loam,13.75,75.47,0.0,24.6,11.0,89.9,5.8,20.8,11.0,88.2,DAP,4,1,125.5,2.0500000000000003
Mbeya_Mjini,-8.926,33.428,Sandy Loam,15.15,82.58,0.0,65.3,57.1,61.6,6.1,62.9,59.3,55.4,Urea,4,4,184.0,1.1239242685025816
Mbeya_Mjini,-8.904,33.476,Loam,18.09,81.7,8.24,57.0,22.1,50.7,6.1,65.3,19.8,52.8,DAP,4,2,129.8,2.4675324675324672
Mbeya_Mjini,-8.959,33.464,Sandy Clay Loam,17.48,72.46,0.0,127.6,17.2,60.1,5.9,134.0,16.9,61.1,SSP,4,3,204.89999999999998,7.010989010989011
Mbeya_Mjini,-8.959,33.464,Sandy Clay Loam,18.36,80.38,6.7,117.9,37.6,47.4,5.9,118.4,37.3,47.7,No Fertilizer,4,3,202.9,3.0544041450777204
Mbeya_Mjini,-8.97,33.392,Sandy Clay Loam,14.53,82.45,0.24,163.7,56.2,9.4,5.9,160.8,54.7,8.7,MOP,4,3,229.29999999999998,2.8618881118881117
Mbeya_Mjini,-8.86,33.44,Sandy Clay Loam,19.4,82.15,0.67,82.0,9.8,62.8,5.6,90.3,8.1,57.4,SSP,4,3,154.6,7.592592592592592
Mbeya_Mjini,-8.871,33.392,Clay Loam,14.46,86.47,2.15,30.0,38.7,68.4,5.8,30.3,42.1,66.2,Urea,4,1,137.10000000000002,0.7556675062972291
Mbeya_Mjini,-8.893,33.392,Sandy Clay Loam,15.35,86.78,0.0,124.7,11.2,44.5,5.8,131.3,11.9,41.0,SSP,4,3,180.4,10.221311475409838
Mbeya_Mjini,-8.86,33.392,Sandy Clay Loam,15.52,77.55,0.0,128.6,5.8,70.5,5.7,139.3,6.4,69.6,SSP,4,3,204.9,18.91176470588235
Mbeya_Mjini,-8.893,33.428,Sandy Clay Loam,15.79,87.33,0.94,107.3,7.4,24.8,5.9,105.4,7.5,25.1,NPK,4,3,139.5,12.773809523809524
Mbeya_Mjini,-8.915,33.428,Sandy Clay Loam,16.69,66.86,0.0,148.7,60.1,26.6,5.8,141.1,59.1,24.6,MOP,4,3,235.39999999999998,2.433715220949263
Mbeya_Mjini,-8.904,33.428,Sandy Clay Loam,18.99,68.42,0.0,99.5,11.4,20.2,5.8,93.9,11.8,19.6,NPK,4,3,131.1,8.024193548387096
Mbeya_Mjini,-8.915,33.404,Loam,18.71,81.16,20.49,102.8,6.7,35.3,6.0,98.9,7.0,37.2,SSP,4,2,144.8,13.35064935064935
Mbeya_Mjini,-8.97,33.488,Sandy Clay Loam,18.96,76.59,9.69,79.8,33.2,82.5,5.9,82.7,32.9,77.1,Urea,4,3,195.5,2.333333333333333
Mbeya_Mjini,-8.915,33.428,Sandy Clay Loam,18.65,86.22,12.26,15.0,57.6,74.4,5.8,14.3,59.7,75.5,Urea,4,3,147.0,0.25597269624573377
Mbeya_Mjini,-8.915,33.392,Sandy Clay Loam,14.52,82.17,0.09,29.0,21.8,37.3,5.8,28.3,21.3,38.2,DAP,4,3,88.1,1.2719298245614035
Mbeya_Mjini,-8.893,33.464,Sandy Loam,17.88,86.54,34.3,15.5,34.3,59.0,6.1,15.3,31.8,55.5,Urea,4,4,108.8,0.4390934844192635
Mbeya_Mjini,-8.871,33.404,Sandy Clay Loam,13.3,80.13,0.07,113.1,6.9,66.1,5.7,118.2,6.6,66.5,SSP,4,3,186.1,14.31645569620253
Mbeya_Mjini,-8.97,33.392,Sandy Clay Loam,15.96,76.23,0.02,61.2,35.7,27.0,5.9,63.4,33.6,26.3,NPK,4,3,123.9,1.667574931880109
Mbeya_Mjini,-8.97,33.476,Sandy Clay Loam,18.78,85.88,1.56,97.0,45.3,21.1,6.0,96.5,42.1,20.1,MOP,4,3,163.4,2.0950323974082075
Mbeya_Mjini,-8.86,33.452,Clay Loam,19.19,72.33,0.54,192.3,42.5,82.9,5.6,164.3,41.7,87.7,No Fertilizer,4,1,317.70000000000005,4.420689655172414
Mbeya_Mjini,-8.882,33.5,Sandy Clay Loam,16.36,83.1,0.48,53.5,25.7,59.4,5.9,52.4,25.9,57.9,DAP,4,3,138.6,2.00374531835206
Mbeya_Mjini,-8.871,33.404,Sandy Clay Loam,13.3,79.82,0.0,76.4,23.5,96.8,5.7,79.8,24.8,88.4,DAP,4,3,196.7,3.1183673469387756
Mbeya_Mjini,-8.871,33.5,Sandy Clay Loam,17.44,85.22,1.03,130.4,10.7,32.1,5.9,138.4,11.0,34.4,SSP,4,3,173.2,11.145299145299147
Mbeya_Mjini,-8.915,33.38,Sandy Clay Loam,18.77,86.76,9.7,47.2,27.2,67.1,6.0,48.9,28.2,65.1,Urea,4,3,141.5,1.6737588652482271
Mbeya_Mjini,-8.893,33.464,Sandy Loam,17.69,92.56,17.06,26.6,11.1,23.3,6.1,23.1,10.6,24.7,NPK,4,4,61.0,2.1983471074380168
Mbeya_Mjini,-8.882,33.488,Sandy Clay Loam,17.51,88.45,8.25,57.6,55.9,29.9,5.9,59.3,54.6,27.9,NPK,4,3,143.4,1.0123022847100176
Mbeya_Mjini,-8.86,33.428,Sandy Clay Loam,18.79,81.38,10.51,39.8,71.1,52.5,5.7,37.4,67.8,49.0,Urea,4,3,163.39999999999998,0.5520110957004161
Mbeya_Mjini,-8.97,33.428,Sandy Clay Loam,18.43,85.41,4.24,163.6,62.5,32.0,5.9,168.0,68.0,32.8,MOP,4,3,258.1,2.5763779527559056
Mbeya_Mjini,-8.926,33.464,Sandy Loam,15.49,83.39,0.0,150.1,67.2,23.2,5.9,147.4,61.1,20.1,MOP,4,4,240.5,2.2008797653958942
Mbeya_Mjini,-8.86,33.44,Sandy Clay Loam,17.38,68.28,0.0,124.2,42.3,30.3,5.6,117.7,43.7,28.1,MOP,4,3,196.8,2.868360277136259
Mbeya_Mjini,-8.86,33.38,Clay Loam,17.7,74.28,1.0,151.8,46.4,9.4,5.7,158.1,50.3,9.0,MOP,4,1,207.60000000000002,3.2025316455696204
Mbeya_Mjini,-8.86,33.476,Clay Loam,15.53,83.12,0.0,140.0,22.1,68.1,5.8,146.6,22.8,65.2,SSP,4,1,230.2,6.0606060606060606
Mbeya_Mjini,-8.871,33.464,Clay Loam,17.22,91.28,21.03,46.6,53.6,50.6,5.9,41.7,45.6,47.3,Urea,4,1,150.8,0.8534798534798534
Mbeya_Mjini,-8.904,33.488,Sandy Clay Loam,19.29,69.03,0.8,172.9,33.1,12.9,5.9,161.7,34.1,13.9,MOP,4,3,218.9,5.070381231671554
Mbeya_Mjini,-8.893,33.428,Sandy Clay Loam,18.21,73.47,0.55,107.3,35.0,20.7,5.9,101.7,35.8,20.4,MOP,4,3,163.0,2.9805555555555556
Mbeya_Mjini,-8.893,33.392,Sandy Clay Loam,19.08,73.11,0.11,155.4,53.3,15.0,5.8,147.3,54.0,14.6,MOP,4,3,223.7,2.8618784530386745
Mbeya_Mjini,-8.915,33.476,Loam,18.06,89.22,18.12,167.6,22.4,55.8,6.6,162.3,22.6,57.5,SSP,4,2,245.8,7.162393162393163
Mbeya_Mjini,-8.86,33.416,Sandy Clay Loam,12.72,76.63,0.0,73.1,23.6,14.4,5.7,64.1,25.0,13.9,NPK,4,3,111.1,2.971544715447154
Mbeya_Mjini,-8.97,33.428,Sandy Clay Loam,17.25,66.57,0.0,28.8,65.7,75.3,5.9,28.7,65.0,69.4,Urea,4,3,169.8,0.43178410794602695
Mbeya_Mjini,-8.904,33.392,Sandy Clay Loam,17.45,79.9,0.02,50.7,8.3,7.5,5.9,48.7,7.7,7.7,NPK,4,3,66.5,5.451612903225806
Mbeya_Mjini,-8.926,33.452,Sandy Loam,11.8,84.24,0.8,74.2,36.8,26.8,5.8,82.6,36.1,26.9,NPK,4,4,137.8,1.9629629629629632
Mbeya_Mjini,-8.882,33.5,Sandy Clay Loam,19.22,81.67,0.3,140.5,59.2,76.2,5.9,149.1,64.2,80.8,No Fertilizer,4,3,275.9,2.333887043189369
Mbeya_Mjini,-8.904,33.38,Sandy Clay Loam,16.78,89.07,24.96,143.2,43.2,58.1,6.0,156.3,44.3,66.4,No Fertilizer,4,3,244.49999999999997,3.2398190045248865
Mbeya_Mjini,-8.871,33.38,Sandy Clay Loam,17.05,93.42,36.56,12.2,38.5,12.8,5.6,11.2,40.1,12.1,NPK,4,3,63.5,0.30886075949367087
Mbeya_Mjini,-8.86,33.428,Sandy Clay Loam,18.14,72.7,0.0,79.5,20.6,74.8,5.7,96.8,20.5,75.0,SSP,4,3,174.89999999999998,3.6805555555555554
Mbeya_Mjini,-8.86,33.392,Sandy Clay Loam,18.08,66.14,0.0,78.7,29.1,47.6,5.7,81.0,26.7,47.4,DAP,4,3,155.4,2.6146179401993357
Mbeya_Mjini,-8.926,33.5,Loam,12.27,75.94,0.0,37.8,59.6,71.8,5.8,47.8,60.2,77.1,Urea,4,2,169.2,0.6237623762376237
Mbeya_Mjini,-8.882,33.488,Sandy Clay Loam,18.97,74.23,1.46,28.6,40.7,55.7,5.9,30.4,40.9,56.5,Urea,4,3,125.00000000000001,0.6858513189448441
Mbeya_Mjini,-8.959,33.416,Sandy Clay Loam,16.9,88.02,7.22,65.1,42.7,68.1,5.8,67.4,38.0,63.3,Urea,4,3,175.89999999999998,1.4897025171624712
Mbeya_Mjini,-8.904,33.476,Loam,15.58,81.89,0.0,186.8,11.2,89.5,6.1,170.3,10.6,89.5,SSP,4,2,287.5,15.311475409836067
Mbeya_Mjini,-8.871,33.452,Clay Loam,18.88,80.82,10.0,66.7,5.3,25.6,5.6,64.9,5.1,25.5,NPK,4,1,97.6,10.587301587301589
Mbeya_Mjini,-8.871,33.476,Clay Loam,17.91,86.22,7.42,92.5,76.9,59.3,5.8,98.2,67.6,58.4,No Fertilizer,4,1,228.7,1.1874197689345314
Mbeya_Mjini,-8.882,33.38,Sandy Clay Loam,18.89,75.18,6.78,139.2,29.9,40.8,5.5,129.5,28.9,44.7,No Fertilizer,4,3,209.89999999999998,4.504854368932039
Mbeya_Mjini,-8.86,33.38,Clay Loam,17.95,86.36,0.03,71.9,37.7,9.7,5.7,71.8,43.8,9.3,NPK,4,1,119.30000000000001,1.8578811369509045
Mbeya_Mjini,-8.97,33.392,Sandy Clay Loam,17.06,92.25,44.96,175.7,9.8,6.6,5.9,175.2,9.3,7.2,NPK,4,3,192.1,16.268518518518515
Mbeya_Mjini,-8.871,33.488,Sandy Clay Loam,13.24,79.29,0.0,159.0,43.6,15.0,5.8,173.6,49.1,16.0,MOP,4,3,217.6,3.5650224215246635
Mbeya_Mjini,-8.871,33.476,Clay Loam,18.86,61.89,0.0,49.1,67.6,56.1,5.8,52.8,65.5,60.5,Urea,4,1,172.79999999999998,0.7157434402332362
Mbeya_Mjini,-8.882,33.476,Sandy Clay Loam,17.35,87.96,6.88,89.1,37.0,53.0,5.9,94.5,42.0,53.6,No Fertilizer,4,3,179.1,2.344736842105263
Mbeya_Mjini,-8.97,33.5,Sandy Clay Loam,18.97,86.89,10.82,61.3,11.9,51.2,6.1,61.1,12.3,52.5,DAP,4,3,124.4,4.751937984496124
Mbeya_Mjini,-8.959,33.392,Sandy Clay Loam,17.01,86.98,18.17,58.7,41.3,8.7,5.7,58.4,42.4,8.7,NPK,4,3,108.7,1.3877068557919623
Mbeya_Mjini,-8.882,33.392,Clay Loam,18.7,69.78,0.03,18.0,51.6,42.5,5.8,16.3,54.6,45.4,Urea,4,1,112.1,0.34220532319391633
Mbeya_Mjini,-8.86,33.476,Clay Loam,17.58,90.36,21.48,116.7,30.1,89.6,5.8,113.6,30.8,83.7,No Fertilizer,4,1,236.4,3.752411575562701
Mbeya_Mjini,-8.904,33.392,Sandy Clay Loam,17.52,84.06,2.47,77.4,66.6,41.7,5.9,95.5,62.1,39.4,No Fertilizer,4,3,185.7,1.1449704142011836
Mbeya_Mjini,-8.904,33.476,Loam,17.44,87.92,5.51,19.1,44.5,57.8,6.1,18.8,46.8,58.5,Urea,4,2,121.4,0.4197802197802198
Mbeya_Mjini,-8.959,33.416,Sandy Clay Loam,13.23,73.23,0.0,51.5,65.8,69.1,5.8,57.4,63.4,71.5,Urea,4,3,186.39999999999998,0.7709580838323353
Mbeya_Mjini,-8.871,33.464,Clay Loam,16.94,93.62,6.97,153.3,42.1,68.9,5.9,164.4,45.2,71.8,No Fertilizer,4,1,264.3,3.5568445475638053
Mbeya_Mjini,-8.97,33.488,Sandy Clay Loam,14.13,79.04,0.0,47.8,12.5,48.5,5.9,50.7,12.7,49.6,DAP,4,3,108.8,3.5407407407407407
Mbeya_Mjini,-8.915,33.38,Sandy Clay Loam,18.02,85.79,9.64,33.0,25.0,70.4,6.0,34.6,24.4,78.1,DAP,4,3,128.4,1.2692307692307692
Mbeya_Mjini,-8.926,33.428,Sandy Loam,14.24,82.44,0.0,84.2,16.1,36.3,6.1,93.2,17.3,38.9,SSP,4,4,136.60000000000002,4.923976608187134
Mbeya_Mjini,-8.904,33.44,Loam,16.46,63.72,0.0,180.1,58.1,85.5,6.2,177.6,64.0,80.7,No Fertilizer,4,2,323.7,3.047377326565144
Mbeya_Mjini,-8.97,33.464,Sandy Clay Loam,18.78,78.69,1.69,46.1,56.1,26.7,5.9,51.1,54.2,26.2,NPK,4,3,128.9,0.8073555166374781
Mbeya_Mjini,-8.871,33.404,Sandy Clay Loam,13.26,82.09,0.21,127.4,52.5,32.9,5.7,124.3,48.6,29.5,MOP,4,3,212.8,2.3813084112149534
Mbeya_Mjini,-8.97,33.404,Sandy Clay Loam,13.41,79.83,0.05,161.3,23.7,10.2,5.8,139.5,23.9,10.5,NPK,4,3,195.2,6.530364372469636
Mbeya_Mjini,-8.882,33.44,Sandy Clay Loam,18.28,78.02,1.3,45.7,15.6,71.0,5.5,50.4,16.1,72.8,DAP,4,3,132.3,2.753012048192771
Mbeya_Mjini,-8.97,33.44,Sandy Clay Loam,14.18,83.16,0.1,131.1,54.5,39.9,5.8,133.8,53.9,41.0,No Fertilizer,4,3,225.5,2.362162162162162
Mbeya_Mjini,-8.926,33.5,Loam,17.59,91.08,24.96,59.7,35.4,24.7,5.8,72.5,35.3,25.2,NPK,4,2,119.8,1.6401098901098903
Mbeya_Mjini,-8.97,33.5,Sandy Clay Loam,18.09,78.82,8.28,115.0,19.2,24.3,6.1,117.5,18.9,25.5,NPK,4,3,158.5,5.693069306930694
Mbeya_Mjini,-8.86,33.488,Clay Loam,18.43,94.23,39.94,123.0,36.8,83.3,5.8,117.7,44.7,81.7,No Fertilizer,4,1,243.10000000000002,3.2539682539682544
Mbeya_Mjini,-8.926,33.452,Sandy Loam,18.95,75.93,1.38,106.2,6.2,76.2,5.8,101.1,6.7,76.0,SSP,4,4,188.60000000000002,14.75
Mbeya_Mjini,-8.871,33.5,Sandy Clay Loam,17.51,75.74,1.05,25.5,24.0,50.6,5.9,25.3,25.5,52.5,DAP,4,3,100.1,1.02
Mbeya_Mjini,-8.871,33.488,Sandy Clay Loam,16.47,93.7,3.83,161.5,35.3,62.8,5.8,152.0,34.9,57.8,No Fertilizer,4,3,259.6,4.449035812672177
Mbeya_Mjini,-8.904,33.428,Sandy Clay Loam,16.16,83.3,0.03,76.0,13.9,51.9,5.8,64.5,13.8,45.8,DAP,4,3,141.8,5.100671140939597
Mbeya_Mjini,-8.959,33.392,Sandy Clay Loam,14.73,80.5,0.08,46.7,72.1,42.1,5.7,41.7,69.0,38.9,Urea,4,3,160.9,0.6388508891928866
Mbeya_Mjini,-8.871,33.452,Clay Loam,17.13,90.31,8.65,16.3,18.1,86.1,5.6,16.9,17.8,82.9,DAP,4,1,120.5,0.8534031413612565
Mbeya_Mjini,-8.97,33.476,Sandy Clay Loam,16.41,92.82,32.35,99.2,11.5,17.4,6.0,110.5,12.6,16.6,NPK,4,3,128.1,7.936
Mbeya_Mjini,-8.86,33.476,Clay Loam,16.56,91.2,26.1,121.6,19.2,46.5,5.8,125.2,17.4,41.1,SSP,4,1,187.29999999999998,6.01980198019802
Mbeya_Mjini,-8.893,33.488,Sandy Loam,17.0,86.83,4.06,12.0,59.6,36.8,5.9,12.8,54.8,34.9,Urea,4,4,108.39999999999999,0.198019801980198
Mbeya_Mjini,-8.893,33.428,Sandy Clay Loam,12.25,75.84,0.0,100.1,29.3,45.9,5.9,97.1,32.1,47.8,No Fertilizer,4,3,175.3,3.3036303630363033
Mbeya_Mjini,-8.915,33.452,Sandy Loam,18.17,89.37,1.81,44.5,42.3,45.7,6.5,48.5,41.3,44.4,Urea,4,4,132.5,1.0277136258660509
Mbeya_Mjini,-8.871,33.38,Sandy Clay Loam,17.57,90.85,11.84,119.1,5.2,51.8,5.6,119.7,5.4,49.6,SSP,4,3,176.1,19.209677419354836
Mbeya_Mjini,-8.871,33.464,Clay Loam,16.51,89.19,1.7,42.0,6.3,16.5,5.9,39.6,6.3,17.8,NPK,4,1,64.8,5.7534246575342465
Mbeya_Mjini,-8.904,33.44,Loam,16.42,94.62,27.33,126.6,35.9,48.1,6.2,127.5,33.4,49.1,No Fertilizer,4,2,210.6,3.430894308943089
Mbeya_Mjini,-8.871,33.38,Sandy Clay Loam,12.44,77.95,0.0,70.7,66.5,28.4,5.6,75.7,57.9,26.4,NPK,4,3,165.6,1.0474074074074073
Mbeya_Mjini,-8.86,33.44,Sandy Clay Loam,18.27,65.23,0.0,183.2,65.7,18.7,5.6,169.2,62.4,21.5,MOP,4,3,267.59999999999997,2.7466266866566715
Mbeya_Mjini,-8.893,33.38,Sandy Clay Loam,13.94,76.07,0.04,29.0,9.9,10.4,5.8,33.4,9.7,11.4,NPK,4,3,49.3,2.6605504587155964
Mbeya_Mjini,-8.904,33.38,Sandy Clay Loam,17.39,89.81,36.3,66.4,38.6,69.2,6.0,68.0,39.5,70.1,Urea,4,3,174.2,1.676767676767677
Mbeya_Mjini,-8.904,33.452,Sandy Loam,15.36,77.47,0.0,29.2,65.1,42.9,5.9,29.3,64.3,41.9,Urea,4,4,137.2,0.4417549167927383
Mbeya_Mjini,-8.86,33.404,Sandy Clay Loam,12.7,81.69,0.0,167.4,32.4,53.1,5.8,167.2,29.6,58.6,No Fertilizer,4,3,252.9,5.011976047904192
Mbeya_Mjini,-8.97,33.416,Sandy Clay Loam,17.09,90.07,29.26,161.2,58.6,66.5,5.9,159.1,58.8,67.1,No Fertilizer,4,3,286.29999999999995,2.7046979865771807
Mbeya_Mjini,-8.871,33.416,Sandy Clay Loam,15.12,83.92,0.5,56.2,12.0,68.2,5.8,53.9,12.8,63.1,DAP,4,3,136.4,4.323076923076924
Mbeya_Mjini,-8.904,33.38,Sandy Clay Loam,18.53,77.05,3.06,121.9,58.3,45.7,6.0,122.2,65.7,45.5,No Fertilizer,4,3,225.89999999999998,2.0556492411467118
Mbeya_Mjini,-8.959,33.404,Sandy Clay Loam,16.99,92.91,21.23,145.1,55.5,41.1,5.8,148.9,53.6,38.6,No Fertilizer,4,3,241.7,2.568141592920354
Mbeya_Mjini,-8.959,33.404,Sandy Clay Loam,15.3,83.4,0.31,101.4,67.3,36.0,5.8,104.4,66.1,37.6,No Fertilizer,4,3,204.7,1.484626647144949
Mbeya_Mjini,-8.904,33.404,Sandy Clay Loam,12.34,82.33,0.05,95.8,46.5,56.4,5.8,100.0,48.7,59.8,No Fertilizer,4,3,198.70000000000002,2.0168421052631578
Mbeya_Mjini,-8.893,33.416,Sandy Clay Loam,16.47,64.55,0.0,53.9,30.0,50.4,5.8,51.1,28.0,47.6,Urea,4,3,134.3,1.738709677419355
Mbeya_Mjini,-8.893,33.428,Sandy Clay Loam,17.44,85.11,3.49,24.7,64.0,79.3,5.9,25.8,65.9,77.3,Urea,4,3,168.0,0.38
Mbeya_Mjini,-8.86,33.416,Sandy Clay Loam,17.12,70.82,0.0,172.2,22.0,72.9,5.7,162.5,22.2,79.5,SSP,4,3,267.1,7.48695652173913
Mbeya_Mjini,-8.882,33.38,Sandy Clay Loam,18.63,74.64,0.62,163.3,25.9,19.2,5.5,163.1,25.9,20.3,NPK,4,3,208.4,6.070631970260224
Mbeya_Mjini,-8.871,33.392,Clay Loam,16.75,67.57,0.0,113.3,49.0,19.4,5.8,117.6,50.3,17.4,MOP,4,1,181.70000000000002,2.266
Mbeya_Mjini,-8.882,33.38,Sandy Clay Loam,17.52,81.37,1.75,70.6,55.4,55.1,5.5,67.6,54.5,59.0,Urea,4,3,181.1,1.25177304964539
Mbeya_Mjini,-8.904,33.404,Sandy Clay Loam,17.73,84.87,27.87,65.8,70.6,33.4,5.8,69.4,65.3,31.3,NPK,4,3,169.79999999999998,0.9189944134078213
Mbeya_Mjini,-8.882,33.464,Sandy Clay Loam,17.34,71.37,0.67,139.4,16.1,7.3,5.8,133.4,17.5,7.6,NPK,4,3,162.8,8.15204678362573
Mbeya_Mjini,-8.904,33.428,Sandy Clay Loam,17.87,62.92,0.0,164.9,58.6,80.6,5.8,162.5,56.7,80.6,No Fertilizer,4,3,304.1,2.7667785234899327
Mbeya_Mjini,-8.904,33.428,Sandy Clay Loam,14.31,82.7,0.0,154.1,53.4,25.6,5.8,160.8,52.7,25.1,MOP,4,3,233.1,2.832720588235294
Mbeya_Mjini,-8.915,33.404,Loam,13.8,78.19,0.0,147.9,8.3,71.7,6.0,142.6,8.2,84.1,SSP,4,2,227.90000000000003,15.903225806451612
Mbeya_Mjini,-8.959,33.416,Sandy Clay Loam,16.95,85.53,2.04,123.7,31.4,59.5,5.8,119.1,29.6,66.3,No Fertilizer,4,3,214.6,3.8179012345679015
Mbeya_Mjini,-8.86,33.488,Clay Loam,19.3,71.28,0.14,26.3,22.7,70.5,5.8,24.3,22.7,70.1,DAP,4,1,119.5,1.109704641350211
Mbeya_Mjini,-8.86,33.428,Sandy Clay Loam,17.85,85.41,9.96,40.0,24.9,21.8,5.7,37.5,24.1,22.9,NPK,4,3,86.7,1.5444015444015444
Mbeya_Mjini,-8.904,33.476,Loam,17.21,91.52,4.62,168.4,72.3,27.5,6.1,162.8,68.9,25.7,MOP,4,2,268.2,2.2974079126875853
Mbeya_Mjini,-8.97,33.416,Sandy Clay Loam,14.06,61.1,0.0,104.2,44.8,44.2,5.9,113.1,46.4,49.8,No Fertilizer,4,3,193.2,2.275109170305677
Mbeya_Mjini,-8.904,33.452,Sandy Loam,18.38,73.82,0.57,13.5,52.4,21.3,5.9,11.6,51.4,20.5,NPK,4,4,87.2,0.25280898876404495
Mbeya_Mjini,-8.871,33.38,Sandy Clay Loam,16.73,73.96,0.43,24.6,67.3,28.6,5.6,27.3,68.5,31.7,NPK,4,3,120.5,0.3601756954612006
Mbeya_Mjini,-8.959,33.392,Sandy Clay Loam,18.07,88.78,14.44,131.0,28.6,32.2,5.7,122.8,28.9,33.0,No Fertilizer,4,3,191.8,4.425675675675675
Mbeya_Mjini,-8.97,33.452,Sandy Clay Loam,16.62,66.12,0.0,11.2,55.6,18.0,5.8,10.9,56.9,19.4,NPK,4,3,84.8,0.1978798586572438
Mbeya_Mjini,-8.893,33.404,Sandy Clay Loam,16.45,73.92,0.15,34.3,33.8,26.3,5.7,37.3,32.7,23.2,NPK,4,3,94.39999999999999,0.985632183908046
Mbeya_Mjini,-8.959,33.38,Sandy Clay Loam,19.2,87.19,12.39,102.4,61.7,65.5,5.7,103.3,61.4,72.2,No Fertilizer,4,3,229.60000000000002,1.6331738437001595
Mbeya_Mjini,-8.926,33.428,Sandy Loam,17.75,71.33,0.2,126.9,16.4,19.9,6.1,127.6,15.9,20.0,NPK,4,4,163.20000000000002,7.293103448275863
Mbeya_Mjini,-8.882,33.416,Sandy Clay Loam,12.49,72.46,0.0,131.9,66.5,7.4,5.7,120.8,66.5,8.4,MOP,4,3,205.8,1.954074074074074
Mbeya_Mjini,-8.893,33.38,Sandy Clay Loam,17.6,86.2,2.84,45.7,16.4,65.5,5.8,48.1,18.4,58.9,DAP,4,3,127.6,2.6264367816091956
Mbeya_Mjini,-8.904,33.416,Sandy Clay Loam,19.35,68.06,0.0,128.7,25.6,90.5,6.0,131.1,25.5,88.0,SSP,4,3,244.79999999999998,4.838345864661654
Mbeya_Mjini,-8.871,33.38,Sandy Clay Loam,13.45,75.77,0.0,42.1,54.1,34.1,5.6,50.3,53.9,33.8,Urea,4,3,130.3,0.764065335753176
Mbeya_Mjini,-8.882,33.428,Clay Loam,16.8,73.82,0.99,73.2,30.5,17.6,5.7,65.3,30.0,16.0,NPK,4,1,121.30000000000001,2.323809523809524
Mbeya_Mjini,-8.97,33.416,Sandy Clay Loam,16.7,76.44,0.36,126.6,42.3,54.5,5.9,136.9,44.1,53.9,No Fertilizer,4,3,223.39999999999998,2.92378752886836
Mbeya_Mjini,-8.871,33.452,Clay Loam,16.47,74.58,0.0,123.2,30.6,83.4,5.6,120.4,33.3,82.1,No Fertilizer,4,1,237.20000000000002,3.8987341772151898
Mbeya_Mjini,-8.86,33.464,Clay Loam,19.77,60.97,0.0,153.3,55.3,72.5,5.6,154.4,53.0,71.9,No Fertilizer,4,1,281.1,2.7229129662522205
Mbeya_Mjini,-8.97,33.488,Sandy Clay Loam,15.3,83.4,0.31,121.0,18.7,60.6,5.9,121.8,19.1,58.3,SSP,4,3,200.29999999999998,6.1421319796954315
Mbeya_Mjini,-8.915,33.476,Loam,19.96,73.45,2.15,112.7,8.0,31.3,6.6,106.6,7.9,32.5,NPK,4,2,152.0,12.522222222222222
Mbeya_Mjini,-8.926,33.5,Loam,16.09,63.25,0.02,29.0,23.3,50.7,5.8,25.9,23.8,51.5,DAP,4,2,103.0,1.1934156378600822
Mbeya_Mjini,-8.882,33.392,Clay Loam,16.12,85.47,3.07,73.8,35.3,14.4,5.8,72.5,35.3,13.7,NPK,4,1,123.5,2.0330578512396693
Mbeya_Mjini,-8.97,33.452,Sandy Clay Loam,18.8,77.5,0.44,57.6,14.6,64.3,5.8,55.1,15.1,63.0,DAP,4,3,136.5,3.6923076923076925
Mbeya_Mjini,-8.86,33.428,Sandy Clay Loam,18.75,60.62,0.0,52.7,25.6,66.4,5.7,51.5,27.4,66.9,Urea,4,3,144.70000000000002,1.981203007518797
Mbeya_Mjini,-8.871,33.5,Sandy Clay Loam,17.24,84.83,1.19,187.9,31.4,78.5,5.9,175.4,30.4,87.1,No Fertilizer,4,3,297.8,5.799382716049383
Mbeya_Mjini,-8.882,33.5,Sandy Clay Loam,13.59,78.56,0.0,74.3,7.5,30.8,5.9,76.8,7.8,27.9,NPK,4,3,112.6,8.741176470588234
Mbeya_Mjini,-8.97,33.404,Sandy Clay Loam,19.3,71.28,0.14,173.8,43.0,7.2,5.8,161.6,42.5,7.6,MOP,4,3,224.0,3.95
Mbeya_Mjini,-8.86,33.404,Sandy Clay Loam,12.27,79.48,0.83,126.4,64.2,55.4,5.8,117.3,62.4,51.8,No Fertilizer,4,3,246.00000000000003,1.9386503067484662
Mbeya_Mjini,-8.97,33.38,Sandy Clay Loam,18.53,77.05,3.06,156.1,13.4,66.2,5.9,145.1,14.0,65.4,SSP,4,3,235.7,10.840277777777777
Mbeya_Mjini,-8.915,33.452,Sandy Loam,14.68,79.71,0.0,91.0,39.8,65.8,6.5,95.4,43.5,72.4,No Fertilizer,4,4,196.60000000000002,2.230392156862745
Mbeya_Mjini,-8.882,33.416,Sandy Clay Loam,16.86,87.83,5.37,106.8,56.0,24.2,5.7,108.1,47.9,22.3,MOP,4,3,187.0,1.8736842105263158
Mbeya_Mjini,-8.893,33.38,Sandy Clay Loam,17.38,88.56,8.98,95.3,30.5,28.5,5.8,93.7,31.7,28.0,MOP,4,3,154.3,3.0253968253968253
Mbeya_Mjini,-8.86,33.38,Clay Loam,16.14,75.09,0.0,39.0,52.5,53.6,5.7,43.2,50.3,49.1,Urea,4,1,145.1,0.7289719626168224
Mbeya_Mjini,-8.959,33.38,Sandy Clay Loam,16.98,90.34,14.66,147.6,35.3,33.3,5.7,132.8,31.1,33.8,No Fertilizer,4,3,216.2,4.066115702479339
Mbeya_Mjini,-8.893,33.44,Sandy Clay Loam,18.92,75.94,0.04,57.7,39.4,82.1,6.1,57.7,37.3,78.3,Urea,4,3,179.2,1.4282178217821784
Mbeya_Mjini,-8.926,33.452,Sandy Loam,15.31,75.1,0.0,14.4,4.4,40.1,5.8,14.1,4.5,45.8,DAP,4,4,58.900000000000006,2.6666666666666665
Mbeya_Mjini,-8.882,33.488,Sandy Clay Loam,15.88,84.33,0.0,114.9,49.4,70.6,5.9,119.7,49.7,73.2,No Fertilizer,4,3,234.9,2.279761904761905
Mbeya_Mjini,-8.97,33.392,Sandy Clay Loam,12.31,78.76,0.03,36.4,44.9,49.9,5.9,40.1,47.6,54.8,Urea,4,3,131.2,0.7930283224400871
Mbeya_Mjini,-8.904,33.416,Sandy Clay Loam,14.51,72.6,0.0,162.7,6.9,69.1,6.0,169.9,6.5,70.9,SSP,4,3,238.7,20.594936708860757
Mbeya_Mjini,-8.959,33.416,Sandy Clay Loam,13.46,85.13,1.1,174.8,29.4,35.1,5.8,172.2,28.3,33.9,No Fertilizer,4,3,239.3,5.750000000000001
Mbeya_Mjini,-8.915,33.464,Sandy Loam,18.64,86.68,53.35,173.3,66.1,72.6,6.2,165.5,68.6,75.8,No Fertilizer,4,4,312.0,2.582712369597616
Mbeya_Mjini,-8.86,33.428,Sandy Clay Loam,18.07,85.31,0.13,73.8,29.5,30.8,5.7,72.9,31.8,29.1,NPK,4,3,134.1,2.419672131147541
Mbeya_Mjini,-8.97,33.452,Sandy Clay Loam,14.86,84.35,0.0,12.9,33.7,48.8,5.8,12.6,37.1,51.9,Urea,4,3,95.4,0.3717579250720461
Mbeya_Mjini,-8.959,33.404,Sandy Clay Loam,18.1,75.84,0.7,163.9,68.5,25.5,5.8,167.8,64.1,24.0,MOP,4,3,257.9,2.358273381294964
Mbeya_Mjini,-8.86,33.38,Clay Loam,13.86,75.72,0.0,85.7,51.8,50.2,5.7,82.8,51.3,45.9,Urea,4,1,187.7,1.6231060606060608
Mbeya_Mjini,-8.959,33.392,Sandy Clay Loam,15.97,65.2,0.0,192.4,43.1,35.0,5.7,174.3,42.4,32.7,MOP,4,3,270.5,4.36281179138322
Mbeya_Mjini,-8.882,33.416,Sandy Clay Loam,16.6,89.76,5.11,182.4,53.4,27.7,5.7,173.8,56.7,28.4,MOP,4,3,263.5,3.3529411764705883
Mbeya_Mjini,-8.882,33.38,Sandy Clay Loam,19.65,66.61,0.0,163.8,54.8,74.2,5.5,155.0,61.0,87.2,No Fertilizer,4,3,292.8,2.9354838709677424
Mbeya_Mjini,-8.893,33.44,Sandy Clay Loam,18.26,86.28,3.44,61.3,36.5,20.2,6.1,60.1,34.2,19.4,NPK,4,3,118.0,1.6346666666666665
Mbeya_Mjini,-8.871,33.38,Sandy Clay Loam,19.4,85.1,0.88,67.5,35.5,71.5,5.6,75.5,35.4,72.1,Urea,4,3,174.5,1.8493150684931507
Mbeya_Mjini,-8.893,33.404,Sandy Clay Loam,15.7,79.58,0.0,143.4,31.4,82.6,5.7,154.7,29.5,88.7,No Fertilizer,4,3,257.4,4.4259259259259265
Mbeya_Mjini,-8.926,33.476,Loam,13.71,76.64,0.0,65.9,66.0,7.4,5.8,63.9,67.8,7.7,NPK,4,2,139.3,0.9835820895522389
Mbeya_Mjini,-8.904,33.416,Sandy Clay Loam,17.85,69.43,0.01,38.8,49.2,71.2,6.0,38.8,50.0,64.7,Urea,4,3,159.2,0.7729083665338644
Mbeya_Mjini,-8.97,33.416,Sandy Clay Loam,17.67,85.25,3.1,107.9,10.0,25.1,5.9,104.7,9.5,27.2,NPK,4,3,143.0,9.80909090909091
Mbeya_Mjini,-8.871,33.38,Sandy Clay Loam,17.19,88.97,31.03,189.0,64.1,9.7,5.6,169.1,61.0,9.4,MOP,4,3,262.8,2.903225806451613
Mbeya_Mjini,-8.871,33.428,Sandy Clay Loam,18.06,72.16,0.24,134.8,37.7,40.5,5.8,128.3,35.7,39.8,No Fertilizer,4,3,213.0,3.483204134366925
Mbeya_Mjini,-8.97,33.5,Sandy Clay Loam,18.99,82.09,2.12,116.3,8.4,82.4,6.1,106.9,8.5,84.6,SSP,4,3,207.10000000000002,12.372340425531915
Mbeya_Mjini,-8.893,33.392,Sandy Clay Loam,15.88,75.58,0.0,26.7,42.0,7.3,5.8,26.5,40.3,7.0,NPK,4,3,76.0,0.6209302325581395
Mbeya_Mjini,-8.86,33.404,Sandy Clay Loam,17.77,86.94,8.21,108.1,34.0,61.7,5.8,114.6,31.5,55.4,No Fertilizer,4,3,203.8,3.0885714285714285
Mbeya_Mjini,-8.97,33.38,Sandy Clay Loam,18.98,77.51,1.6,177.6,61.5,47.1,5.9,178.3,61.9,48.1,No Fertilizer,4,3,286.2,2.8416
Mbeya_Mjini,-8.97,33.416,Sandy Clay Loam,12.62,83.07,0.15,31.9,16.8,78.0,5.9,33.8,17.5,79.4,DAP,4,3,126.7,1.792134831460674
Mbeya_Mjini,-8.904,33.38,Sandy Clay Loam,18.44,86.67,3.36,108.8,64.0,13.6,6.0,98.1,58.5,13.1,MOP,4,3,186.4,1.6738461538461538
Mbeya_Mjini,-8.904,33.428,Sandy Clay Loam,16.6,73.43,0.05,168.0,38.9,67.3,5.8,159.2,40.8,63.2,No Fertilizer,4,3,274.2,4.2105263157894735
Mbeya_Mjini,-8.904,33.404,Sandy Clay Loam,17.02,89.81,21.82,140.9,7.9,62.6,5.8,135.9,7.6,63.1,SSP,4,3,211.4,15.831460674157304
Mbeya_Mjini,-8.882,33.488,Sandy Clay Loam,18.0,75.58,6.38,139.6,67.9,60.9,5.9,128.5,68.1,62.2,No Fertilizer,4,3,268.4,2.0261248185776486
Mbeya_Mjini,-8.893,33.38,Sandy Clay Loam,18.21,63.19,0.0,111.1,33.0,71.9,5.8,129.4,37.8,85.2,No Fertilizer,4,3,216.0,3.2676470588235293
Mbeya_Mjini,-8.904,33.464,Loam,17.52,86.24,6.98,74.0,25.0,71.0,6.7,71.1,23.2,75.1,DAP,4,2,170.0,2.8461538461538463
Mbeya_Mjini,-8.926,33.476,Loam,13.87,77.94,0.07,54.4,28.2,8.8,5.8,59.9,35.0,9.5,NPK,4,2,91.39999999999999,1.8630136986301369
Mbeya_Mjini,-8.882,33.476,Sandy Clay Loam,18.26,78.47,0.12,147.5,52.2,47.8,5.9,147.6,60.6,45.6,No Fertilizer,4,3,247.5,2.7725563909774436
Mbeya_Mjini,-8.97,33.5,Sandy Clay Loam,15.34,82.88,0.09,144.5,25.0,38.8,6.1,147.7,24.1,39.4,SSP,4,3,208.3,5.5576923076923075
Mbeya_Mjini,-8.882,33.452,Sandy Clay Loam,19.34,74.66,0.09,164.7,17.3,31.4,5.6,157.4,16.7,32.1,NPK,4,3,213.4,8.999999999999998
Mbeya_Mjini,-8.926,33.464,Sandy Loam,14.31,83.03,0.48,167.9,12.0,43.9,5.9,165.3,12.5,43.9,SSP,4,4,223.8,12.915384615384616
Mbeya_Mjini,-8.893,33.476,Loam,17.98,89.1,5.1,106.1,23.9,35.9,5.9,96.9,23.7,38.3,SSP,4,2,165.9,4.261044176706827
Mbeya_Mjini,-8.904,33.416,Sandy Clay Loam,16.93,87.56,10.39,91.2,45.7,46.9,6.0,95.3,55.5,42.3,No Fertilizer,4,3,183.8,1.9528907922912204
Mbeya_Mjini,-8.86,33.452,Clay Loam,17.53,92.88,6.33,152.9,36.9,96.3,5.6,145.7,35.1,88.3,No Fertilizer,4,1,286.1,4.034300791556729
Mbeya_Mjini,-8.926,33.476,Loam,12.61,79.14,0.0,121.9,19.3,15.0,5.8,120.5,19.0,13.4,NPK,4,2,156.20000000000002,6.004926108374384
Mbeya_Mjini,-8.893,33.476,Loam,17.54,86.77,2.35,114.5,14.9,87.5,5.9,129.3,15.0,83.5,SSP,4,2,216.9,7.20125786163522
Mbeya_Mjini,-8.882,33.416,Sandy Clay Loam,16.14,75.09,0.0,135.9,26.0,46.2,5.7,145.3,26.0,46.3,SSP,4,3,208.10000000000002,5.033333333333333
Mbeya_Mjini,-8.904,33.392,Sandy Clay Loam,17.64,84.12,19.8,159.6,68.3,65.0,5.9,161.3,66.0,58.4,No Fertilizer,4,3,292.9,2.303030303030303
Mbeya_Mjini,-8.86,33.416,Sandy Clay Loam,19.31,72.45,0.16,72.7,26.6,72.1,5.7,67.5,26.6,75.7,DAP,4,3,171.4,2.6340579710144927
Mbeya_Mjini,-8.959,33.464,Sandy Clay Loam,14.84,64.42,0.0,76.2,60.1,34.1,5.9,73.8,69.2,36.3,Urea,4,3,170.4,1.2471358428805237
Mbeya_Mjini,-8.86,33.416,Sandy Clay Loam,17.24,89.9,8.15,23.9,41.6,40.4,5.7,26.0,36.0,42.2,Urea,4,3,105.9,0.5610328638497653
Mbeya_Mjini,-8.893,33.452,Sandy Clay Loam,15.13,76.39,0.03,107.2,17.2,41.9,5.8,108.3,15.8,40.4,SSP,4,3,166.3,5.8901098901098905
Mbeya_Mjini,-8.926,33.452,Sandy Loam,18.05,85.01,0.94,18.4,57.2,35.5,5.8,16.1,62.8,37.5,Urea,4,4,111.1,0.3161512027491409
Mbeya_Mjini,-8.86,33.452,Clay Loam,17.7,84.46,6.15,89.8,33.6,82.8,5.6,89.2,34.4,83.7,Urea,4,1,206.2,2.5953757225433525
Mbeya_Mjini,-8.904,33.488,Sandy Clay Loam,14.12,82.15,0.0,99.9,50.0,67.1,5.9,102.2,50.8,75.6,No Fertilizer,4,3,217.0,1.9588235294117649
Mbeya_Mjini,-8.893,33.416,Sandy Clay Loam,18.51,63.54,0.0,60.7,74.1,15.7,5.8,58.7,68.9,15.2,NPK,4,3,150.5,0.8082556591211719
Mbeya_Mjini,-8.97,33.44,Sandy Clay Loam,14.62,80.38,0.0,116.3,6.2,13.5,5.8,110.4,7.3,15.1,NPK,4,3,136.0,16.15277777777778
Mbeya_Mjini,-8.915,33.404,Loam,15.88,88.66,3.18,14.7,10.0,39.2,6.0,15.2,10.4,41.9,DAP,4,2,63.900000000000006,1.3363636363636362
Mbeya_Mjini,-8.904,33.404,Sandy Clay Loam,14.3,80.51,0.02,16.9,45.2,15.5,5.8,16.3,51.6,14.3,NPK,4,3,77.6,0.36580086580086574
Mbeya_Mjini,-8.97,33.464,Sandy Clay Loam,17.66,89.05,7.42,146.4,22.1,62.8,5.9,149.8,22.6,58.0,SSP,4,3,231.3,6.337662337662337
Mbeya_Mjini,-8.871,33.428,Sandy Clay Loam,18.14,72.7,0.0,74.8,15.6,18.5,5.8,71.2,16.2,18.1,NPK,4,3,108.89999999999999,4.506024096385541
Mbeya_Mjini,-8.893,33.488,Sandy Loam,19.3,83.34,11.8,32.0,6.6,50.8,5.9,31.6,6.6,49.9,DAP,4,4,89.4,4.2105263157894735
Mbeya_Mjini,-8.959,33.404,Sandy Clay Loam,19.96,68.3,0.0,102.1,5.2,6.4,5.8,98.8,5.4,6.6,NPK,4,3,113.7,16.46774193548387
Mbeya_Mjini,-8.915,33.416,Sandy Clay Loam,18.95,75.93,1.38,133.4,52.2,30.8,6.1,140.9,55.1,32.6,MOP,4,3,216.40000000000003,2.507518796992481
Mbeya_Mjini,-8.893,33.452,Sandy Clay Loam,18.82,76.93,0.01,44.0,13.4,61.3,5.8,46.7,12.9,62.9,DAP,4,3,118.69999999999999,3.0555555555555554
Mbeya_Mjini,-8.882,33.392,Clay Loam,16.98,94.55,6.11,123.6,36.0,41.7,5.8,115.9,34.9,46.7,No Fertilizer,4,1,201.3,3.34054054054054
Mbeya_Mjini,-8.915,33.38,Sandy Clay Loam,16.24,86.25,0.75,24.4,45.7,89.7,6.0,24.5,44.0,88.2,Urea,4,3,159.8,0.5224839400428265
Mbeya_Mjini,-8.904,33.464,Loam,19.21,84.27,30.12,19.2,31.9,79.7,6.7,18.8,32.3,79.4,Urea,4,2,130.8,0.5835866261398176
Mbeya_Mjini,-8.86,33.488,Clay Loam,21.64,65.0,0.99,98.2,5.6,33.8,5.8,100.3,5.8,36.2,SSP,4,1,137.6,14.87878787878788
Mbeya_Mjini,-8.871,33.476,Clay Loam,17.95,86.36,0.03,108.3,55.2,10.9,5.8,101.9,55.7,9.8,MOP,4,1,174.4,1.9270462633451957
Mbeya_Mjini,-8.915,33.428,Sandy Clay Loam,17.54,70.87,0.0,113.3,4.9,80.3,5.8,118.4,4.7,77.0,SSP,4,3,198.5,19.203389830508474
Mbeya_Mjini,-8.86,33.416,Sandy Clay Loam,18.43,79.71,9.43,132.2,46.0,86.5,5.7,133.4,54.3,82.5,No Fertilizer,4,3,264.7,2.8127659574468082
Mbeya_Mjini,-8.904,33.5,Loam,16.61,86.06,0.49,185.6,64.7,72.4,5.9,175.9,63.0,74.9,No Fertilizer,4,2,322.70000000000005,2.8249619482496193
Mbeya_Mjini,-8.86,33.44,Sandy Clay Loam,18.68,67.21,0.0,105.8,33.3,16.7,5.6,97.8,32.6,16.7,MOP,4,3,155.79999999999998,3.0845481049562684
Mbeya_Mjini,-8.882,33.488,Sandy Clay Loam,19.39,86.8,46.71,62.5,39.5,93.8,5.9,64.9,39.3,89.8,Urea,4,3,195.8,1.5432098765432098
Mbeya_Mjini,-8.882,33.38,Sandy Clay Loam,13.89,83.09,0.04,165.1,35.1,28.0,5.5,145.2,35.5,27.7,MOP,4,3,228.2,4.573407202216067
Mbeya_Mjini,-8.871,33.428,Sandy Clay Loam,12.88,77.97,0.02,57.3,24.4,74.3,5.8,56.0,29.7,66.8,Urea,4,3,156.0,2.2559055118110236
Mbeya_Mjini,-8.904,33.38,Sandy Clay Loam,16.41,90.92,11.12,78.4,60.6,81.1,6.0,84.6,62.6,82.3,Urea,4,3,220.1,1.2727272727272727
Mbeya_Mjini,-8.86,33.404,Sandy Clay Loam,16.96,89.37,37.57,23.9,70.9,24.9,5.8,23.3,63.0,25.8,NPK,4,3,119.70000000000002,0.3324061196105702
Mbeya_Mjini,-8.97,33.38,Sandy Clay Loam,16.49,84.49,7.93,13.9,26.2,85.9,5.9,14.3,26.2,82.3,DAP,4,3,126.0,0.511029411764706
Mbeya_Mjini,-8.86,33.5,Clay Loam,17.79,90.18,22.4,178.9,43.6,29.2,5.9,173.7,44.6,32.0,MOP,4,1,251.7,4.011210762331839
Mbeya_Mjini,-8.97,33.416,Sandy Clay Loam,17.05,93.57,2.87,151.7,65.3,93.7,5.9,152.1,65.2,88.0,No Fertilizer,4,3,310.7,2.2880844645550527
Mbeya_Mjini,-8.959,33.452,Clay Loam,17.35,86.48,1.99,129.0,69.2,26.9,5.8,128.3,67.5,29.6,MOP,4,1,225.1,1.8376068376068375
Mbeya_Mjini,-8.86,33.44,Sandy Clay Loam,16.73,89.14,8.31,74.4,39.3,89.9,5.6,79.5,37.6,86.1,Urea,4,3,203.60000000000002,1.8461538461538465
Mbeya_Mjini,-8.904,33.452,Sandy Loam,20.01,67.39,0.56,42.2,33.3,10.0,5.9,39.5,33.9,10.5,NPK,4,4,85.5,1.230320699708455
Mbeya_Mjini,-8.915,33.428,Sandy Clay Loam,14.49,84.57,0.08,33.6,23.1,67.8,5.8,36.6,22.4,65.6,DAP,4,3,124.5,1.3941908713692945
Mbeya_Mjini,-8.871,33.416,Sandy Clay Loam,14.18,72.83,0.0,48.5,75.2,53.9,5.8,52.5,67.3,50.7,Urea,4,3,177.6,0.6364829396325459
Mbeya_Mjini,-8.893,33.5,Sandy Clay Loam,17.47,87.97,9.01,106.0,14.4,46.6,5.8,103.4,13.4,46.1,SSP,4,3,167.0,6.883116883116883
Mbeya_Mjini,-8.871,33.44,Clay Loam,11.0,69.38,0.0,146.2,49.2,22.7,5.6,131.5,42.3,24.8,MOP,4,1,218.09999999999997,2.9123505976095614
Mbeya_Mjini,-8.871,33.392,Clay Loam,15.66,86.54,0.18,119.2,21.6,61.2,5.8,122.2,22.6,65.3,SSP,4,1,202.0,5.274336283185841
Mbeya_Mjini,-8.893,33.38,Sandy Clay Loam,18.62,85.68,0.81,60.4,25.0,20.9,5.8,57.6,22.4,22.0,NPK,4,3,106.30000000000001,2.323076923076923
Mbeya_Mjini,-8.871,33.488,Sandy Clay Loam,14.27,68.63,0.0,185.3,29.0,45.5,5.8,172.3,30.7,52.4,No Fertilizer,4,3,259.8,6.176666666666667
Mbeya_Mjini,-8.893,33.38,Sandy Clay Loam,17.64,68.44,0.0,143.2,71.7,29.4,5.8,135.4,69.9,27.3,MOP,4,3,244.29999999999998,1.9697386519944977
Mbeya_Mjini,-8.86,33.428,Sandy Clay Loam,18.09,78.82,8.28,102.0,8.0,86.9,5.7,104.2,7.6,86.3,SSP,4,3,196.9,11.333333333333334
Mbeya_Mjini,-8.926,33.44,Clay Loam,16.06,86.95,4.33,105.3,40.7,7.7,5.9,114.0,42.2,8.4,MOP,4,1,153.7,2.5251798561151078
Mbeya_Mjini,-8.882,33.44,Sandy Clay Loam,18.22,79.85,14.09,68.8,9.5,25.1,5.5,81.3,9.4,22.8,NPK,4,3,103.4,6.552380952380952
Mbeya_Mjini,-8.893,33.404,Sandy Clay Loam,12.79,80.43,0.02,51.2,15.1,25.1,5.7,52.1,14.2,26.4,NPK,4,3,91.4,3.1801242236024843
Mbeya_Mjini,-8.904,33.416,Sandy Clay Loam,18.56,77.13,2.24,76.3,31.4,41.5,6.0,70.5,33.0,40.8,Urea,4,3,149.2,2.3549382716049383
Mbeya_Mjini,-8.86,33.404,Sandy Clay Loam,18.16,87.78,2.73,127.9,42.1,24.1,5.8,138.8,37.7,25.5,MOP,4,3,194.1,2.9675174013921115
Mbeya_Mjini,-8.97,33.392,Sandy Clay Loam,17.09,84.5,15.22,13.1,19.0,40.6,5.9,12.4,21.1,47.3,DAP,4,3,72.7,0.655
Mbeya_Mjini,-8.893,33.452,Sandy Clay Loam,16.41,92.82,32.35,27.8,28.3,71.7,5.8,29.7,24.9,79.3,DAP,4,3,127.80000000000001,0.9488054607508533
Mbeya_Mjini,-8.86,33.44,Sandy Clay Loam,16.8,89.9,7.49,18.0,10.4,63.7,5.6,17.8,9.7,65.8,DAP,4,3,92.1,1.5789473684210527
Mbeya_Mjini,-8.915,33.392,Sandy Clay Loam,16.38,77.59,0.16,17.8,23.9,58.2,5.8,16.9,24.0,54.7,DAP,4,3,99.9,0.7148594377510041
Mbeya_Mjini,-8.882,33.44,Sandy Clay Loam,15.81,85.1,0.01,148.3,65.9,13.8,5.5,155.4,67.8,13.5,MOP,4,3,228.00000000000003,2.216741405082212
Mbeya_Mjini,-8.86,33.464,Clay Loam,17.58,90.36,21.48,131.2,64.0,64.9,5.6,129.6,66.4,64.3,No Fertilizer,4,1,260.1,2.0184615384615383
Mbeya_Mjini,-8.893,33.488,Sandy Loam,17.64,87.29,6.25,88.0,25.9,17.2,5.9,90.6,26.1,20.0,NPK,4,4,131.1,3.271375464684015
Mbeya_Mjini,-8.97,33.464,Sandy Clay Loam,17.05,76.02,0.0,27.9,41.5,78.5,5.9,26.6,41.7,72.1,Urea,4,3,147.9,0.6564705882352941
Mbeya_Mjini,-8.882,33.416,Sandy Clay Loam,18.7,71.58,0.0,95.1,69.7,27.4,5.7,93.6,64.0,27.0,MOP,4,3,192.20000000000002,1.345120226308345
Mbeya_Mjini,-8.904,33.416,Sandy Clay Loam,14.63,81.3,0.0,90.8,5.0,40.7,6.0,90.5,4.4,41.0,SSP,4,3,136.5,15.133333333333333
Mbeya_Mjini,-8.915,33.464,Sandy Loam,18.75,68.3,0.06,43.7,58.3,38.2,6.2,39.4,57.5,35.4,Urea,4,4,140.2,0.7369308600337269
Mbeya_Mjini,-8.926,33.476,Loam,18.12,82.99,2.39,87.6,62.7,85.0,5.8,83.8,66.6,78.1,Urea,4,2,235.3,1.3751962323390894
Mbeya_Mjini,-8.959,33.404,Sandy Clay Loam,17.49,84.22,8.84,74.0,9.6,18.0,5.8,77.7,10.0,16.6,NPK,4,3,101.6,6.981132075471699
Mbeya_Mjini,-8.926,33.5,Loam,12.92,71.29,0.0,114.0,14.5,52.6,5.8,114.7,14.7,53.5,SSP,4,2,181.1,7.354838709677419
Mbeya_Mjini,-8.97,33.428,Sandy Clay Loam,11.62,81.48,0.11,117.3,62.5,16.7,5.9,118.0,67.4,17.9,MOP,4,3,196.5,1.847244094488189
Mbeya_Mjini,-8.915,33.476,Loam,19.36,67.69,0.16,17.8,36.2,69.7,6.6,17.7,39.5,65.2,Urea,4,2,123.7,0.47849462365591394
Mbeya_Mjini,-8.97,33.452,Sandy Clay Loam,15.83,80.59,0.0,86.7,5.7,74.2,5.8,73.7,4.9,82.0,DAP,4,3,166.60000000000002,12.940298507462687
Mbeya_Mjini,-8.915,33.452,Sandy Loam,18.99,82.09,2.12,119.4,21.4,48.3,6.5,116.4,21.0,42.5,SSP,4,4,189.10000000000002,5.330357142857143
Mbeya_Mjini,-8.882,33.44,Sandy Clay Loam,17.29,89.91,45.71,81.9,31.7,47.1,5.5,95.5,33.7,47.0,No Fertilizer,4,3,160.70000000000002,2.5045871559633026
Mbeya_Mjini,-8.97,33.476,Sandy Clay Loam,17.02,89.09,7.91,149.7,52.6,77.7,6.0,155.6,49.7,83.9,No Fertilizer,4,3,280.0,2.792910447761194
Mbeya_Mjini,-8.959,33.44,Sandy Clay Loam,11.82,82.95,5.48,105.5,48.1,45.5,5.7,122.0,52.4,49.8,No Fertilizer,4,3,199.1,2.1486761710794298
Mbeya_Mjini,-8.97,33.392,Sandy Clay Loam,14.29,76.43,0.0,36.8,64.4,42.8,5.9,37.7,69.7,47.0,Urea,4,3,144.0,0.5626911314984708
Mbeya_Mjini,-8.86,33.5,Clay Loam,15.61,82.99,0.36,18.9,21.7,55.1,5.9,22.0,23.0,54.6,DAP,4,1,95.69999999999999,0.8325991189427312
Mbeya_Mjini,-8.871,33.452,Clay Loam,14.35,81.6,0.01,111.9,44.1,63.9,5.6,119.2,39.5,63.9,No Fertilizer,4,1,219.9,2.4811529933481156
Mbeya_Mjini,-8.882,33.416,Sandy Clay Loam,16.28,91.25,0.85,13.0,38.5,13.7,5.7,14.5,39.2,15.0,NPK,4,3,65.2,0.3291139240506329
Mbeya_Mjini,-8.915,33.428,Sandy Clay Loam,13.47,79.45,0.08,112.5,25.5,73.1,5.8,109.6,30.8,75.0,No Fertilizer,4,3,211.1,4.245283018867925
Mbeya_Mjini,-8.97,33.44,Sandy Clay Loam,15.42,87.56,13.23,169.8,16.4,38.5,5.8,169.8,15.2,42.6,SSP,4,3,224.70000000000002,9.758620689655174
Mbeya_Mjini,-8.882,33.38,Sandy Clay Loam,15.68,75.08,0.0,110.1,67.0,12.6,5.5,107.8,68.5,12.1,MOP,4,3,189.7,1.6191176470588236
Mbeya_Mjini,-8.926,33.488,Loam,16.08,83.88,1.31,75.4,52.5,71.8,5.9,76.0,60.3,72.0,Urea,4,2,199.7,1.4093457943925234
Mbeya_Mjini,-8.882,33.38,Sandy Clay Loam,19.04,77.52,1.49,107.7,36.1,36.7,5.5,119.4,36.9,37.7,No Fertilizer,4,3,180.5,2.9029649595687332
Mbeya_Mjini,-8.893,33.488,Sandy Loam,14.15,84.32,0.29,91.1,45.4,13.1,5.9,87.9,43.8,14.4,NPK,4,4,149.6,1.9633620689655171
Mbeya_Mjini,-8.97,33.476,Sandy Clay Loam,18.55,74.39,1.76,116.6,19.5,58.0,6.0,102.8,19.0,59.2,SSP,4,3,194.1,5.68780487804878
Mbeya_Mjini,-8.926,33.5,Loam,12.72,81.3,0.0,174.9,44.9,77.6,5.8,170.0,39.9,79.9,No Fertilizer,4,2,297.4,3.8104575163398695
Mbeya_Mjini,-8.871,33.38,Sandy Clay Loam,18.78,67.11,0.0,73.4,46.9,82.4,5.6,75.6,49.9,80.6,Urea,4,3,202.70000000000002,1.5323590814196244
Mbeya_Mjini,-8.959,33.38,Sandy Clay Loam,18.58,90.43,3.66,156.1,38.1,87.5,5.7,173.4,38.0,86.4,No Fertilizer,4,3,281.7,3.9923273657289
Mbeya_Mjini,-8.97,33.476,Sandy Clay Loam,17.16,78.25,0.0,153.5,66.0,83.3,6.0,163.9,69.4,78.9,No Fertilizer,4,3,302.8,2.291044776119403
Mbeya_Mjini,-8.893,33.404,Sandy Clay Loam,18.08,87.4,11.75,44.7,39.6,6.0,5.7,43.3,44.3,6.2,NPK,4,3,90.30000000000001,1.1009852216748768
Mbeya_Mjini,-8.959,33.404,Sandy Clay Loam,12.7,81.69,0.0,23.4,30.2,33.0,5.8,21.8,28.5,37.9,Urea,4,3,86.6,0.75
Mbeya_Mjini,-8.86,33.5,Clay Loam,15.73,82.57,0.05,27.6,56.7,79.9,5.9,27.1,55.0,74.8,Urea,4,1,164.20000000000002,0.4783362218370884
Mbeya_Mjini,-8.871,33.392,Clay Loam,17.58,71.73,0.0,13.8,15.6,34.4,5.8,13.1,15.3,36.8,DAP,4,1,63.8,0.8313253012048193
Mbeya_Mjini,-8.97,33.392,Sandy Clay Loam,20.42,66.79,0.0,27.3,30.3,52.1,5.9,26.1,29.4,56.5,Urea,4,3,109.7,0.8722044728434505
Mbeya_Mjini,-8.915,33.392,Sandy Clay Loam,17.15,86.95,5.02,130.6,25.6,56.8,5.8,126.1,26.9,56.9,SSP,4,3,213.0,4.909774436090225
Mbeya_Mjini,-8.959,33.38,Sandy Clay Loam,16.87,85.64,5.26,21.1,30.2,37.4,5.7,22.1,32.5,36.7,Urea,4,3,88.69999999999999,0.6762820512820513
Mbeya_Mjini,-8.926,33.488,Loam,17.74,91.46,17.73,65.0,55.7,78.9,5.9,64.2,55.6,82.0,Urea,4,2,199.60000000000002,1.146384479717813
Mbeya_Mjini,-8.915,33.428,Sandy Clay Loam,15.15,82.58,0.0,144.5,38.9,46.5,5.8,153.6,36.0,48.3,No Fertilizer,4,3,229.9,3.6215538847117794
Mbeya_Mjini,-8.915,33.416,Sandy Clay Loam,13.98,82.54,0.1,14.0,62.8,43.8,6.1,14.0,56.4,45.0,Urea,4,3,120.6,0.219435736677116
Mbeya_Mjini,-8.904,33.416,Sandy Clay Loam,20.74,64.54,0.3,151.9,44.4,98.7,6.0,148.5,42.0,89.8,No Fertilizer,4,3,295.0,3.3458149779735686
Mbeya_Mjini,-8.86,33.428,Sandy Clay Loam,17.44,85.11,3.49,64.7,26.6,47.4,5.7,57.9,26.6,47.5,DAP,4,3,138.70000000000002,2.3442028985507246
Mbeya_Mjini,-8.97,33.38,Sandy Clay Loam,18.91,86.67,4.03,27.3,58.5,19.6,5.9,30.1,57.5,21.0,NPK,4,3,105.4,0.45882352941176474
Mbeya_Mjini,-8.86,33.5,Clay Loam,17.88,73.92,0.25,132.8,19.7,45.8,5.9,128.4,19.7,49.1,SSP,4,1,198.3,6.415458937198069
Mbeya_Mjini,-8.86,33.38,Clay Loam,18.23,63.44,0.0,129.0,17.5,73.1,5.7,116.9,18.8,74.4,SSP,4,1,219.6,6.972972972972973
Mbeya_Mjini,-8.882,33.452,Sandy Clay Loam,17.37,63.65,0.0,167.6,37.4,72.4,5.6,159.2,37.3,71.3,No Fertilizer,4,3,277.4,4.364583333333333
Mbeya_Mjini,-8.893,33.416,Sandy Clay Loam,16.93,89.26,1.08,142.8,19.2,74.7,5.8,135.0,21.2,72.2,SSP,4,3,236.7,7.06930693069307
Mbeya_Mjini,-8.893,33.416,Sandy Clay Loam,16.6,73.63,0.0,152.6,4.6,66.0,5.8,146.6,4.6,65.5,SSP,4,3,223.2,27.25
Mbeya_Mjini,-8.904,33.428,Sandy Clay Loam,16.84,89.42,4.4,63.2,52.1,25.7,5.8,57.9,46.8,27.4,NPK,4,3,141.0,1.1902071563088512
Mbeya_Mjini,-8.893,33.404,Sandy Clay Loam,18.68,67.96,0.0,37.1,39.9,76.1,5.7,40.2,37.7,78.4,Urea,4,3,153.1,0.9070904645476773
Mbeya_Mjini,-8.882,33.5,Sandy Clay Loam,16.69,86.13,6.77,124.3,31.2,85.2,5.9,137.6,33.4,81.0,No Fertilizer,4,3,240.7,3.8602484472049685
Mbeya_Mjini,-8.904,33.452,Sandy Loam,18.29,84.09,0.11,147.1,67.5,20.5,5.9,147.2,67.8,22.3,MOP,4,4,235.1,2.1474452554744525
Mbeya_Mjini,-8.904,33.5,Loam,18.46,85.04,16.1,151.4,39.3,16.4,5.9,178.4,41.7,17.0,MOP,4,2,207.1,3.756823821339951
Mbeya_Mjini,-8.871,33.476,Clay Loam,15.49,83.39,0.0,87.0,60.7,91.6,5.8,80.1,61.0,88.0,Urea,4,1,239.29999999999998,1.4100486223662885
Mbeya_Mjini,-8.882,33.44,Sandy Clay Loam,17.5,92.27,8.17,79.5,14.2,83.8,5.5,73.2,13.2,78.9,DAP,4,3,177.5,5.230263157894737
Mbeya_Mjini,-8.97,33.428,Sandy Clay Loam,11.7,82.29,0.06,137.7,43.5,79.9,5.9,142.0,41.6,81.0,No Fertilizer,4,3,261.1,3.09438202247191
Mbeya_Mjini,-8.915,33.488,Loam,12.65,75.33,0.0,66.2,71.9,78.1,6.4,67.9,61.3,80.5,Urea,4,2,216.20000000000002,0.9080932784636488
Mbeya_Mjini,-8.871,33.38,Sandy Clay Loam,19.54,67.22,0.0,167.4,46.0,46.7,5.6,168.2,42.5,51.5,No Fertilizer,4,3,260.1,3.5617021276595744
Mbeya_Mjini,-8.904,33.464,Loam,19.78,72.69,0.17,156.5,52.1,62.5,6.7,155.9,51.4,60.3,No Fertilizer,4,2,271.1,2.9472693032015065
Mbeya_Mjini,-8.882,33.44,Sandy Clay Loam,18.49,82.41,1.62,83.7,29.9,56.6,5.5,82.9,28.6,51.8,Urea,4,3,170.2,2.70873786407767
Mbeya_Mjini,-8.893,33.476,Loam,15.34,83.15,0.0,143.0,10.0,12.2,5.9,137.6,10.1,10.3,NPK,4,2,165.2,13.0
Mbeya_Mjini,-8.871,33.404,Sandy Clay Loam,17.11,67.11,0.0,136.6,31.5,70.5,5.7,138.3,34.2,68.6,No Fertilizer,4,3,238.6,4.203076923076923
Mbeya_Mjini,-8.882,33.464,Sandy Clay Loam,17.64,87.92,43.56,29.3,32.8,48.3,5.8,27.5,30.0,48.4,Urea,4,3,110.39999999999999,0.8668639053254439
Mbeya_Mjini,-8.926,33.5,Loam,13.39,77.59,0.0,168.5,65.6,56.5,5.8,163.4,61.2,60.4,No Fertilizer,4,2,290.6,2.5300300300300305
Mbeya_Mjini,-8.915,33.452,Sandy Loam,18.25,79.21,3.69,91.8,19.8,41.9,6.5,95.9,20.1,48.2,SSP,4,4,153.5,4.413461538461538
Mbeya_Mjini,-8.926,33.5,Loam,17.7,84.46,6.15,164.6,69.1,47.9,5.8,150.5,67.8,47.3,No Fertilizer,4,2,281.59999999999997,2.348074179743224
Mbeya_Mjini,-8.915,33.464,Sandy Loam,18.37,85.62,6.04,58.3,73.1,23.8,6.2,64.4,67.2,20.4,NPK,4,4,155.2,0.786774628879892
Mbeya_Mjini,-8.97,33.404,Sandy Clay Loam,17.12,88.66,20.99,161.2,21.5,32.0,5.8,162.2,20.3,29.4,NPK,4,3,214.7,7.1644444444444435
Mbeya_Mjini,-8.871,33.488,Sandy Clay Loam,19.16,64.86,0.12,81.3,24.2,20.9,5.8,76.2,27.0,19.3,NPK,4,3,126.4,3.2261904761904763
Mbeya_Mjini,-8.904,33.488,Sandy Clay Loam,13.16,82.49,12.3,11.2,64.2,22.8,5.9,11.8,63.1,22.4,NPK,4,3,98.2,0.17177914110429446
Mbeya_Mjini,-8.959,33.416,Sandy Clay Loam,13.01,79.73,0.04,167.5,67.0,89.9,5.8,163.9,67.8,87.7,No Fertilizer,4,3,324.4,2.463235294117647
Mbeya_Mjini,-8.871,33.488,Sandy Clay Loam,13.36,71.93,0.0,26.5,35.9,15.7,5.8,25.5,33.3,18.9,NPK,4,3,78.1,0.7181571815718157
Mbeya_Mjini,-8.915,33.488,Loam,18.62,88.38,49.07,60.4,27.0,30.1,6.4,64.3,25.2,28.6,NPK,4,2,117.5,2.157142857142857
Mbeya_Mjini,-8.882,33.404,Clay Loam,12.0,79.04,0.0,170.6,42.3,53.4,5.8,171.5,38.7,55.6,No Fertilizer,4,1,266.29999999999995,3.9399538106235568
Mbeya_Mjini,-8.97,33.404,Sandy Clay Loam,18.81,75.53,1.71,169.7,45.5,54.4,5.8,171.6,49.4,57.3,No Fertilizer,4,3,269.59999999999997,3.649462365591398
Mbeya_Mjini,-8.893,33.44,Sandy Clay Loam,19.04,74.98,1.28,103.3,20.8,18.5,6.1,107.5,22.0,18.9,NPK,4,3,142.6,4.738532110091743
Mbeya_Mjini,-8.97,33.38,Sandy Clay Loam,14.78,83.02,0.0,136.3,56.7,70.9,5.9,117.4,52.6,72.7,No Fertilizer,4,3,263.9,2.362218370883882
Mbeya_Mjini,-8.86,33.464,Clay Loam,17.97,82.15,0.97,81.6,7.1,68.3,5.6,86.2,7.4,72.0,DAP,4,1,157.0,10.074074074074074
Mbeya_Mjini,-8.871,33.44,Clay Loam,17.26,88.54,4.35,64.1,6.5,26.0,5.6,59.8,7.3,25.9,NPK,4,1,96.6,8.546666666666665
Mbeya_Mjini,-8.926,33.5,Loam,18.56,87.47,21.54,64.1,30.6,29.1,5.8,65.9,29.5,30.2,NPK,4,2,123.79999999999998,2.0284810126582276
Mbeya_Mjini,-8.97,33.464,Sandy Clay Loam,18.11,87.4,15.37,114.9,26.3,85.4,5.9,124.3,27.3,84.8,No Fertilizer,4,3,226.60000000000002,4.208791208791209
Mbeya_Mjini,-8.86,33.488,Clay Loam,14.87,76.81,0.0,138.9,27.9,67.5,5.8,137.9,24.8,75.4,SSP,4,1,234.3,4.806228373702423
Mbeya_Mjini,-8.959,33.38,Sandy Clay Loam,17.36,76.43,3.5,151.1,37.2,63.6,5.7,144.6,36.4,64.6,No Fertilizer,4,3,251.9,3.9554973821989523
Mbeya_Mjini,-8.97,33.44,Sandy Clay Loam,16.8,73.82,0.99,153.5,25.5,11.9,5.8,144.2,25.2,12.9,NPK,4,3,190.9,5.7924528301886795
Mbeya_Mjini,-8.86,33.452,Clay Loam,17.25,87.12,5.82,28.3,16.3,39.3,5.6,25.5,16.7,41.1,DAP,4,1,83.9,1.6358381502890174
Mbeya_Mjini,-8.959,33.44,Sandy Clay Loam,14.96,83.26,0.18,113.4,27.1,53.5,5.7,94.1,24.4,53.0,SSP,4,3,194.0,4.0355871886121
Mbeya_Mjini,-8.86,33.392,Sandy Clay Loam,18.69,79.52,1.12,20.1,70.1,19.3,5.7,19.8,68.3,21.7,NPK,4,3,109.49999999999999,0.2827004219409283
Mbeya_Mjini,-8.86,33.44,Sandy Clay Loam,14.41,75.07,0.0,98.6,30.2,41.1,5.6,103.4,31.1,43.7,No Fertilizer,4,3,169.89999999999998,3.16025641025641
Mbeya_Mjini,-8.871,33.392,Clay Loam,19.34,83.1,12.03,87.8,31.5,58.7,5.8,85.1,33.4,56.5,Urea,4,1,178.0,2.7015384615384614
Mbeya_Mjini,-8.959,33.428,Sandy Clay Loam,13.27,79.22,0.0,157.9,41.8,30.2,5.8,160.9,42.1,33.5,No Fertilizer,4,3,229.89999999999998,3.6892523364485985
Mbeya_Mjini,-8.904,33.392,Sandy Clay Loam,18.27,78.48,0.34,74.2,64.2,80.5,5.9,69.7,68.9,71.6,Urea,4,3,218.9,1.138036809815951
Mbeya_Mjini,-8.904,33.404,Sandy Clay Loam,15.88,92.96,7.1,27.2,21.4,83.1,5.8,29.9,19.9,76.6,DAP,4,3,131.7,1.2142857142857144
Mbeya_Mjini,-8.893,33.476,Loam,17.65,75.56,0.0,40.0,42.8,32.0,5.9,34.3,49.0,33.2,Urea,4,2,114.8,0.9132420091324202
Mbeya_Mjini,-8.915,33.452,Sandy Loam,18.92,71.1,0.0,147.8,50.8,72.2,6.5,139.5,51.3,76.4,No Fertilizer,4,4,270.8,2.8532818532818536
Mbeya_Mjini,-8.915,33.38,Sandy Clay Loam,13.52,83.01,0.0,101.5,46.0,14.9,6.0,115.1,44.1,14.7,MOP,4,3,162.4,2.1595744680851063
Mbeya_Mjini,-8.97,33.392,Sandy Clay Loam,19.3,73.95,1.13,25.8,10.1,68.6,5.9,27.2,9.8,76.4,DAP,4,3,104.5,2.3243243243243246
Mbeya_Mjini,-8.871,33.38,Sandy Clay Loam,19.08,73.11,0.11,25.7,46.2,16.2,5.6,24.3,48.7,18.8,NPK,4,3,88.10000000000001,0.5444915254237288
Mbeya_Mjini,-8.915,33.488,Loam,14.31,82.48,0.02,139.8,8.6,12.5,6.4,129.2,8.2,13.0,NPK,4,2,160.9,14.562500000000002
Mbeya_Mjini,-8.871,33.476,Clay Loam,19.06,78.34,21.32,20.4,40.7,59.3,5.8,22.4,43.3,59.9,Urea,4,1,120.4,0.48920863309352514
Mbeya_Mjini,-8.959,33.428,Sandy Clay Loam,16.32,76.95,0.27,157.2,52.7,45.9,5.8,149.7,52.8,45.6,No Fertilizer,4,3,255.79999999999998,2.9273743016759775
Mbeya_Mjini,-8.893,33.416,Sandy Clay Loam,14.78,79.69,0.57,112.3,18.7,78.7,5.8,130.1,17.9,82.3,SSP,4,3,209.7,5.700507614213198
Mbeya_Mjini,-8.893,33.464,Sandy Loam,13.77,84.82,0.6,23.7,61.5,39.8,6.1,23.8,59.5,36.5,Urea,4,4,125.0,0.3792
Mbeya_Mjini,-8.97,33.452,Sandy Clay Loam,15.33,91.27,0.5,26.3,5.7,27.0,5.8,24.4,6.0,30.1,NPK,4,3,59.0,3.925373134328358
Mbeya_Mjini,-8.86,33.392,Sandy Clay Loam,15.03,83.68,0.14,170.9,64.7,44.2,5.7,177.7,59.7,48.1,No Fertilizer,4,3,279.8,2.6012176560121767
Mbeya_Mjini,-8.959,33.416,Sandy Clay Loam,13.71,83.0,0.0,65.9,34.6,45.8,5.8,73.6,34.4,44.3,Urea,4,3,146.3,1.851123595505618
Mbeya_Mjini,-8.926,33.488,Loam,18.27,82.5,22.08,73.8,19.3,32.1,5.9,73.0,18.4,34.9,DAP,4,2,125.19999999999999,3.6354679802955663
Mbeya_Mjini,-8.882,33.38,Sandy Clay Loam,12.14,82.93,0.05,141.9,14.2,58.9,5.5,148.2,12.8,64.3,SSP,4,3,215.0,9.335526315789474
Mbeya_Mjini,-8.959,33.428,Sandy Clay Loam,15.65,82.7,0.03,178.6,72.2,70.4,5.8,171.0,66.9,69.8,No Fertilizer,4,3,321.20000000000005,2.4398907103825134
Mbeya_Mjini,-8.926,33.5,Loam,15.04,71.32,0.0,166.6,9.5,71.9,5.8,177.6,8.8,77.7,SSP,4,2,248.0,15.866666666666665
Mbeya_Mjini,-8.97,33.464,Sandy Clay Loam,20.05,76.48,0.61,130.6,17.4,86.9,5.9,138.1,17.1,87.7,SSP,4,3,234.9,7.097826086956522
Mbeya_Mjini,-8.893,33.38,Sandy Clay Loam,14.19,78.74,0.0,63.5,28.5,27.0,5.8,74.0,27.0,28.4,NPK,4,3,119.0,2.152542372881356
Mbeya_Mjini,-8.915,33.38,Sandy Clay Loam,12.09,79.37,0.05,24.5,45.6,62.2,6.0,24.2,44.9,66.2,Urea,4,3,132.3,0.5257510729613734
Mbeya_Mjini,-8.871,33.476,Clay Loam,15.49,83.45,14.12,140.5,36.6,33.4,5.8,142.1,40.0,39.1,No Fertilizer,4,1,210.5,3.736702127659574
Mbeya_Mjini,-8.959,33.464,Sandy Clay Loam,19.78,71.73,0.1,96.2,12.6,63.5,5.9,104.9,12.3,62.9,SSP,4,3,172.3,7.0735294117647065
Mbeya_Mjini,-8.926,33.428,Sandy Loam,18.93,87.35,3.19,83.2,23.5,42.0,6.1,82.1,23.1,46.0,DAP,4,4,148.7,3.395918367346939
Mbeya_Mjini,-8.882,33.392,Clay Loam,13.33,77.55,0.0,175.9,20.6,88.4,5.8,164.1,19.8,89.5,SSP,4,1,284.9,8.143518518518519
Mbeya_Mjini,-8.882,33.476,Sandy Clay Loam,15.29,83.92,0.02,28.5,17.9,64.8,5.9,28.9,18.1,67.2,DAP,4,3,111.19999999999999,1.5079365079365081
Mbeya_Mjini,-8.904,33.5,Loam,14.25,84.85,0.0,95.5,29.5,84.8,5.9,93.7,31.1,86.0,No Fertilizer,4,2,209.8,3.1311475409836067
Mbeya_Mjini,-8.926,33.476,Loam,17.81,83.59,9.71,12.2,52.8,75.3,5.8,11.9,50.5,76.1,Urea,4,2,140.3,0.22676579925650558
Mbeya_Mjini,-8.86,33.404,Sandy Clay Loam,18.16,87.78,2.73,82.1,16.7,83.0,5.8,89.7,18.4,81.8,DAP,4,3,181.8,4.638418079096045
Mbeya_Mjini,-8.871,33.476,Clay Loam,14.41,79.53,0.0,22.4,31.1,70.6,5.8,19.6,28.2,74.4,Urea,4,1,124.1,0.6978193146417445
Mbeya_Mjini,-8.893,33.38,Sandy Clay Loam,16.32,94.76,6.57,29.2,29.3,48.4,5.8,30.2,29.8,44.6,Urea,4,3,106.9,0.9636963696369637
Mbeya_Mjini,-8.86,33.428,Sandy Clay Loam,13.77,80.67,0.02,31.4,69.6,23.6,5.7,30.0,68.4,27.2,NPK,4,3,124.6,0.4447592067988669
Mbeya_Mjini,-8.86,33.416,Sandy Clay Loam,15.65,87.82,9.47,126.8,69.6,36.5,5.7,120.4,67.0,37.1,No Fertilizer,4,3,232.89999999999998,1.7960339943342778
Mbeya_Mjini,-8.904,33.44,Loam,17.5,76.54,0.06,135.5,59.2,8.2,6.2,136.8,56.8,7.7,MOP,4,2,202.89999999999998,2.250830564784053
Mbeya_Mjini,-8.97,33.5,Sandy Clay Loam,16.39,90.12,9.78,113.8,18.0,51.7,6.1,109.2,19.9,50.0,SSP,4,3,183.5,5.989473684210526
Mbeya_Mjini,-8.959,33.416,Sandy Clay Loam,18.45,87.31,2.16,176.6,9.0,45.1,5.8,173.6,8.5,48.4,SSP,4,3,230.7,17.66
Mbeya_Mjini,-8.893,33.392,Sandy Clay Loam,15.26,78.98,0.03,66.4,25.4,47.3,5.8,73.7,24.9,50.1,DAP,4,3,139.10000000000002,2.5151515151515156
Mbeya_Mjini,-8.871,33.488,Sandy Clay Loam,17.53,72.84,0.0,57.2,20.6,81.6,5.8,58.6,21.6,87.8,DAP,4,3,159.4,2.648148148148148
Mbeya_Mjini,-8.871,33.416,Sandy Clay Loam,17.31,86.56,3.42,150.9,35.4,86.0,5.8,157.7,37.4,82.6,No Fertilizer,4,3,272.3,4.145604395604396
Mbeya_Mjini,-8.915,33.452,Sandy Loam,19.0,71.62,0.67,46.5,54.0,18.6,6.5,48.0,55.3,19.6,NPK,4,4,119.1,0.8454545454545455
Mbeya_Mjini,-8.882,33.416,Sandy Clay Loam,14.27,68.36,0.0,157.9,55.1,37.6,5.7,173.7,60.6,37.0,No Fertilizer,4,3,250.6,2.8146167557932262
Mbeya_Mjini,-8.926,33.428,Sandy Loam,15.68,75.08,0.0,13.0,67.0,42.4,6.1,12.1,59.8,41.6,Urea,4,4,122.4,0.19117647058823528
Mbeya_Mjini,-8.893,33.464,Sandy Loam,17.33,91.78,12.74,194.5,30.6,42.3,6.1,174.9,27.7,36.3,No Fertilizer,4,4,267.4,6.15506329113924
Mbeya_Mjini,-8.959,33.44,Sandy Clay Loam,17.26,88.72,2.83,18.5,50.9,74.7,5.7,17.3,49.4,73.1,Urea,4,3,144.10000000000002,0.35645472061657035
Mbeya_Mjini,-8.97,33.38,Sandy Clay Loam,16.14,79.33,1.08,175.9,24.3,47.2,5.9,161.5,24.6,50.0,SSP,4,3,247.40000000000003,6.952569169960475
Mbeya_Mjini,-8.86,33.464,Clay Loam,18.65,87.93,8.95,97.3,7.9,48.5,5.6,99.7,8.0,54.1,SSP,4,1,153.7,10.93258426966292
Mbeya_Mjini,-8.97,33.38,Sandy Clay Loam,19.28,78.15,0.01,170.8,53.0,76.2,5.9,178.8,50.3,77.7,No Fertilizer,4,3,300.0,3.162962962962963
Mbeya_Mjini,-8.882,33.452,Sandy Clay Loam,13.98,82.54,0.1,21.3,5.2,73.1,5.6,22.5,4.6,73.7,DAP,4,3,99.6,3.435483870967742
Mbeya_Mjini,-8.86,33.404,Sandy Clay Loam,15.28,83.0,0.21,108.9,29.8,14.5,5.8,104.2,31.0,17.1,MOP,4,3,153.20000000000002,3.535714285714286
Mbeya_Mjini,-8.893,33.452,Sandy Clay Loam,16.74,89.19,9.51,177.6,23.7,62.7,5.8,174.8,25.7,66.0,SSP,4,3,264.0,7.190283400809717
Mbeya_Mjini,-8.959,33.404,Sandy Clay Loam,15.37,85.01,0.39,98.4,55.2,43.5,5.8,98.9,49.8,42.6,No Fertilizer,4,3,197.10000000000002,1.7508896797153024
Mbeya_Mjini,-8.904,33.392,Sandy Clay Loam,11.85,78.9,0.02,127.6,47.7,29.6,5.9,117.0,54.6,30.8,MOP,4,3,204.9,2.6201232032854205
Mbeya_Mjini,-8.871,33.488,Sandy Clay Loam,16.35,92.17,39.84,131.9,22.4,10.9,5.8,128.3,24.1,10.2,NPK,4,3,165.20000000000002,5.636752136752137
Mbeya_Mjini,-8.86,33.38,Clay Loam,18.98,70.68,0.12,82.1,56.6,41.8,5.7,87.3,57.6,46.9,Urea,4,1,180.5,1.425347222222222
Mbeya_Mjini,-8.904,33.416,Sandy Clay Loam,14.18,82.49,0.0,111.1,20.8,37.6,6.0,116.7,23.4,35.9,SSP,4,3,169.5,5.0963302752293576
Mbeya_Mjini,-8.97,33.476,Sandy Clay Loam,19.4,82.15,0.67,114.6,36.1,28.9,6.0,109.3,33.5,27.1,MOP,4,3,179.6,3.0889487870619945
Mbeya_Mjini,-8.86,33.452,Clay Loam,14.02,80.17,0.04,175.1,55.1,68.7,5.6,163.2,52.0,64.4,No Fertilizer,4,1,298.9,3.121212121212121
Mbeya_Mjini,-8.915,33.404,Loam,17.09,86.57,7.43,18.4,47.7,62.9,6.0,17.7,49.7,70.6,Urea,4,2,129.0,0.3778234086242299
Mbeya_Mjini,-8.97,33.404,Sandy Clay Loam,16.17,74.94,1.39,65.4,75.4,27.1,5.8,57.8,69.2,26.6,NPK,4,3,167.9,0.856020942408377
Mbeya_Mjini,-8.97,33.476,Sandy Clay Loam,17.64,61.63,0.0,191.2,20.8,9.7,6.0,171.6,18.9,10.2,NPK,4,3,221.7,8.770642201834862
Mbeya_Mjini,-8.871,33.404,Sandy Clay Loam,15.16,81.36,0.0,166.3,47.3,69.7,5.7,161.3,47.7,77.3,No Fertilizer,4,3,283.3,3.4430641821946173
Mbeya_Mjini,-8.882,33.5,Sandy Clay Loam,16.08,92.03,60.81,82.3,42.8,6.6,5.9,87.5,44.2,6.8,NPK,4,3,131.7,1.8789954337899544
Mbeya_Mjini,-8.915,33.392,Sandy Clay Loam,14.09,73.81,0.0,104.8,74.6,79.4,5.8,115.4,64.4,84.7,No Fertilizer,4,3,258.79999999999995,1.3862433862433863
Mbeya_Mjini,-8.893,33.488,Sandy Loam,19.34,74.55,10.81,55.6,15.0,62.5,5.9,57.2,14.3,58.7,DAP,4,4,133.1,3.475
Mbeya_Mjini,-8.915,33.476,Loam,18.36,90.46,23.78,44.2,54.6,34.2,6.6,42.0,53.6,33.0,Urea,4,2,133.0,0.7949640287769785
Mbeya_Mjini,-8.86,33.392,Sandy Clay Loam,18.58,83.77,2.41,100.2,45.5,24.5,5.7,88.8,41.5,26.7,NPK,4,3,170.2,2.1548387096774193
Mbeya_Mjini,-8.926,33.428,Sandy Loam,18.28,78.02,1.3,72.1,22.6,6.4,6.1,70.1,22.1,6.8,NPK,4,4,101.1,3.0550847457627115
Mbeya_Mjini,-8.97,33.5,Sandy Clay Loam,19.21,84.27,30.12,118.2,34.1,25.1,6.1,109.2,35.3,25.8,MOP,4,3,177.4,3.3675213675213675
Mbeya_Mjini,-8.86,33.464,Clay Loam,17.88,82.37,12.51,22.8,26.2,17.5,5.6,23.2,26.0,17.6,NPK,4,1,66.5,0.8382352941176471
Mbeya_Mjini,-8.97,33.476,Sandy Clay Loam,17.42,87.5,24.15,183.3,45.3,61.5,6.0,175.6,42.2,57.4,No Fertilizer,4,3,290.1,3.9589632829373653
Mbeya_Mjini,-8.915,33.38,Sandy Clay Loam,12.94,76.97,0.0,187.9,53.9,21.0,6.0,177.7,62.7,20.0,MOP,4,3,262.8,3.422586520947177
Mbeya_Mjini,-8.86,33.44,Sandy Clay Loam,18.12,67.09,0.06,110.9,40.7,50.6,5.6,128.7,41.6,50.4,No Fertilizer,4,3,202.20000000000002,2.65947242206235
Mbeya_Mjini,-8.97,33.488,Sandy Clay Loam,16.36,72.43,0.11,98.2,50.1,54.6,5.9,101.1,45.7,55.6,No Fertilizer,4,3,202.9,1.9217221135029354
Mbeya_Mjini,-8.86,33.44,Sandy Clay Loam,15.05,82.54,3.62,66.8,36.9,27.2,5.6,62.6,38.2,31.0,NPK,4,3,130.89999999999998,1.762532981530343
Mbeya_Mjini,-8.871,33.452,Clay Loam,14.59,79.0,0.04,151.2,8.2,9.8,5.6,148.3,7.4,8.9,NPK,4,1,169.2,16.434782608695652
Mbeya_Mjini,-8.86,33.38,Clay Loam,13.87,80.88,0.0,115.8,21.3,8.8,5.7,126.4,19.4,9.1,NPK,4,1,145.9,5.192825112107623
Mbeya_Mjini,-8.893,33.452,Sandy Clay Loam,14.93,78.9,0.01,31.2,36.3,9.1,5.8,37.6,36.5,8.2,NPK,4,3,76.6,0.8364611260053619
Mbeya_Mjini,-8.915,33.416,Sandy Clay Loam,12.35,81.14,0.0,160.6,23.5,69.0,6.1,164.9,24.5,68.1,SSP,4,3,253.1,6.555102040816326
Mbeya_Mjini,-8.926,33.476,Loam,15.86,83.53,0.32,149.1,15.7,37.4,5.8,149.8,16.0,32.7,NPK,4,2,202.2,8.928143712574851
Mbeya_Mjini,-8.904,33.476,Loam,12.28,80.11,0.03,160.9,44.2,76.0,6.1,171.5,37.3,72.9,No Fertilizer,4,2,281.1,3.559734513274336
Mbeya_Mjini,-8.97,33.404,Sandy Clay Loam,17.38,66.99,0.0,134.7,28.6,38.0,5.8,133.4,25.3,42.3,SSP,4,3,201.29999999999998,4.550675675675675
Mbeya_Mjini,-8.97,33.392,Sandy Clay Loam,11.38,85.77,0.75,118.3,21.2,42.2,5.9,114.3,21.0,44.1,SSP,4,3,181.7,5.328828828828829
Mbeya_Mjini,-8.926,33.452,Sandy Loam,11.86,76.36,0.0,84.9,33.1,48.5,5.8,81.1,34.6,49.1,Urea,4,4,166.5,2.4897360703812317
Mbeya_Mjini,-8.904,33.38,Sandy Clay Loam,18.0,90.28,22.96,140.8,12.9,61.9,6.0,168.6,12.8,65.9,SSP,4,3,215.60000000000002,10.129496402877699
Mbeya_Mjini,-8.959,33.464,Sandy Clay Loam,17.11,88.01,3.7,142.8,66.3,28.2,5.9,157.2,65.2,29.0,MOP,4,3,237.3,2.12184249628529
Mbeya_Mjini,-8.97,33.428,Sandy Clay Loam,17.8,89.16,16.31,17.3,55.9,14.7,5.9,17.7,61.3,16.2,NPK,4,3,87.9,0.30404217926186294
Mbeya_Mjini,-8.882,33.5,Sandy Clay Loam,17.54,86.77,2.35,15.1,51.0,52.7,5.9,14.5,50.7,52.7,Urea,4,3,118.8,0.29038461538461535
Mbeya_Mjini,-8.97,33.488,Sandy Clay Loam,15.7,78.33,0.0,76.5,12.0,34.0,5.9,74.0,11.0,33.5,DAP,4,3,122.5,5.884615384615385
Mbeya_Mjini,-8.871,33.464,Clay Loam,17.22,70.73,0.0,152.7,48.3,40.1,5.9,147.8,55.2,43.2,No Fertilizer,4,1,241.1,3.0973630831643
Mbeya_Mjini,-8.882,33.428,Clay Loam,14.83,72.7,0.0,173.1,60.6,68.5,5.7,177.8,57.3,60.3,No Fertilizer,4,1,302.2,2.810064935064935
Mbeya_Mjini,-8.882,33.416,Sandy Clay Loam,18.83,70.01,0.02,34.8,59.9,47.7,5.7,35.6,54.7,47.5,Urea,4,3,142.39999999999998,0.5714285714285714
Mbeya_Mjini,-8.926,33.464,Sandy Loam,17.12,68.79,0.01,105.3,11.1,54.8,5.9,111.0,11.5,58.1,SSP,4,4,171.2,8.702479338842975
Mbeya_Mjini,-8.915,33.5,Loam,11.78,86.68,8.73,78.8,52.0,45.8,5.9,74.8,46.5,51.7,Urea,4,2,176.60000000000002,1.4867924528301886
Mbeya_Mjini,-8.893,33.38,Sandy Clay Loam,16.94,89.34,6.83,163.6,56.2,68.4,5.8,174.9,59.1,68.1,No Fertilizer,4,3,288.20000000000005,2.86013986013986
Mbeya_Mjini,-8.915,33.452,Sandy Loam,18.21,73.47,0.55,162.3,43.4,64.1,6.5,153.2,42.1,65.3,No Fertilizer,4,4,269.8,3.6554054054054057
Mbeya_Mjini,-8.97,33.392,Sandy Clay Loam,17.67,85.25,3.1,154.7,45.7,53.7,5.9,152.5,46.7,50.9,No Fertilizer,4,3,254.09999999999997,3.312633832976445
Mbeya_Mjini,-8.86,33.5,Clay Loam,15.47,65.55,0.0,89.4,33.5,62.4,5.9,89.7,34.3,63.0,Urea,4,1,185.3,2.591304347826087
Mbeya_Mjini,-8.871,33.44,Clay Loam,16.93,89.95,10.84,76.8,37.2,72.7,5.6,80.5,38.9,79.4,Urea,4,1,186.7,2.0104712041884816
Mbeya_Mjini,-8.926,33.44,Clay Loam,16.03,86.25,2.39,51.1,6.6,47.3,5.9,56.5,6.3,42.3,DAP,4,1,105.0,6.723684210526316
Mbeya_Mjini,-8.86,33.5,Clay Loam,13.19,81.81,0.15,18.7,48.9,41.9,5.9,19.6,46.2,40.7,Urea,4,1,109.5,0.374749498997996
Mbeya_Mjini,-8.904,33.44,Loam,18.94,82.01,2.01,153.4,9.3,68.9,6.2,157.0,9.4,70.2,SSP,4,2,231.60000000000002,14.893203883495145
Mbeya_Mjini,-8.882,33.404,Clay Loam,14.03,78.49,0.0,123.6,29.6,55.6,5.8,148.2,32.7,54.9,No Fertilizer,4,1,208.79999999999998,4.03921568627451
Mbeya_Mjini,-8.86,33.464,Clay Loam,17.74,86.43,9.74,177.5,24.0,12.4,5.6,180.0,23.3,12.0,NPK,4,1,213.9,7.1
Mbeya_Mjini,-8.882,33.452,Sandy Clay Loam,18.5,81.46,3.77,191.0,41.2,72.8,5.6,179.4,40.0,80.9,No Fertilizer,4,3,305.0,4.5260663507109005
Mbeya_Mjini,-8.915,33.404,Loam,19.45,72.73,0.08,108.6,12.6,8.7,6.0,104.4,12.8,8.6,NPK,4,2,129.89999999999998,7.985294117647059
Mbeya_Mjini,-8.882,33.464,Sandy Clay Loam,17.81,88.56,1.23,135.8,56.1,66.7,5.8,140.7,49.6,68.9,No Fertilizer,4,3,258.6,2.3782837127845884
Mbeya_Mjini,-8.97,33.488,Sandy Clay Loam,16.78,70.29,0.0,171.2,50.3,72.2,5.9,170.6,56.5,69.7,No Fertilizer,4,3,293.7,3.337231968810916
Mbeya_Mjini,-8.86,33.404,Sandy Clay Loam,18.15,87.98,43.47,148.4,12.5,81.6,5.8,154.4,14.8,86.1,SSP,4,3,242.5,10.992592592592594
Mbeya_Mjini,-8.904,33.5,Loam,18.25,77.98,1.65,52.6,10.3,10.1,5.9,52.0,10.9,10.5,NPK,4,2,73.0,4.654867256637168
Mbeya_Mjini,-8.904,33.428,Sandy Clay Loam,13.72,81.17,0.01,95.9,14.3,62.7,5.8,86.6,13.6,56.1,DAP,4,3,172.9,6.26797385620915
Mbeya_Mjini,-8.959,33.392,Sandy Clay Loam,17.79,89.51,3.64,34.1,57.3,45.6,5.7,32.0,61.9,41.9,Urea,4,3,137.0,0.5849056603773586
Mbeya_Mjini,-8.882,33.452,Sandy Clay Loam,18.32,84.77,4.68,178.5,36.2,26.0,5.6,172.2,38.9,33.8,No Fertilizer,4,3,240.7,4.798387096774193
Mbeya_Mjini,-8.97,33.476,Sandy Clay Loam,14.04,83.32,34.7,109.1,37.2,14.7,6.0,113.0,34.8,13.6,MOP,4,3,161.0,2.8560209424083767
Mbeya_Mjini,-8.871,33.5,Sandy Clay Loam,18.14,67.47,0.0,51.4,11.4,53.0,5.9,48.9,11.0,53.3,DAP,4,3,115.8,4.14516129032258
Mbeya_Mjini,-8.904,33.464,Loam,16.76,86.49,8.74,109.5,48.1,43.9,6.7,124.2,46.9,46.2,No Fertilizer,4,2,201.5,2.230142566191446
Mbeya_Mjini,-8.915,33.404,Loam,17.66,88.56,3.34,113.0,64.6,13.7,6.0,115.1,61.3,14.8,MOP,4,2,191.29999999999998,1.7225609756097562
Mbeya_Mjini,-8.893,33.5,Sandy Clay Loam,18.0,73.31,0.06,73.8,56.9,53.6,5.8,70.9,58.7,57.4,Urea,4,3,184.29999999999998,1.2746113989637307
Mbeya_Mjini,-8.904,33.476,Loam,16.39,88.64,28.07,30.8,44.1,64.8,6.1,29.3,45.3,68.0,Urea,4,2,139.7,0.6829268292682926
Mbeya_Mjini,-8.86,33.404,Sandy Clay Loam,14.09,75.42,0.0,130.0,9.5,64.9,5.8,124.2,9.0,70.5,SSP,4,3,204.4,12.380952380952381
Mbeya_Mjini,-8.871,33.416,Sandy Clay Loam,13.58,85.89,15.74,100.5,10.3,74.3,5.8,98.5,11.4,82.1,SSP,4,3,185.1,8.893805309734512
Mbeya_Mjini,-8.893,33.488,Sandy Loam,19.75,60.83,0.0,139.4,6.2,37.5,5.9,141.3,7.3,40.4,SSP,4,4,183.1,19.36111111111111
Mbeya_Mjini,-8.915,33.392,Sandy Clay Loam,18.88,71.82,0.04,102.1,20.4,88.0,5.8,98.4,21.0,86.1,SSP,4,3,210.5,4.771028037383178
Mbeya_Mjini,-8.915,33.452,Sandy Loam,18.32,69.83,0.31,144.5,13.8,79.0,6.5,154.9,13.0,78.7,SSP,4,4,237.3,9.763513513513512
Mbeya_Mjini,-8.86,33.428,Sandy Clay Loam,17.46,92.53,3.92,97.7,21.5,32.1,5.7,103.8,21.2,30.9,NPK,4,3,151.3,4.342222222222222
Mbeya_Mjini,-8.86,33.416,Sandy Clay Loam,13.07,71.74,0.0,105.8,31.2,19.3,5.7,105.4,29.4,19.4,MOP,4,3,156.3,3.285714285714285
Mbeya_Mjini,-8.915,33.5,Loam,16.52,86.0,18.42,161.0,56.9,38.7,5.9,159.0,66.2,42.6,No Fertilizer,4,2,256.6,2.7806563039723664
Mbeya_Mjini,-8.871,33.416,Sandy Clay Loam,16.84,76.24,0.01,68.5,45.3,41.1,5.8,78.6,44.3,39.8,Urea,4,3,154.9,1.4794816414686827
Mbeya_Mjini,-8.882,33.392,Clay Loam,19.13,83.85,69.04,33.8,61.8,50.5,5.8,32.8,59.1,54.4,Urea,4,1,146.1,0.5382165605095541
Mbeya_Mjini,-8.926,33.452,Sandy Loam,20.94,69.32,0.0,15.7,46.1,57.5,5.8,14.9,50.9,55.0,Urea,4,4,119.3,0.3333333333333333
Mbeya_Mjini,-8.926,33.428,Sandy Loam,16.16,72.4,0.02,137.6,12.1,63.4,6.1,138.4,11.4,69.0,SSP,4,4,213.1,10.50381679389313
Mbeya_Mjini,-8.97,33.416,Sandy Clay Loam,17.27,83.93,11.65,134.6,52.2,46.5,5.9,115.5,52.6,48.8,No Fertilizer,4,3,233.3,2.5300751879699246
Mbeya_Mjini,-8.97,33.452,Sandy Clay Loam,17.45,87.69,8.55,123.5,26.9,14.4,5.8,129.7,22.2,14.8,NPK,4,3,164.8,4.426523297491039
Mbeya_Mjini,-8.882,33.416,Sandy Clay Loam,16.52,87.78,14.12,45.0,39.1,81.8,5.7,46.2,46.2,78.1,Urea,4,3,165.89999999999998,1.1221945137157108
Mbeya_Mjini,-8.959,33.392,Sandy Clay Loam,17.29,85.48,21.19,32.3,29.0,32.4,5.7,33.2,26.5,32.0,NPK,4,3,93.69999999999999,1.0766666666666667
Mbeya_Mjini,-8.915,33.38,Sandy Clay Loam,17.29,83.9,12.11,12.4,67.9,87.7,6.0,12.5,69.8,87.6,Urea,4,3,168.0,0.1799709724238026
Mbeya_Mjini,-8.915,33.404,Loam,17.84,85.75,8.77,68.0,19.0,18.0,6.0,69.6,21.4,15.9,NPK,4,2,105.0,3.4
Mbeya_Mjini,-8.904,33.416,Sandy Clay Loam,19.56,70.55,0.01,99.4,21.6,75.4,6.0,110.3,22.4,86.5,SSP,4,3,196.4,4.398230088495575
Mbeya_Mjini,-8.893,33.404,Sandy Clay Loam,16.63,62.4,0.0,73.7,66.7,12.7,5.7,76.7,65.4,13.6,NPK,4,3,153.1,1.0886262924667651
Mbeya_Mjini,-8.904,33.44,Loam,18.03,83.33,4.67,83.8,6.0,23.5,6.2,84.4,5.6,25.4,NPK,4,2,113.3,11.971428571428572
Mbeya_Mjini,-8.915,33.428,Sandy Clay Loam,16.08,73.52,0.03,177.8,56.0,8.7,5.8,163.7,50.0,9.9,MOP,4,3,242.5,3.1192982456140355
Mbeya_Mjini,-8.893,33.404,Sandy Clay Loam,16.86,87.83,5.37,79.9,57.0,61.9,5.7,69.2,51.9,65.2,Urea,4,3,198.8,1.3775862068965519
Mbeya_Mjini,-8.86,33.464,Clay Loam,14.39,83.28,0.13,106.5,55.2,81.2,5.6,97.4,59.2,77.4,No Fertilizer,4,1,242.89999999999998,1.895017793594306
Mbeya_Mjini,-8.871,33.38,Sandy Clay Loam,16.97,85.7,20.03,135.4,73.7,40.7,5.6,143.2,68.3,42.5,No Fertilizer,4,3,249.8,1.8125836680053549
Mbeya_Mjini,-8.97,33.44,Sandy Clay Loam,18.43,75.38,0.54,73.6,70.3,82.0,5.8,77.4,68.4,84.0,Urea,4,3,225.89999999999998,1.032258064516129
Mbeya_Mjini,-8.871,33.476,Clay Loam,16.78,70.01,0.28,114.5,7.9,48.9,5.8,115.8,8.3,55.6,SSP,4,1,171.3,12.865168539325841
Mbeya_Mjini,-8.893,33.5,Sandy Clay Loam,18.24,86.02,26.04,176.2,57.4,55.6,5.8,156.6,58.2,58.9,No Fertilizer,4,3,289.2,3.017123287671233
Mbeya_Mjini,-8.959,33.392,Sandy Clay Loam,18.54,81.43,0.88,169.4,44.3,74.5,5.7,171.4,46.7,77.0,No Fertilizer,4,3,288.2,3.7395143487858724
Mbeya_Mjini,-8.915,33.404,Loam,17.27,88.11,16.34,31.7,46.8,32.3,6.0,35.0,46.7,30.9,NPK,4,2,110.8,0.6631799163179917
Mbeya_Mjini,-8.926,33.488,Loam,18.91,67.02,0.0,161.6,11.8,31.6,5.9,167.5,12.5,35.8,SSP,4,2,205.0,12.624999999999998
Mbeya_Mjini,-8.915,33.404,Loam,18.25,79.21,3.69,98.6,43.5,79.5,6.0,93.7,46.9,82.1,No Fertilizer,4,2,221.6,2.2157303370786514
Mbeya_Mjini,-8.926,33.488,Loam,18.26,78.47,0.12,56.5,71.2,87.9,5.9,53.9,68.8,81.7,Urea,4,2,215.60000000000002,0.7825484764542936
Mbeya_Mjini,-8.882,33.488,Sandy Clay Loam,12.97,78.83,0.05,86.8,67.0,85.3,5.9,88.1,64.2,88.0,Urea,4,3,239.10000000000002,1.276470588235294
Mbeya_Mjini,-8.871,33.5,Sandy Clay Loam,14.53,81.89,0.0,185.1,32.5,69.6,5.9,176.6,33.0,81.8,No Fertilizer,4,3,287.2,5.525373134328358
Mbeya_Mjini,-8.871,33.428,Sandy Clay Loam,18.29,80.98,3.18,78.8,7.3,18.2,5.8,93.7,6.6,16.7,NPK,4,3,104.3,9.493975903614457
Mbeya_Mjini,-8.86,33.416,Sandy Clay Loam,13.5,82.99,0.17,66.4,27.4,79.1,5.7,65.9,27.9,75.2,Urea,4,3,172.9,2.338028169014085
Mbeya_Mjini,-8.86,33.404,Sandy Clay Loam,12.49,72.46,0.0,124.8,57.3,42.9,5.8,117.7,58.5,40.4,No Fertilizer,4,3,225.0,2.1406518010291595
Mbeya_Mjini,-8.915,33.428,Sandy Clay Loam,16.11,83.01,0.18,47.9,52.6,78.3,5.8,50.8,50.3,89.2,Urea,4,3,178.8,0.8936567164179104
Mbeya_Mjini,-8.86,33.476,Clay Loam,18.25,86.22,3.36,21.6,34.0,50.5,5.8,22.9,34.3,45.7,Urea,4,1,106.1,0.6171428571428572
Mbeya_Mjini,-8.904,33.416,Sandy Clay Loam,12.21,81.08,0.1,27.7,7.7,49.7,6.0,31.9,7.6,52.5,DAP,4,3,85.1,3.1839080459770117
Mbeya_Mjini,-8.926,33.464,Sandy Loam,13.26,83.64,1.35,35.3,26.5,48.7,5.9,31.8,32.2,50.5,Urea,4,4,110.5,1.2836363636363635
Mbeya_Mjini,-8.871,33.392,Clay Loam,19.95,69.49,0.01,34.0,35.0,31.4,5.8,35.8,35.0,33.0,Urea,4,1,100.4,0.9444444444444444
Mbeya_Mjini,-8.893,33.416,Sandy Clay Loam,17.66,91.57,14.28,34.2,56.9,13.1,5.8,33.6,65.3,12.3,NPK,4,3,104.19999999999999,0.5906735751295338
Mbeya_Mjini,-8.882,33.428,Clay Loam,17.81,81.69,20.92,124.0,42.4,80.2,5.7,118.9,46.3,81.2,No Fertilizer,4,1,246.60000000000002,2.857142857142857
Mbeya_Mjini,-8.871,33.488,Sandy Clay Loam,17.42,93.15,5.32,45.3,22.3,75.9,5.8,40.9,24.6,73.4,DAP,4,3,143.5,1.9442060085836907
Mbeya_Mjini,-8.904,33.488,Sandy Clay Loam,16.69,90.86,56.07,68.0,35.8,17.8,5.9,68.8,38.7,17.7,NPK,4,3,121.6,1.847826086956522
Mbeya_Mjini,-8.871,33.416,Sandy Clay Loam,18.72,76.45,1.39,156.3,8.0,70.8,5.8,162.5,8.4,71.2,SSP,4,3,235.10000000000002,17.366666666666667
Mbeya_Mjini,-8.926,33.5,Loam,14.03,85.74,1.59,91.7,65.9,54.7,5.8,90.6,68.2,58.6,No Fertilizer,4,2,212.3,1.3707025411061284
Mbeya_Mjini,-8.915,33.392,Sandy Clay Loam,13.08,83.81,0.04,134.6,29.1,45.5,5.8,123.5,27.8,40.4,No Fertilizer,4,3,209.2,4.471760797342192
Mbeya_Mjini,-8.915,33.404,Loam,13.14,82.6,0.58,38.8,36.1,24.5,6.0,39.3,35.5,27.3,NPK,4,2,99.4,1.0458221024258758
Mbeya_Mjini,-8.882,33.44,Sandy Clay Loam,12.99,77.43,0.0,39.8,23.8,80.5,5.5,42.7,27.4,78.2,Urea,4,3,144.1,1.6048387096774193
Mbeya_Mjini,-8.97,33.416,Sandy Clay Loam,18.15,83.22,10.67,15.1,49.3,66.5,5.9,16.9,49.0,64.8,Urea,4,3,130.89999999999998,0.30019880715705766
Mbeya_Mjini,-8.959,33.38,Sandy Clay Loam,15.04,71.32,0.0,35.4,48.8,56.2,5.7,38.7,47.7,52.0,Urea,4,3,140.39999999999998,0.7108433734939759
Mbeya_Mjini,-8.86,33.392,Sandy Clay Loam,18.88,79.15,3.58,60.8,50.0,62.8,5.7,57.4,51.2,57.2,Urea,4,3,173.6,1.192156862745098
Mbeya_Mjini,-8.904,33.5,Loam,17.88,71.89,0.13,39.2,21.6,13.5,5.9,40.1,21.7,13.6,NPK,4,2,74.30000000000001,1.7345132743362832
Mbeya_Mjini,-8.915,33.452,Sandy Loam,18.33,89.24,4.61,24.0,25.2,47.5,6.5,25.1,24.8,45.8,DAP,4,4,96.7,0.916030534351145
Mbeya_Mjini,-8.893,33.5,Sandy Clay Loam,18.82,76.93,0.01,29.0,12.9,25.0,5.8,30.5,12.3,22.3,NPK,4,3,66.9,2.0863309352517985
Mbeya_Mjini,-8.893,33.428,Sandy Clay Loam,16.66,91.48,13.94,88.9,42.1,23.4,5.9,88.3,47.3,23.5,NPK,4,3,154.4,2.062645011600928
Mbeya_Mjini,-8.97,33.428,Sandy Clay Loam,17.61,89.47,5.15,44.3,6.5,57.0,5.9,45.1,6.6,61.5,DAP,4,3,107.8,5.906666666666666
Mbeya_Mjini,-8.86,33.464,Clay Loam,18.61,89.08,30.63,70.6,48.0,80.3,5.6,71.9,43.4,82.5,Urea,4,1,198.89999999999998,1.4408163265306122
Mbeya_Mjini,-8.893,33.452,Sandy Clay Loam,18.11,81.24,3.19,104.6,67.5,36.3,5.8,95.6,61.4,39.9,No Fertilizer,4,3,208.39999999999998,1.527007299270073
Mbeya_Mjini,-8.915,33.476,Loam,18.71,81.16,20.49,141.1,66.5,24.1,6.6,127.4,62.8,23.5,MOP,4,2,231.7,2.0903703703703704
Mbeya_Mjini,-8.959,33.428,Sandy Clay Loam,13.95,80.8,0.01,14.8,34.9,65.0,5.8,16.7,33.6,60.5,Urea,4,3,114.7,0.4122562674094708
Mbeya_Mjini,-8.904,33.488,Sandy Clay Loam,14.3,82.78,0.01,149.2,38.3,78.5,5.9,145.9,34.3,79.2,No Fertilizer,4,3,266.0,3.796437659033079
Mbeya_Mjini,-8.915,33.428,Sandy Clay Loam,16.54,91.08,18.64,110.4,10.3,61.0,5.8,116.7,9.1,68.9,SSP,4,3,181.7,9.769911504424778
Mbeya_Mjini,-8.926,33.476,Loam,16.8,86.08,0.65,23.5,47.8,84.6,5.8,23.9,48.3,79.0,Urea,4,2,155.89999999999998,0.48155737704918034
Mbeya_Mjini,-8.904,33.5,Loam,15.08,78.5,0.0,161.9,54.3,44.7,5.9,158.5,58.2,51.1,No Fertilizer,4,2,260.9,2.9276672694394215
Mbeya_Mjini,-8.959,33.392,Sandy Clay Loam,17.58,85.9,3.08,164.1,19.8,61.7,5.7,166.5,20.1,69.2,SSP,4,3,245.60000000000002,7.889423076923077
Mbeya_Mjini,-8.893,33.452,Sandy Clay Loam,16.62,85.63,0.28,20.7,38.7,17.5,5.8,20.4,31.8,17.8,NPK,4,3,76.9,0.521410579345088
Mbeya_Mjini,-8.871,33.38,Sandy Clay Loam,19.96,78.12,0.58,59.8,52.8,35.9,5.6,57.1,59.4,35.3,Urea,4,3,148.5,1.1115241635687731
Mbeya_Mjini,-8.871,33.392,Clay Loam,12.83,81.96,0.01,150.1,59.9,39.9,5.8,147.1,61.9,38.7,No Fertilizer,4,1,249.9,2.464696223316913
Mbeya_Mjini,-8.904,33.488,Sandy Clay Loam,14.13,79.04,0.0,131.0,18.1,48.7,5.9,137.2,20.0,48.9,SSP,4,3,197.8,6.858638743455497
Mbeya_Mjini,-8.926,33.488,Loam,16.64,92.65,1.48,39.5,40.7,94.4,5.9,41.4,40.3,84.0,Urea,4,2,174.60000000000002,0.9472422062350119
Mbeya_Mjini,-8.915,33.488,Loam,17.24,87.82,8.48,41.0,15.3,79.8,6.4,45.6,16.7,79.4,DAP,4,2,136.1,2.515337423312883
Mbeya_Mjini,-8.871,33.5,Sandy Clay Loam,18.31,72.94,0.5,68.6,10.6,18.6,5.9,73.0,10.7,17.3,NPK,4,3,97.79999999999998,5.913793103448276
Mbeya_Mjini,-8.86,33.488,Clay Loam,16.97,87.88,19.54,105.1,55.4,21.6,5.8,92.4,64.1,20.5,MOP,4,1,182.1,1.8634751773049645
Mbeya_Mjini,-8.893,33.464,Sandy Loam,17.28,90.86,32.24,108.7,60.7,32.8,6.1,115.1,58.2,36.0,No Fertilizer,4,4,202.2,1.7617504051863857
Mbeya_Mjini,-8.893,33.452,Sandy Clay Loam,19.11,70.46,0.16,66.6,58.8,30.1,5.8,72.7,54.2,30.4,NPK,4,3,155.5,1.1137123745819397
Mbeya_Mjini,-8.959,33.38,Sandy Clay Loam,17.79,86.59,19.2,90.6,7.0,66.2,5.7,88.6,7.2,57.6,DAP,4,3,163.8,11.325
Mbeya_Mjini,-8.97,33.428,Sandy Clay Loam,13.75,82.9,0.05,136.0,59.1,78.9,5.9,137.1,59.7,81.8,No Fertilizer,4,3,274.0,2.2628951747088184
Mbeya_Mjini,-8.882,33.476,Sandy Clay Loam,13.16,80.28,0.01,16.0,32.5,82.7,5.9,16.2,32.9,86.8,Urea,4,3,131.2,0.47761194029850745
Mbeya_Mjini,-8.915,33.416,Sandy Clay Loam,17.64,91.65,17.89,58.1,26.9,61.6,6.1,52.9,26.6,60.9,DAP,4,3,146.6,2.0824372759856633
Mbeya_Mjini,-8.882,33.44,Sandy Clay Loam,19.18,70.45,0.06,136.3,40.0,73.9,5.5,131.3,40.1,76.4,No Fertilizer,4,3,250.20000000000002,3.3243902439024393
Mbeya_Mjini,-8.915,33.464,Sandy Loam,18.18,65.81,0.0,156.2,10.6,47.3,6.2,162.2,10.0,50.1,SSP,4,4,214.09999999999997,13.46551724137931
Mbeya_Mjini,-8.871,33.5,Sandy Clay Loam,18.82,72.28,0.61,94.1,58.6,22.7,5.9,97.0,53.9,23.5,MOP,4,3,175.39999999999998,1.5788590604026844
Mbeya_Mjini,-8.893,33.5,Sandy Clay Loam,13.62,84.58,1.41,96.9,40.0,55.1,5.8,100.5,42.4,50.1,No Fertilizer,4,3,192.0,2.363414634146342
Mbeya_Mjini,-8.871,33.476,Clay Loam,14.89,77.43,0.0,29.9,16.0,52.1,5.8,28.2,16.3,52.6,DAP,4,1,98.0,1.7588235294117647
Mbeya_Mjini,-8.871,33.428,Sandy Clay Loam,18.84,89.62,9.0,84.2,17.5,62.0,5.8,86.1,16.4,68.4,DAP,4,3,163.7,4.551351351351352
Mbeya_Mjini,-8.893,33.428,Sandy Clay Loam,17.4,77.76,1.01,87.9,14.6,21.9,5.9,100.5,16.2,24.5,NPK,4,3,124.4,5.634615384615385
Mbeya_Mjini,-8.882,33.5,Sandy Clay Loam,12.09,79.37,0.05,51.0,6.7,42.6,5.9,51.2,7.8,36.9,DAP,4,3,100.30000000000001,6.623376623376624
Mbeya_Mjini,-8.86,33.38,Clay Loam,15.53,83.12,0.0,49.8,43.5,36.0,5.7,55.8,42.8,36.6,Urea,4,1,129.3,1.1191011235955055
Mbeya_Mjini,-8.871,33.38,Sandy Clay Loam,18.47,88.69,16.25,85.5,61.5,89.2,5.6,74.1,59.5,86.6,Urea,4,3,236.2,1.368
Mbeya_Mjini,-8.86,33.476,Clay Loam,14.23,70.36,0.0,12.5,4.9,41.0,5.8,13.4,5.2,43.3,DAP,4,1,58.4,2.11864406779661
Mbeya_Mjini,-8.893,33.416,Sandy Clay Loam,12.76,77.05,0.0,64.0,6.9,71.0,5.8,64.8,7.2,69.4,DAP,4,3,141.9,8.101265822784809
Mbeya_Mjini,-8.882,33.38,Sandy Clay Loam,17.87,85.08,2.58,46.8,39.6,76.1,5.5,45.9,41.8,69.1,Urea,4,3,162.5,1.1527093596059113
Mbeya_Mjini,-8.893,33.488,Sandy Loam,13.82,81.75,0.12,64.3,54.6,27.0,5.9,65.7,58.1,28.3,NPK,4,4,145.9,1.1564748201438848
Mbeya_Mjini,-8.904,33.476,Loam,16.44,91.58,38.51,29.7,26.8,55.8,6.1,30.4,25.6,54.0,DAP,4,2,112.3,1.0683453237410072
Mbeya_Mjini,-8.882,33.428,Clay Loam,17.15,86.94,3.92,166.2,24.8,73.1,5.7,161.4,27.1,81.1,No Fertilizer,4,1,264.1,6.441860465116278
Mbeya_Mjini,-8.904,33.464,Loam,16.52,88.46,2.58,122.8,42.6,52.4,6.7,110.9,43.4,45.9,No Fertilizer,4,2,217.8,2.8165137614678897
Mbeya_Mjini,-8.882,33.476,Sandy Clay Loam,17.85,80.57,6.21,132.2,20.7,87.0,5.9,125.4,22.1,85.4,SSP,4,3,239.89999999999998,6.092165898617512
Mbeya_Mjini,-8.959,33.44,Sandy Clay Loam,12.42,78.67,0.0,159.1,5.2,23.3,5.7,144.2,5.8,24.0,NPK,4,3,187.6,25.661290322580644
Mbeya_Mjini,-8.926,33.5,Loam,20.27,72.41,3.6,87.8,55.7,12.0,5.8,94.7,52.5,12.2,MOP,4,2,155.5,1.548500881834215
Mbeya_Mjini,-8.959,33.428,Sandy Clay Loam,18.96,79.48,28.79,25.3,43.6,78.0,5.8,24.8,45.3,80.9,Urea,4,3,146.9,0.5672645739910314
Mbeya_Mjini,-8.882,33.392,Clay Loam,18.05,85.99,24.43,102.4,42.9,74.7,5.8,101.3,42.3,77.2,No Fertilizer,4,1,220.0,2.332574031890661
Mbeya_Mjini,-8.915,33.428,Sandy Clay Loam,11.61,77.32,0.0,112.5,47.4,74.1,5.8,109.8,53.0,89.4,No Fertilizer,4,3,234.0,2.324380165289256
Mbeya_Mjini,-8.959,33.44,Sandy Clay Loam,13.02,81.94,0.0,149.9,46.0,62.6,5.7,136.7,48.6,63.1,No Fertilizer,4,3,258.5,3.18936170212766
Mbeya_Mjini,-8.959,33.416,Sandy Clay Loam,14.53,82.45,0.24,82.1,18.5,83.9,5.8,83.4,17.6,84.7,DAP,4,3,184.5,4.21025641025641
Mbeya_Mjini,-8.959,33.452,Clay Loam,18.56,87.4,24.23,30.8,32.2,78.0,5.8,31.7,27.3,75.5,Urea,4,1,141.0,0.927710843373494
Mbeya_Mjini,-8.915,33.44,Sandy Loam,19.14,75.91,1.44,60.4,10.6,74.1,5.9,58.2,12.3,76.9,DAP,4,4,145.1,5.206896551724138
Mbeya_Mjini,-8.871,33.428,Sandy Clay Loam,16.7,89.88,5.39,62.8,12.4,50.9,5.8,71.7,12.6,53.8,DAP,4,3,126.1,4.686567164179104
Mbeya_Mjini,-8.893,33.38,Sandy Clay Loam,12.49,78.9,0.14,117.8,50.0,38.1,5.8,119.8,48.6,38.1,No Fertilizer,4,3,205.9,2.3098039215686272
Mbeya_Mjini,-8.882,33.392,Clay Loam,18.41,85.86,10.78,106.0,58.1,75.0,5.8,107.0,60.7,84.5,No Fertilizer,4,1,239.1,1.793570219966159
Mbeya_Mjini,-8.86,33.404,Sandy Clay Loam,19.29,69.03,0.8,66.0,71.6,42.7,5.8,70.5,67.5,42.3,Urea,4,3,180.3,0.9090909090909092
Mbeya_Mjini,-8.893,33.428,Sandy Clay Loam,18.68,89.62,2.37,190.9,42.7,44.6,5.9,177.7,45.5,51.3,No Fertilizer,4,3,278.20000000000005,4.368421052631579
Mbeya_Mjini,-8.86,33.392,Sandy Clay Loam,14.36,66.33,0.0,104.6,16.3,46.9,5.7,113.0,16.2,43.5,SSP,4,3,167.79999999999998,6.0462427745664735
Mbeya_Mjini,-8.86,33.476,Clay Loam,18.67,66.34,0.0,49.8,10.6,56.0,5.8,50.3,11.0,53.4,DAP,4,1,116.4,4.293103448275862
Mbeya_Mjini,-8.97,33.416,Sandy Clay Loam,17.62,91.34,42.59,27.9,62.6,42.6,5.9,27.3,57.6,45.5,Urea,4,3,133.1,0.4386792452830188
Mbeya_Mjini,-8.915,33.476,Loam,17.6,85.82,3.87,39.4,40.2,10.5,6.6,36.0,42.2,10.0,NPK,4,2,90.1,0.9563106796116504
Mbeya_Mjini,-8.882,33.488,Sandy Clay Loam,19.14,77.03,1.38,51.8,43.7,80.7,5.9,51.8,44.8,80.1,Urea,4,3,176.2,1.1588366890380313
Mbeya_Mjini,-8.959,33.38,Sandy Clay Loam,16.7,85.93,1.36,39.8,59.3,40.3,5.7,37.3,55.6,43.3,Urea,4,3,139.39999999999998,0.6600331674958541
Mbeya_Mjini,-8.871,33.38,Sandy Clay Loam,15.5,77.69,0.0,43.8,46.8,47.6,5.6,41.7,50.4,55.5,Urea,4,3,138.2,0.9163179916317992
Mbeya_Mjini,-8.893,33.392,Sandy Clay Loam,16.06,85.25,0.05,59.0,59.4,18.1,5.8,58.5,59.1,17.7,NPK,4,3,136.5,0.9768211920529801
Mbeya_Mjini,-8.86,33.452,Clay Loam,16.23,90.35,13.06,36.5,6.7,5.9,5.6,39.5,7.7,6.3,NPK,4,1,49.1,4.74025974025974
Mbeya_Mjini,-8.871,33.476,Clay Loam,17.56,89.78,65.99,146.1,49.3,28.6,5.8,162.5,53.3,26.6,MOP,4,1,223.99999999999997,2.904572564612326
Mbeya_Mjini,-8.882,33.416,Sandy Clay Loam,14.4,85.63,0.68,23.8,61.8,65.2,5.7,23.6,60.2,65.2,Urea,4,3,150.8,0.37898089171974525
Mbeya_Mjini,-8.893,33.428,Sandy Clay Loam,18.17,87.76,19.46,95.4,21.3,13.6,5.9,99.2,22.9,14.3,NPK,4,3,130.3,4.278026905829597
Mbeya_Mjini,-8.915,33.476,Loam,17.73,76.26,0.17,84.9,44.5,92.7,6.6,79.8,46.3,82.3,Urea,4,2,222.10000000000002,1.865934065934066
Mbeya_Mjini,-8.97,33.392,Sandy Clay Loam,19.69,75.76,0.05,186.2,25.6,25.0,5.9,177.0,24.7,24.1,NPK,4,3,236.79999999999998,6.999999999999999
Mbeya_Mjini,-8.871,33.392,Clay Loam,17.74,89.9,3.5,28.7,64.5,17.3,5.8,29.0,67.2,23.2,NPK,4,1,110.5,0.4381679389312977
Mbeya_Mjini,-8.871,33.416,Sandy Clay Loam,18.87,82.79,8.22,71.3,6.6,20.5,5.8,77.6,6.2,21.2,NPK,4,3,98.39999999999999,9.381578947368421
Mbeya_Mjini,-8.904,33.416,Sandy Clay Loam,17.53,89.83,55.16,181.1,42.9,6.5,6.0,174.8,42.3,7.2,MOP,4,3,230.5,4.125284738041002
Mbeya_Mjini,-8.97,33.5,Sandy Clay Loam,18.97,76.04,1.97,145.9,15.4,66.9,6.1,157.1,15.0,70.8,SSP,4,3,228.20000000000002,8.896341463414636
Mbeya_Mjini,-8.882,33.428,Clay Loam,14.64,75.98,0.0,141.0,55.4,78.7,5.7,148.9,51.0,79.5,No Fertilizer,4,1,275.1,2.5
Mbeya_Mjini,-8.893,33.404,Sandy Clay Loam,16.88,80.05,0.17,50.2,16.0,59.0,5.7,53.8,15.6,57.6,DAP,4,3,125.2,2.9529411764705884
Mbeya_Mjini,-8.86,33.404,Sandy Clay Loam,18.89,80.5,6.3,38.7,21.6,22.2,5.8,39.1,19.5,21.8,NPK,4,3,82.5,1.7123893805309736
Mbeya_Mjini,-8.86,33.404,Sandy Clay Loam,17.33,86.39,26.38,133.8,39.0,32.2,5.8,123.7,36.6,30.0,MOP,4,3,205.0,3.345
Mbeya_Mjini,-8.97,33.476,Sandy Clay Loam,17.78,87.7,16.46,167.9,62.0,48.0,6.0,168.0,64.4,46.0,No Fertilizer,4,3,277.9,2.6650793650793654
Mbeya_Mjini,-8.871,33.428,Sandy Clay Loam,17.86,88.05,6.8,101.4,19.6,89.6,5.8,104.6,18.0,86.2,SSP,4,3,210.6,4.922330097087379
Mbeya_Mjini,-8.959,33.452,Clay Loam,15.37,67.2,0.0,95.7,13.8,27.2,5.8,107.2,13.5,26.8,NPK,4,1,136.7,6.466216216216216
Mbeya_Mjini,-8.915,33.5,Loam,17.17,83.87,0.15,59.8,52.6,73.5,5.9,57.6,54.1,67.5,Urea,4,2,185.9,1.1156716417910446
Mbeya_Mjini,-8.882,33.452,Sandy Clay Loam,18.58,71.1,0.0,133.1,37.8,42.0,5.6,140.8,37.0,42.9,No Fertilizer,4,3,212.89999999999998,3.430412371134021
Mbeya_Mjini,-8.926,33.488,Loam,17.83,85.58,32.5,42.1,69.2,30.4,5.9,41.8,64.2,31.0,NPK,4,2,141.70000000000002,0.5997150997150997
Mbeya_Mjini,-8.893,33.5,Sandy Clay Loam,14.0,82.71,0.59,63.4,14.1,38.4,5.8,65.0,13.7,44.3,DAP,4,3,115.9,4.198675496688741
Mbeya_Mjini,-8.893,33.428,Sandy Clay Loam,13.19,79.32,0.0,87.2,52.6,12.9,5.9,82.3,46.6,12.0,NPK,4,3,152.70000000000002,1.626865671641791
Mbeya_Mjini,-8.915,33.488,Loam,17.95,84.83,7.76,95.2,20.8,72.7,6.4,96.3,19.4,73.1,SSP,4,2,188.7,4.36697247706422
Mbeya_Mjini,-8.959,33.404,Sandy Clay Loam,14.68,86.04,0.21,51.0,14.9,31.9,5.8,51.2,14.3,26.4,NPK,4,3,97.80000000000001,3.2075471698113205
Mbeya_Mjini,-8.915,33.428,Sandy Clay Loam,18.29,68.09,0.0,30.5,45.6,65.0,5.8,29.5,49.1,66.9,Urea,4,3,141.1,0.6545064377682404
Mbeya_Mjini,-8.97,33.452,Sandy Clay Loam,15.33,80.36,0.0,130.6,42.6,11.8,5.8,113.8,43.2,11.7,MOP,4,3,185.0,2.995412844036697
Mbeya_Mjini,-8.882,33.38,Sandy Clay Loam,13.16,81.08,0.0,62.7,54.1,89.5,5.5,59.1,53.8,86.2,Urea,4,3,206.3,1.1379310344827587
Mbeya_Mjini,-8.97,33.464,Sandy Clay Loam,17.19,74.82,0.0,108.1,25.6,20.5,5.9,108.8,24.4,22.2,NPK,4,3,154.2,4.06390977443609
Mbeya_Mjini,-8.882,33.488,Sandy Clay Loam,18.23,88.45,1.41,36.2,35.1,82.2,5.9,36.2,33.6,80.2,Urea,4,3,153.5,1.002770083102493
Mbeya_Mjini,-8.882,33.428,Clay Loam,17.76,87.99,5.44,88.4,31.1,74.2,5.7,91.8,30.8,74.0,No Fertilizer,4,1,193.7,2.7538940809968846
Mbeya_Mjini,-8.893,33.38,Sandy Clay Loam,15.88,67.7,0.0,93.9,69.5,85.4,5.8,100.5,68.9,87.3,No Fertilizer,4,3,248.8,1.3319148936170213
Mbeya_Mjini,-8.893,33.452,Sandy Clay Loam,14.01,74.61,0.0,18.1,24.5,49.9,5.8,18.8,23.3,46.1,DAP,4,3,92.5,0.7098039215686275
Mbeya_Mjini,-8.86,33.428,Sandy Clay Loam,17.98,84.38,1.03,63.6,22.0,62.9,5.7,67.2,23.5,67.1,DAP,4,3,148.5,2.765217391304348
Mbeya_Mjini,-8.86,33.38,Clay Loam,17.73,76.35,1.87,34.4,30.7,37.9,5.7,32.9,27.4,37.1,Urea,4,1,103.0,1.085173501577287
Mbeya_Mjini,-8.904,33.392,Sandy Clay Loam,12.53,80.78,0.0,19.2,35.4,23.7,5.9,20.8,41.3,21.5,NPK,4,3,78.3,0.5274725274725275
Mbeya_Mjini,-8.97,33.404,Sandy Clay Loam,16.35,89.86,25.11,194.9,22.8,41.1,5.8,178.3,20.7,43.2,SSP,4,3,258.8,8.1890756302521
Mbeya_Mjini,-8.97,33.392,Sandy Clay Loam,20.05,72.88,0.39,68.2,64.2,19.5,5.9,64.8,64.4,19.9,NPK,4,3,151.9,1.0460122699386503
Mbeya_Mjini,-8.893,33.5,Sandy Clay Loam,17.9,91.31,11.25,147.9,23.0,103.0,5.8,147.7,21.5,88.5,SSP,4,3,273.9,6.1625000000000005
Mbeya_Mjini,-8.871,33.476,Clay Loam,15.72,85.04,0.3,53.3,64.7,14.6,5.8,53.3,63.1,14.1,NPK,4,1,132.6,0.8112633181126331
Mbeya_Mjini,-8.904,33.488,Sandy Clay Loam,18.22,67.32,0.0,120.9,11.1,53.5,5.9,125.9,10.8,55.5,SSP,4,3,185.5,9.991735537190083
Mbeya_Mjini,-8.926,33.5,Loam,18.27,84.32,44.51,141.9,49.2,61.9,5.8,139.2,47.3,58.6,No Fertilizer,4,2,253.00000000000003,2.8266932270916336
Mbeya_Mjini,-8.97,33.392,Sandy Clay Loam,12.75,69.97,0.0,119.7,67.5,49.2,5.9,111.3,63.9,51.2,No Fertilizer,4,3,236.39999999999998,1.7474452554744526
Mbeya_Mjini,-8.915,33.392,Sandy Clay Loam,18.53,83.49,7.08,85.7,14.8,54.9,5.8,90.2,15.1,61.6,SSP,4,3,155.4,5.424050632911392
Mbeya_Mjini,-8.893,33.5,Sandy Clay Loam,12.41,81.55,0.0,71.4,72.8,17.3,5.8,80.0,67.9,15.8,NPK,4,3,161.5,0.9674796747967481
Mbeya_Vijijini,-8.95,33.3,Sandy Clay Loam,18.62,91.74,21.97,72.7,31.3,48.6,6.1,69.3,33.9,52.6,Urea,5,3,152.6,2.2507739938080498
Mbeya_Vijijini,-8.55,33.705,Sandy Clay Loam,18.92,71.35,1.32,171.8,66.4,35.3,6.3,168.0,66.4,30.1,MOP,5,3,273.5,2.548961424332344
Mbeya_Vijijini,-8.59,33.39,Sandy Loam,16.28,91.25,0.85,139.3,51.5,82.1,6.0,151.2,48.7,85.0,No Fertilizer,5,4,272.9,2.6533333333333338
Mbeya_Vijijini,-8.63,33.48,Sandy Loam,18.69,80.22,7.11,165.1,25.6,80.5,6.0,174.1,23.9,70.0,SSP,5,4,271.2,6.2067669172932325
Mbeya_Vijijini,-8.75,33.39,Sandy Clay Loam,20.14,72.97,0.13,29.3,17.0,79.3,6.0,31.1,16.4,87.7,DAP,5,3,125.6,1.6277777777777778
Mbeya_Vijijini,-8.79,33.3,Clay Loam,15.43,74.25,0.0,127.4,23.4,9.8,5.7,134.2,24.0,9.2,NPK,5,1,160.60000000000002,5.221311475409837
Mbeya_Vijijini,-8.71,33.3,Sandy Loam,17.99,86.74,3.2,165.7,10.8,31.0,6.1,169.5,10.1,30.0,NPK,5,4,207.5,14.04237288135593
Mbeya_Vijijini,-8.63,33.435,Sandy Clay Loam,16.35,84.02,3.13,40.0,12.9,23.7,5.8,40.8,13.5,22.4,NPK,5,3,76.6,2.8776978417266186
Mbeya_Vijijini,-8.63,33.75,Sandy Loam,17.12,89.65,16.15,20.3,12.2,7.4,6.1,21.3,10.9,6.9,NPK,5,4,39.9,1.537878787878788
Mbeya_Vijijini,-8.87,33.48,Sandy Clay Loam,18.87,76.21,13.94,128.8,31.7,25.4,5.7,136.0,31.9,26.4,MOP,5,3,185.9,3.9388379204892967
Mbeya_Vijijini,-8.75,33.615,Sandy Clay Loam,16.81,91.96,20.99,105.9,50.4,57.2,6.3,107.7,56.5,63.0,No Fertilizer,5,3,213.5,2.060311284046693
Mbeya_Vijijini,-8.79,33.525,Sandy Clay Loam,14.49,83.11,0.0,154.9,12.2,25.3,5.7,153.1,13.3,25.4,NPK,5,3,192.4,11.734848484848486
Mbeya_Vijijini,-8.55,33.57,Sandy Clay Loam,17.58,84.15,55.77,33.0,12.6,49.5,5.9,33.8,12.6,48.8,DAP,5,3,95.1,2.4264705882352944
Mbeya_Vijijini,-8.71,33.75,Sandy Clay Loam,17.34,89.55,10.86,157.0,46.9,77.9,6.4,145.2,46.5,80.6,No Fertilizer,5,3,281.8,3.277661795407098
Mbeya_Vijijini,-8.91,33.705,Sandy Clay Loam,17.61,81.68,11.58,45.9,19.4,65.5,5.9,44.3,17.0,64.3,DAP,5,3,130.8,2.25
Mbeya_Vijijini,-8.71,33.39,Sandy Clay Loam,17.35,71.63,0.13,33.6,9.7,40.1,5.9,37.8,10.4,39.1,DAP,5,3,83.4,3.140186915887851
Mbeya_Vijijini,-8.71,33.48,Sandy Clay Loam,17.1,91.2,17.98,39.3,15.1,34.9,5.9,37.9,15.0,37.3,DAP,5,3,89.3,2.4409937888198754
Mbeya_Vijijini,-8.83,33.57,Sandy Clay Loam,17.41,90.93,28.08,154.8,60.1,45.5,5.8,148.5,65.0,44.3,No Fertilizer,5,3,260.4,2.5335515548281506
Mbeya_Vijijini,-8.83,33.3,Sandy Clay Loam,12.86,80.29,0.0,119.3,56.2,20.5,5.5,123.1,58.2,20.9,MOP,5,3,196.0,2.0856643356643354
Mbeya_Vijijini,-8.59,33.57,Sandy Loam,18.64,83.36,7.48,88.6,30.6,56.4,5.9,98.9,27.4,59.3,No Fertilizer,5,4,175.6,2.8037974683544302
Mbeya_Vijijini,-8.79,33.435,Sandy Clay Loam,19.6,62.31,0.3,71.0,43.5,38.6,5.7,71.0,47.3,36.6,Urea,5,3,153.1,1.595505617977528
Mbeya_Vijijini,-8.75,33.435,Sandy Clay Loam,13.58,68.12,0.0,159.0,41.1,73.4,6.0,159.1,39.5,77.6,No Fertilizer,5,3,273.5,3.7767220902612824
Mbeya_Vijijini,-8.79,33.66,Sandy Loam,17.61,78.02,0.48,70.7,50.0,67.3,5.9,76.7,48.7,69.6,Urea,5,4,188.0,1.3862745098039215
Mbeya_Vijijini,-8.91,33.345,Sandy Clay Loam,15.19,82.47,0.0,133.7,49.0,57.6,6.0,148.8,49.1,57.3,No Fertilizer,5,3,240.29999999999998,2.674
Mbeya_Vijijini,-8.75,33.39,Sandy Clay Loam,15.85,90.03,5.27,84.1,47.2,40.1,6.0,84.7,45.5,36.6,Urea,5,3,171.4,1.7448132780082986
Mbeya_Vijijini,-8.87,33.66,Sandy Clay Loam,18.67,90.21,49.84,72.9,19.8,24.0,5.9,74.1,21.6,23.6,NPK,5,3,116.7,3.5048076923076925
Mbeya_Vijijini,-8.63,33.57,Sandy Loam,13.93,80.2,0.0,86.1,7.3,73.8,5.8,88.7,6.6,71.2,DAP,5,4,167.2,10.373493975903614
Mbeya_Vijijini,-8.91,33.435,Sandy Loam,19.29,69.03,0.8,60.9,38.7,45.9,6.0,61.2,34.1,46.9,Urea,5,4,145.5,1.5340050377833752
Mbeya_Vijijini,-8.63,33.615,Sandy Clay Loam,18.21,74.66,0.19,126.5,63.0,24.7,5.9,137.1,62.8,24.9,MOP,5,3,214.2,1.9765625
Mbeya_Vijijini,-8.59,33.48,Sandy Loam,15.11,83.05,0.91,92.6,48.6,22.3,5.8,95.5,41.6,22.4,MOP,5,4,163.5,1.8669354838709675
Mbeya_Vijijini,-8.79,33.3,Clay Loam,12.01,74.1,0.0,51.3,57.3,20.3,5.7,49.5,58.9,19.9,NPK,5,1,128.9,0.8799313893653516
Mbeya_Vijijini,-8.95,33.48,Sandy Clay Loam,17.53,84.21,0.86,158.9,71.4,69.8,5.9,162.9,69.4,71.3,No Fertilizer,5,3,300.1,2.1947513812154695
Mbeya_Vijijini,-8.59,33.615,Sandy Clay Loam,16.79,88.32,18.03,66.5,16.3,27.6,5.8,75.3,14.8,25.2,NPK,5,3,110.4,3.84393063583815
Mbeya_Vijijini,-8.95,33.66,Clay Loam,13.58,68.12,0.0,99.0,48.1,48.9,5.9,102.4,49.7,50.2,No Fertilizer,5,1,196.0,2.016293279022403
Mbeya_Vijijini,-8.59,33.3,Sandy Loam,17.38,86.34,3.81,151.8,43.8,38.7,5.9,164.1,48.5,43.9,No Fertilizer,5,4,234.3,3.3883928571428577
Mbeya_Vijijini,-8.63,33.66,Sandy Clay Loam,16.74,89.19,9.51,118.3,60.9,65.2,5.9,116.1,68.7,54.7,No Fertilizer,5,3,244.39999999999998,1.9111470113085622
Mbeya_Vijijini,-8.87,33.57,Sandy Clay Loam,13.8,76.95,0.02,30.5,79.0,77.9,5.8,29.9,69.0,79.7,Urea,5,3,187.4,0.38125
Mbeya_Vijijini,-8.63,33.57,Sandy Loam,15.04,74.08,0.0,150.1,47.5,86.1,5.8,169.8,49.3,78.9,No Fertilizer,5,4,283.7,3.094845360824742
Mbeya_Vijijini,-8.95,33.525,Sandy Clay Loam,18.61,64.37,0.0,122.9,19.8,48.2,5.9,116.7,20.1,43.9,SSP,5,3,190.90000000000003,5.908653846153846
Mbeya_Vijijini,-8.59,33.39,Sandy Loam,15.9,68.05,0.0,61.7,52.3,7.8,6.0,66.9,56.7,7.3,NPK,5,4,121.8,1.157598499061914
Mbeya_Vijijini,-8.87,33.66,Sandy Clay Loam,14.62,75.47,0.0,37.4,11.8,41.2,5.9,33.7,11.1,41.8,DAP,5,3,90.4,2.9218749999999996
Mbeya_Vijijini,-8.75,33.435,Sandy Clay Loam,14.9,79.84,0.0,144.5,52.5,58.1,6.0,145.0,55.5,56.9,No Fertilizer,5,3,255.1,2.7009345794392523
Mbeya_Vijijini,-8.83,33.615,Sandy Clay Loam,18.44,80.77,8.52,105.3,61.9,48.1,6.0,115.4,64.1,52.9,No Fertilizer,5,3,215.29999999999998,1.6740858505564389
Mbeya_Vijijini,-8.71,33.705,Sandy Clay Loam,17.77,73.02,0.0,92.6,29.9,69.2,6.0,100.7,29.3,60.7,No Fertilizer,5,3,191.7,2.9967637540453076
Mbeya_Vijijini,-8.79,33.39,Sandy Clay Loam,18.06,74.5,0.9,165.9,42.2,17.8,5.8,162.0,45.6,18.9,MOP,5,3,225.90000000000003,3.8402777777777777
Mbeya_Vijijini,-8.67,33.75,Sandy Clay Loam,18.53,72.32,0.01,140.1,32.0,59.2,6.0,144.1,32.4,60.3,No Fertilizer,5,3,231.3,4.245454545454545
Mbeya_Vijijini,-8.95,33.435,Sandy Clay Loam,19.31,83.58,0.55,35.5,36.1,21.5,5.9,35.8,32.9,21.3,NPK,5,3,93.1,0.9568733153638813
Mbeya_Vijijini,-8.75,33.39,Sandy Clay Loam,18.21,86.87,5.84,70.1,25.2,68.5,6.0,63.0,24.5,69.0,DAP,5,3,163.8,2.6755725190839694
Mbeya_Vijijini,-8.71,33.435,Sandy Clay Loam,17.5,86.73,0.8,49.7,54.8,32.9,6.0,52.2,54.3,34.5,Urea,5,3,137.4,0.8906810035842295
Mbeya_Vijijini,-8.75,33.57,Sandy Clay Loam,18.33,70.47,0.03,137.0,66.8,72.0,5.8,136.5,65.8,65.6,No Fertilizer,5,3,275.8,2.0206489675516224
Mbeya_Vijijini,-8.91,33.435,Sandy Loam,17.36,90.89,6.11,17.3,64.3,10.7,6.0,15.7,66.1,10.0,NPK,5,4,92.3,0.26493108728943343
Mbeya_Vijijini,-8.95,33.75,Clay Loam,16.62,89.63,12.38,108.9,17.7,41.2,5.8,106.9,15.5,40.3,SSP,5,1,167.8,5.8235294117647065
Mbeya_Vijijini,-8.95,33.57,Clay Loam,18.63,88.62,6.72,123.9,58.2,63.4,5.8,139.6,61.7,65.2,No Fertilizer,5,1,245.50000000000003,2.0929054054054053
Mbeya_Vijijini,-8.79,33.39,Sandy Clay Loam,19.8,75.82,0.74,164.7,53.4,26.9,5.8,159.1,52.7,25.1,MOP,5,3,245.0,3.0275735294117645
Mbeya_Vijijini,-8.71,33.615,Sandy Loam,18.03,83.39,5.37,62.6,20.9,70.4,6.1,68.2,20.7,72.8,DAP,5,4,153.9,2.858447488584475
Mbeya_Vijijini,-8.63,33.75,Sandy Loam,16.6,89.76,5.11,164.3,9.0,65.5,6.1,149.6,8.4,59.0,SSP,5,4,238.8,16.43
Mbeya_Vijijini,-8.79,33.435,Sandy Clay Loam,17.79,74.89,0.0,27.1,23.4,55.8,5.7,28.8,21.7,55.4,DAP,5,3,106.3,1.1106557377049182
Mbeya_Vijijini,-8.95,33.75,Clay Loam,13.8,80.57,0.0,185.9,64.1,38.8,5.8,153.9,64.2,35.7,No Fertilizer,5,1,288.8,2.8556067588325655
Mbeya_Vijijini,-8.87,33.57,Sandy Clay Loam,17.62,89.29,2.15,34.9,46.7,46.2,5.8,31.7,45.8,46.5,Urea,5,3,127.8,0.731656184486373
Mbeya_Vijijini,-8.91,33.75,Clay Loam,19.03,71.9,0.0,73.2,52.8,56.5,5.9,77.5,51.6,56.2,Urea,5,1,182.5,1.3605947955390336
Mbeya_Vijijini,-8.79,33.705,Sandy Loam,12.89,83.52,1.07,145.7,17.6,49.6,6.0,145.5,21.0,45.7,SSP,5,4,212.89999999999998,7.833333333333332
Mbeya_Vijijini,-8.83,33.48,Sandy Clay Loam,15.53,81.63,0.02,37.4,45.8,74.6,5.8,35.5,51.5,64.7,Urea,5,3,157.79999999999998,0.7991452991452992
Mbeya_Vijijini,-8.83,33.66,Sandy Clay Loam,13.29,80.21,0.09,51.7,5.6,47.1,5.9,49.0,5.9,42.4,DAP,5,3,104.4,7.833333333333334
Mbeya_Vijijini,-8.79,33.39,Sandy Clay Loam,18.44,80.77,8.52,136.9,27.6,24.4,5.8,132.8,28.8,23.0,MOP,5,3,188.9,4.786713286713287
Mbeya_Vijijini,-8.75,33.57,Sandy Clay Loam,17.15,71.36,0.0,144.0,41.6,25.0,5.8,132.4,45.4,24.0,MOP,5,3,210.6,3.380281690140845
Mbeya_Vijijini,-8.71,33.39,Sandy Clay Loam,18.43,84.88,23.39,118.0,14.4,6.3,5.9,119.0,13.6,6.5,NPK,5,3,138.70000000000002,7.662337662337662
Mbeya_Vijijini,-8.95,33.705,Clay,17.81,88.56,1.23,124.7,58.3,31.9,5.7,128.0,58.3,31.3,MOP,5,0,214.9,2.1028667790893762
Mbeya_Vijijini,-8.87,33.66,Sandy Clay Loam,13.78,80.72,0.0,99.8,19.2,64.5,5.9,102.3,19.5,68.9,SSP,5,3,183.5,4.9405940594059405
Mbeya_Vijijini,-8.83,33.75,Sandy Clay Loam,16.04,78.53,0.0,56.0,42.9,74.6,5.8,52.8,47.1,72.7,Urea,5,3,173.5,1.275626423690205
Mbeya_Vijijini,-8.63,33.435,Sandy Clay Loam,19.11,73.12,0.64,70.5,30.6,23.7,5.8,68.8,30.7,23.0,NPK,5,3,124.8,2.231012658227848
Mbeya_Vijijini,-8.71,33.705,Sandy Clay Loam,20.46,62.29,0.0,41.7,35.4,74.7,6.0,40.9,43.3,86.6,Urea,5,3,151.8,1.1456043956043958
Mbeya_Vijijini,-8.75,33.75,Sandy Clay Loam,20.27,72.41,3.6,173.6,11.0,48.3,6.1,164.4,11.1,48.2,SSP,5,3,232.89999999999998,14.466666666666667
Mbeya_Vijijini,-8.95,33.435,Sandy Clay Loam,15.58,89.71,9.44,93.5,5.1,85.4,5.9,109.2,5.1,83.0,SSP,5,3,184.0,15.327868852459018
Mbeya_Vijijini,-8.71,33.525,Sandy Clay Loam,17.6,86.45,6.34,79.8,65.1,65.0,5.8,78.1,64.0,65.4,Urea,5,3,209.89999999999998,1.2072617246596067
Mbeya_Vijijini,-8.55,33.435,Sandy Loam,17.47,86.41,14.92,89.9,19.4,68.4,6.0,88.5,21.8,66.7,DAP,5,4,177.70000000000002,4.4068627450980395
Mbeya_Vijijini,-8.71,33.435,Sandy Clay Loam,15.61,77.94,0.0,191.0,59.0,11.9,6.0,171.0,58.1,13.1,MOP,5,3,261.9,3.183333333333333
Mbeya_Vijijini,-8.67,33.705,Sandy Loam,15.84,65.33,0.0,32.2,64.9,23.1,6.2,36.1,70.0,24.5,NPK,5,4,120.20000000000002,0.48861911987860396
Mbeya_Vijijini,-8.67,33.3,Sandy Loam,16.88,68.52,0.0,121.6,16.9,7.2,6.1,109.7,18.0,6.7,NPK,5,4,145.7,6.793296089385475
Mbeya_Vijijini,-8.71,33.39,Sandy Clay Loam,17.78,90.37,14.04,96.5,22.6,66.2,5.9,96.0,21.5,66.2,SSP,5,3,185.3,4.088983050847458
Mbeya_Vijijini,-8.63,33.66,Sandy Clay Loam,18.51,63.54,0.0,117.8,54.5,35.8,5.9,113.9,47.7,34.9,No Fertilizer,5,3,208.10000000000002,2.1225225225225226
Mbeya_Vijijini,-8.55,33.435,Sandy Loam,17.01,84.55,0.26,14.6,68.0,69.3,6.0,13.1,67.7,72.1,Urea,5,4,151.89999999999998,0.21159420289855072
Mbeya_Vijijini,-8.87,33.435,Sandy Clay Loam,16.77,87.4,9.95,164.5,60.8,34.5,5.7,158.3,64.4,34.5,No Fertilizer,5,3,259.8,2.661812297734628
Mbeya_Vijijini,-8.79,33.57,Sandy Clay Loam,11.6,79.84,0.0,173.2,37.7,62.8,6.0,168.5,37.2,74.8,No Fertilizer,5,3,273.7,4.475452196382428
Mbeya_Vijijini,-8.75,33.435,Sandy Clay Loam,14.39,82.49,0.27,107.9,60.2,18.0,6.0,106.1,56.5,17.0,MOP,5,3,186.10000000000002,1.7630718954248366
Mbeya_Vijijini,-8.91,33.525,Sandy Clay Loam,12.58,78.18,0.07,124.1,13.5,23.2,5.9,128.4,13.0,20.6,NPK,5,3,160.79999999999998,8.558620689655172
Mbeya_Vijijini,-8.55,33.48,Sandy Loam,16.39,84.84,6.75,166.5,81.7,32.1,6.0,166.8,68.5,34.6,No Fertilizer,5,4,280.3,2.0133010882708584
Mbeya_Vijijini,-8.67,33.3,Sandy Loam,17.44,85.11,3.49,123.7,64.3,37.7,6.1,130.2,67.6,40.3,No Fertilizer,5,4,225.7,1.894333843797856
Mbeya_Vijijini,-8.59,33.345,Sandy Loam,18.7,80.68,8.92,35.8,15.1,36.4,6.1,35.9,14.8,35.3,DAP,5,4,87.3,2.2236024844720492
Mbeya_Vijijini,-8.95,33.66,Clay Loam,13.47,80.82,0.17,90.3,26.3,77.4,5.9,108.0,23.8,70.1,SSP,5,1,194.0,3.3076923076923075
Mbeya_Vijijini,-8.59,33.57,Sandy Loam,19.12,76.87,0.64,116.5,11.7,14.1,5.9,113.1,10.6,14.1,NPK,5,4,142.29999999999998,9.173228346456693
Mbeya_Vijijini,-8.59,33.345,Sandy Loam,15.54,82.51,0.07,81.4,18.9,32.4,6.1,82.1,21.9,35.5,DAP,5,4,132.70000000000002,4.090452261306533
Mbeya_Vijijini,-8.95,33.525,Sandy Clay Loam,15.9,78.28,0.0,132.0,57.8,75.2,5.9,135.2,57.9,76.3,No Fertilizer,5,3,265.0,2.2448979591836737
Mbeya_Vijijini,-8.87,33.75,Sandy Clay Loam,18.83,78.3,0.43,171.4,32.0,10.8,5.8,168.8,29.0,11.6,MOP,5,3,214.20000000000002,5.193939393939394
Mbeya_Vijijini,-8.71,33.435,Sandy Clay Loam,15.97,71.5,0.13,150.6,11.8,81.2,6.0,167.3,9.8,85.2,SSP,5,3,243.60000000000002,11.765624999999998
Mbeya_Vijijini,-8.67,33.705,Sandy Loam,17.17,85.84,14.95,98.3,27.9,87.0,6.2,86.6,26.6,88.9,DAP,5,4,213.2,3.4013840830449826
Mbeya_Vijijini,-8.59,33.66,Sandy Clay Loam,16.28,76.37,0.0,29.0,67.0,12.6,5.8,29.3,68.8,13.4,NPK,5,3,108.6,0.4264705882352941
Mbeya_Vijijini,-8.95,33.525,Sandy Clay Loam,16.94,89.6,5.34,175.6,42.3,28.8,5.9,177.4,45.6,30.5,MOP,5,3,246.7,4.055427251732102
Mbeya_Vijijini,-8.87,33.705,Sandy Clay Loam,14.63,81.3,0.0,142.3,36.4,37.5,5.7,152.6,31.5,37.3,No Fertilizer,5,3,216.20000000000002,3.8048128342245993
Mbeya_Vijijini,-8.91,33.705,Sandy Clay Loam,19.2,71.28,0.0,31.2,15.8,72.3,5.9,31.2,15.0,71.2,DAP,5,3,119.3,1.857142857142857
Mbeya_Vijijini,-8.63,33.705,Sandy Loam,17.08,89.89,12.43,182.7,65.0,50.5,6.3,166.5,69.1,56.1,No Fertilizer,5,4,298.2,2.768181818181818
Mbeya_Vijijini,-8.67,33.705,Sandy Loam,17.8,79.51,1.3,169.3,57.3,61.8,6.2,157.9,58.2,60.1,No Fertilizer,5,4,288.40000000000003,2.903945111492282
Mbeya_Vijijini,-8.71,33.39,Sandy Clay Loam,17.88,71.89,0.13,104.1,23.1,67.8,5.9,98.2,22.6,69.6,SSP,5,3,195.0,4.319502074688796
Mbeya_Vijijini,-8.79,33.75,Sandy Loam,19.68,82.36,1.52,114.7,9.0,16.7,6.1,110.5,8.6,15.9,NPK,5,4,140.4,11.47
Mbeya_Vijijini,-8.71,33.39,Sandy Clay Loam,16.52,85.39,5.31,75.9,7.3,80.1,5.9,77.8,7.7,76.0,DAP,5,3,163.3,9.144578313253012
Mbeya_Vijijini,-8.83,33.435,Sandy Clay Loam,17.36,85.3,8.61,17.3,11.4,62.8,5.7,19.3,11.9,65.3,DAP,5,3,91.5,1.3951612903225807
Mbeya_Vijijini,-8.83,33.435,Sandy Clay Loam,17.05,93.57,2.87,66.0,37.4,56.8,5.7,67.0,42.3,54.5,Urea,5,3,160.2,1.71875
Mbeya_Vijijini,-8.75,33.435,Sandy Clay Loam,17.04,88.32,1.96,144.1,70.1,76.0,6.0,146.5,65.3,80.7,No Fertilizer,5,3,290.2,2.026722925457103
Mbeya_Vijijini,-8.63,33.705,Sandy Loam,17.1,91.2,17.98,11.6,35.9,70.8,6.3,10.8,36.8,64.8,Urea,5,4,118.3,0.3143631436314363
Mbeya_Vijijini,-8.95,33.39,Sandy Clay Loam,17.8,87.51,0.9,68.1,61.6,21.7,5.7,66.7,59.6,22.9,NPK,5,3,151.39999999999998,1.0878594249201277
Mbeya_Vijijini,-8.87,33.435,Sandy Clay Loam,17.0,86.83,4.06,86.5,36.8,43.1,5.7,77.7,33.4,42.1,Urea,5,3,166.4,2.2883597883597884
Mbeya_Vijijini,-8.55,33.3,Sandy Loam,17.85,80.57,6.21,109.9,51.5,46.9,6.0,101.4,50.8,47.5,No Fertilizer,5,4,208.3,2.0933333333333333
Mbeya_Vijijini,-8.87,33.39,Clay Loam,18.71,73.11,0.14,161.1,51.9,9.9,5.6,166.4,52.3,10.6,MOP,5,1,222.9,3.045368620037807
Mbeya_Vijijini,-8.75,33.3,Sandy Loam,14.7,74.66,0.0,60.2,15.7,91.6,5.9,68.9,15.5,86.2,DAP,5,4,167.5,3.604790419161677
Mbeya_Vijijini,-8.67,33.705,Sandy Loam,13.37,77.68,0.0,75.7,28.0,16.1,6.2,69.0,27.8,16.8,NPK,5,4,119.80000000000001,2.610344827586207
Mbeya_Vijijini,-8.95,33.705,Clay,15.41,79.84,1.85,148.3,50.1,56.9,5.7,135.4,46.1,64.6,No Fertilizer,5,0,255.3,2.9021526418786694
Mbeya_Vijijini,-8.83,33.3,Sandy Clay Loam,17.3,87.37,6.6,78.6,8.9,38.7,5.5,86.9,8.7,48.5,DAP,5,3,126.2,7.939393939393939
Mbeya_Vijijini,-8.95,33.3,Sandy Clay Loam,17.58,85.9,3.08,53.3,26.8,7.7,6.1,48.2,27.9,8.2,NPK,5,3,87.8,1.9172661870503596
Mbeya_Vijijini,-8.83,33.435,Sandy Clay Loam,17.46,70.54,0.01,89.2,42.2,91.7,5.7,86.9,39.3,83.7,Urea,5,3,223.10000000000002,2.064814814814815
Mbeya_Vijijini,-8.91,33.75,Clay Loam,17.52,86.48,3.34,34.3,75.8,84.4,5.9,33.9,69.8,77.6,Urea,5,1,194.5,0.4466145833333333
Mbeya_Vijijini,-8.79,33.39,Sandy Clay Loam,16.19,92.94,7.8,44.5,32.0,47.5,5.8,40.0,35.3,50.0,Urea,5,3,124.0,1.3484848484848484
Mbeya_Vijijini,-8.59,33.66,Sandy Clay Loam,17.15,86.97,6.1,103.6,64.1,24.6,5.8,94.7,57.9,25.2,MOP,5,3,192.29999999999998,1.5913978494623657
Mbeya_Vijijini,-8.83,33.48,Sandy Clay Loam,14.06,83.91,0.36,84.9,33.3,15.7,5.8,81.2,32.5,16.2,NPK,5,3,133.9,2.4752186588921288
Mbeya_Vijijini,-8.71,33.345,Sandy Loam,18.97,86.61,10.89,171.0,57.7,33.1,6.0,165.5,56.6,36.5,No Fertilizer,5,4,261.8,2.9131175468483814
Mbeya_Vijijini,-8.83,33.57,Sandy Clay Loam,17.5,76.54,0.06,74.7,46.3,25.6,5.8,71.6,43.3,27.5,NPK,5,3,146.6,1.5792811839323468
Mbeya_Vijijini,-8.79,33.66,Sandy Loam,13.84,82.42,0.01,105.7,60.0,51.9,5.9,108.7,62.5,48.6,No Fertilizer,5,4,217.6,1.7327868852459016
Mbeya_Vijijini,-8.71,33.48,Sandy Clay Loam,18.18,84.41,56.76,117.0,33.2,90.3,5.9,117.5,31.1,87.2,No Fertilizer,5,3,240.5,3.421052631578947
Mbeya_Vijijini,-8.79,33.525,Sandy Clay Loam,17.1,87.45,2.93,11.5,42.7,55.3,5.7,12.2,43.9,54.3,Urea,5,3,109.5,0.2631578947368421
Mbeya_Vijijini,-8.67,33.705,Sandy Loam,17.74,89.9,3.5,119.9,40.9,73.2,6.2,122.8,45.6,80.8,No Fertilizer,5,4,234.0,2.8615751789976134
Mbeya_Vijijini,-8.95,33.3,Sandy Clay Loam,15.45,85.27,0.45,39.2,29.3,61.1,6.1,40.3,31.5,60.7,Urea,5,3,129.6,1.2937293729372938
Mbeya_Vijijini,-8.95,33.345,Sandy Clay Loam,16.95,89.84,6.45,165.7,14.1,38.5,6.0,173.4,13.5,45.9,SSP,5,3,218.29999999999998,10.973509933774833
Mbeya_Vijijini,-8.95,33.345,Sandy Clay Loam,18.36,72.25,0.0,35.6,9.5,82.4,6.0,35.3,10.2,77.8,DAP,5,3,127.5,3.3904761904761904
Mbeya_Vijijini,-8.79,33.705,Sandy Loam,18.03,81.19,5.61,78.7,5.7,46.4,6.0,80.5,5.1,45.6,DAP,5,4,130.8,11.746268656716419
Mbeya_Vijijini,-8.91,33.57,Sandy Clay Loam,17.78,86.07,16.25,25.4,66.8,71.5,5.9,24.5,61.7,79.0,Urea,5,3,163.7,0.3746312684365782
Mbeya_Vijijini,-8.59,33.75,Sandy Loam,18.61,89.5,6.46,159.1,21.4,33.9,6.3,179.5,19.6,30.5,NPK,5,4,214.4,7.102678571428572
Mbeya_Vijijini,-8.79,33.39,Sandy Clay Loam,17.81,87.43,0.94,94.6,18.1,14.7,5.8,95.4,18.0,16.8,NPK,5,3,127.39999999999999,4.952879581151832
Mbeya_Vijijini,-8.63,33.57,Sandy Loam,17.86,88.7,1.83,112.2,53.5,80.7,5.8,111.2,52.6,77.8,No Fertilizer,5,4,246.39999999999998,2.0587155963302752
Mbeya_Vijijini,-8.95,33.3,Sandy Clay Loam,17.27,83.93,11.65,20.9,23.0,57.5,6.1,21.4,25.1,55.3,DAP,5,3,101.4,0.8708333333333332
Mbeya_Vijijini,-8.95,33.615,Clay Loam,17.2,89.73,11.61,135.8,40.0,73.7,5.7,137.5,37.4,80.7,No Fertilizer,5,1,249.5,3.31219512195122
Mbeya_Vijijini,-8.59,33.3,Sandy Loam,17.36,87.4,13.67,40.6,15.1,84.6,5.9,45.7,14.7,84.8,DAP,5,4,140.3,2.5217391304347823
Mbeya_Vijijini,-8.55,33.345,Sandy Loam,17.48,89.99,7.27,166.7,70.0,9.3,5.9,162.7,67.3,10.5,MOP,5,4,246.0,2.3478873239436617
Mbeya_Vijijini,-8.91,33.615,Sandy Clay Loam,16.97,85.94,0.59,46.9,67.3,38.5,5.9,44.9,60.2,48.1,Urea,5,3,152.7,0.6866764275256223
Mbeya_Vijijini,-8.83,33.66,Sandy Clay Loam,14.62,82.62,0.11,43.9,58.4,34.7,5.9,42.4,61.0,37.5,Urea,5,3,137.0,0.7390572390572391
Mbeya_Vijijini,-8.67,33.75,Sandy Clay Loam,18.21,73.08,0.04,17.4,30.6,56.0,6.0,16.2,30.8,58.6,Urea,5,3,104.0,0.550632911392405
Mbeya_Vijijini,-8.91,33.57,Sandy Clay Loam,17.89,76.65,3.48,91.5,55.6,75.9,5.9,90.3,54.3,72.7,No Fertilizer,5,3,223.0,1.61660777385159
Mbeya_Vijijini,-8.59,33.75,Sandy Loam,15.49,84.24,0.36,109.6,12.6,29.7,6.3,106.0,13.5,29.6,NPK,5,4,151.89999999999998,8.058823529411764
Mbeya_Vijijini,-8.87,33.66,Sandy Clay Loam,13.77,84.82,0.6,21.4,4.5,53.1,5.9,21.2,4.6,52.8,DAP,5,3,79.0,3.8909090909090907
Mbeya_Vijijini,-8.75,33.345,Sandy Clay Loam,14.2,82.52,0.24,148.7,5.5,60.9,5.9,141.8,5.3,65.5,SSP,5,3,215.1,22.876923076923074
Mbeya_Vijijini,-8.55,33.66,Sandy Loam,17.64,94.61,35.07,77.4,41.7,16.7,5.8,87.1,42.7,17.3,NPK,5,4,135.8,1.8126463700234192
Mbeya_Vijijini,-8.75,33.48,Sandy Clay Loam,16.66,85.53,19.3,92.9,37.2,69.5,5.9,99.1,34.1,74.4,No Fertilizer,5,3,199.60000000000002,2.431937172774869
Mbeya_Vijijini,-8.63,33.66,Sandy Clay Loam,17.53,88.34,14.57,94.4,34.1,52.0,5.9,84.9,38.2,56.9,Urea,5,3,180.5,2.6894586894586894
Mbeya_Vijijini,-8.91,33.435,Sandy Loam,18.2,82.4,9.03,64.7,4.8,82.2,6.0,78.1,4.5,85.8,DAP,5,4,151.7,11.155172413793105
Mbeya_Vijijini,-8.63,33.75,Sandy Loam,13.07,81.04,0.15,104.1,33.4,34.7,6.1,105.1,31.9,34.5,No Fertilizer,5,4,172.2,3.0261627906976742
Mbeya_Vijijini,-8.87,33.615,Sandy Clay Loam,18.36,87.09,6.83,39.4,49.3,14.5,5.8,36.4,51.4,15.1,NPK,5,3,103.19999999999999,0.7833001988071571
Mbeya_Vijijini,-8.71,33.525,Sandy Clay Loam,16.38,80.69,0.72,40.7,31.1,47.4,5.8,40.9,33.2,48.5,Urea,5,3,119.20000000000002,1.2679127725856698
Mbeya_Vijijini,-8.63,33.75,Sandy Loam,15.84,65.33,0.0,152.1,44.7,13.9,6.1,156.5,52.3,13.2,MOP,5,4,210.70000000000002,3.3282275711159732
Mbeya_Vijijini,-8.83,33.75,Sandy Clay Loam,17.87,84.32,0.22,172.4,18.3,84.4,5.8,170.8,19.4,87.4,SSP,5,3,275.1,8.932642487046632
Mbeya_Vijijini,-8.71,33.435,Sandy Clay Loam,15.92,85.98,0.64,71.6,61.9,8.4,6.0,73.5,57.7,9.2,NPK,5,3,141.9,1.1383147853736089
Mbeya_Vijijini,-8.95,33.75,Clay Loam,19.36,70.34,0.03,56.1,42.7,72.0,5.8,56.0,42.8,69.3,Urea,5,1,170.8,1.2837528604118993
Mbeya_Vijijini,-8.75,33.705,Sandy Clay Loam,13.75,78.53,0.0,113.8,19.4,51.0,5.9,119.5,17.9,50.1,SSP,5,3,184.2,5.57843137254902
Mbeya_Vijijini,-8.59,33.57,Sandy Loam,18.78,69.06,0.0,85.7,18.8,37.8,5.9,79.5,19.6,37.0,DAP,5,4,142.3,4.328282828282828
Mbeya_Vijijini,-8.59,33.57,Sandy Loam,18.38,83.54,5.11,15.7,47.7,12.0,5.9,14.3,45.5,11.5,NPK,5,4,75.4,0.3223819301848049
Mbeya_Vijijini,-8.59,33.66,Sandy Clay Loam,17.84,88.46,12.61,36.2,55.8,60.1,5.8,36.5,58.8,58.3,Urea,5,3,152.1,0.6373239436619719
Mbeya_Vijijini,-8.87,33.615,Sandy Clay Loam,12.11,81.01,0.0,118.9,29.3,55.3,5.8,131.7,31.4,55.2,No Fertilizer,5,3,203.5,3.924092409240924
Mbeya_Vijijini,-8.63,33.705,Sandy Loam,17.62,84.39,0.24,117.5,20.9,34.5,6.3,122.0,21.0,29.6,NPK,5,4,172.9,5.365296803652968
Mbeya_Vijijini,-8.67,33.39,Sandy Loam,16.49,90.74,17.48,14.4,58.4,75.0,6.0,14.6,61.2,82.5,Urea,5,4,147.8,0.24242424242424243
Mbeya_Vijijini,-8.91,33.615,Sandy Clay Loam,18.62,70.12,0.0,49.4,43.0,30.3,5.9,47.7,48.2,31.5,NPK,5,3,122.7,1.1227272727272728
Mbeya_Vijijini,-8.71,33.435,Sandy Clay Loam,17.36,63.87,0.0,45.8,33.1,46.7,6.0,49.3,33.6,43.8,Urea,5,3,125.60000000000001,1.343108504398827
Mbeya_Vijijini,-8.75,33.39,Sandy Clay Loam,20.14,72.97,0.13,117.5,36.5,52.2,6.0,124.2,36.2,51.7,No Fertilizer,5,3,206.2,3.1333333333333333
Mbeya_Vijijini,-8.71,33.705,Sandy Clay Loam,17.36,86.02,3.95,13.8,19.0,15.2,6.0,13.4,17.5,14.4,NPK,5,3,48.0,0.6900000000000001
Mbeya_Vijijini,-8.83,33.615,Sandy Clay Loam,16.28,91.25,0.85,29.5,48.3,85.3,6.0,27.7,45.4,84.3,Urea,5,3,163.1,0.5983772819472617
Mbeya_Vijijini,-8.63,33.66,Sandy Clay Loam,19.15,79.69,0.98,139.6,30.0,41.1,5.9,146.0,27.7,37.5,No Fertilizer,5,3,210.7,4.503225806451613
Mbeya_Vijijini,-8.95,33.345,Sandy Clay Loam,17.72,85.78,5.07,36.6,73.2,11.9,6.0,40.4,69.7,12.8,NPK,5,3,121.70000000000002,0.49326145552560646
Mbeya_Vijijini,-8.79,33.39,Sandy Clay Loam,18.9,80.47,0.13,148.8,36.5,42.2,5.8,121.0,35.7,38.5,No Fertilizer,5,3,227.5,3.9680000000000004
Mbeya_Vijijini,-8.67,33.66,Sandy Loam,17.23,91.1,12.04,53.3,33.0,61.0,6.1,50.5,36.1,56.4,Urea,5,4,147.3,1.5676470588235294
Mbeya_Vijijini,-8.67,33.525,Sandy Clay Loam,17.01,89.07,23.48,26.4,41.8,45.0,6.0,26.9,41.3,49.1,Urea,5,3,113.19999999999999,0.616822429906542
Mbeya_Vijijini,-8.79,33.345,Sandy Clay Loam,19.27,72.15,1.31,54.5,67.2,67.2,5.6,51.3,64.5,64.3,Urea,5,3,188.9,0.7991202346041055
Mbeya_Vijijini,-8.75,33.48,Sandy Clay Loam,17.46,84.14,0.3,131.6,62.7,10.6,5.9,132.8,56.9,10.7,MOP,5,3,204.9,2.0659340659340657
Mbeya_Vijijini,-8.59,33.57,Sandy Loam,15.19,82.47,0.0,164.9,35.4,28.6,5.9,155.5,33.8,29.9,MOP,5,4,228.9,4.53021978021978
Mbeya_Vijijini,-8.87,33.57,Sandy Clay Loam,13.2,79.21,0.0,152.8,55.9,64.9,5.8,151.1,51.4,74.8,No Fertilizer,5,3,273.6,2.685413005272408
Mbeya_Vijijini,-8.55,33.615,Sandy Loam,17.31,86.56,3.42,78.0,39.6,11.8,5.8,77.5,42.7,12.7,NPK,5,4,129.4,1.921182266009852
Mbeya_Vijijini,-8.67,33.3,Sandy Loam,19.8,75.82,0.74,122.6,35.7,81.7,6.1,123.6,36.5,77.9,No Fertilizer,5,4,240.0,3.3405994550408713
Mbeya_Vijijini,-8.59,33.48,Sandy Loam,13.81,74.12,0.0,40.3,17.2,14.5,5.8,44.8,16.7,13.7,NPK,5,4,72.0,2.2142857142857144
Mbeya_Vijijini,-8.83,33.705,Sandy Clay Loam,18.6,86.53,0.0,68.0,37.4,75.0,5.8,59.8,34.6,76.1,Urea,5,3,180.4,1.7708333333333335
Mbeya_Vijijini,-8.67,33.57,Sandy Clay Loam,12.39,75.61,0.0,151.7,20.0,38.4,6.1,162.4,20.2,36.3,SSP,5,3,210.1,7.223809523809523
Mbeya_Vijijini,-8.59,33.48,Sandy Loam,16.05,72.1,0.0,11.0,64.0,61.2,5.8,12.2,64.4,57.4,Urea,5,4,136.2,0.16923076923076924
Mbeya_Vijijini,-8.83,33.345,Sandy Clay Loam,16.04,78.53,0.0,24.2,27.4,19.0,5.5,24.5,26.1,18.8,NPK,5,3,70.6,0.852112676056338
Mbeya_Vijijini,-8.75,33.705,Sandy Clay Loam,18.21,87.83,0.98,42.3,61.6,11.0,5.9,45.3,66.8,11.6,NPK,5,3,114.9,0.6757188498402555
Mbeya_Vijijini,-8.59,33.57,Sandy Loam,14.34,76.54,0.0,14.5,43.6,24.9,5.9,14.5,39.2,24.1,NPK,5,4,83.0,0.3251121076233184
Mbeya_Vijijini,-8.67,33.345,Sandy Loam,18.51,84.32,54.47,42.8,42.9,17.3,5.8,40.8,45.7,16.7,NPK,5,4,102.99999999999999,0.9749430523917995
Mbeya_Vijijini,-8.71,33.615,Sandy Loam,17.78,70.49,0.0,116.7,34.5,33.8,6.1,109.1,39.8,32.2,MOP,5,4,185.0,3.287323943661972
Mbeya_Vijijini,-8.59,33.66,Sandy Clay Loam,18.13,86.39,4.03,86.3,12.5,52.2,5.8,81.6,12.5,49.2,DAP,5,3,151.0,6.392592592592592
Mbeya_Vijijini,-8.95,33.3,Sandy Clay Loam,18.79,89.31,35.96,158.3,32.2,50.2,6.1,161.8,28.8,55.5,No Fertilizer,5,3,240.7,4.768072289156627
Mbeya_Vijijini,-8.87,33.66,Sandy Clay Loam,15.28,81.69,0.01,149.5,11.0,69.8,5.9,149.0,10.5,72.3,SSP,5,3,230.3,12.458333333333334
Mbeya_Vijijini,-8.87,33.75,Sandy Clay Loam,16.04,77.18,0.0,70.1,47.5,53.0,5.8,68.1,45.1,61.1,Urea,5,3,170.6,1.445360824742268
Mbeya_Vijijini,-8.87,33.435,Sandy Clay Loam,15.12,83.92,0.5,47.4,33.6,60.1,5.7,54.1,33.5,57.1,Urea,5,3,141.1,1.3699421965317917
Mbeya_Vijijini,-8.75,33.48,Sandy Clay Loam,19.87,73.1,0.3,77.5,54.8,40.0,5.9,74.5,55.3,40.6,Urea,5,3,172.3,1.388888888888889
Mbeya_Vijijini,-8.87,33.3,Sandy Clay Loam,15.32,87.8,8.06,99.1,16.5,47.2,5.6,110.4,18.6,45.8,SSP,5,3,162.8,5.662857142857143
Mbeya_Vijijini,-8.95,33.615,Clay Loam,18.04,89.49,5.84,63.5,12.5,36.6,5.7,55.6,14.9,40.8,DAP,5,1,112.6,4.703703703703703
Mbeya_Vijijini,-8.75,33.48,Sandy Clay Loam,13.36,71.93,0.0,112.8,31.2,84.3,5.9,116.1,30.8,76.7,No Fertilizer,5,3,228.3,3.5031055900621113
Mbeya_Vijijini,-8.63,33.75,Sandy Loam,10.7,78.25,0.0,78.6,71.1,23.2,6.1,79.6,65.2,25.3,NPK,5,4,172.89999999999998,1.0901525658807212
Mbeya_Vijijini,-8.75,33.75,Sandy Clay Loam,17.79,61.7,0.0,98.3,52.1,6.8,6.1,103.8,50.9,6.5,MOP,5,3,157.20000000000002,1.8512241054613936
Mbeya_Vijijini,-8.55,33.57,Sandy Clay Loam,18.04,80.39,7.18,80.4,33.0,61.2,5.9,84.1,31.6,60.7,Urea,5,3,174.60000000000002,2.364705882352941
Mbeya_Vijijini,-8.83,33.3,Sandy Clay Loam,14.05,84.81,0.17,69.6,42.4,22.7,5.5,60.1,38.1,23.0,NPK,5,3,134.7,1.6036866359447004
Mbeya_Vijijini,-8.55,33.615,Sandy Loam,14.58,85.62,1.96,182.5,9.8,79.2,5.8,171.2,9.6,80.8,SSP,5,4,271.5,16.89814814814815
Mbeya_Vijijini,-8.95,33.435,Sandy Clay Loam,13.66,71.6,0.0,124.7,68.4,74.7,5.9,139.8,69.0,78.2,No Fertilizer,5,3,267.8,1.796829971181556
Mbeya_Vijijini,-8.63,33.615,Sandy Clay Loam,17.35,86.4,1.31,37.4,45.2,13.6,5.9,33.8,48.0,12.4,NPK,5,3,96.19999999999999,0.8095238095238094
Mbeya_Vijijini,-8.79,33.39,Sandy Clay Loam,19.7,73.04,0.72,170.8,26.1,14.9,5.8,157.6,22.8,14.9,NPK,5,3,211.8,6.302583025830258
Mbeya_Vijijini,-8.75,33.525,Sandy Clay Loam,17.59,86.28,8.46,91.0,44.2,43.4,5.8,92.9,42.7,47.6,No Fertilizer,5,3,178.6,2.0132743362831858
Mbeya_Vijijini,-8.95,33.75,Clay Loam,12.34,81.05,0.22,165.6,10.5,55.6,5.8,162.1,11.2,57.2,SSP,5,1,231.7,14.4
Mbeya_Vijijini,-8.79,33.48,Sandy Clay Loam,14.09,73.81,0.0,145.8,62.2,29.4,5.7,146.0,67.7,29.1,MOP,5,3,237.4,2.3069620253164556
Mbeya_Vijijini,-8.55,33.57,Sandy Clay Loam,18.07,85.31,0.13,93.6,16.9,70.4,5.9,82.3,15.5,66.2,DAP,5,3,180.9,5.229050279329609
Mbeya_Vijijini,-8.55,33.435,Sandy Loam,20.49,61.94,0.0,13.0,43.4,53.6,6.0,13.8,46.8,56.0,Urea,5,4,110.0,0.2927927927927928
Mbeya_Vijijini,-8.79,33.705,Sandy Loam,18.48,84.11,3.55,56.2,22.8,32.0,6.0,55.7,20.2,33.3,DAP,5,4,111.0,2.361344537815126
Mbeya_Vijijini,-8.59,33.48,Sandy Loam,17.47,72.3,0.0,99.0,41.4,8.1,5.8,102.1,51.4,8.1,MOP,5,4,148.5,2.3349056603773586
Mbeya_Vijijini,-8.83,33.3,Sandy Clay Loam,16.88,80.05,0.17,105.9,60.8,73.2,5.5,117.7,55.3,69.0,No Fertilizer,5,3,239.89999999999998,1.7135922330097089
Mbeya_Vijijini,-8.75,33.3,Sandy Loam,18.51,63.54,0.0,62.1,50.1,21.7,5.9,53.8,48.4,24.0,NPK,5,4,133.9,1.2152641878669277
Mbeya_Vijijini,-8.91,33.615,Sandy Clay Loam,13.01,79.73,0.04,30.9,44.9,78.8,5.9,33.7,44.6,76.1,Urea,5,3,154.6,0.6732026143790849
Mbeya_Vijijini,-8.83,33.39,Sandy Clay Loam,15.8,67.93,0.02,154.3,62.1,40.0,5.5,151.9,62.9,41.3,No Fertilizer,5,3,256.4,2.445324881141046
Mbeya_Vijijini,-8.83,33.525,Sandy Clay Loam,16.96,64.32,0.0,155.7,10.4,53.2,5.6,177.3,9.2,54.5,SSP,5,3,219.3,13.657894736842104
Mbeya_Vijijini,-8.63,33.75,Sandy Loam,20.1,74.37,3.6,96.6,27.1,90.4,6.1,99.4,25.8,79.3,SSP,5,4,214.1,3.4377224199288254
Mbeya_Vijijini,-8.55,33.3,Sandy Loam,17.42,88.85,26.1,40.3,19.1,77.5,6.0,39.2,20.4,78.5,DAP,5,4,136.9,2.004975124378109
Mbeya_Vijijini,-8.71,33.345,Sandy Loam,17.55,90.64,8.1,53.0,60.9,39.2,6.0,56.3,69.2,37.2,Urea,5,4,153.10000000000002,0.8562197092084006
Mbeya_Vijijini,-8.91,33.345,Sandy Clay Loam,17.79,90.18,22.4,13.7,30.1,24.7,6.0,13.1,29.7,23.5,NPK,5,3,68.5,0.4405144694533762
Mbeya_Vijijini,-8.91,33.705,Sandy Clay Loam,19.18,68.82,0.09,162.3,52.3,65.2,5.9,165.4,52.4,71.1,No Fertilizer,5,3,279.8,3.0450281425891186
Mbeya_Vijijini,-8.63,33.3,Sandy Loam,17.98,74.61,0.0,32.5,44.0,36.9,5.8,30.0,49.2,42.4,Urea,5,4,113.4,0.7222222222222222
Mbeya_Vijijini,-8.55,33.615,Sandy Loam,18.15,86.59,9.94,118.3,17.9,23.4,5.8,108.0,18.0,22.1,NPK,5,4,159.6,6.2592592592592595
Mbeya_Vijijini,-8.63,33.57,Sandy Loam,14.3,80.51,0.02,54.3,19.0,75.8,5.8,56.6,19.8,82.0,DAP,5,4,149.1,2.715
Mbeya_Vijijini,-8.75,33.48,Sandy Clay Loam,17.07,88.48,23.25,104.8,22.6,20.0,5.9,104.2,22.6,22.6,NPK,5,3,147.4,4.440677966101695
Mbeya_Vijijini,-8.79,33.75,Sandy Loam,17.7,74.28,1.0,122.3,32.7,8.8,6.1,120.7,31.1,8.2,MOP,5,4,163.8,3.6290801186943615
Mbeya_Vijijini,-8.91,33.57,Sandy Clay Loam,18.24,86.02,26.04,157.6,21.5,7.2,5.9,151.1,19.5,7.7,NPK,5,3,186.29999999999998,7.004444444444444
Mbeya_Vijijini,-8.55,33.75,Sandy Clay Loam,18.99,85.7,0.24,45.1,5.6,55.1,6.4,45.1,5.3,58.3,DAP,5,3,105.80000000000001,6.833333333333334
Mbeya_Vijijini,-8.75,33.57,Sandy Clay Loam,18.88,71.82,0.04,12.0,58.9,70.1,5.8,11.9,62.0,61.6,Urea,5,3,141.0,0.2003338898163606
Mbeya_Vijijini,-8.75,33.66,Sandy Clay Loam,19.67,71.6,1.25,32.7,69.5,28.4,6.0,33.3,67.7,32.1,NPK,5,3,130.6,0.4638297872340426
Mbeya_Vijijini,-8.91,33.345,Sandy Clay Loam,13.3,81.64,0.0,164.3,26.7,30.0,6.0,163.0,26.5,32.9,NPK,5,3,221.0,5.931407942238268
Mbeya_Vijijini,-8.59,33.615,Sandy Clay Loam,16.49,67.29,0.0,173.0,23.9,33.4,5.8,158.6,26.3,34.5,SSP,5,3,230.3,6.947791164658635
Mbeya_Vijijini,-8.83,33.48,Sandy Clay Loam,14.36,66.33,0.0,116.6,4.6,62.1,5.8,111.6,4.5,63.1,SSP,5,3,183.29999999999998,20.821428571428573
Mbeya_Vijijini,-8.63,33.3,Sandy Loam,14.13,80.81,0.0,117.6,55.3,10.2,5.8,112.1,48.9,10.9,MOP,5,4,183.09999999999997,2.088809946714032
Mbeya_Vijijini,-8.63,33.705,Sandy Loam,18.7,86.97,5.97,129.3,58.6,77.2,6.3,123.1,58.5,84.0,No Fertilizer,5,4,265.1,2.1694630872483223
Mbeya_Vijijini,-8.79,33.345,Sandy Clay Loam,17.33,91.78,12.74,39.4,12.1,27.3,5.6,39.8,13.7,24.7,NPK,5,3,78.8,3.0076335877862594
Mbeya_Vijijini,-8.83,33.345,Sandy Clay Loam,18.72,85.77,15.07,169.1,14.6,91.6,5.5,165.5,14.5,90.0,SSP,5,3,275.29999999999995,10.83974358974359
Mbeya_Vijijini,-8.91,33.435,Sandy Loam,18.94,86.25,2.32,75.0,51.4,21.2,6.0,81.2,56.1,20.4,NPK,5,4,147.6,1.4312977099236641
Mbeya_Vijijini,-8.71,33.39,Sandy Clay Loam,17.86,88.7,1.83,81.8,47.4,70.1,5.9,75.1,44.7,70.8,Urea,5,3,199.29999999999998,1.6900826446280992
Mbeya_Vijijini,-8.95,33.525,Sandy Clay Loam,19.5,79.44,0.31,79.1,7.2,25.3,5.9,98.2,7.0,24.8,NPK,5,3,111.6,9.646341463414634
Mbeya_Vijijini,-8.55,33.435,Sandy Loam,17.36,86.02,3.95,17.9,44.5,13.6,6.0,18.0,45.1,12.8,NPK,5,4,76.0,0.3934065934065934
Mbeya_Vijijini,-8.79,33.3,Clay Loam,8.76,82.58,1.92,41.3,23.8,74.0,5.7,38.3,24.4,79.5,DAP,5,1,139.1,1.665322580645161
Mbeya_Vijijini,-8.79,33.75,Sandy Loam,17.67,84.7,16.74,122.5,27.9,79.6,6.1,135.5,28.3,78.1,No Fertilizer,5,4,230.0,4.2387543252595155
Mbeya_Vijijini,-8.91,33.615,Sandy Clay Loam,19.11,80.14,10.35,24.7,54.8,41.8,5.9,24.1,54.8,39.9,Urea,5,3,121.3,0.44265232974910396
Mbeya_Vijijini,-8.87,33.75,Sandy Clay Loam,14.55,82.08,0.03,107.2,54.4,72.0,5.8,112.5,57.5,65.0,No Fertilizer,5,3,233.6,1.9350180505415164
Mbeya_Vijijini,-8.63,33.525,Sandy Loam,16.03,81.06,0.09,50.4,27.5,60.0,6.0,51.7,30.4,52.8,Urea,5,4,137.9,1.768421052631579
Mbeya_Vijijini,-8.91,33.48,Loam,18.66,72.75,0.0,81.2,71.8,78.0,6.2,76.2,66.5,77.6,Urea,5,2,231.0,1.1153846153846154
Mbeya_Vijijini,-8.55,33.66,Sandy Loam,17.71,86.58,6.4,59.9,30.0,35.1,5.8,59.1,30.8,32.5,NPK,5,4,125.0,1.932258064516129
Mbeya_Vijijini,-8.71,33.57,Clay Loam,16.03,81.06,0.09,60.4,55.6,40.6,5.8,70.5,54.9,50.0,Urea,5,1,156.6,1.0671378091872792
Mbeya_Vijijini,-8.87,33.39,Clay Loam,18.61,89.5,6.46,123.2,36.7,51.9,5.6,132.2,35.9,46.8,No Fertilizer,5,1,211.8,3.2679045092838193
Mbeya_Vijijini,-8.75,33.48,Sandy Clay Loam,17.87,91.31,16.44,64.6,64.7,33.9,5.9,60.5,63.2,35.7,Urea,5,3,163.20000000000002,0.9832572298325721
Mbeya_Vijijini,-8.55,33.615,Sandy Loam,18.82,77.16,2.74,109.6,58.7,79.5,5.8,106.3,63.9,80.9,No Fertilizer,5,4,247.8,1.8358458961474036
Mbeya_Vijijini,-8.91,33.57,Sandy Clay Loam,15.61,93.66,13.31,102.1,8.6,20.5,5.9,90.9,9.8,19.9,NPK,5,3,131.2,10.635416666666666
Mbeya_Vijijini,-8.91,33.705,Sandy Clay Loam,17.48,82.15,0.39,137.3,63.1,18.4,5.9,122.8,65.8,18.6,MOP,5,3,218.8,2.1419656786271455
Mbeya_Vijijini,-8.55,33.3,Sandy Loam,13.47,73.56,0.0,165.2,60.1,55.2,6.0,169.3,58.5,54.5,No Fertilizer,5,4,280.5,2.7037643207855973
Mbeya_Vijijini,-8.75,33.705,Sandy Clay Loam,13.33,82.55,0.11,158.1,53.4,68.0,5.9,134.5,56.2,61.2,No Fertilizer,5,3,279.5,2.90625
Mbeya_Vijijini,-8.63,33.48,Sandy Loam,17.26,88.72,2.83,46.6,16.8,21.7,6.0,46.5,17.3,22.3,NPK,5,4,85.10000000000001,2.6179775280898876
Mbeya_Vijijini,-8.67,33.57,Sandy Clay Loam,16.45,84.32,0.0,14.3,65.6,35.9,6.1,15.3,57.1,38.8,Urea,5,3,115.79999999999998,0.21471471471471473
Mbeya_Vijijini,-8.67,33.75,Sandy Clay Loam,12.43,69.75,0.0,52.2,52.3,96.4,6.0,54.6,60.1,85.5,Urea,5,3,200.9,0.9793621013133209
Mbeya_Vijijini,-8.95,33.705,Clay,19.45,65.01,0.0,93.6,21.9,27.7,5.7,111.2,23.1,26.7,NPK,5,0,143.2,4.0873362445414845
Mbeya_Vijijini,-8.75,33.3,Sandy Loam,15.34,71.58,0.0,20.9,75.7,70.5,5.9,18.7,66.8,62.1,Urea,5,4,167.1,0.272490221642764
Mbeya_Vijijini,-8.79,33.525,Sandy Clay Loam,17.5,89.43,7.57,104.9,7.3,72.3,5.7,94.4,7.3,68.2,SSP,5,3,184.5,12.638554216867469
Mbeya_Vijijini,-8.63,33.525,Sandy Loam,15.65,79.24,0.0,103.5,13.2,39.6,6.0,111.5,13.9,43.6,SSP,5,4,156.3,7.288732394366198
Mbeya_Vijijini,-8.59,33.39,Sandy Loam,20.68,67.59,0.0,65.8,42.7,88.6,6.0,66.8,39.5,84.8,Urea,5,4,197.1,1.5057208237986268
Mbeya_Vijijini,-8.87,33.615,Sandy Clay Loam,17.22,80.03,0.08,142.0,42.2,63.2,5.8,141.1,42.0,67.9,No Fertilizer,5,3,247.39999999999998,3.2870370370370368
Mbeya_Vijijini,-8.87,33.57,Sandy Clay Loam,17.48,90.11,30.66,26.2,45.4,44.5,5.8,28.1,46.6,44.5,Urea,5,3,116.1,0.5646551724137931
Mbeya_Vijijini,-8.75,33.57,Sandy Clay Loam,13.2,79.21,0.0,20.0,5.2,53.5,5.8,22.8,5.1,53.8,DAP,5,3,78.7,3.225806451612903
Mbeya_Vijijini,-8.67,33.48,Sandy Loam,19.12,88.43,9.64,131.8,64.3,56.9,6.0,133.8,67.4,64.2,No Fertilizer,5,4,253.00000000000003,2.0183767228177643
Mbeya_Vijijini,-8.75,33.435,Sandy Clay Loam,17.64,87.29,6.25,92.1,6.4,52.6,6.0,94.2,6.9,55.7,SSP,5,3,151.1,12.445945945945944
Mbeya_Vijijini,-8.95,33.66,Clay Loam,18.03,71.34,0.0,123.6,13.3,92.1,5.9,127.0,13.4,79.8,SSP,5,1,229.0,8.643356643356643
Mbeya_Vijijini,-8.55,33.435,Sandy Loam,18.92,71.35,1.32,85.2,4.6,36.6,6.0,83.9,4.9,36.0,DAP,5,4,126.4,15.214285714285715
Mbeya_Vijijini,-8.91,33.3,Sandy Clay Loam,19.5,73.7,0.06,57.1,41.4,30.8,6.0,51.9,41.4,31.2,NPK,5,3,129.3,1.3466981132075473
Mbeya_Vijijini,-8.95,33.525,Sandy Clay Loam,17.15,86.95,5.02,146.1,67.2,27.0,5.9,149.2,65.5,24.0,MOP,5,3,240.3,2.1422287390029324
Mbeya_Vijijini,-8.95,33.705,Clay,18.04,77.51,0.48,147.6,50.8,8.9,5.7,145.9,48.0,9.2,MOP,5,0,207.29999999999998,2.8494208494208495
Mbeya_Vijijini,-8.75,33.705,Sandy Clay Loam,15.36,77.47,0.0,134.6,62.9,9.6,5.9,128.1,58.3,9.6,MOP,5,3,207.1,2.1064162754303597
Mbeya_Vijijini,-8.87,33.345,Sandy Clay Loam,16.91,88.42,15.98,58.4,4.7,84.6,5.8,56.3,4.9,79.1,DAP,5,3,147.7,10.24561403508772
Mbeya_Vijijini,-8.91,33.705,Sandy Clay Loam,20.36,69.2,0.02,105.6,41.2,61.2,5.9,110.3,39.8,63.0,No Fertilizer,5,3,208.0,2.502369668246445
Mbeya_Vijijini,-8.59,33.435,Sandy Loam,17.28,85.74,0.16,71.8,35.5,58.3,6.0,71.4,34.3,61.5,Urea,5,4,165.6,1.9671232876712328
Mbeya_Vijijini,-8.87,33.57,Sandy Clay Loam,17.35,81.81,14.45,26.5,37.8,48.5,5.8,25.6,36.9,57.6,Urea,5,3,112.8,0.6829896907216495
Mbeya_Vijijini,-8.55,33.75,Sandy Clay Loam,15.71,92.81,8.0,152.8,8.5,72.3,6.4,165.9,8.8,77.3,SSP,5,3,233.60000000000002,16.08421052631579
Mbeya_Vijijini,-8.95,33.525,Sandy Clay Loam,17.83,92.12,48.0,36.2,45.6,43.3,5.9,33.3,49.2,46.3,Urea,5,3,125.10000000000001,0.776824034334764
Mbeya_Vijijini,-8.59,33.345,Sandy Loam,19.32,74.12,0.76,188.7,38.5,80.0,6.1,171.5,37.2,79.1,No Fertilizer,5,4,307.2,4.777215189873417
Mbeya_Vijijini,-8.75,33.57,Sandy Clay Loam,19.25,82.73,0.81,81.5,48.0,34.6,5.8,85.8,54.5,36.2,Urea,5,3,164.1,1.663265306122449
Mbeya_Vijijini,-8.55,33.66,Sandy Loam,18.26,86.28,3.44,42.0,35.4,96.5,5.8,41.5,36.0,83.8,Urea,5,4,173.9,1.153846153846154
Mbeya_Vijijini,-8.83,33.345,Sandy Clay Loam,13.01,71.23,0.0,106.7,11.4,59.9,5.5,102.1,13.9,64.7,SSP,5,3,178.0,8.60483870967742
Mbeya_Vijijini,-8.83,33.48,Sandy Clay Loam,17.37,86.4,0.38,152.4,42.4,30.3,5.8,158.4,46.8,27.6,MOP,5,3,225.10000000000002,3.511520737327189
Mbeya_Vijijini,-8.71,33.75,Sandy Clay Loam,14.76,74.48,0.0,139.0,14.4,54.2,6.4,134.5,15.4,53.4,SSP,5,3,207.60000000000002,9.025974025974026
Mbeya_Vijijini,-8.75,33.525,Sandy Clay Loam,19.96,73.45,2.15,148.8,66.3,53.6,5.8,147.1,61.6,50.8,No Fertilizer,5,3,268.70000000000005,2.210995542347697
Mbeya_Vijijini,-8.55,33.39,Sandy Loam,17.0,92.24,23.91,109.5,46.6,18.5,5.9,122.0,44.5,17.6,MOP,5,4,174.6,2.3004201680672267
Mbeya_Vijijini,-8.79,33.66,Sandy Loam,18.3,84.39,17.15,131.8,13.8,47.0,5.9,127.7,14.4,55.7,SSP,5,4,192.60000000000002,8.905405405405405
Mbeya_Vijijini,-8.71,33.48,Sandy Clay Loam,14.86,82.07,0.0,142.5,71.0,32.4,5.9,154.4,67.5,32.4,MOP,5,3,245.9,1.9791666666666667
Mbeya_Vijijini,-8.55,33.435,Sandy Loam,18.73,85.72,0.73,55.9,40.6,10.2,6.0,52.4,38.2,10.4,NPK,5,4,106.7,1.34375
Mbeya_Vijijini,-8.79,33.39,Sandy Clay Loam,17.81,92.33,22.97,88.8,8.7,78.9,5.8,93.2,8.8,85.7,SSP,5,3,176.4,9.154639175257733
Mbeya_Vijijini,-8.59,33.345,Sandy Loam,13.67,84.41,0.79,47.1,41.0,61.8,6.1,47.6,45.4,59.9,Urea,5,4,149.89999999999998,1.1214285714285714
Mbeya_Vijijini,-8.95,33.705,Clay,14.17,81.69,0.02,195.0,20.4,89.2,5.7,177.9,20.7,79.7,SSP,5,0,304.6,9.112149532710282
Mbeya_Vijijini,-8.91,33.75,Clay Loam,15.69,73.99,0.02,176.4,56.7,51.0,5.9,170.5,57.0,62.8,No Fertilizer,5,1,284.1,3.0571923743500866
Mbeya_Vijijini,-8.63,33.39,Sandy Loam,16.68,91.01,1.3,15.4,53.0,34.6,6.1,16.7,58.0,36.0,Urea,5,4,103.0,0.2851851851851852
Mbeya_Vijijini,-8.55,33.435,Sandy Loam,17.47,93.37,36.98,120.7,70.4,44.8,6.0,129.9,68.6,49.1,No Fertilizer,5,4,235.90000000000003,1.6904761904761905
Mbeya_Vijijini,-8.79,33.525,Sandy Clay Loam,17.28,89.86,8.81,160.3,37.9,63.1,5.7,167.3,37.1,62.8,No Fertilizer,5,3,261.3,4.12082262210797
Mbeya_Vijijini,-8.75,33.435,Sandy Clay Loam,19.76,72.15,0.07,41.8,35.1,84.7,6.0,40.7,34.0,86.7,Urea,5,3,161.60000000000002,1.157894736842105
Mbeya_Vijijini,-8.91,33.615,Sandy Clay Loam,16.93,88.7,5.45,109.2,54.8,26.2,5.9,106.6,53.7,27.3,MOP,5,3,190.2,1.9569892473118282
Mbeya_Vijijini,-8.87,33.48,Sandy Clay Loam,16.45,73.92,0.15,155.9,13.4,83.3,5.7,165.6,12.7,79.5,SSP,5,3,252.60000000000002,10.82638888888889
Mbeya_Vijijini,-8.55,33.435,Sandy Loam,17.4,92.47,11.99,14.5,39.6,93.2,6.0,15.8,40.1,83.6,Urea,5,4,147.3,0.35714285714285715
Mbeya_Vijijini,-8.87,33.39,Clay Loam,18.58,83.77,2.41,131.1,40.6,73.9,5.6,128.6,40.1,62.3,No Fertilizer,5,1,245.6,3.1514423076923075
Mbeya_Vijijini,-8.91,33.435,Sandy Loam,13.73,76.27,0.01,59.8,9.6,79.9,6.0,60.5,9.9,84.2,DAP,5,4,149.3,5.6415094339622645
Mbeya_Vijijini,-8.87,33.39,Clay Loam,18.3,85.97,0.57,192.4,30.3,34.4,5.6,167.1,31.6,39.4,No Fertilizer,5,1,257.1,6.146964856230032
Mbeya_Vijijini,-8.55,33.66,Sandy Loam,17.31,86.59,7.82,175.5,66.0,89.4,5.8,175.1,60.3,86.1,No Fertilizer,5,4,330.9,2.6194029850746268
Mbeya_Vijijini,-8.59,33.345,Sandy Loam,15.59,82.1,0.0,192.2,51.8,72.4,6.1,170.5,60.5,65.0,No Fertilizer,5,4,316.4,3.640151515151515
Mbeya_Vijijini,-8.87,33.435,Sandy Clay Loam,18.53,84.41,7.58,83.2,11.2,10.1,5.7,90.6,10.5,9.5,NPK,5,3,104.5,6.8196721311475414
Mbeya_Vijijini,-8.79,33.705,Sandy Loam,14.52,81.87,0.0,139.3,9.6,91.4,6.0,156.5,10.0,82.2,SSP,5,4,240.3,13.141509433962266
Mbeya_Vijijini,-8.79,33.48,Sandy Clay Loam,18.77,87.54,5.15,141.5,20.2,46.0,5.7,153.6,21.3,46.7,SSP,5,3,207.7,6.6745283018867925
Mbeya_Vijijini,-8.59,33.435,Sandy Loam,13.82,81.51,0.19,69.6,62.9,42.8,6.0,64.2,61.7,44.7,Urea,5,4,175.3,1.0892018779342723
Mbeya_Vijijini,-8.91,33.66,Clay Loam,12.62,79.0,0.03,169.5,11.2,54.0,5.6,150.9,12.5,53.6,SSP,5,1,234.7,13.89344262295082
Mbeya_Vijijini,-8.71,33.705,Sandy Clay Loam,13.53,81.11,0.47,15.4,48.6,18.1,6.0,16.3,51.5,18.5,NPK,5,3,82.1,0.31048387096774194
Mbeya_Vijijini,-8.87,33.48,Sandy Clay Loam,19.42,82.64,0.85,107.8,10.0,47.5,5.7,111.4,10.7,45.4,SSP,5,3,165.3,9.799999999999999
Mbeya_Vijijini,-8.91,33.66,Clay Loam,15.31,75.1,0.0,45.1,44.4,81.0,5.6,49.1,45.1,75.8,Urea,5,1,170.5,0.9933920704845816
Mbeya_Vijijini,-8.55,33.39,Sandy Loam,13.72,82.29,0.49,26.6,26.0,7.8,5.9,30.5,27.5,7.3,NPK,5,4,60.4,0.9851851851851853
Mbeya_Vijijini,-8.59,33.345,Sandy Loam,13.86,83.43,0.01,24.2,62.4,30.0,6.1,23.1,56.1,28.9,NPK,5,4,116.6,0.38170347003154576
Mbeya_Vijijini,-8.87,33.3,Sandy Clay Loam,18.48,80.48,1.81,130.4,21.9,6.3,5.6,128.4,19.4,6.2,NPK,5,3,158.60000000000002,5.694323144104804
Mbeya_Vijijini,-8.79,33.66,Sandy Loam,14.07,82.2,0.0,67.8,39.6,43.2,5.9,67.8,46.2,40.9,Urea,5,4,150.60000000000002,1.669950738916256
Mbeya_Vijijini,-8.55,33.525,Sandy Loam,19.65,70.61,0.03,120.2,20.3,57.9,6.0,133.2,19.6,67.2,SSP,5,4,198.4,5.643192488262911
Mbeya_Vijijini,-8.63,33.39,Sandy Loam,17.26,86.54,6.11,23.5,54.2,74.2,6.1,21.1,51.1,73.1,Urea,5,4,151.9,0.4257246376811594
Mbeya_Vijijini,-8.63,33.39,Sandy Loam,18.07,86.52,7.85,61.4,64.0,85.7,6.1,63.6,61.7,85.4,Urea,5,4,211.10000000000002,0.9446153846153846
Mbeya_Vijijini,-8.63,33.705,Sandy Loam,17.8,96.39,19.8,105.5,11.8,58.0,6.3,101.7,12.4,57.1,SSP,5,4,175.3,8.2421875
Mbeya_Vijijini,-8.75,33.345,Sandy Clay Loam,13.8,80.57,0.0,129.7,60.1,27.2,5.9,144.4,61.2,27.4,MOP,5,3,216.99999999999997,2.122749590834697
Mbeya_Vijijini,-8.55,33.615,Sandy Loam,18.7,86.97,5.97,63.3,40.9,86.2,5.8,64.2,43.2,83.6,Urea,5,4,190.39999999999998,1.5107398568019093
Mbeya_Vijijini,-8.75,33.39,Sandy Clay Loam,13.72,80.24,0.27,118.8,12.0,68.3,6.0,116.4,12.4,71.1,SSP,5,3,199.10000000000002,9.138461538461538
Mbeya_Vijijini,-8.55,33.525,Sandy Loam,15.75,82.21,0.01,164.3,29.5,58.5,6.0,160.6,32.2,54.3,No Fertilizer,5,4,252.3,5.38688524590164
Mbeya_Vijijini,-8.91,33.705,Sandy Clay Loam,13.05,70.39,0.0,115.9,14.5,66.6,5.9,114.7,14.6,64.4,SSP,5,3,197.0,7.47741935483871
Mbeya_Vijijini,-8.83,33.39,Sandy Clay Loam,17.83,85.58,32.5,51.3,44.9,84.5,5.5,49.6,50.2,83.6,Urea,5,3,180.7,1.1176470588235294
Mbeya_Vijijini,-8.67,33.705,Sandy Loam,17.24,90.31,6.28,13.0,53.3,62.6,6.2,14.1,54.1,65.8,Urea,5,4,128.9,0.23941068139963168
Mbeya_Vijijini,-8.83,33.345,Sandy Clay Loam,16.57,83.7,0.04,160.1,10.0,39.1,5.5,157.9,11.0,36.9,SSP,5,3,209.2,14.554545454545455
Mbeya_Vijijini,-8.55,33.66,Sandy Loam,13.29,73.46,0.0,13.7,37.9,66.8,5.8,13.6,37.4,65.9,Urea,5,4,118.39999999999999,0.35218508997429304
Mbeya_Vijijini,-8.75,33.48,Sandy Clay Loam,17.71,85.67,14.57,161.3,55.0,8.9,5.9,158.7,57.8,9.4,MOP,5,3,225.20000000000002,2.880357142857143
Mbeya_Vijijini,-8.83,33.525,Sandy Clay Loam,15.69,81.05,0.58,100.4,67.1,38.3,5.6,99.9,65.8,38.5,No Fertilizer,5,3,205.8,1.4743024963289282
Mbeya_Vijijini,-8.87,33.75,Sandy Clay Loam,16.03,84.9,1.93,154.5,40.8,41.9,5.8,169.6,37.9,40.1,No Fertilizer,5,3,237.20000000000002,3.696172248803828
Mbeya_Vijijini,-8.87,33.66,Sandy Clay Loam,17.69,86.67,1.85,132.3,74.1,20.8,5.9,145.8,66.7,20.0,MOP,5,3,227.20000000000002,1.7616511318242347
Mbeya_Vijijini,-8.95,33.345,Sandy Clay Loam,17.22,89.93,6.5,151.8,32.4,8.2,6.0,179.6,39.4,7.9,MOP,5,3,192.4,4.544910179640719
Mbeya_Vijijini,-8.91,33.615,Sandy Clay Loam,18.75,74.21,6.31,73.6,28.3,17.3,5.9,69.6,30.0,17.2,NPK,5,3,119.19999999999999,2.511945392491467
Mbeya_Vijijini,-8.59,33.57,Sandy Loam,13.43,82.09,0.09,148.6,58.7,65.4,5.9,140.4,60.0,61.0,No Fertilizer,5,4,272.70000000000005,2.4891122278056947
Mbeya_Vijijini,-8.79,33.3,Clay Loam,18.73,82.01,24.02,83.0,37.7,79.8,5.7,78.3,36.5,73.4,Urea,5,1,200.5,2.144702842377261
Mbeya_Vijijini,-8.67,33.48,Sandy Loam,12.49,78.91,0.01,93.5,31.1,93.6,6.0,91.6,35.1,89.0,No Fertilizer,5,4,218.2,2.912772585669782
Mbeya_Vijijini,-8.87,33.705,Sandy Clay Loam,16.31,86.8,0.06,99.3,33.9,33.7,5.7,116.7,36.4,35.1,No Fertilizer,5,3,166.89999999999998,2.845272206303725
Mbeya_Vijijini,-8.59,33.525,Sandy Loam,14.2,82.52,0.24,147.1,60.4,52.2,5.9,158.5,59.9,56.3,No Fertilizer,5,4,259.7,2.3957654723127035
Mbeya_Vijijini,-8.67,33.48,Sandy Loam,14.12,75.66,0.0,179.4,59.3,81.5,6.0,177.3,58.9,84.7,No Fertilizer,5,4,320.2,2.975124378109453
Mbeya_Vijijini,-8.95,33.435,Sandy Clay Loam,13.98,81.91,0.03,141.9,31.4,22.8,5.9,140.6,30.6,20.0,MOP,5,3,196.10000000000002,4.37962962962963
Mbeya_Vijijini,-8.83,33.525,Sandy Clay Loam,19.11,83.04,0.88,79.8,26.8,67.6,5.6,81.0,26.0,66.3,DAP,5,3,174.2,2.870503597122302
Mbeya_Vijijini,-8.71,33.435,Sandy Clay Loam,15.7,79.58,0.0,83.7,37.3,79.8,6.0,81.6,36.5,69.4,Urea,5,3,200.8,2.1853785900783294
Mbeya_Vijijini,-8.55,33.3,Sandy Loam,18.16,83.04,7.29,135.5,42.4,13.4,6.0,135.4,41.8,13.5,MOP,5,4,191.3,3.122119815668203
Mbeya_Vijijini,-8.95,33.345,Sandy Clay Loam,17.12,88.66,20.99,51.0,19.8,76.9,6.0,50.6,19.7,78.3,DAP,5,3,147.7,2.4519230769230766
Mbeya_Vijijini,-8.79,33.66,Sandy Loam,14.66,84.75,46.7,27.5,59.0,73.9,5.9,28.8,56.4,74.3,Urea,5,4,160.4,0.4583333333333333
Mbeya_Vijijini,-8.67,33.525,Sandy Clay Loam,16.84,75.65,0.0,75.1,30.4,8.7,6.0,70.3,36.1,8.8,NPK,5,3,114.2,2.3917197452229297
Mbeya_Vijijini,-8.71,33.615,Sandy Loam,16.42,88.92,31.13,57.1,28.9,12.9,6.1,58.8,26.0,13.7,NPK,5,4,98.9,1.9096989966555185
Mbeya_Vijijini,-8.75,33.705,Sandy Clay Loam,17.44,85.22,1.03,54.7,9.3,9.3,5.9,60.4,11.1,10.1,NPK,5,3,73.3,5.310679611650485
Mbeya_Vijijini,-8.59,33.39,Sandy Loam,17.86,85.22,9.81,47.0,18.3,35.3,6.0,49.7,19.8,34.1,DAP,5,4,100.6,2.4352331606217614
Mbeya_Vijijini,-8.75,33.39,Sandy Clay Loam,12.39,75.61,0.0,16.7,65.6,52.4,6.0,17.2,66.7,48.8,Urea,5,3,134.7,0.25075075075075076
Mbeya_Vijijini,-8.67,33.57,Sandy Clay Loam,13.2,79.21,0.0,13.9,25.3,59.4,6.1,13.0,24.1,50.7,DAP,5,3,98.6,0.5285171102661597
Mbeya_Vijijini,-8.87,33.525,Clay Loam,18.36,83.71,24.79,177.4,12.0,27.6,5.9,177.9,15.1,28.5,NPK,5,1,217.0,13.646153846153847
Mbeya_Vijijini,-8.87,33.615,Sandy Clay Loam,16.39,90.12,9.78,81.6,34.3,80.5,5.8,82.7,34.4,82.6,Urea,5,3,196.39999999999998,2.311614730878187
Mbeya_Vijijini,-8.91,33.435,Sandy Loam,14.05,61.25,0.0,68.8,25.6,34.9,6.0,75.3,24.3,36.9,DAP,5,4,129.3,2.5864661654135337
Mbeya_Vijijini,-8.71,33.66,Loam,13.82,79.95,0.04,132.4,6.8,10.6,6.2,125.5,6.3,9.8,NPK,5,2,149.8,16.974358974358974
Mbeya_Vijijini,-8.71,33.39,Sandy Clay Loam,18.04,87.82,7.93,45.0,24.1,33.0,5.9,47.1,25.3,31.2,NPK,5,3,102.1,1.792828685258964
Mbeya_Vijijini,-8.95,33.435,Sandy Clay Loam,13.75,75.47,0.0,170.3,39.1,47.5,5.9,171.5,39.9,50.6,No Fertilizer,5,3,256.9,4.246882793017456
Mbeya_Vijijini,-8.83,33.75,Sandy Clay Loam,18.47,87.76,4.85,158.6,38.7,37.7,5.8,143.7,40.4,40.3,No Fertilizer,5,3,235.0,3.9949622166246845
Mbeya_Vijijini,-8.63,33.66,Sandy Clay Loam,17.42,90.72,5.68,26.1,26.8,30.9,5.9,25.2,27.5,29.0,NPK,5,3,83.80000000000001,0.9388489208633094
Mbeya_Vijijini,-8.95,33.615,Clay Loam,11.74,84.09,0.0,71.8,31.1,17.5,5.7,81.0,33.5,17.0,NPK,5,1,120.4,2.236760124610592
Mbeya_Vijijini,-8.83,33.3,Sandy Clay Loam,16.91,88.42,15.98,139.7,63.5,78.8,5.5,159.5,67.7,74.8,No Fertilizer,5,3,282.0,2.165891472868217
Mbeya_Vijijini,-8.67,33.66,Sandy Loam,18.32,87.32,4.91,169.8,29.8,84.1,6.1,170.6,28.9,89.7,No Fertilizer,5,4,283.70000000000005,5.512987012987013
Mbeya_Vijijini,-8.91,33.345,Sandy Clay Loam,19.83,75.66,0.19,81.9,21.2,29.3,6.0,89.5,21.0,33.7,DAP,5,3,132.4,3.6891891891891895
Mbeya_Vijijini,-8.87,33.525,Clay Loam,18.78,87.37,30.02,119.5,20.8,35.7,5.9,114.3,20.1,38.1,SSP,5,1,176.0,5.481651376146789
Mbeya_Vijijini,-8.55,33.3,Sandy Loam,18.33,88.3,14.37,38.5,34.7,60.7,6.0,38.4,34.2,57.9,Urea,5,4,133.9,1.0784313725490196
Mbeya_Vijijini,-8.83,33.525,Sandy Clay Loam,12.82,78.55,0.01,180.6,56.8,76.2,5.6,178.5,54.1,66.3,No Fertilizer,5,3,313.59999999999997,3.124567474048443
Mbeya_Vijijini,-8.83,33.705,Sandy Clay Loam,12.71,71.07,0.0,46.9,18.7,37.8,5.8,49.4,17.6,38.9,DAP,5,3,103.39999999999999,2.3807106598984773
Mbeya_Vijijini,-8.59,33.525,Sandy Loam,16.38,80.69,0.72,191.0,44.6,95.1,5.9,170.3,50.8,82.0,No Fertilizer,5,4,330.7,4.18859649122807
Mbeya_Vijijini,-8.79,33.705,Sandy Loam,17.55,87.67,4.23,144.4,5.1,56.1,6.0,120.4,5.4,53.0,SSP,5,4,205.6,23.672131147540988
Mbeya_Vijijini,-8.95,33.48,Sandy Clay Loam,18.73,86.03,4.0,111.1,31.1,39.6,5.9,113.3,31.6,43.8,No Fertilizer,5,3,181.79999999999998,3.4610591900311523
Mbeya_Vijijini,-8.59,33.525,Sandy Loam,16.96,85.39,3.51,99.6,55.1,61.2,5.9,97.2,55.2,60.3,No Fertilizer,5,4,215.89999999999998,1.7754010695187163
Mbeya_Vijijini,-8.59,33.39,Sandy Loam,12.29,82.45,0.03,49.5,25.1,91.2,6.0,49.2,26.4,86.0,DAP,5,4,165.8,1.8965517241379308
Mbeya_Vijijini,-8.83,33.615,Sandy Clay Loam,17.06,87.82,28.35,39.3,43.8,60.4,6.0,40.0,41.2,72.7,Urea,5,3,143.5,0.8772321428571429
Mbeya_Vijijini,-8.71,33.435,Sandy Clay Loam,19.4,66.9,1.62,44.7,20.0,9.8,6.0,47.5,17.5,9.4,NPK,5,3,74.5,2.1285714285714286
Mbeya_Vijijini,-8.91,33.615,Sandy Clay Loam,16.54,69.04,0.01,38.5,53.7,36.7,5.9,41.7,53.0,33.9,Urea,5,3,128.9,0.7038391224862888
Mbeya_Vijijini,-8.79,33.345,Sandy Clay Loam,20.36,69.2,0.02,131.2,7.5,46.8,5.6,142.5,7.5,45.5,SSP,5,3,185.5,15.435294117647057
Mbeya_Vijijini,-8.87,33.435,Sandy Clay Loam,17.4,92.35,25.64,71.5,63.9,32.3,5.7,69.5,60.3,32.4,NPK,5,3,167.7,1.1016949152542372
Mbeya_Vijijini,-8.91,33.57,Sandy Clay Loam,17.21,93.67,65.83,19.1,14.9,64.0,5.9,19.8,17.1,64.8,DAP,5,3,98.0,1.20125786163522
Mbeya_Vijijini,-8.59,33.75,Sandy Loam,18.19,83.78,2.07,143.2,61.8,74.2,6.3,174.7,61.7,75.4,No Fertilizer,5,4,279.2,2.2802547770700636
Mbeya_Vijijini,-8.75,33.39,Sandy Clay Loam,12.8,80.04,0.0,165.2,29.1,61.9,6.0,160.2,27.3,67.4,No Fertilizer,5,3,256.2,5.488372093023255
Mbeya_Vijijini,-8.75,33.525,Sandy Clay Loam,17.68,80.98,0.03,167.3,49.4,84.8,5.8,167.7,51.7,89.1,No Fertilizer,5,3,301.5,3.3194444444444446
Mbeya_Vijijini,-8.59,33.435,Sandy Loam,15.69,73.99,0.02,196.0,22.9,28.1,6.0,179.1,25.1,28.9,NPK,5,4,247.0,8.200836820083682
Mbeya_Vijijini,-8.79,33.75,Sandy Loam,12.56,81.31,0.0,40.6,63.0,80.1,6.1,39.6,63.8,79.5,Urea,5,4,183.7,0.634375
Mbeya_Vijijini,-8.59,33.66,Sandy Clay Loam,13.0,74.07,0.0,69.4,12.3,67.7,5.8,77.4,12.4,70.4,DAP,5,3,149.4,5.218045112781955
Mbeya_Vijijini,-8.87,33.57,Sandy Clay Loam,18.51,73.04,0.07,117.2,14.8,34.2,5.8,138.9,15.8,36.4,SSP,5,3,166.2,7.417721518987341
Mbeya_Vijijini,-8.63,33.39,Sandy Loam,16.69,66.86,0.0,121.9,41.9,71.3,6.1,128.3,36.5,67.7,No Fertilizer,5,4,235.10000000000002,2.8414918414918415
Mbeya_Vijijini,-8.91,33.705,Sandy Clay Loam,17.78,70.49,0.0,34.6,9.1,15.1,5.9,36.2,9.4,14.7,NPK,5,3,58.800000000000004,3.425742574257426
Mbeya_Vijijini,-8.71,33.3,Sandy Loam,19.15,82.96,2.74,158.5,15.6,69.6,6.1,148.7,16.9,72.3,SSP,5,4,243.7,9.548192771084336
Mbeya_Vijijini,-8.67,33.48,Sandy Loam,18.53,83.49,7.08,48.1,65.9,52.5,6.0,48.2,66.3,50.7,Urea,5,4,166.5,0.7189835575485799
Mbeya_Vijijini,-8.67,33.57,Sandy Clay Loam,13.39,78.71,0.0,51.9,72.8,29.6,6.1,48.0,68.4,30.6,NPK,5,3,154.29999999999998,0.7032520325203252
Mbeya_Vijijini,-8.91,33.66,Clay Loam,15.53,81.63,0.02,91.9,28.9,61.4,5.6,101.3,28.8,61.1,No Fertilizer,5,1,182.20000000000002,3.073578595317726
Mbeya_Vijijini,-8.95,33.66,Clay Loam,14.06,61.1,0.0,118.3,67.1,64.0,5.9,110.8,64.9,59.9,No Fertilizer,5,1,249.39999999999998,1.7371512481644642
Mbeya_Vijijini,-8.79,33.525,Sandy Clay Loam,17.12,87.09,5.02,114.1,37.5,22.6,5.7,108.6,40.0,23.6,MOP,5,3,174.2,2.9636363636363634
Mbeya_Vijijini,-8.83,33.57,Sandy Clay Loam,16.45,93.25,18.41,21.9,24.1,7.9,5.8,25.6,21.8,8.6,NPK,5,3,53.9,0.8725099601593624
Mbeya_Vijijini,-8.79,33.48,Sandy Clay Loam,18.3,80.96,1.79,173.9,52.3,42.0,5.7,159.2,50.4,42.4,No Fertilizer,5,3,268.2,3.26266416510319
Mbeya_Vijijini,-8.79,33.66,Sandy Loam,12.06,80.18,0.28,55.5,51.0,48.7,5.9,55.2,47.5,53.8,Urea,5,4,155.2,1.0673076923076923
Mbeya_Vijijini,-8.95,33.75,Clay Loam,16.16,91.99,15.55,32.9,71.1,78.1,5.8,32.0,69.3,79.6,Urea,5,1,182.1,0.4563106796116505
Mbeya_Vijijini,-8.75,33.48,Sandy Clay Loam,18.67,66.34,0.0,151.3,22.7,82.3,5.9,161.1,21.5,84.0,SSP,5,3,256.3,6.383966244725739
Mbeya_Vijijini,-8.79,33.75,Sandy Loam,18.61,69.51,0.48,187.9,45.4,41.7,6.1,172.5,48.4,50.4,No Fertilizer,5,4,275.0,4.049568965517242
Mbeya_Vijijini,-8.63,33.39,Sandy Loam,13.94,77.99,0.0,143.6,7.2,71.9,6.1,156.6,7.4,69.3,SSP,5,4,222.7,17.51219512195122
Mbeya_Vijijini,-8.87,33.705,Sandy Clay Loam,17.64,89.38,7.4,156.2,12.6,42.4,5.7,147.6,11.5,42.9,SSP,5,3,211.2,11.485294117647058
Mbeya_Vijijini,-8.59,33.615,Sandy Clay Loam,15.91,85.41,0.64,128.4,4.7,74.4,5.8,121.4,4.3,68.7,SSP,5,3,207.5,22.526315789473685
Mbeya_Vijijini,-8.63,33.66,Sandy Clay Loam,16.73,94.72,13.9,96.6,64.3,23.6,5.9,103.6,70.0,23.2,MOP,5,3,184.49999999999997,1.4793261868300154
Mbeya_Vijijini,-8.63,33.705,Sandy Loam,16.96,83.17,1.73,28.2,57.9,39.1,6.3,24.8,57.0,37.2,Urea,5,4,125.19999999999999,0.47877758913412566
Mbeya_Vijijini,-8.79,33.57,Sandy Clay Loam,13.29,73.46,0.0,80.7,54.2,64.2,6.0,79.4,55.9,59.3,Urea,5,3,199.10000000000002,1.4619565217391304
Mbeya_Vijijini,-8.71,33.525,Sandy Clay Loam,13.85,75.65,0.0,76.7,35.8,7.5,5.8,73.4,37.6,7.5,NPK,5,3,120.0,2.0842391304347827
Mbeya_Vijijini,-8.91,33.39,Sandy Clay Loam,14.5,80.01,0.0,48.4,24.3,66.7,5.7,54.2,23.8,66.7,DAP,5,3,139.4,1.9130434782608694
Mbeya_Vijijini,-8.95,33.48,Sandy Clay Loam,17.89,87.34,2.81,152.7,15.1,67.8,5.9,133.0,14.0,76.2,SSP,5,3,235.59999999999997,9.484472049689439
Mbeya_Vijijini,-8.67,33.75,Sandy Clay Loam,19.29,85.29,5.81,86.2,23.5,43.0,6.0,94.3,22.8,39.5,SSP,5,3,152.7,3.5183673469387755
Mbeya_Vijijini,-8.67,33.615,Sandy Clay Loam,12.74,82.77,0.05,25.5,28.2,43.2,5.9,23.8,28.8,43.6,Urea,5,3,96.9,0.8732876712328768
Mbeya_Vijijini,-8.83,33.705,Sandy Clay Loam,17.67,79.41,8.37,44.1,55.9,72.1,5.8,47.4,53.9,77.5,Urea,5,3,172.1,0.7750439367311073
Mbeya_Vijijini,-8.79,33.39,Sandy Clay Loam,17.86,75.39,0.8,120.7,38.6,74.8,5.8,126.2,39.6,71.2,No Fertilizer,5,3,234.10000000000002,3.047979797979798
Mbeya_Vijijini,-8.75,33.66,Sandy Clay Loam,18.27,86.31,2.11,24.2,9.4,25.6,6.0,22.9,9.1,30.2,NPK,5,3,59.2,2.3269230769230766
Mbeya_Vijijini,-8.71,33.345,Sandy Loam,17.98,88.75,47.77,165.8,5.7,32.2,6.0,154.7,5.2,33.2,SSP,5,4,203.7,24.74626865671642
Mbeya_Vijijini,-8.59,33.39,Sandy Loam,17.4,80.17,1.84,85.8,9.2,67.0,6.0,94.2,10.8,63.0,SSP,5,4,162.0,8.411764705882353
Mbeya_Vijijini,-8.79,33.525,Sandy Clay Loam,17.92,88.39,4.62,98.7,32.8,51.7,5.7,91.7,31.1,53.3,No Fertilizer,5,3,183.2,2.9201183431952664
Mbeya_Vijijini,-8.91,33.525,Sandy Clay Loam,14.67,77.14,0.36,118.8,58.5,18.6,5.9,110.7,65.6,19.6,MOP,5,3,195.9,1.9966386554621849
Mbeya_Vijijini,-8.75,33.435,Sandy Clay Loam,16.02,73.5,0.0,140.3,50.0,31.1,6.0,150.2,46.1,32.0,MOP,5,3,221.4,2.750980392156863
Mbeya_Vijijini,-8.67,33.705,Sandy Loam,18.17,81.38,11.78,76.9,54.4,70.1,6.2,69.1,56.9,81.6,Urea,5,4,201.4,1.3880866425992782
Mbeya_Vijijini,-8.83,33.3,Sandy Clay Loam,17.78,86.07,16.25,112.5,31.8,67.0,5.5,125.3,34.8,63.8,No Fertilizer,5,3,211.3,3.429878048780488
Mbeya_Vijijini,-8.79,33.57,Sandy Clay Loam,12.76,75.09,0.01,101.5,29.2,88.1,6.0,106.2,27.9,88.8,No Fertilizer,5,3,218.79999999999998,3.3609271523178808
Mbeya_Vijijini,-8.75,33.57,Sandy Clay Loam,17.33,90.22,9.35,57.3,11.4,69.1,5.8,55.4,11.2,70.4,DAP,5,3,137.8,4.620967741935483
Mbeya_Vijijini,-8.79,33.66,Sandy Loam,14.63,75.55,0.0,149.8,57.5,83.5,5.9,159.4,61.8,85.1,No Fertilizer,5,4,290.8,2.560683760683761
Mbeya_Vijijini,-8.67,33.66,Sandy Loam,16.97,91.01,13.63,148.3,50.8,24.2,6.1,145.6,55.7,24.2,MOP,5,4,223.3,2.862934362934363
Mbeya_Vijijini,-8.63,33.66,Sandy Clay Loam,17.64,86.14,1.54,124.0,14.9,74.0,5.9,121.9,15.1,70.8,SSP,5,3,212.9,7.79874213836478
Mbeya_Vijijini,-8.87,33.39,Clay Loam,18.02,78.51,1.58,152.6,34.6,7.7,5.6,154.6,37.8,7.7,MOP,5,1,194.89999999999998,4.286516853932584
Mbeya_Vijijini,-8.71,33.525,Sandy Clay Loam,17.22,88.06,6.17,166.6,33.5,56.4,5.8,157.4,36.2,62.3,No Fertilizer,5,3,256.5,4.828985507246377
Mbeya_Vijijini,-8.71,33.48,Sandy Clay Loam,16.22,67.39,0.0,128.3,45.6,47.2,5.9,130.4,45.3,45.4,No Fertilizer,5,3,221.10000000000002,2.7532188841201717
Mbeya_Vijijini,-8.79,33.66,Sandy Loam,17.55,86.66,11.8,154.8,62.0,36.4,5.9,152.3,66.4,35.1,No Fertilizer,5,4,253.20000000000002,2.4571428571428573
Mbeya_Vijijini,-8.83,33.435,Sandy Clay Loam,16.75,76.73,1.28,138.9,43.5,79.6,5.7,128.6,42.3,78.4,No Fertilizer,5,3,262.0,3.121348314606742
Mbeya_Vijijini,-8.71,33.615,Sandy Loam,17.5,91.96,11.23,132.6,43.8,83.6,6.1,125.6,39.7,77.8,No Fertilizer,5,4,260.0,2.959821428571429
Mbeya_Vijijini,-8.87,33.75,Sandy Clay Loam,15.52,81.78,0.0,121.5,7.2,7.9,5.8,115.2,7.3,7.9,NPK,5,3,136.6,14.817073170731708
Mbeya_Vijijini,-8.91,33.525,Sandy Clay Loam,16.89,89.54,12.57,126.9,8.2,61.6,5.9,138.0,8.2,57.2,SSP,5,3,196.7,13.793478260869566
Mbeya_Vijijini,-8.67,33.3,Sandy Loam,16.62,83.94,0.04,38.3,18.7,40.5,6.1,37.0,16.4,36.9,DAP,5,4,97.5,1.9441624365482233
Mbeya_Vijijini,-8.71,33.66,Loam,14.46,83.33,43.53,149.9,5.6,42.6,6.2,159.7,6.1,40.9,SSP,5,2,198.1,22.712121212121215
Mbeya_Vijijini,-8.83,33.57,Sandy Clay Loam,18.95,84.22,2.23,144.0,57.5,71.9,5.8,158.2,53.1,75.9,No Fertilizer,5,3,273.4,2.4615384615384617
Mbeya_Vijijini,-8.83,33.48,Sandy Clay Loam,20.49,69.61,0.06,14.9,55.6,31.7,5.8,15.0,51.7,32.0,NPK,5,3,102.2,0.26325088339222613
Mbeya_Vijijini,-8.87,33.48,Sandy Clay Loam,13.44,82.53,0.0,140.9,13.8,92.6,5.7,150.4,13.0,85.2,SSP,5,3,247.3,9.52027027027027
Mbeya_Vijijini,-8.95,33.66,Clay Loam,13.23,73.23,0.0,33.7,64.5,18.9,5.9,31.9,59.2,21.1,NPK,5,1,117.1,0.5145038167938931
Mbeya_Vijijini,-8.95,33.66,Clay Loam,15.19,71.02,0.0,70.8,14.5,60.0,5.9,67.0,14.2,61.7,DAP,5,1,145.3,4.567741935483871
Mbeya_Vijijini,-8.95,33.57,Clay Loam,16.83,78.21,0.06,118.2,22.9,61.0,5.8,136.4,23.9,62.5,SSP,5,1,202.1,4.94560669456067
Mbeya_Vijijini,-8.79,33.435,Sandy Clay Loam,16.1,91.37,34.45,35.2,22.0,25.5,5.7,37.3,20.4,27.2,NPK,5,3,82.7,1.5304347826086957
Mbeya_Vijijini,-8.83,33.75,Sandy Clay Loam,15.78,84.57,8.93,133.8,30.8,35.3,5.8,149.1,28.6,33.3,No Fertilizer,5,3,199.90000000000003,4.207547169811321
Mbeya_Vijijini,-8.87,33.75,Sandy Clay Loam,12.49,72.46,0.0,146.6,22.4,78.1,5.8,151.5,20.8,76.1,SSP,5,3,247.1,6.264957264957265
Mbeya_Vijijini,-8.91,33.75,Clay Loam,19.27,74.04,0.15,99.3,36.4,66.5,5.9,96.3,36.3,70.0,No Fertilizer,5,1,202.2,2.6550802139037435
Mbeya_Vijijini,-8.91,33.3,Sandy Clay Loam,18.86,82.0,19.33,10.9,29.3,35.1,6.0,11.1,30.9,33.6,Urea,5,3,75.30000000000001,0.35973597359735976
Mbeya_Vijijini,-8.67,33.75,Sandy Clay Loam,16.7,92.77,23.68,56.4,70.0,50.3,6.0,58.8,69.1,50.9,Urea,5,3,176.7,0.7943661971830985
Mbeya_Vijijini,-8.91,33.615,Sandy Clay Loam,14.73,79.44,0.07,125.3,8.2,10.5,5.9,114.9,7.7,11.2,NPK,5,3,144.0,13.619565217391305
Mbeya_Vijijini,-8.71,33.3,Sandy Loam,17.82,83.89,48.84,148.3,14.3,22.4,6.1,176.8,13.4,23.5,NPK,5,4,185.00000000000003,9.692810457516341
Mbeya_Vijijini,-8.67,33.3,Sandy Loam,14.05,73.81,0.0,127.6,7.3,48.2,6.1,117.4,7.5,46.8,SSP,5,4,183.10000000000002,15.373493975903612
Mbeya_Vijijini,-8.59,33.57,Sandy Loam,13.82,82.22,0.0,52.1,46.3,14.1,5.9,54.2,45.3,13.2,NPK,5,4,112.5,1.1014799154334038
Mbeya_Vijijini,-8.87,33.48,Sandy Clay Loam,13.09,80.51,0.0,117.1,6.9,74.2,5.7,117.8,7.6,76.8,SSP,5,3,198.2,14.822784810126581
Mbeya_Vijijini,-8.75,33.39,Sandy Clay Loam,16.88,61.63,0.0,98.0,63.3,68.8,6.0,101.8,59.2,66.3,No Fertilizer,5,3,230.10000000000002,1.5241057542768275
Mbeya_Vijijini,-8.71,33.615,Sandy Loam,13.46,85.13,1.1,158.0,35.7,94.7,6.1,142.6,37.8,85.3,No Fertilizer,5,4,288.4,4.305177111716621
Mbeya_Vijijini,-8.79,33.345,Sandy Clay Loam,19.36,70.34,0.03,25.8,40.9,58.6,5.6,28.2,38.8,64.3,Urea,5,3,125.30000000000001,0.6157517899761337
Mbeya_Vijijini,-8.63,33.705,Sandy Loam,16.96,83.17,1.73,139.5,37.8,87.1,6.3,139.4,41.1,85.0,No Fertilizer,5,4,264.4,3.595360824742268
Mbeya_Vijijini,-8.91,33.705,Sandy Clay Loam,18.92,71.35,1.32,105.8,16.4,55.6,5.9,102.0,15.3,52.6,SSP,5,3,177.79999999999998,6.080459770114943
Mbeya_Vijijini,-8.79,33.525,Sandy Clay Loam,13.82,82.22,0.0,154.1,17.4,56.0,5.7,173.7,17.0,56.4,SSP,5,3,227.5,8.375
Mbeya_Vijijini,-8.87,33.345,Sandy Clay Loam,15.91,83.6,0.63,63.7,23.7,95.7,5.8,68.1,25.0,88.1,DAP,5,3,183.10000000000002,2.5789473684210527
Mbeya_Vijijini,-8.59,33.3,Sandy Loam,12.62,83.07,0.15,116.3,45.3,69.2,5.9,117.5,43.2,59.9,No Fertilizer,5,4,230.8,2.511879049676026
Mbeya_Vijijini,-8.75,33.525,Sandy Clay Loam,19.31,83.58,0.55,158.0,17.1,8.8,5.8,168.4,17.9,8.6,NPK,5,3,183.9,8.7292817679558
Mbeya_Vijijini,-8.75,33.48,Sandy Clay Loam,20.3,70.32,0.19,25.9,12.3,65.7,5.9,27.4,11.7,66.8,DAP,5,3,103.9,1.9473684210526314
Mbeya_Vijijini,-8.79,33.525,Sandy Clay Loam,16.68,91.01,1.3,165.2,66.7,87.7,5.7,169.3,68.0,82.1,No Fertilizer,5,3,319.59999999999997,2.4401772525849332
Mbeya_Vijijini,-8.87,33.615,Sandy Clay Loam,17.56,89.35,7.82,132.7,4.8,77.1,5.8,126.9,5.5,72.8,SSP,5,3,214.6,22.879310344827584
Mbeya_Vijijini,-8.59,33.48,Sandy Loam,18.09,87.19,51.33,21.0,53.1,45.3,5.8,21.5,57.0,55.0,Urea,5,4,119.39999999999999,0.38817005545286504
Mbeya_Vijijini,-8.87,33.345,Sandy Clay Loam,19.27,75.68,0.13,65.8,54.3,62.4,5.8,61.2,56.0,62.4,Urea,5,3,182.5,1.1898734177215189
Mbeya_Vijijini,-8.59,33.435,Sandy Loam,11.59,77.08,0.03,121.3,25.9,86.7,6.0,130.4,23.6,89.2,SSP,5,4,233.89999999999998,4.5092936802973975
Mbeya_Vijijini,-8.83,33.705,Sandy Clay Loam,18.91,82.84,6.65,19.6,13.8,14.0,5.8,21.4,13.0,13.6,NPK,5,3,47.400000000000006,1.3243243243243243
Mbeya_Vijijini,-8.63,33.705,Sandy Loam,17.36,92.88,24.55,123.7,15.2,61.2,6.3,109.0,13.6,62.0,SSP,5,4,200.10000000000002,7.635802469135803
Mbeya_Vijijini,-8.63,33.705,Sandy Loam,12.07,80.82,0.59,65.6,55.8,29.6,6.3,68.8,50.0,29.8,NPK,5,4,151.0,1.1549295774647887
Mbeya_Vijijini,-8.55,33.345,Sandy Loam,17.52,86.06,0.43,105.0,44.7,56.2,5.9,115.6,46.4,59.8,No Fertilizer,5,4,205.89999999999998,2.297592997811816
Mbeya_Vijijini,-8.71,33.3,Sandy Loam,10.48,83.9,7.68,15.6,54.9,60.0,6.1,17.8,55.7,57.0,Urea,5,4,130.5,0.27906976744186046
Mbeya_Vijijini,-8.67,33.66,Sandy Loam,17.24,65.59,0.23,170.1,64.0,21.1,6.1,158.2,65.9,18.9,MOP,5,4,255.2,2.6169230769230767
Mbeya_Vijijini,-8.75,33.3,Sandy Loam,19.88,63.37,0.0,171.3,47.3,22.0,5.9,175.5,49.7,23.4,MOP,5,4,240.60000000000002,3.5465838509316776
Mbeya_Vijijini,-8.59,33.75,Sandy Loam,14.38,70.93,0.02,171.6,12.4,52.5,6.3,174.7,14.3,58.2,SSP,5,4,236.5,12.805970149253731
Mbeya_Vijijini,-8.95,33.345,Sandy Clay Loam,17.27,84.23,12.84,135.9,20.0,16.8,6.0,137.4,20.1,16.8,NPK,5,3,172.70000000000002,6.4714285714285715
Mbeya_Vijijini,-8.79,33.345,Sandy Clay Loam,17.59,87.74,4.02,34.4,54.2,28.2,5.6,32.1,59.6,28.3,NPK,5,3,116.8,0.6231884057971014
Mbeya_Vijijini,-8.63,33.615,Sandy Clay Loam,17.4,80.17,1.84,137.2,17.8,82.4,5.9,138.9,17.8,76.2,SSP,5,3,237.4,7.297872340425531
Mbeya_Vijijini,-8.83,33.48,Sandy Clay Loam,17.7,87.92,0.96,16.5,10.1,30.6,5.8,14.2,8.8,33.5,DAP,5,3,57.2,1.4864864864864866
Mbeya_Vijijini,-8.67,33.615,Sandy Clay Loam,18.61,89.08,30.63,13.9,48.6,45.2,5.9,13.8,50.4,47.0,Urea,5,3,107.7,0.28024193548387094
Mbeya_Vijijini,-8.79,33.48,Sandy Clay Loam,13.43,72.86,0.0,69.8,31.0,72.3,5.7,65.0,30.6,85.1,Urea,5,3,173.1,2.18125
Mbeya_Vijijini,-8.63,33.75,Sandy Loam,13.24,82.01,0.12,98.3,68.8,27.5,6.1,93.1,64.7,25.1,MOP,5,4,194.6,1.4083094555873925
Mbeya_Vijijini,-8.79,33.435,Sandy Clay Loam,13.85,80.55,0.13,140.6,47.8,39.4,5.7,141.0,46.9,38.7,No Fertilizer,5,3,227.79999999999998,2.8811475409836067
Mbeya_Vijijini,-8.59,33.435,Sandy Loam,14.78,80.97,0.65,121.0,10.2,55.1,6.0,126.2,10.0,56.9,SSP,5,4,186.29999999999998,10.803571428571429
Mbeya_Vijijini,-8.83,33.75,Sandy Clay Loam,13.17,74.19,0.12,87.8,64.9,63.0,5.8,85.8,66.6,69.4,Urea,5,3,215.7,1.3323216995447646
Mbeya_Vijijini,-8.55,33.57,Sandy Clay Loam,16.64,94.48,20.5,58.5,20.7,74.7,5.9,56.5,21.1,81.7,DAP,5,3,153.9,2.695852534562212
Mbeya_Vijijini,-8.55,33.57,Sandy Clay Loam,13.5,82.99,0.17,172.3,24.5,85.3,5.9,179.5,26.3,82.9,SSP,5,3,282.1,6.75686274509804
Mbeya_Vijijini,-8.71,33.705,Sandy Clay Loam,13.27,79.22,0.0,83.4,32.4,65.7,6.0,82.5,30.5,71.2,Urea,5,3,181.5,2.4970059880239526
Mbeya_Vijijini,-8.95,33.48,Sandy Clay Loam,16.93,88.17,8.41,94.2,6.5,25.4,5.9,86.7,7.4,25.2,NPK,5,3,126.1,12.56
Mbeya_Vijijini,-8.71,33.705,Sandy Clay Loam,13.73,76.27,0.01,43.3,39.3,9.2,6.0,37.8,36.8,8.1,NPK,5,3,91.8,1.0744416873449132
Mbeya_Vijijini,-8.67,33.48,Sandy Loam,11.93,75.65,0.0,153.8,10.9,37.3,6.0,145.1,12.1,38.2,SSP,5,4,202.0,12.92436974789916
Mbeya_Vijijini,-8.75,33.75,Sandy Clay Loam,14.77,71.48,0.0,144.6,32.5,16.7,6.1,127.9,30.5,17.9,MOP,5,3,193.79999999999998,4.316417910447761
Mbeya_Vijijini,-8.75,33.57,Sandy Clay Loam,17.67,73.37,0.21,45.4,26.5,67.4,5.8,47.5,27.1,65.7,Urea,5,3,139.3,1.6509090909090909
Mbeya_Vijijini,-8.91,33.615,Sandy Clay Loam,12.26,77.47,0.0,25.2,50.3,56.3,5.9,24.0,55.0,61.5,Urea,5,3,131.8,0.4912280701754386
Mbeya_Vijijini,-8.87,33.615,Sandy Clay Loam,20.08,67.33,0.06,137.5,59.3,10.9,5.8,125.7,57.0,9.7,MOP,5,3,207.70000000000002,2.2802653399668324
Mbeya_Vijijini,-8.59,33.48,Sandy Loam,14.8,71.39,0.0,113.7,15.0,83.8,5.8,121.3,14.1,76.3,SSP,5,4,212.5,7.10625
Mbeya_Vijijini,-8.87,33.39,Clay Loam,16.88,76.08,0.19,54.5,27.3,26.6,5.6,56.5,28.2,26.9,NPK,5,1,108.4,1.9257950530035335
Mbeya_Vijijini,-8.83,33.435,Sandy Clay Loam,15.23,80.5,0.05,192.5,30.1,39.6,5.7,171.6,28.6,42.3,No Fertilizer,5,3,262.2,6.189710610932476
Mbeya_Vijijini,-8.87,33.66,Sandy Clay Loam,18.38,70.27,0.03,33.2,11.8,60.3,5.9,35.7,14.0,62.1,DAP,5,3,105.3,2.59375
Mbeya_Vijijini,-8.87,33.525,Clay Loam,15.1,80.08,0.0,75.7,51.5,41.2,5.9,83.5,56.7,42.1,Urea,5,1,168.4,1.441904761904762
Mbeya_Vijijini,-8.71,33.75,Sandy Clay Loam,18.49,75.03,0.31,188.6,55.3,44.2,6.4,170.4,50.7,43.1,No Fertilizer,5,3,288.09999999999997,3.349911190053286
Mbeya_Vijijini,-8.71,33.75,Sandy Clay Loam,16.62,85.63,0.28,88.2,16.3,12.4,6.4,81.4,16.6,11.5,NPK,5,3,116.9,5.098265895953757
Mbeya_Vijijini,-8.67,33.435,Sandy Clay Loam,12.92,80.01,0.0,122.1,24.5,36.8,5.9,118.5,28.2,39.7,No Fertilizer,5,3,183.39999999999998,4.788235294117647
Mbeya_Vijijini,-8.67,33.525,Sandy Clay Loam,14.13,83.46,0.0,77.3,10.4,75.2,6.0,77.6,11.0,70.2,DAP,5,3,162.9,6.780701754385964
Mbeya_Vijijini,-8.59,33.3,Sandy Loam,17.5,92.27,8.17,54.9,42.5,86.5,5.9,56.6,45.5,82.9,Urea,5,4,183.9,1.2620689655172412
Mbeya_Vijijini,-8.87,33.435,Sandy Clay Loam,17.89,87.34,2.81,180.8,11.9,39.3,5.7,177.3,12.0,40.7,SSP,5,3,232.0,14.015503875968992
Mbeya_Vijijini,-8.87,33.3,Sandy Clay Loam,18.5,81.05,2.13,88.4,67.3,38.4,5.6,79.6,69.1,41.6,Urea,5,3,194.1,1.2942898975109811
Mbeya_Vijijini,-8.79,33.345,Sandy Clay Loam,18.34,85.62,6.15,164.7,56.2,65.5,5.6,162.0,55.5,65.0,No Fertilizer,5,3,286.4,2.879370629370629
Mbeya_Vijijini,-8.75,33.39,Sandy Clay Loam,14.43,82.17,0.14,56.5,29.6,78.9,6.0,49.1,29.8,85.2,Urea,5,3,165.0,1.8464052287581698
Mbeya_Vijijini,-8.67,33.345,Sandy Loam,16.89,69.27,1.35,43.3,46.2,30.5,5.8,46.2,42.2,28.4,NPK,5,4,120.0,0.9173728813559321
Mbeya_Vijijini,-8.71,33.705,Sandy Clay Loam,17.61,71.74,0.8,15.3,66.1,39.6,6.0,15.3,64.1,43.0,Urea,5,3,121.0,0.2280178837555887
Mbeya_Vijijini,-8.91,33.66,Clay Loam,11.96,79.58,0.61,117.6,41.9,75.7,5.6,120.8,40.6,72.9,No Fertilizer,5,1,235.2,2.7412587412587412
Mbeya_Vijijini,-8.59,33.75,Sandy Loam,17.89,85.69,5.51,67.1,16.8,56.9,6.3,72.6,15.5,57.2,DAP,5,4,140.79999999999998,3.769662921348314
Mbeya_Vijijini,-8.59,33.435,Sandy Loam,18.39,85.97,13.74,155.3,28.2,14.7,6.0,156.9,29.0,15.3,MOP,5,4,198.2,5.318493150684932
Mbeya_Vijijini,-8.95,33.39,Sandy Clay Loam,11.82,81.39,0.03,93.1,54.4,58.3,5.7,90.4,59.6,58.7,No Fertilizer,5,3,205.8,1.6805054151624548
Mbeya_Vijijini,-8.91,33.615,Sandy Clay Loam,15.88,67.7,0.0,181.0,50.4,23.3,5.9,174.6,46.5,21.7,MOP,5,3,254.70000000000002,3.5214007782101167
Mbeya_Vijijini,-8.71,33.57,Clay Loam,16.88,89.39,2.63,47.9,47.4,44.8,5.8,41.5,46.9,48.9,Urea,5,1,140.1,0.9896694214876033
Mbeya_Vijijini,-8.71,33.3,Sandy Loam,18.27,86.31,2.11,162.8,61.8,49.0,6.1,157.7,61.2,50.4,No Fertilizer,5,4,273.6,2.5923566878980893
Mbeya_Vijijini,-8.83,33.435,Sandy Clay Loam,12.82,78.47,0.0,153.5,60.2,75.4,5.7,142.0,63.0,79.6,No Fertilizer,5,3,289.1,2.508169934640523
Mbeya_Vijijini,-8.79,33.705,Sandy Loam,18.1,79.6,1.06,141.7,61.9,44.7,6.0,141.1,64.7,44.8,No Fertilizer,5,4,248.3,2.2527821939586645
Mbeya_Vijijini,-8.87,33.345,Sandy Clay Loam,15.7,80.15,0.02,171.7,10.9,28.1,5.8,153.6,10.3,29.5,NPK,5,3,210.7,14.428571428571427
Mbeya_Vijijini,-8.95,33.66,Clay Loam,11.96,79.58,0.61,162.8,42.7,22.3,5.9,139.4,39.9,25.4,MOP,5,1,227.8,3.725400457665904
Mbeya_Vijijini,-8.91,33.75,Clay Loam,14.14,74.57,0.02,120.8,55.8,73.6,5.9,116.5,52.9,79.4,No Fertilizer,5,1,250.2,2.126760563380282
Mbeya_Vijijini,-8.75,33.345,Sandy Clay Loam,15.97,83.69,0.0,30.1,57.0,22.7,5.9,32.3,54.0,20.4,NPK,5,3,109.8,0.5189655172413793
Mbeya_Vijijini,-8.95,33.66,Clay Loam,15.31,81.61,0.07,14.9,45.8,42.5,5.9,15.5,44.0,41.8,Urea,5,1,103.19999999999999,0.3183760683760684
Mbeya_Vijijini,-8.79,33.57,Sandy Clay Loam,17.91,84.01,1.55,169.8,15.1,22.0,6.0,166.5,15.0,21.7,NPK,5,3,206.9,10.546583850931677
Mbeya_Vijijini,-8.91,33.39,Sandy Clay Loam,13.63,82.49,0.05,118.5,55.9,69.6,5.7,114.8,56.6,71.0,No Fertilizer,5,3,244.0,2.0826010544815468
Mbeya_Vijijini,-8.83,33.705,Sandy Clay Loam,13.92,81.02,0.14,152.5,55.9,45.7,5.8,145.4,51.5,45.8,No Fertilizer,5,3,254.10000000000002,2.680140597539543
Mbeya_Vijijini,-8.59,33.3,Sandy Loam,15.49,83.45,14.12,94.8,9.4,34.4,5.9,91.9,9.7,35.5,SSP,5,4,138.6,9.115384615384615
Mbeya_Vijijini,-8.87,33.57,Sandy Clay Loam,14.03,72.79,0.0,30.0,35.5,37.7,5.8,29.9,34.6,36.3,Urea,5,3,103.2,0.821917808219178
Mbeya_Vijijini,-8.55,33.435,Sandy Loam,19.08,85.29,1.12,29.9,14.6,78.1,6.0,31.3,15.5,77.6,DAP,5,4,122.6,1.9166666666666665
Mbeya_Vijijini,-8.75,33.57,Sandy Clay Loam,14.39,83.28,0.13,130.1,25.1,48.2,5.8,126.5,26.3,52.5,SSP,5,3,203.39999999999998,4.984674329501916
Mbeya_Vijijini,-8.91,33.705,Sandy Clay Loam,10.94,82.78,0.01,93.9,5.1,67.5,5.9,83.2,5.2,66.3,DAP,5,3,166.5,15.393442622950822
Mbeya_Vijijini,-8.71,33.3,Sandy Loam,13.01,71.23,0.0,47.2,28.7,67.3,6.1,44.1,30.4,81.4,Urea,5,4,143.2,1.5892255892255893
Mbeya_Vijijini,-8.63,33.615,Sandy Clay Loam,11.96,78.49,0.0,97.1,42.5,84.1,5.9,93.6,40.3,81.7,No Fertilizer,5,3,223.7,2.2321839080459767
Mbeya_Vijijini,-8.87,33.39,Clay Loam,16.51,77.13,0.0,22.4,40.7,30.3,5.6,20.9,44.9,33.6,Urea,5,1,93.4,0.5371702637889687
Mbeya_Vijijini,-8.87,33.48,Sandy Clay Loam,16.71,93.52,11.87,106.1,48.1,85.4,5.7,108.9,47.8,86.0,No Fertilizer,5,3,239.6,2.160896130346232
Mbeya_Vijijini,-8.71,33.345,Sandy Loam,16.34,86.81,0.18,53.7,59.7,7.4,6.0,55.7,59.2,8.1,NPK,5,4,120.80000000000001,0.8846787479406919
Mbeya_Vijijini,-8.67,33.57,Sandy Clay Loam,18.64,87.18,8.39,138.0,15.9,37.7,6.1,145.6,18.2,37.7,SSP,5,3,191.60000000000002,8.165680473372781
Mbeya_Vijijini,-8.95,33.615,Clay Loam,17.08,89.52,9.93,62.2,11.6,84.5,5.7,62.8,12.0,81.2,DAP,5,1,158.3,4.936507936507937
Mbeya_Vijijini,-8.63,33.345,Sandy Loam,17.0,73.66,0.0,84.8,61.3,32.1,6.0,87.4,60.2,29.1,NPK,5,4,178.2,1.36115569823435
Mbeya_Vijijini,-8.67,33.525,Sandy Clay Loam,15.7,79.58,0.0,13.0,14.8,25.8,6.0,12.0,14.3,28.9,NPK,5,3,53.6,0.8227848101265822
Mbeya_Vijijini,-8.63,33.57,Sandy Loam,18.91,77.86,1.15,21.6,67.4,33.6,5.8,22.3,68.3,31.4,NPK,5,4,122.6,0.3157894736842105
Mbeya_Vijijini,-8.75,33.75,Sandy Clay Loam,13.24,82.01,0.12,72.4,62.4,58.0,6.1,76.7,59.6,57.4,Urea,5,3,192.8,1.1419558359621451
Mbeya_Vijijini,-8.63,33.57,Sandy Loam,19.17,57.88,0.0,104.0,36.8,41.5,5.8,91.6,37.1,42.8,No Fertilizer,5,4,182.3,2.7513227513227516
Mbeya_Vijijini,-8.95,33.345,Sandy Clay Loam,15.59,77.76,0.0,108.5,68.8,70.6,6.0,112.0,68.8,67.0,No Fertilizer,5,3,247.9,1.5544412607449858
Mbeya_Vijijini,-8.55,33.435,Sandy Loam,17.69,87.65,6.61,60.2,10.6,79.8,6.0,59.6,10.4,81.2,DAP,5,4,150.6,5.189655172413794
Mbeya_Vijijini,-8.83,33.435,Sandy Clay Loam,19.4,72.59,0.05,132.2,25.6,65.8,5.7,128.1,24.0,62.6,SSP,5,3,223.59999999999997,4.969924812030074
Mbeya_Vijijini,-8.71,33.435,Sandy Clay Loam,16.88,93.11,19.58,143.8,43.9,21.6,6.0,156.2,46.1,23.2,MOP,5,3,209.3,3.2026726057906463
Mbeya_Vijijini,-8.63,33.615,Sandy Clay Loam,17.52,86.48,3.34,154.9,26.2,80.6,5.9,142.6,27.1,84.3,No Fertilizer,5,3,261.7,5.694852941176471
Mbeya_Vijijini,-8.63,33.705,Sandy Loam,14.52,83.57,0.0,17.5,62.2,30.1,6.3,16.7,65.3,28.2,NPK,5,4,109.80000000000001,0.27689873417721517
Mbeya_Vijijini,-8.55,33.39,Sandy Loam,16.88,68.52,0.0,101.7,8.1,20.5,5.9,91.7,8.3,18.6,NPK,5,4,130.3,11.175824175824177
Mbeya_Vijijini,-8.59,33.39,Sandy Loam,18.09,85.8,33.26,26.5,44.3,13.5,6.0,27.8,40.3,13.6,NPK,5,4,84.3,0.5849889624724062
Mbeya_Vijijini,-8.67,33.39,Sandy Loam,12.08,80.59,0.45,51.5,44.7,42.9,6.0,51.1,43.0,53.3,Urea,5,4,139.1,1.1269146608315097
Mbeya_Vijijini,-8.95,33.66,Clay Loam,19.27,75.68,0.13,178.2,43.4,15.3,5.9,177.7,47.1,15.6,MOP,5,1,236.9,4.013513513513513
Mbeya_Vijijini,-8.79,33.66,Sandy Loam,19.37,75.21,0.0,34.9,20.0,17.7,5.9,34.2,20.9,17.7,NPK,5,4,72.6,1.6619047619047618
Mbeya_Vijijini,-8.95,33.705,Clay,17.85,85.41,9.96,85.2,28.8,30.7,5.7,94.8,28.1,31.2,MOP,5,0,144.7,2.859060402684564
Mbeya_Vijijini,-8.71,33.48,Sandy Clay Loam,12.26,77.47,0.0,116.0,55.9,30.4,5.9,115.1,59.7,29.7,MOP,5,3,202.3,2.038664323374341
Mbeya_Vijijini,-8.79,33.3,Clay Loam,17.47,86.41,14.92,116.5,16.0,54.9,5.7,129.4,16.9,56.8,SSP,5,1,187.4,6.852941176470588
Mbeya_Vijijini,-8.79,33.39,Sandy Clay Loam,15.33,65.95,0.0,107.8,64.1,79.0,5.8,105.1,58.6,74.6,No Fertilizer,5,3,250.89999999999998,1.6559139784946237
Mbeya_Vijijini,-8.83,33.75,Sandy Clay Loam,14.86,82.56,0.25,9.9,39.4,64.2,5.8,11.7,41.1,70.0,Urea,5,3,113.5,0.24504950495049507
Mbeya_Vijijini,-8.63,33.345,Sandy Loam,14.99,66.89,0.0,57.0,57.9,30.5,6.0,65.5,54.3,28.0,NPK,5,4,145.4,0.967741935483871
Mbeya_Vijijini,-8.59,33.615,Sandy Clay Loam,16.62,88.2,17.21,103.6,55.6,29.5,5.8,98.0,51.1,26.6,MOP,5,3,188.7,1.8303886925795052
Mbeya_Vijijini,-8.55,33.39,Sandy Loam,17.08,90.43,3.35,24.0,16.8,81.6,5.9,24.9,17.7,87.1,DAP,5,4,122.39999999999999,1.348314606741573
Mbeya_Vijijini,-8.79,33.705,Sandy Loam,11.16,84.02,1.35,64.8,39.0,6.3,6.0,69.6,41.5,6.7,NPK,5,4,110.1,1.6199999999999999
Mbeya_Vijijini,-8.75,33.48,Sandy Clay Loam,17.21,87.02,12.42,17.0,60.1,82.2,5.9,15.6,61.3,79.9,Urea,5,3,159.3,0.27823240589198034
Mbeya_Vijijini,-8.67,33.3,Sandy Loam,19.07,74.56,0.93,23.9,30.0,20.9,6.1,23.4,32.5,22.8,NPK,5,4,74.8,0.7709677419354838
Mbeya_Vijijini,-8.67,33.705,Sandy Loam,13.78,74.85,0.0,82.2,68.4,82.6,6.2,77.5,67.8,85.6,Urea,5,4,233.20000000000002,1.1844380403458212
Mbeya_Vijijini,-8.95,33.615,Clay Loam,17.34,89.28,20.16,32.2,33.4,37.4,5.7,32.6,33.8,34.8,Urea,5,1,103.0,0.9360465116279071
Mbeya_Vijijini,-8.59,33.57,Sandy Loam,17.01,89.07,23.48,126.5,13.8,45.2,5.9,106.5,13.4,43.0,SSP,5,4,185.5,8.547297297297296
Mbeya_Vijijini,-8.75,33.615,Sandy Clay Loam,12.08,80.59,0.45,121.8,32.6,74.5,6.3,127.2,29.7,65.4,No Fertilizer,5,3,228.9,3.6249999999999996
Mbeya_Vijijini,-8.95,33.66,Clay Loam,17.0,88.4,7.27,163.9,70.6,56.0,5.9,146.1,66.8,55.4,No Fertilizer,5,1,290.5,2.289106145251397
Mbeya_Vijijini,-8.95,33.705,Clay,14.48,79.53,0.0,43.8,26.0,31.3,5.7,44.0,25.1,32.7,NPK,5,0,101.1,1.622222222222222
Mbeya_Vijijini,-8.63,33.57,Sandy Loam,18.36,90.46,23.78,34.0,52.9,52.7,5.8,38.5,61.3,52.5,Urea,5,4,139.60000000000002,0.6307977736549165
Mbeya_Vijijini,-8.83,33.66,Sandy Clay Loam,18.51,63.54,0.0,28.7,64.1,66.7,5.9,27.8,62.2,67.4,Urea,5,3,159.5,0.4408602150537635
Mbeya_Vijijini,-8.87,33.66,Sandy Clay Loam,11.96,82.72,0.06,120.8,30.4,9.5,5.9,118.2,27.1,9.6,MOP,5,3,160.7,3.8471337579617835
Mbeya_Vijijini,-8.71,33.39,Sandy Clay Loam,18.43,85.41,4.24,120.5,7.5,6.9,5.9,130.1,9.5,6.9,NPK,5,3,134.9,14.176470588235293
Mbeya_Vijijini,-8.91,33.525,Sandy Clay Loam,15.1,80.08,0.0,14.4,54.3,41.6,5.9,15.4,51.8,44.5,Urea,5,3,110.30000000000001,0.2603978300180832
Mbeya_Vijijini,-8.63,33.75,Sandy Loam,15.31,75.1,0.0,168.9,24.3,17.4,6.1,169.2,24.6,17.1,NPK,5,4,210.60000000000002,6.675889328063241
Mbeya_Vijijini,-8.79,33.48,Sandy Clay Loam,18.68,87.73,13.9,19.3,52.4,55.7,5.7,18.8,55.7,61.8,Urea,5,3,127.4,0.3614232209737828
Mbeya_Vijijini,-8.79,33.39,Sandy Clay Loam,13.24,81.55,0.0,84.4,35.1,22.8,5.8,102.0,33.2,24.0,MOP,5,3,142.3,2.337950138504155
Mbeya_Vijijini,-8.87,33.345,Sandy Clay Loam,17.67,89.62,37.78,140.2,40.3,42.0,5.8,130.5,36.0,42.4,No Fertilizer,5,3,222.5,3.3946731234866827
Mbeya_Vijijini,-8.75,33.39,Sandy Clay Loam,16.53,88.14,2.72,152.6,58.3,19.0,6.0,158.1,55.3,22.6,MOP,5,3,229.89999999999998,2.573355817875211
Mbeya_Vijijini,-8.75,33.705,Sandy Clay Loam,17.99,80.81,4.53,119.1,28.5,54.9,5.9,131.4,29.2,52.1,No Fertilizer,5,3,202.5,4.03728813559322
Mbeya_Vijijini,-8.63,33.39,Sandy Loam,17.58,71.73,0.0,155.9,31.1,13.5,6.1,146.3,33.2,15.7,MOP,5,4,200.5,4.8566978193146415
Mbeya_Vijijini,-8.87,33.75,Sandy Clay Loam,15.66,85.28,0.0,67.6,29.1,8.3,5.8,67.7,28.8,7.9,NPK,5,3,104.99999999999999,2.245847176079734
Mbeya_Vijijini,-8.75,33.525,Sandy Clay Loam,17.4,90.45,42.15,161.2,30.0,9.4,5.8,148.5,28.2,10.3,MOP,5,3,200.6,5.199999999999999
Mbeya_Vijijini,-8.55,33.75,Sandy Clay Loam,16.98,94.55,6.11,24.3,37.7,83.7,6.4,23.6,38.7,86.2,Urea,5,3,145.7,0.627906976744186
Mbeya_Vijijini,-8.55,33.615,Sandy Loam,18.74,87.54,30.21,162.1,56.2,18.6,5.8,162.1,57.4,18.0,MOP,5,4,236.9,2.8339160839160837
Mbeya_Vijijini,-8.55,33.3,Sandy Loam,13.38,84.18,0.15,102.0,33.4,75.6,6.0,103.1,27.9,65.5,No Fertilizer,5,4,211.0,2.9651162790697674
Mbeya_Vijijini,-8.71,33.345,Sandy Loam,12.44,80.27,0.78,154.0,41.5,11.8,6.0,148.9,38.6,11.7,MOP,5,4,207.3,3.623529411764706
Mbeya_Vijijini,-8.71,33.345,Sandy Loam,11.78,86.68,8.73,84.4,52.2,13.0,6.0,86.9,48.3,15.1,NPK,5,4,149.60000000000002,1.586466165413534
Mbeya_Vijijini,-8.75,33.3,Sandy Loam,17.13,91.11,15.5,112.3,19.6,52.0,5.9,119.4,21.8,48.7,SSP,5,4,183.9,5.451456310679611
Mbeya_Vijijini,-8.95,33.48,Sandy Clay Loam,16.39,90.12,9.78,103.7,21.2,44.3,5.9,99.5,22.3,45.0,SSP,5,3,169.2,4.671171171171172
Mbeya_Vijijini,-8.75,33.57,Sandy Clay Loam,17.79,61.7,0.0,133.0,65.9,86.4,5.8,134.4,65.6,85.9,No Fertilizer,5,3,285.3,1.9880418535127053
Mbeya_Vijijini,-8.91,33.705,Sandy Clay Loam,17.89,87.34,2.81,23.9,48.1,88.7,5.9,23.9,51.8,85.4,Urea,5,3,160.7,0.4867617107942973
Mbeya_Vijijini,-8.91,33.39,Sandy Clay Loam,15.62,72.58,0.08,21.8,46.8,60.4,5.7,20.3,42.1,71.5,Urea,5,3,129.0,0.4560669456066946
Mbeya_Vijijini,-8.95,33.3,Sandy Clay Loam,17.36,87.32,34.95,51.6,51.4,56.6,6.1,52.0,46.7,56.6,Urea,5,3,159.6,0.984732824427481
Mbeya_Vijijini,-8.55,33.75,Sandy Clay Loam,18.68,71.26,0.0,37.2,5.7,42.9,6.4,37.1,5.9,44.2,DAP,5,3,85.80000000000001,5.552238805970149
Mbeya_Vijijini,-8.63,33.615,Sandy Clay Loam,16.39,88.64,28.07,151.6,50.4,39.0,5.9,158.2,44.8,35.9,No Fertilizer,5,3,241.0,2.9494163424124515
Mbeya_Vijijini,-8.83,33.525,Sandy Clay Loam,17.01,84.45,0.31,48.7,37.6,89.9,5.6,47.3,37.6,85.6,Urea,5,3,176.20000000000002,1.261658031088083
Mbeya_Vijijini,-8.67,33.705,Sandy Loam,14.93,70.87,0.0,180.2,47.3,50.2,6.2,175.9,40.0,56.6,No Fertilizer,5,4,277.7,3.730848861283644
Mbeya_Vijijini,-8.91,33.75,Clay Loam,15.22,77.34,0.01,71.5,28.0,59.5,5.9,67.3,27.7,54.6,Urea,5,1,159.0,2.4655172413793105
Mbeya_Vijijini,-8.95,33.57,Clay Loam,17.29,89.91,45.71,39.3,9.8,26.3,5.8,41.0,9.4,25.5,NPK,5,1,75.39999999999999,3.6388888888888884
Mbeya_Vijijini,-8.87,33.525,Clay Loam,11.6,79.84,0.0,139.6,18.4,8.8,5.9,144.2,16.8,9.9,NPK,5,1,166.8,7.195876288659794
Mbeya_Vijijini,-8.95,33.705,Clay,19.13,83.85,69.04,128.7,72.7,85.7,5.7,122.0,66.7,85.4,No Fertilizer,5,0,287.09999999999997,1.7462686567164176
Mbeya_Vijijini,-8.87,33.435,Sandy Clay Loam,15.03,83.68,0.14,96.4,32.1,34.7,5.7,94.7,31.0,32.4,MOP,5,3,163.2,2.9123867069486407
Mbeya_Vijijini,-8.79,33.345,Sandy Clay Loam,17.12,88.66,20.99,97.8,34.5,39.5,5.6,104.4,34.8,43.2,No Fertilizer,5,3,171.8,2.7549295774647886
Mbeya_Vijijini,-8.83,33.75,Sandy Clay Loam,17.23,76.69,0.16,144.4,7.7,17.1,5.8,132.3,7.5,15.6,NPK,5,3,169.2,16.59770114942529
Mbeya_Vijijini,-8.71,33.435,Sandy Clay Loam,14.7,67.42,0.0,43.0,6.1,68.2,6.0,48.8,6.5,76.3,DAP,5,3,117.30000000000001,6.056338028169014
Mbeya_Vijijini,-8.75,33.435,Sandy Clay Loam,18.1,88.1,2.69,189.2,51.9,7.9,6.0,179.4,51.3,8.3,MOP,5,3,249.0,3.5765595463137996
Mbeya_Vijijini,-8.91,33.75,Clay Loam,13.5,82.8,0.0,160.2,36.4,71.0,5.9,175.7,39.5,76.1,No Fertilizer,5,1,267.6,4.283422459893048
Mbeya_Vijijini,-8.79,33.48,Sandy Clay Loam,13.5,78.35,0.0,136.5,32.9,19.5,5.7,120.6,37.6,17.8,MOP,5,3,188.9,4.0265486725663715
Mbeya_Vijijini,-8.87,33.615,Sandy Clay Loam,19.96,77.98,5.09,39.2,20.1,77.7,5.8,43.9,20.0,80.5,DAP,5,3,137.0,1.8578199052132702
Mbeya_Vijijini,-8.75,33.66,Sandy Clay Loam,16.58,91.12,17.89,135.8,57.9,61.8,6.0,125.6,53.2,67.3,No Fertilizer,5,3,255.5,2.305602716468591
Mbeya_Vijijini,-8.95,33.66,Clay Loam,17.65,73.73,0.0,22.1,16.1,20.5,5.9,22.3,15.1,19.8,NPK,5,1,58.7,1.2923976608187133
Mbeya_Vijijini,-8.67,33.525,Sandy Clay Loam,15.24,85.52,0.54,14.8,16.4,56.0,6.0,15.2,16.5,53.5,DAP,5,3,87.2,0.8505747126436782
Mbeya_Vijijini,-8.63,33.615,Sandy Clay Loam,17.99,80.81,4.53,54.5,38.6,33.8,5.9,53.8,34.4,32.3,NPK,5,3,126.89999999999999,1.3762626262626263
Mbeya_Vijijini,-8.63,33.75,Sandy Loam,18.12,73.14,6.0,92.6,22.0,20.6,6.1,88.6,22.9,21.0,NPK,5,4,135.2,4.0260869565217385
Mbeya_Vijijini,-8.95,33.75,Clay Loam,17.8,89.16,16.31,147.6,17.6,79.6,5.8,157.6,20.3,78.2,SSP,5,1,244.79999999999998,7.935483870967741
Mbeya_Vijijini,-8.71,33.48,Sandy Clay Loam,17.45,83.75,0.18,126.0,39.5,38.1,5.9,133.6,46.6,39.9,No Fertilizer,5,3,203.6,3.111111111111111
Mbeya_Vijijini,-8.91,33.345,Sandy Clay Loam,16.31,87.83,6.43,142.5,43.1,44.1,6.0,136.3,47.0,39.5,No Fertilizer,5,3,229.7,3.2312925170068025
Mbeya_Vijijini,-8.75,33.615,Sandy Clay Loam,16.56,78.42,0.68,72.5,61.8,21.9,6.3,82.3,58.4,20.3,NPK,5,3,156.20000000000002,1.1544585987261147
Mbeya_Vijijini,-8.59,33.75,Sandy Loam,14.06,74.59,0.0,66.0,30.2,41.1,6.3,68.8,31.6,38.2,Urea,5,4,137.3,2.1153846153846154
Mbeya_Vijijini,-8.71,33.75,Sandy Clay Loam,17.75,86.12,1.24,88.6,9.1,83.6,6.4,73.1,8.8,79.2,DAP,5,3,181.29999999999998,8.772277227722771
Mbeya_Vijijini,-8.95,33.39,Sandy Clay Loam,18.9,80.47,0.13,165.8,24.6,37.8,5.7,177.9,22.1,36.5,SSP,5,3,228.2,6.4765625
Mbeya_Vijijini,-8.91,33.3,Sandy Clay Loam,16.12,74.96,0.0,18.2,63.4,78.4,6.0,16.8,68.7,85.9,Urea,5,3,160.0,0.2826086956521739
Mbeya_Vijijini,-8.63,33.615,Sandy Clay Loam,18.36,87.09,6.83,150.9,44.8,89.3,5.9,157.4,43.4,85.5,No Fertilizer,5,3,285.0,3.294759825327511
Mbeya_Vijijini,-8.83,33.615,Sandy Clay Loam,17.55,86.66,11.8,112.2,52.8,18.3,6.0,108.4,50.8,18.2,MOP,5,3,183.3,2.0855018587360594
Mbeya_Vijijini,-8.55,33.57,Sandy Clay Loam,17.12,83.06,0.45,88.4,4.2,22.7,5.9,84.6,4.5,20.9,NPK,5,3,115.30000000000001,17.0
Mbeya_Vijijini,-8.79,33.615,Sandy Clay Loam,17.21,93.67,65.83,143.8,41.8,82.9,6.0,133.3,38.2,78.5,No Fertilizer,5,3,268.5,3.35981308411215
Mbeya_Vijijini,-8.63,33.75,Sandy Loam,16.45,73.92,0.15,91.4,6.3,40.5,6.1,92.7,6.5,39.0,SSP,5,4,138.2,12.52054794520548
Mbeya_Vijijini,-8.75,33.345,Sandy Clay Loam,17.88,86.32,4.27,180.5,40.5,5.6,5.9,158.5,41.6,6.4,MOP,5,3,226.6,4.349397590361446
Mbeya_Vijijini,-8.75,33.48,Sandy Clay Loam,13.53,80.84,4.56,156.4,74.3,28.8,5.9,163.1,64.8,29.0,MOP,5,3,259.5,2.077025232403719
Mbeya_Vijijini,-8.67,33.345,Sandy Loam,16.81,91.96,20.99,83.0,70.4,54.0,5.8,81.7,67.9,56.2,Urea,5,4,207.4,1.1624649859943976
Mbeya_Vijijini,-8.59,33.48,Sandy Loam,17.42,84.77,0.23,58.0,42.2,74.4,5.8,57.1,39.7,73.1,Urea,5,4,174.60000000000002,1.3425925925925926
Mbeya_Vijijini,-8.91,33.39,Sandy Clay Loam,18.72,76.45,1.39,102.0,37.5,16.7,5.7,110.7,34.2,17.2,MOP,5,3,156.2,2.6493506493506493
Mbeya_Vijijini,-8.55,33.525,Sandy Loam,18.03,84.36,0.0,161.8,63.3,15.0,6.0,165.1,66.4,15.3,MOP,5,4,240.10000000000002,2.516329704510109
Mbeya_Vijijini,-8.79,33.66,Sandy Loam,17.71,86.31,26.04,46.3,52.7,86.1,5.9,45.8,48.5,83.5,Urea,5,4,185.1,0.8621973929236498
Mbeya_Vijijini,-8.75,33.75,Sandy Clay Loam,17.88,81.09,2.51,112.4,8.0,67.0,6.1,115.9,8.3,69.1,SSP,5,3,187.4,12.488888888888889
Mbeya_Vijijini,-8.87,33.705,Sandy Clay Loam,17.73,83.97,10.63,137.4,33.4,56.0,5.7,117.4,34.7,55.5,No Fertilizer,5,3,226.8,3.9941860465116283
Mbeya_Vijijini,-8.95,33.3,Sandy Clay Loam,18.53,89.75,30.54,126.7,19.5,63.1,6.1,134.6,19.9,70.6,SSP,5,3,209.29999999999998,6.180487804878049
Mbeya_Vijijini,-8.95,33.39,Sandy Clay Loam,18.91,77.86,1.15,35.0,33.5,39.6,5.7,32.4,35.0,42.0,Urea,5,3,108.1,1.0144927536231885
Mbeya_Vijijini,-8.75,33.3,Sandy Loam,19.01,72.11,0.0,139.6,36.0,72.9,5.9,131.7,34.1,69.7,No Fertilizer,5,4,248.5,3.7729729729729726
Mbeya_Vijijini,-8.59,33.525,Sandy Loam,17.26,94.83,24.65,164.4,43.2,34.0,5.9,164.5,42.4,37.2,No Fertilizer,5,4,241.60000000000002,3.7194570135746607
Mbeya_Vijijini,-8.79,33.615,Sandy Clay Loam,14.05,77.83,0.0,38.1,26.6,28.8,6.0,40.5,27.5,26.5,NPK,5,3,93.5,1.3804347826086956
Mbeya_Vijijini,-8.59,33.615,Sandy Clay Loam,14.39,81.97,0.18,47.7,15.5,71.8,5.8,50.4,14.8,67.2,DAP,5,3,135.0,2.890909090909091
Mbeya_Vijijini,-8.87,33.525,Clay Loam,14.17,81.92,0.0,168.8,36.5,40.5,5.9,175.1,37.2,41.3,No Fertilizer,5,1,245.8,4.501333333333334
Mbeya_Vijijini,-8.87,33.66,Sandy Clay Loam,18.61,83.71,3.89,35.7,57.4,107.0,5.9,40.8,58.8,88.4,Urea,5,3,200.1,0.6113013698630138
Mbeya_Vijijini,-8.59,33.525,Sandy Loam,18.08,70.56,0.0,144.3,48.0,38.4,5.9,155.2,47.8,35.4,No Fertilizer,5,4,230.70000000000002,2.944897959183674
Mbeya_Vijijini,-8.71,33.705,Sandy Clay Loam,19.95,69.49,0.01,84.0,27.2,77.9,6.0,93.7,26.3,83.4,SSP,5,3,189.10000000000002,2.978723404255319
Mbeya_Vijijini,-8.59,33.525,Sandy Loam,16.9,72.85,0.01,56.9,67.5,88.8,5.9,52.0,65.7,84.4,Urea,5,4,213.2,0.8306569343065693
Mbeya_Vijijini,-8.63,33.3,Sandy Loam,18.27,86.31,2.11,164.9,62.6,26.4,5.8,158.0,64.2,26.3,MOP,5,4,253.9,2.592767295597484
Mbeya_Vijijini,-8.87,33.48,Sandy Clay Loam,16.63,62.4,0.0,90.4,18.9,69.1,5.7,85.7,17.8,73.1,DAP,5,3,178.4,4.542713567839197
Mbeya_Vijijini,-8.79,33.66,Sandy Loam,11.68,82.04,20.53,101.5,6.5,39.2,5.9,97.5,6.6,42.4,SSP,5,4,147.2,13.533333333333333
Mbeya_Vijijini,-8.95,33.435,Sandy Clay Loam,19.5,73.7,0.06,71.9,50.5,88.9,5.9,71.1,52.9,83.1,Urea,5,3,211.3,1.3961165048543691
Mbeya_Vijijini,-8.87,33.39,Clay Loam,14.41,79.53,0.0,122.1,52.6,42.0,5.6,110.8,58.6,43.8,No Fertilizer,5,1,216.7,2.2779850746268657
Mbeya_Vijijini,-8.83,33.705,Sandy Clay Loam,12.73,79.25,0.0,36.2,72.6,68.0,5.8,37.8,67.9,68.5,Urea,5,3,176.8,0.4918478260869566
Mbeya_Vijijini,-8.59,33.3,Sandy Loam,17.32,87.08,4.17,77.1,62.8,42.3,5.9,76.5,62.7,45.2,Urea,5,4,182.2,1.20846394984326
Mbeya_Vijijini,-8.63,33.57,Sandy Loam,17.17,83.87,0.15,183.9,44.3,23.8,5.8,174.8,43.6,25.1,MOP,5,4,252.0,4.059602649006623
Mbeya_Vijijini,-8.79,33.75,Sandy Loam,14.83,85.84,0.33,48.9,41.8,22.5,6.1,53.9,39.0,22.7,NPK,5,4,113.19999999999999,1.1425233644859814
Mbeya_Vijijini,-8.87,33.48,Sandy Clay Loam,17.88,81.09,2.51,148.0,5.6,42.9,5.7,121.6,5.8,41.7,SSP,5,3,196.5,22.424242424242426
Mbeya_Vijijini,-8.67,33.345,Sandy Loam,11.82,83.47,0.09,65.4,18.3,56.9,5.8,65.3,20.3,69.5,DAP,5,4,140.6,3.38860103626943
Mbeya_Vijijini,-8.75,33.435,Sandy Clay Loam,16.03,84.9,1.93,142.9,34.5,56.9,6.0,141.5,34.3,56.8,No Fertilizer,5,3,234.3,4.025352112676057
Mbeya_Vijijini,-8.91,33.615,Sandy Clay Loam,16.02,76.53,0.01,35.1,46.5,60.5,5.9,32.2,45.5,63.8,Urea,5,3,142.1,0.7389473684210527
Mbeya_Vijijini,-8.71,33.48,Sandy Clay Loam,17.71,85.67,14.57,186.1,40.0,32.6,5.9,174.9,40.8,29.7,MOP,5,3,258.7,4.5390243902439025
Mbeya_Vijijini,-8.95,33.705,Clay,17.76,87.99,5.44,87.4,58.5,56.0,5.7,87.1,53.0,46.4,Urea,5,0,201.9,1.4689075630252102
Mbeya_Vijijini,-8.63,33.57,Sandy Loam,17.09,84.5,15.22,50.6,18.6,9.5,5.8,50.1,22.5,9.7,NPK,5,4,78.7,2.5816326530612246
Mbeya_Vijijini,-8.55,33.66,Sandy Loam,15.7,80.15,0.02,20.1,44.5,65.7,5.8,22.5,41.3,74.7,Urea,5,4,130.3,0.4417582417582418
Mbeya_Vijijini,-8.55,33.66,Sandy Loam,15.6,79.91,0.0,37.3,10.4,89.9,5.8,38.9,9.8,89.2,DAP,5,4,137.6,3.2719298245614032
Mbeya_Vijijini,-8.55,33.39,Sandy Loam,16.85,87.51,6.98,101.9,32.3,39.6,5.9,98.4,31.3,40.2,No Fertilizer,5,4,173.79999999999998,3.0600600600600605
Mbeya_Vijijini,-8.63,33.345,Sandy Loam,18.05,84.96,11.0,69.4,41.0,7.9,6.0,67.3,53.5,6.9,NPK,5,4,118.30000000000001,1.6523809523809525
Mbeya_Vijijini,-8.79,33.57,Sandy Clay Loam,13.73,80.4,0.0,163.8,54.2,22.6,6.0,150.9,49.8,20.3,MOP,5,3,240.6,2.967391304347826
Mbeya_Vijijini,-8.59,33.705,Sandy Loam,14.4,80.51,0.01,82.5,64.4,64.5,6.2,83.3,69.4,60.8,Urea,5,4,211.4,1.2614678899082568
Mbeya_Vijijini,-8.71,33.615,Sandy Loam,13.98,81.34,0.04,47.2,21.5,55.1,6.1,52.3,22.3,57.4,DAP,5,4,123.80000000000001,2.097777777777778
Mbeya_Vijijini,-8.79,33.345,Sandy Clay Loam,13.01,81.08,0.0,123.4,36.4,75.6,5.6,114.9,36.9,72.2,No Fertilizer,5,3,235.4,3.2994652406417115
Mbeya_Vijijini,-8.95,33.615,Clay Loam,19.34,83.1,12.03,143.2,26.5,27.8,5.7,130.2,25.7,27.3,NPK,5,1,197.5,5.207272727272727
Mbeya_Vijijini,-8.91,33.615,Sandy Clay Loam,11.75,77.25,0.0,40.8,34.6,71.3,5.9,38.4,33.1,70.1,Urea,5,3,146.7,1.146067415730337
Mbeya_Vijijini,-8.55,33.48,Sandy Loam,17.27,92.59,58.43,38.1,64.3,56.8,6.0,38.5,60.6,63.8,Urea,5,4,159.2,0.5834609494640123
Mbeya_Vijijini,-8.87,33.39,Clay Loam,13.8,78.19,0.0,17.4,52.0,35.6,5.6,16.2,49.2,33.1,Urea,5,1,105.0,0.3283018867924528
Mbeya_Vijijini,-8.95,33.75,Clay Loam,18.91,84.93,18.88,167.6,63.3,52.2,5.8,135.2,62.2,51.8,No Fertilizer,5,1,283.09999999999997,2.6065318818040435
Mbeya_Vijijini,-8.59,33.75,Sandy Loam,17.85,62.45,0.0,123.8,17.9,18.2,6.3,122.8,17.4,18.4,NPK,5,4,159.89999999999998,6.550264550264551
Mbeya_Vijijini,-8.55,33.39,Sandy Loam,15.63,68.36,0.0,82.4,56.9,42.2,5.9,90.7,61.6,44.0,No Fertilizer,5,4,181.5,1.4231433506044906
Mbeya_Vijijini,-8.95,33.345,Sandy Clay Loam,16.88,90.82,50.91,147.2,7.5,75.6,6.0,153.5,7.9,80.0,SSP,5,3,230.29999999999998,17.31764705882353
Mbeya_Vijijini,-8.67,33.75,Sandy Clay Loam,17.18,86.5,38.02,153.4,66.6,42.3,6.0,147.0,62.6,41.4,No Fertilizer,5,3,262.3,2.2692307692307696
Mbeya_Vijijini,-8.83,33.66,Sandy Clay Loam,18.12,80.48,4.09,97.2,27.2,67.2,5.9,109.5,25.7,76.5,SSP,5,3,191.60000000000002,3.446808510638298
Mbeya_Vijijini,-8.87,33.705,Sandy Clay Loam,15.41,79.84,1.85,159.5,26.0,58.7,5.7,157.6,24.8,55.6,SSP,5,3,244.2,5.907407407407407
Mbeya_Vijijini,-8.75,33.57,Sandy Clay Loam,16.5,66.68,0.06,46.2,36.4,20.5,5.8,45.0,37.8,22.1,NPK,5,3,103.1,1.2352941176470589
Mbeya_Vijijini,-8.87,33.39,Clay Loam,17.16,89.44,14.75,32.1,70.3,46.9,5.6,29.0,66.1,54.8,Urea,5,1,149.3,0.45021037868162694
Mbeya_Vijijini,-8.71,33.3,Sandy Loam,18.9,62.94,0.0,61.0,6.6,54.7,6.1,55.9,7.2,48.5,DAP,5,4,122.3,8.026315789473685
Mbeya_Vijijini,-8.59,33.57,Sandy Loam,16.21,85.21,0.24,20.9,29.3,37.1,5.9,19.7,27.2,39.5,Urea,5,4,87.30000000000001,0.6897689768976897
Mbeya_Vijijini,-8.79,33.435,Sandy Clay Loam,14.83,73.31,0.0,85.1,59.4,15.2,5.7,100.3,60.5,16.0,MOP,5,3,159.7,1.4089403973509933
Mbeya_Vijijini,-8.55,33.39,Sandy Loam,19.15,72.16,0.3,180.1,33.7,44.3,5.9,169.2,30.1,41.0,No Fertilizer,5,4,258.1,5.190201729106628
Mbeya_Vijijini,-8.67,33.75,Sandy Clay Loam,13.32,78.09,0.0,17.5,15.3,13.7,6.0,16.7,17.1,12.1,NPK,5,3,46.5,1.0736196319018405
Mbeya_Vijijini,-8.83,33.525,Sandy Clay Loam,17.96,90.4,3.46,31.3,36.0,12.8,5.6,30.8,32.0,14.3,NPK,5,3,80.1,0.845945945945946
Mbeya_Vijijini,-8.95,33.345,Sandy Clay Loam,16.81,88.47,2.9,76.4,28.7,38.2,6.0,86.9,29.4,40.9,Urea,5,3,143.3,2.5723905723905727
Mbeya_Vijijini,-8.91,33.345,Sandy Clay Loam,14.27,83.2,0.0,159.6,62.7,29.7,6.0,168.8,64.4,31.7,MOP,5,3,252.0,2.5054945054945055
Mbeya_Vijijini,-8.91,33.75,Clay Loam,13.58,75.53,0.0,58.5,55.0,89.2,5.9,63.7,54.3,83.7,Urea,5,1,202.7,1.0446428571428572
Mbeya_Vijijini,-8.71,33.3,Sandy Loam,16.62,66.12,0.0,82.7,35.5,41.9,6.1,96.2,37.3,37.6,No Fertilizer,5,4,160.1,2.265753424657534
Mbeya_Vijijini,-8.91,33.39,Sandy Clay Loam,16.56,88.0,35.96,17.1,68.9,64.4,5.7,17.1,69.2,69.7,Urea,5,3,150.4,0.2446351931330472
Mbeya_Vijijini,-8.67,33.66,Sandy Loam,17.9,88.9,2.14,33.3,32.9,55.5,6.1,35.2,34.7,50.5,Urea,5,4,121.69999999999999,0.9823008849557522
Mbeya_Vijijini,-8.55,33.705,Sandy Clay Loam,19.87,68.46,0.03,210.4,7.5,61.9,6.3,177.7,7.8,65.1,SSP,5,3,279.8,24.75294117647059
Mbeya_Vijijini,-8.59,33.66,Sandy Clay Loam,14.05,61.25,0.0,172.0,22.0,28.5,5.8,174.1,21.3,27.8,NPK,5,3,222.5,7.478260869565218
Mbeya_Vijijini,-8.59,33.3,Sandy Loam,11.47,78.93,0.09,11.8,30.7,77.5,5.9,10.8,32.8,85.1,Urea,5,4,120.0,0.3722397476340694
Mbeya_Vijijini,-8.59,33.57,Sandy Loam,18.91,67.02,0.0,152.9,13.6,50.1,5.9,171.8,14.4,50.5,SSP,5,4,216.6,10.472602739726028
Kyela,-9.39,33.844,Sandy Clay Loam,19.08,79.16,0.0,114.2,60.1,75.2,5.6,118.7,66.5,75.8,No Fertilizer,2,3,249.5,1.8690671031096564
Kyela,-9.51,33.812,Clay Loam,17.22,68.39,0.05,158.6,52.7,35.9,5.6,157.5,54.6,36.7,No Fertilizer,2,1,247.20000000000002,2.9534450651769086
Kyela,-9.33,34.036,Clay Loam,18.16,64.13,0.0,81.8,23.7,14.8,5.4,87.3,21.7,14.4,Apply Lime,2,1,120.3,3.311740890688259
Kyela,-9.39,33.94,Sandy Clay Loam,25.42,59.45,1.81,94.8,40.4,58.2,5.6,97.7,43.0,62.6,No Fertilizer,2,3,193.39999999999998,2.289855072463768
Kyela,-9.57,33.78,Sandy Clay Loam,18.13,74.03,0.27,91.7,49.0,6.2,5.7,93.1,51.6,6.7,MOP,2,3,146.89999999999998,1.834
Kyela,-9.54,33.844,Sandy Clay Loam,20.39,82.51,0.06,121.3,67.0,47.3,5.6,123.4,66.1,45.9,No Fertilizer,2,3,235.60000000000002,1.7838235294117646
Kyela,-9.36,34.1,Clay Loam,15.81,84.32,0.02,38.1,60.6,24.3,5.7,33.7,62.2,22.2,NPK,2,1,123.0,0.6185064935064936
Kyela,-9.3,33.908,Clay Loam,21.68,84.59,5.99,15.5,43.9,58.6,5.6,15.1,38.0,58.7,Urea,2,1,118.0,0.3452115812917595
Kyela,-9.3,34.068,Clay Loam,17.42,80.97,0.0,64.4,54.5,91.4,5.6,62.3,55.1,88.3,Urea,2,1,210.3,1.1603603603603605
Kyela,-9.45,33.972,Sandy Clay Loam,22.5,77.87,5.31,134.7,42.1,47.4,5.6,129.8,41.1,45.0,No Fertilizer,2,3,224.2,3.1252900232018557
Kyela,-9.54,33.78,Sandy Clay Loam,18.85,80.52,0.0,46.2,43.2,79.0,5.5,44.3,40.5,74.7,Urea,2,3,168.4,1.0452488687782806
Kyela,-9.51,33.908,Sandy Clay Loam,17.42,76.46,0.0,123.8,12.3,45.4,5.6,124.5,11.6,48.7,SSP,2,3,181.5,9.308270676691729
Kyela,-9.3,34.1,Clay Loam,22.25,81.21,15.86,171.0,12.5,45.1,5.7,174.9,12.3,47.7,SSP,2,1,228.6,12.666666666666666
Kyela,-9.42,33.844,Clay Loam,21.7,80.58,6.19,26.3,38.5,80.1,5.7,26.0,38.9,84.2,Urea,2,1,144.89999999999998,0.6658227848101266
Kyela,-9.3,33.94,Sandy Clay Loam,21.18,91.9,31.95,134.4,24.8,91.7,5.5,124.3,21.7,80.8,SSP,2,3,250.90000000000003,5.209302325581396
Kyela,-9.42,33.908,Sandy Clay Loam,15.06,84.23,0.0,92.2,5.4,74.6,5.6,85.4,5.4,72.0,DAP,2,3,172.2,14.40625
Kyela,-9.33,33.908,Sandy Clay Loam,21.57,82.53,6.1,154.9,50.1,31.9,5.6,157.6,51.7,30.9,MOP,2,3,236.9,3.031311154598826
Kyela,-9.48,33.972,Clay Loam,23.97,50.14,0.63,42.3,5.9,53.1,5.8,40.1,6.1,51.8,DAP,2,1,101.3,6.130434782608695
Kyela,-9.51,33.908,Sandy Clay Loam,17.48,73.74,0.0,126.0,38.1,22.5,5.6,127.7,43.3,24.8,MOP,2,3,186.6,3.2225063938618925
Kyela,-9.39,33.876,Clay Loam,26.05,55.09,0.01,152.8,41.9,49.2,5.5,152.5,39.6,43.3,No Fertilizer,2,1,243.90000000000003,3.561771561771562
Kyela,-9.36,33.78,Sandy Clay Loam,24.65,51.74,0.02,164.9,56.8,48.2,5.6,170.6,67.9,46.7,No Fertilizer,2,3,269.9,2.8529411764705883
Kyela,-9.57,33.78,Sandy Clay Loam,19.38,62.24,0.0,124.5,35.9,79.7,5.7,126.2,36.0,75.9,No Fertilizer,2,3,240.10000000000002,3.3739837398373984
Kyela,-9.45,34.1,Clay Loam,14.88,77.22,0.05,103.4,8.1,71.2,5.4,94.5,8.2,81.3,Apply Lime,2,1,182.7,11.362637362637363
Kyela,-9.36,33.844,Sandy Clay Loam,21.71,61.05,0.0,115.8,46.7,43.1,5.5,115.0,40.4,40.8,No Fertilizer,2,3,205.6,2.4276729559748427
Kyela,-9.42,34.036,Clay Loam,26.06,47.02,0.0,159.2,51.9,7.3,5.3,157.7,59.5,7.5,Apply Lime,2,1,218.4,3.0094517958412097
Kyela,-9.48,34.036,Sandy Clay Loam,19.5,76.21,0.0,96.2,65.4,71.1,5.6,107.0,69.8,78.4,No Fertilizer,2,3,232.70000000000002,1.4487951807228916
Kyela,-9.45,34.004,Sandy Clay Loam,22.79,82.43,28.78,14.8,32.1,19.3,5.5,15.2,32.4,20.6,NPK,2,3,66.2,0.4471299093655589
Kyela,-9.36,33.876,Sandy Clay Loam,25.16,55.98,0.0,165.4,24.8,53.1,5.6,168.3,25.1,58.2,SSP,2,3,243.3,6.410852713178294
Kyela,-9.51,33.876,Clay Loam,21.7,54.52,0.0,119.8,61.4,7.4,6.0,127.2,63.8,8.1,MOP,2,1,188.6,1.919871794871795
Kyela,-9.3,33.812,Sandy Clay Loam,18.3,81.91,0.18,125.2,16.5,39.7,5.7,125.0,16.6,39.6,SSP,2,3,181.39999999999998,7.154285714285715
Kyela,-9.42,33.78,Sandy Clay Loam,26.06,54.94,0.0,45.3,40.7,86.4,5.5,46.7,44.6,88.8,Urea,2,3,172.4,1.0863309352517985
Kyela,-9.3,33.876,Sandy Clay Loam,15.65,76.28,0.57,122.7,31.5,14.8,5.7,122.0,30.8,14.5,MOP,2,3,169.0,3.7753846153846156
Kyela,-9.51,33.94,Sandy Clay Loam,15.06,84.23,0.0,77.6,5.6,46.5,5.6,77.0,6.7,41.6,DAP,2,3,129.7,11.757575757575758
Kyela,-9.39,34.036,Clay Loam,15.47,79.32,0.13,112.6,26.9,31.5,5.5,120.7,26.9,31.8,NPK,2,1,171.0,4.03584229390681
Kyela,-9.33,33.844,Sandy Clay Loam,22.63,83.34,37.8,27.3,20.6,69.1,5.6,28.1,21.5,82.0,DAP,2,3,117.0,1.2638888888888888
Kyela,-9.39,33.94,Sandy Clay Loam,23.46,75.08,13.99,122.5,52.8,77.7,5.6,121.8,49.3,79.0,No Fertilizer,2,3,253.0,2.2769516728624537
Kyela,-9.45,34.1,Clay Loam,22.87,62.63,0.4,194.8,74.8,28.1,5.4,179.9,66.6,26.0,Apply Lime,2,1,297.70000000000005,2.569920844327177
Kyela,-9.51,33.94,Sandy Clay Loam,21.62,85.11,13.32,18.5,21.2,12.7,5.6,18.2,21.7,12.8,NPK,2,3,52.400000000000006,0.8333333333333334
Kyela,-9.39,33.844,Sandy Clay Loam,23.33,67.1,2.9,168.0,63.2,65.0,5.6,176.1,57.6,58.7,No Fertilizer,2,3,296.2,2.616822429906542
Kyela,-9.6,33.78,Sandy Clay Loam,16.55,85.68,0.15,81.4,7.5,35.3,5.5,79.2,7.7,34.3,DAP,2,3,124.2,9.576470588235296
Kyela,-9.3,33.78,Sandy Clay Loam,17.55,85.87,6.88,176.9,36.8,54.4,5.5,158.0,39.5,62.5,No Fertilizer,2,3,268.09999999999997,4.67989417989418
Kyela,-9.3,34.036,Clay Loam,15.73,80.91,0.06,152.2,9.7,8.8,5.4,143.0,8.7,8.7,Apply Lime,2,1,170.7,14.22429906542056
Kyela,-9.39,34.1,Sandy Clay Loam,15.18,77.5,0.0,110.5,68.0,17.6,5.6,106.4,65.6,17.2,MOP,2,3,196.1,1.6014492753623188
Kyela,-9.42,33.844,Clay Loam,16.58,76.9,0.0,142.4,54.6,68.5,5.7,135.5,54.6,63.7,No Fertilizer,2,1,265.5,2.5611510791366907
Kyela,-9.48,33.908,Clay Loam,23.92,63.01,0.85,175.4,49.7,26.9,5.5,159.3,47.4,23.8,MOP,2,1,252.00000000000003,3.4595660749506902
Kyela,-9.57,33.876,Sandy Clay Loam,21.17,81.44,2.94,84.6,59.5,83.0,5.8,78.7,58.4,78.0,Urea,2,3,227.1,1.3983471074380165
Kyela,-9.48,33.812,Clay Loam,25.12,54.15,1.7,68.2,46.5,11.3,5.5,65.6,46.7,10.9,NPK,2,1,126.0,1.4357894736842105
Kyela,-9.54,33.876,Clay Loam,21.56,85.67,8.25,132.7,61.6,25.2,5.4,123.5,68.0,24.1,Apply Lime,2,1,219.49999999999997,2.119808306709265
Kyela,-9.39,33.876,Clay Loam,20.75,57.93,0.0,136.2,50.2,88.8,5.5,147.3,51.1,89.9,No Fertilizer,2,1,275.2,2.6601562499999996
Kyela,-9.57,33.812,Sandy Clay Loam,18.21,78.19,0.03,124.9,67.9,38.0,5.5,139.6,65.0,42.4,No Fertilizer,2,3,230.8,1.8127721335268505
Kyela,-9.6,33.78,Sandy Clay Loam,24.79,69.53,1.21,147.2,37.8,65.2,5.5,145.6,38.1,65.0,No Fertilizer,2,3,250.2,3.7938144329896906
Kyela,-9.3,34.036,Clay Loam,22.49,78.58,5.77,84.5,12.5,21.9,5.4,84.0,11.7,21.3,Apply Lime,2,1,118.9,6.2592592592592595
Kyela,-9.6,33.78,Sandy Clay Loam,23.12,61.49,0.1,143.4,39.9,52.4,5.5,149.0,38.9,57.2,No Fertilizer,2,3,235.70000000000002,3.506112469437653
Kyela,-9.48,33.844,Sandy Clay Loam,24.11,51.53,0.0,32.2,11.6,73.2,5.6,30.4,12.4,67.0,DAP,2,3,117.0,2.555555555555556
Kyela,-9.36,33.908,Sandy Clay Loam,18.23,87.87,14.15,89.2,39.1,34.7,5.5,102.6,43.1,32.4,MOP,2,3,163.0,2.224438902743142
Kyela,-9.42,33.876,Clay Loam,21.74,81.29,12.39,10.6,35.5,68.4,5.7,11.0,35.8,75.6,Urea,2,1,114.5,0.29041095890410956
Kyela,-9.42,33.844,Clay Loam,21.37,67.8,0.0,63.0,43.4,62.1,5.7,65.2,45.1,56.7,Urea,2,1,168.5,1.4189189189189189
Kyela,-9.54,33.812,Sandy Clay Loam,22.18,78.3,1.33,64.0,4.8,37.9,5.6,72.3,4.7,38.7,DAP,2,3,106.69999999999999,11.03448275862069
Kyela,-9.36,33.972,Sandy Clay Loam,20.85,69.83,0.08,85.4,16.0,50.0,5.5,77.3,16.9,52.8,DAP,2,3,151.4,5.023529411764706
Kyela,-9.45,33.812,Sandy Clay Loam,25.33,59.59,2.75,116.0,34.9,58.6,5.6,128.2,36.4,54.4,No Fertilizer,2,3,209.5,3.231197771587744
Kyela,-9.42,33.94,Sandy Clay Loam,24.35,67.28,2.17,72.9,71.7,19.8,5.6,76.1,66.7,19.9,NPK,2,3,164.40000000000003,1.002751031636864
Kyela,-9.39,33.972,Sandy Clay Loam,15.45,79.5,0.0,91.8,29.6,45.1,5.5,86.3,29.3,39.8,Urea,2,3,166.5,2.9999999999999996
Kyela,-9.6,33.812,Sandy Clay Loam,16.27,80.29,0.33,52.7,30.4,32.8,5.7,50.4,32.0,34.8,Urea,2,3,115.89999999999999,1.6783439490445862
Kyela,-9.39,33.908,Sandy Clay Loam,18.97,77.08,0.03,67.8,51.2,34.9,5.5,73.5,51.2,39.7,Urea,2,3,153.9,1.2988505747126435
Kyela,-9.45,34.1,Clay Loam,20.99,56.79,0.0,51.0,48.1,68.6,5.4,48.6,43.9,69.9,Apply Lime,2,1,167.7,1.0386965376782078
Kyela,-9.36,33.94,Sandy Clay Loam,20.72,78.82,0.08,22.9,24.2,49.1,5.5,22.4,23.7,46.5,DAP,2,3,96.19999999999999,0.9087301587301587
Kyela,-9.6,33.78,Sandy Clay Loam,21.3,80.41,3.84,131.0,32.4,79.5,5.5,112.6,31.1,85.0,No Fertilizer,2,3,242.9,3.922155688622755
Kyela,-9.51,34.1,Sandy Clay Loam,24.72,66.75,0.68,127.1,17.4,27.8,5.4,123.6,18.4,30.7,Apply Lime,2,3,172.3,6.907608695652174
Kyela,-9.45,34.036,Sandy Clay Loam,23.37,76.27,8.09,114.2,72.6,41.6,5.7,115.3,67.8,40.9,No Fertilizer,2,3,228.4,1.5516304347826089
Kyela,-9.3,33.908,Clay Loam,18.13,74.27,0.0,83.5,14.7,64.7,5.6,88.8,12.6,72.1,DAP,2,1,162.9,5.318471337579618
Kyela,-9.48,34.036,Sandy Clay Loam,22.73,78.65,14.66,70.7,27.0,53.0,5.6,74.6,28.5,51.9,Urea,2,3,150.7,2.525
Kyela,-9.48,34.1,Clay Loam,25.75,59.32,0.46,147.7,5.2,50.7,5.5,156.8,5.7,52.0,SSP,2,1,203.59999999999997,23.82258064516129
Kyela,-9.33,33.94,Sandy Clay Loam,18.56,76.03,0.04,107.7,18.9,10.8,5.6,98.2,18.6,10.5,NPK,2,3,137.4,5.412060301507538
Kyela,-9.39,34.1,Sandy Clay Loam,21.41,78.92,14.48,91.6,58.9,35.7,5.6,91.5,55.5,39.5,No Fertilizer,2,3,186.2,1.5292153589315525
Kyela,-9.42,33.812,Sandy Clay Loam,20.64,88.13,2.34,14.9,17.2,31.4,5.6,14.4,17.3,28.7,NPK,2,3,63.5,0.8186813186813188
Kyela,-9.39,33.876,Clay Loam,21.66,81.88,10.68,75.2,8.6,88.8,5.5,68.0,9.3,89.9,DAP,2,1,172.6,7.833333333333334
Kyela,-9.45,34.036,Sandy Clay Loam,19.04,84.97,1.96,62.3,35.0,33.6,5.7,74.6,35.3,31.9,NPK,2,3,130.9,1.7305555555555554
Kyela,-9.42,34.004,Sandy Clay Loam,22.38,85.59,5.1,84.8,4.9,85.7,5.4,77.8,4.7,80.3,Apply Lime,2,3,175.4,14.372881355932202
Kyela,-9.36,33.908,Sandy Clay Loam,15.56,78.96,0.0,109.1,9.3,57.7,5.5,108.6,9.6,62.8,SSP,2,3,176.1,10.592233009708737
Kyela,-9.45,34.1,Clay Loam,22.08,80.76,24.3,103.8,59.7,36.8,5.4,100.7,57.3,34.6,Apply Lime,2,1,200.3,1.7100494233937396
Kyela,-9.42,33.844,Clay Loam,20.5,88.7,10.58,106.8,59.4,46.5,5.7,113.3,54.9,51.7,No Fertilizer,2,1,212.7,1.7682119205298013
Kyela,-9.48,33.78,Sandy Clay Loam,19.71,87.63,14.55,132.6,65.5,69.3,5.5,140.0,64.4,76.6,No Fertilizer,2,3,267.4,1.9939849624060149
Kyela,-9.48,33.844,Sandy Clay Loam,19.02,74.03,0.0,153.3,60.3,91.2,5.6,148.2,60.4,80.2,No Fertilizer,2,3,304.8,2.5008156606851553
Kyela,-9.48,33.908,Clay Loam,16.71,82.68,1.05,154.1,51.9,21.0,5.5,132.1,49.1,19.5,MOP,2,1,227.0,2.9130434782608696
Kyela,-9.36,34.1,Clay Loam,23.74,62.79,1.1,184.5,7.0,39.5,5.7,172.4,7.5,34.5,SSP,2,1,231.0,23.0625
Kyela,-9.42,33.876,Clay Loam,18.07,83.61,0.0,14.3,51.9,33.3,5.7,13.1,55.7,34.2,Urea,2,1,99.5,0.27032136105860116
Kyela,-9.3,34.1,Clay Loam,19.68,76.5,0.4,42.7,58.7,9.6,5.7,43.3,59.8,9.5,NPK,2,1,111.0,0.7152428810720268
Kyela,-9.54,33.812,Sandy Clay Loam,18.77,65.24,0.0,10.8,54.8,58.3,5.6,11.3,56.7,56.3,Urea,2,3,123.89999999999999,0.19354838709677422
Kyela,-9.3,34.068,Clay Loam,24.24,55.6,0.28,113.5,35.4,77.7,5.6,120.1,37.6,77.8,No Fertilizer,2,1,226.60000000000002,3.118131868131868
Kyela,-9.42,33.812,Sandy Clay Loam,22.48,64.01,0.0,157.1,21.9,36.1,5.6,162.7,19.4,38.1,SSP,2,3,215.1,6.860262008733625
Kyela,-9.51,33.844,Sandy Clay Loam,22.04,65.02,0.02,44.0,68.9,63.9,5.6,51.4,59.8,68.2,Urea,2,3,176.8,0.6294706723891272
Kyela,-9.51,33.972,Sandy Clay Loam,14.05,84.58,9.6,159.1,50.7,59.6,5.5,167.6,52.0,58.7,No Fertilizer,2,3,269.40000000000003,3.0773694390715662
Kyela,-9.3,34.004,Clay Loam,19.1,83.17,0.24,19.5,69.2,34.7,5.5,20.2,68.7,37.6,Urea,2,1,123.4,0.2777777777777778
Kyela,-9.39,33.844,Sandy Clay Loam,25.83,60.85,0.0,166.8,14.1,16.5,5.6,168.9,14.3,17.8,NPK,2,3,197.4,11.04635761589404
Kyela,-9.3,34.068,Clay Loam,17.4,83.03,0.01,70.4,20.4,67.4,5.6,69.8,18.9,65.6,DAP,2,1,158.20000000000002,3.2897196261682247
Kyela,-9.54,33.844,Sandy Clay Loam,18.72,70.59,0.0,27.9,19.6,77.3,5.6,27.2,18.0,77.8,DAP,2,3,124.8,1.3543689320388348
Kyela,-9.33,33.876,Sandy Clay Loam,19.55,89.28,11.81,92.5,49.3,67.8,5.6,92.6,56.3,63.6,No Fertilizer,2,3,209.60000000000002,1.8389662027833003
Kyela,-9.6,33.812,Sandy Clay Loam,22.6,80.87,1.9,51.5,16.9,7.3,5.7,53.7,16.3,7.5,NPK,2,3,75.7,2.8770949720670393
Kyela,-9.54,33.94,Sandy Clay Loam,21.54,83.45,9.05,50.4,7.6,23.2,5.7,58.4,8.4,24.2,NPK,2,3,81.2,5.8604651162790695
Kyela,-9.33,34.1,Sandy Clay Loam,22.35,63.17,0.0,59.7,78.5,12.2,5.5,62.2,69.9,11.8,NPK,2,3,150.39999999999998,0.7509433962264151
Kyela,-9.51,34.068,Sandy Clay Loam,21.12,84.18,0.11,136.5,5.8,50.8,5.7,146.5,5.6,53.9,SSP,2,3,193.10000000000002,20.073529411764707
Kyela,-9.42,33.78,Sandy Clay Loam,22.2,85.84,29.44,105.0,55.7,66.3,5.5,101.7,59.1,69.5,No Fertilizer,2,3,227.0,1.8518518518518519
Kyela,-9.51,34.068,Sandy Clay Loam,16.93,78.75,0.0,66.9,27.6,14.6,5.7,62.9,28.1,15.3,NPK,2,3,109.1,2.339160839160839
Kyela,-9.48,33.908,Clay Loam,18.43,76.07,0.02,121.2,58.3,75.3,5.5,113.8,59.5,76.4,No Fertilizer,2,1,254.8,2.0438448566610457
Kyela,-9.36,34.068,Clay Loam,16.43,74.0,0.0,138.7,42.1,59.2,5.6,131.7,40.6,52.7,No Fertilizer,2,1,240.0,3.2180974477958233
Kyela,-9.42,34.004,Sandy Clay Loam,13.34,83.84,0.02,55.8,68.1,57.8,5.4,56.3,63.5,64.0,Apply Lime,2,3,181.7,0.8075253256150506
Kyela,-9.36,33.876,Sandy Clay Loam,16.33,76.57,0.27,77.4,59.9,95.5,5.6,80.3,65.1,87.6,Urea,2,3,232.8,1.2709359605911332
Kyela,-9.3,33.94,Sandy Clay Loam,21.79,80.35,8.06,29.1,5.2,13.7,5.5,30.7,4.6,13.0,NPK,2,3,48.0,4.693548387096774
Kyela,-9.33,33.908,Sandy Clay Loam,21.43,90.7,4.28,36.5,10.0,90.7,5.6,40.8,9.0,81.7,DAP,2,3,137.2,3.3181818181818183
Kyela,-9.39,33.908,Sandy Clay Loam,18.34,74.85,1.09,134.5,19.3,20.2,5.5,125.8,20.5,16.6,NPK,2,3,174.0,6.625615763546798
Kyela,-9.36,34.1,Clay Loam,22.02,77.05,10.22,40.3,48.4,42.9,5.7,40.8,48.2,39.0,Urea,2,1,131.6,0.8157894736842105
Kyela,-9.45,33.876,Clay Loam,24.14,76.29,31.31,90.6,70.1,82.5,5.9,99.3,62.6,77.5,No Fertilizer,2,1,243.2,1.2742616033755274
Kyela,-9.39,33.972,Sandy Clay Loam,21.67,83.11,1.04,123.0,37.3,74.6,5.5,130.5,34.4,82.1,No Fertilizer,2,3,234.9,3.211488250652742
Kyela,-9.45,33.972,Sandy Clay Loam,21.62,77.69,18.06,26.5,43.0,44.5,5.6,28.2,44.1,48.5,Urea,2,3,114.0,0.6022727272727273
Kyela,-9.51,33.844,Sandy Clay Loam,23.02,71.34,8.04,106.8,17.4,57.3,5.6,106.4,16.4,55.9,SSP,2,3,181.5,5.804347826086957
Kyela,-9.39,33.972,Sandy Clay Loam,19.83,84.47,0.04,57.6,69.1,57.7,5.5,53.6,57.1,65.5,Urea,2,3,184.39999999999998,0.8216833095577747
Kyela,-9.54,34.1,Sandy Clay Loam,21.74,88.32,12.34,169.5,68.3,79.2,5.6,173.7,67.8,76.0,No Fertilizer,2,3,317.0,2.445887445887446
Kyela,-9.51,33.844,Sandy Clay Loam,21.89,58.81,0.0,77.7,20.8,13.8,5.6,92.2,21.7,16.2,NPK,2,3,112.3,3.5642201834862384
Kyela,-9.42,33.844,Clay Loam,22.41,79.46,19.43,145.1,37.1,80.0,5.7,147.0,36.7,74.0,No Fertilizer,2,1,262.2,3.808398950131233
Kyela,-9.6,33.78,Sandy Clay Loam,17.7,84.41,0.04,102.4,9.9,45.4,5.5,103.5,9.7,46.4,SSP,2,3,157.70000000000002,9.394495412844037
Kyela,-9.54,33.812,Sandy Clay Loam,23.63,59.81,0.01,17.1,39.4,44.2,5.6,17.4,40.9,43.9,Urea,2,3,100.7,0.4232673267326733
Kyela,-9.33,34.068,Clay Loam,22.03,67.89,0.3,112.5,38.3,39.4,5.5,117.6,37.2,41.6,No Fertilizer,2,1,190.20000000000002,2.8625954198473282
Kyela,-9.48,34.004,Clay Loam,15.47,87.17,9.55,174.4,12.3,42.3,5.5,171.7,13.5,48.8,SSP,2,1,229.0,13.112781954887218
Kyela,-9.51,33.972,Sandy Clay Loam,23.25,70.38,0.56,112.8,31.6,92.8,5.5,112.3,33.2,85.4,No Fertilizer,2,3,237.2,3.4601226993865026
Kyela,-9.33,34.1,Sandy Clay Loam,23.18,78.76,2.14,149.0,27.4,56.9,5.5,149.3,26.1,52.0,SSP,2,3,233.3,5.246478873239437
Kyela,-9.45,34.1,Clay Loam,16.29,82.72,0.0,164.9,33.7,83.9,5.4,160.3,38.4,86.1,Apply Lime,2,1,282.5,4.752161383285302
Kyela,-9.3,33.972,Sandy Clay Loam,23.18,75.79,15.96,47.3,45.3,22.1,5.8,48.8,42.7,21.1,NPK,2,3,114.69999999999999,1.0215982721382288
Kyela,-9.39,34.036,Clay Loam,22.02,77.05,10.22,44.5,3.9,65.0,5.5,46.0,4.6,66.8,DAP,2,1,113.4,9.081632653061224
Kyela,-9.6,33.812,Sandy Clay Loam,13.73,81.2,0.0,124.9,47.7,75.7,5.7,113.9,54.2,74.2,No Fertilizer,2,3,248.3,2.564681724845996
Kyela,-9.36,34.036,Sandy Clay Loam,19.08,79.71,0.0,83.0,49.3,66.4,5.5,79.9,51.1,63.0,Urea,2,3,198.70000000000002,1.650099403578529
Kyela,-9.45,33.908,Sandy Clay Loam,22.85,72.18,0.08,161.6,28.7,59.2,5.5,152.8,28.2,57.0,No Fertilizer,2,3,249.5,5.441077441077441
Kyela,-9.42,34.068,Clay Loam,13.73,81.2,0.0,177.0,8.2,58.5,5.6,163.0,7.5,53.4,SSP,2,1,243.7,19.23913043478261
Kyela,-9.51,33.972,Sandy Clay Loam,21.55,80.62,0.31,72.7,54.0,81.2,5.5,70.1,53.8,78.3,Urea,2,3,207.9,1.3218181818181818
Kyela,-9.33,33.94,Sandy Clay Loam,23.02,77.78,1.22,53.5,65.9,75.2,5.6,50.3,67.0,75.0,Urea,2,3,194.60000000000002,0.7997010463378176
Kyela,-9.42,33.844,Clay Loam,21.66,84.79,4.94,126.9,20.7,15.4,5.7,142.7,19.9,16.3,NPK,2,1,163.0,5.847926267281107
Kyela,-9.3,34.004,Clay Loam,21.67,57.8,0.0,57.5,23.8,74.7,5.5,56.7,25.4,77.3,DAP,2,1,156.0,2.318548387096774
Kyela,-9.57,33.876,Sandy Clay Loam,21.38,86.03,6.04,147.9,16.3,43.1,5.8,149.8,16.1,40.8,SSP,2,3,207.3,8.54913294797688
Kyela,-9.36,34.036,Sandy Clay Loam,18.52,86.79,1.6,91.7,38.5,24.4,5.5,82.0,42.1,27.3,NPK,2,3,154.6,2.321518987341772
Kyela,-9.51,33.94,Sandy Clay Loam,21.64,62.58,0.0,131.5,14.3,85.2,5.6,123.5,14.2,79.1,SSP,2,3,231.0,8.594771241830065
Kyela,-9.36,33.844,Sandy Clay Loam,20.36,79.09,0.1,25.1,27.3,41.5,5.5,26.2,27.5,42.3,Urea,2,3,93.9,0.8869257950530035
Kyela,-9.51,33.844,Sandy Clay Loam,16.58,80.91,0.0,119.1,47.2,69.7,5.6,116.1,50.0,73.9,No Fertilizer,2,3,236.0,2.4709543568464727
Kyela,-9.3,33.972,Sandy Clay Loam,19.59,82.94,0.31,87.8,41.4,26.0,5.8,86.8,41.0,28.1,NPK,2,3,155.2,2.0707547169811322
Kyela,-9.54,33.78,Sandy Clay Loam,23.11,77.81,21.79,113.2,29.8,6.6,5.5,109.7,29.5,6.3,MOP,2,3,149.6,3.6753246753246755
Kyela,-9.48,33.972,Clay Loam,22.29,77.97,4.52,35.8,34.3,47.6,5.8,38.6,31.7,47.6,Urea,2,1,117.69999999999999,1.0141643059490084
Kyela,-9.33,33.78,Sandy Clay Loam,20.6,88.99,23.32,138.7,36.5,16.0,5.5,135.3,41.1,14.4,MOP,2,3,191.2,3.6986666666666665
Kyela,-9.6,33.908,Sandy Clay Loam,23.21,47.51,0.0,154.2,4.4,63.2,5.8,156.7,4.4,69.4,SSP,2,3,221.8,28.55555555555555
Kyela,-9.36,33.844,Sandy Clay Loam,23.37,67.61,4.82,47.8,8.7,28.0,5.5,46.8,9.2,29.2,NPK,2,3,84.5,4.927835051546392
Kyela,-9.36,33.94,Sandy Clay Loam,16.11,81.04,0.08,24.9,65.9,43.0,5.5,26.3,62.2,43.3,Urea,2,3,133.8,0.3721973094170403
Kyela,-9.6,33.876,Clay Loam,20.54,85.31,7.57,13.4,9.6,12.6,5.9,14.0,9.1,13.3,NPK,2,1,35.6,1.2641509433962266
Kyela,-9.39,33.812,Clay Loam,21.43,84.91,32.51,128.9,52.4,30.1,5.5,119.1,50.6,30.1,MOP,2,1,211.4,2.4138576779026217
Kyela,-9.48,33.78,Sandy Clay Loam,16.81,82.94,0.03,104.9,61.5,73.2,5.5,113.2,64.7,71.6,No Fertilizer,2,3,239.60000000000002,1.6784000000000001
Kyela,-9.57,33.908,Sandy Clay Loam,23.59,72.23,26.36,95.9,23.2,19.4,5.7,102.9,21.9,18.7,NPK,2,3,138.5,3.962809917355372
Kyela,-9.3,34.036,Clay Loam,22.25,82.91,8.23,49.3,25.4,66.7,5.4,49.4,28.5,60.4,Apply Lime,2,1,141.39999999999998,1.8674242424242424
Kyela,-9.6,33.908,Sandy Clay Loam,22.15,86.41,15.52,72.3,36.5,75.5,5.8,76.5,41.5,83.1,Urea,2,3,184.3,1.928
Kyela,-9.45,33.812,Sandy Clay Loam,26.53,55.18,0.37,104.2,56.6,64.6,5.6,111.1,62.2,63.1,No Fertilizer,2,3,225.4,1.8090277777777777
Kyela,-9.48,33.844,Sandy Clay Loam,21.08,72.33,3.34,95.1,66.0,70.8,5.6,94.5,66.2,74.1,No Fertilizer,2,3,231.89999999999998,1.4194029850746268
Kyela,-9.6,33.876,Clay Loam,21.99,55.3,0.0,159.2,55.3,15.6,5.9,177.9,52.8,15.2,MOP,2,1,230.1,2.827708703374778
Kyela,-9.57,33.78,Sandy Clay Loam,23.01,83.14,8.63,30.9,7.7,27.9,5.7,33.2,9.7,27.1,NPK,2,3,66.5,3.5517241379310347
Kyela,-9.48,33.94,Sandy Clay Loam,16.96,83.26,0.35,146.6,52.6,75.5,5.5,128.2,48.2,81.1,No Fertilizer,2,3,274.7,2.7350746268656714
Kyela,-9.57,33.876,Sandy Clay Loam,18.4,71.83,0.0,81.3,31.4,61.9,5.8,78.7,31.1,66.1,Urea,2,3,174.6,2.509259259259259
Kyela,-9.39,33.94,Sandy Clay Loam,20.99,53.4,0.0,78.5,31.2,61.9,5.6,82.8,35.1,59.7,Urea,2,3,171.6,2.4378881987577636
Kyela,-9.54,33.78,Sandy Clay Loam,21.3,80.61,4.48,135.9,7.3,61.9,5.5,132.0,7.2,61.8,SSP,2,3,205.10000000000002,16.373493975903614
Kyela,-9.33,33.876,Sandy Clay Loam,25.08,54.05,0.18,132.8,17.9,40.2,5.6,127.7,16.6,40.8,SSP,2,3,190.90000000000003,7.026455026455028
Kyela,-9.48,33.876,Clay Loam,21.38,84.69,10.42,190.9,58.5,10.2,5.7,178.5,56.2,9.7,MOP,2,1,259.6,3.208403361344538
Kyela,-9.51,34.068,Sandy Clay Loam,14.82,83.52,0.0,31.5,36.6,75.6,5.7,31.8,34.0,71.9,Urea,2,3,143.7,0.8377659574468085
Kyela,-9.54,33.876,Clay Loam,14.82,81.42,9.9,29.6,21.6,60.7,5.4,27.7,23.9,63.0,Apply Lime,2,1,111.9,1.3097345132743363
Kyela,-9.39,33.876,Clay Loam,19.91,82.01,0.51,114.1,28.5,43.0,5.5,133.1,29.3,45.7,No Fertilizer,2,1,185.6,3.867796610169491
Kyela,-9.3,33.812,Sandy Clay Loam,21.98,81.37,1.56,100.3,56.5,74.4,5.7,108.3,60.4,81.6,No Fertilizer,2,3,231.20000000000002,1.7443478260869565
Kyela,-9.39,33.844,Sandy Clay Loam,22.01,81.17,5.6,57.3,59.9,34.3,5.6,56.6,53.4,34.2,Urea,2,3,151.5,0.9408866995073891
Kyela,-9.45,34.1,Clay Loam,21.35,87.61,29.09,24.0,23.0,27.7,5.4,23.5,22.0,30.7,Apply Lime,2,1,74.7,1.0
Kyela,-9.3,33.78,Sandy Clay Loam,17.36,75.24,0.0,23.0,14.1,79.9,5.5,24.6,11.8,79.3,DAP,2,3,117.0,1.5231788079470199
Kyela,-9.45,33.812,Sandy Clay Loam,19.88,65.1,0.0,165.0,20.0,79.2,5.6,162.0,20.6,72.9,SSP,2,3,264.2,7.857142857142857
Kyela,-9.33,34.004,Clay Loam,23.49,75.87,7.36,40.8,61.5,48.0,5.5,42.6,64.8,49.3,Urea,2,1,150.3,0.6527999999999999
Kyela,-9.45,34.036,Sandy Clay Loam,25.18,57.49,0.39,63.7,42.0,16.3,5.7,65.0,42.4,17.0,NPK,2,3,122.0,1.4813953488372094
Kyela,-9.57,33.844,Sandy Clay Loam,20.85,55.63,0.0,52.0,43.0,27.4,5.4,48.5,39.2,24.1,Apply Lime,2,3,122.4,1.1818181818181819
Kyela,-9.39,34.036,Clay Loam,15.66,81.95,0.15,74.8,42.3,67.6,5.5,70.3,43.4,61.1,Urea,2,1,184.7,1.7274826789838338
Kyela,-9.33,34.1,Sandy Clay Loam,26.83,54.66,0.12,20.3,28.4,36.3,5.5,21.8,28.2,38.3,Urea,2,3,85.0,0.6904761904761906
Kyela,-9.39,33.972,Sandy Clay Loam,22.42,80.89,3.93,91.0,57.7,77.0,5.5,98.2,57.3,76.3,No Fertilizer,2,3,225.7,1.5502555366269164
Kyela,-9.6,33.94,Sandy Clay Loam,25.18,44.43,0.0,20.9,38.6,87.8,5.5,21.5,38.5,85.8,Urea,2,3,147.3,0.5277777777777777
Kyela,-9.48,33.78,Sandy Clay Loam,16.33,81.36,1.16,145.8,11.2,74.7,5.5,146.1,11.7,73.7,SSP,2,3,231.7,11.95081967213115
Kyela,-9.39,34.1,Sandy Clay Loam,20.93,81.26,17.93,47.4,12.4,42.5,5.6,49.7,12.5,37.7,DAP,2,3,102.3,3.5373134328358207
Kyela,-9.3,33.876,Sandy Clay Loam,17.14,75.54,0.0,109.2,38.9,72.7,5.7,101.8,39.4,72.2,No Fertilizer,2,3,220.8,2.736842105263158
Kyela,-9.33,34.004,Clay Loam,16.25,81.07,0.3,163.5,65.8,36.1,5.5,159.6,65.8,35.5,No Fertilizer,2,1,265.40000000000003,2.447604790419162
Kyela,-9.57,33.78,Sandy Clay Loam,21.7,89.19,26.42,124.1,26.0,21.0,5.7,120.6,24.4,20.0,NPK,2,3,171.1,4.596296296296296
Kyela,-9.39,34.036,Clay Loam,21.8,81.96,7.66,91.7,69.0,9.5,5.5,100.6,61.4,8.8,MOP,2,1,170.2,1.31
Kyela,-9.33,34.036,Clay Loam,19.27,84.01,0.0,70.5,51.2,40.9,5.4,65.1,54.4,38.4,Apply Lime,2,1,162.6,1.350574712643678
Kyela,-9.39,33.844,Sandy Clay Loam,19.0,61.66,0.0,53.5,19.8,85.0,5.6,66.6,20.4,81.9,DAP,2,3,158.3,2.5721153846153846
Kyela,-9.57,33.812,Sandy Clay Loam,23.52,75.38,8.94,131.0,6.0,23.2,5.5,123.8,6.4,26.1,NPK,2,3,160.2,18.714285714285715
Kyela,-9.42,34.1,Clay,22.98,49.53,0.0,190.7,10.9,22.5,5.4,179.0,10.7,23.3,Apply Lime,2,0,224.1,16.025210084033613
Kyela,-9.33,34.068,Clay Loam,23.52,59.85,0.17,118.8,50.1,92.5,5.5,122.5,52.1,87.5,No Fertilizer,2,1,261.4,2.324853228962818
Kyela,-9.36,34.004,Clay Loam,17.37,81.62,0.39,114.2,17.5,8.2,5.5,104.8,17.2,8.1,NPK,2,1,139.89999999999998,6.172972972972973
Kyela,-9.36,34.004,Clay Loam,26.23,48.2,0.0,133.6,30.7,76.2,5.5,134.2,28.5,72.0,No Fertilizer,2,1,240.5,4.214511041009463
Kyela,-9.3,34.1,Clay Loam,22.37,80.0,10.14,89.5,30.6,37.4,5.7,89.1,37.1,33.0,Urea,2,1,157.5,2.8322784810126582
Kyela,-9.6,33.844,Sandy Clay Loam,21.85,83.11,10.44,20.7,53.7,8.4,5.6,20.2,51.9,9.1,NPK,2,3,82.80000000000001,0.37842778793418647
Kyela,-9.6,33.812,Sandy Clay Loam,18.84,84.66,0.21,129.1,11.1,89.7,5.7,105.6,11.5,83.1,SSP,2,3,229.89999999999998,10.669421487603305
Kyela,-9.54,34.1,Sandy Clay Loam,25.81,60.16,1.64,189.1,31.8,17.3,5.6,172.8,30.8,17.7,MOP,2,3,238.20000000000002,5.765243902439025
Kyela,-9.42,33.972,Sandy Clay Loam,23.07,76.56,3.99,41.8,33.8,55.8,5.5,39.8,36.0,52.3,Urea,2,3,131.39999999999998,1.2011494252873562
Kyela,-9.45,34.1,Clay Loam,20.76,82.91,22.78,119.2,43.0,28.9,5.4,127.3,39.7,29.0,Apply Lime,2,1,191.1,2.709090909090909
Kyela,-9.3,33.876,Sandy Clay Loam,21.67,86.27,4.2,44.6,61.7,13.2,5.7,44.2,58.0,11.5,NPK,2,3,119.50000000000001,0.7113237639553429
Kyela,-9.48,33.78,Sandy Clay Loam,24.07,60.83,1.17,95.3,15.9,10.3,5.5,101.1,15.3,10.2,NPK,2,3,121.5,5.63905325443787
Kyela,-9.45,33.908,Sandy Clay Loam,20.5,85.78,12.53,28.0,60.5,15.0,5.5,26.4,57.3,15.7,NPK,2,3,103.5,0.45528455284552843
Kyela,-9.3,34.004,Clay Loam,26.02,53.07,0.1,87.4,47.1,12.3,5.5,86.6,49.7,12.0,NPK,2,1,146.8,1.817047817047817
Kyela,-9.36,33.908,Sandy Clay Loam,23.19,59.82,0.0,127.6,38.9,71.5,5.5,138.5,40.7,69.9,No Fertilizer,2,3,238.0,3.1979949874686717
Kyela,-9.39,34.004,Clay Loam,22.48,80.53,14.19,69.5,52.8,50.5,5.3,69.1,50.2,46.8,Apply Lime,2,1,172.8,1.29182156133829
Kyela,-9.45,33.972,Sandy Clay Loam,18.85,80.95,0.0,115.7,29.5,35.9,5.6,123.0,31.2,34.8,No Fertilizer,2,3,181.1,3.7934426229508196
Kyela,-9.51,34.1,Sandy Clay Loam,23.72,56.57,0.0,146.8,14.5,48.3,5.4,145.2,13.1,41.1,Apply Lime,2,3,209.60000000000002,9.470967741935485
Kyela,-9.45,33.876,Clay Loam,20.3,87.04,5.27,157.5,46.9,83.4,5.9,167.6,47.9,84.0,No Fertilizer,2,1,287.8,3.288100208768267
Kyela,-9.36,34.036,Sandy Clay Loam,25.43,62.14,5.46,50.0,40.0,81.9,5.5,49.9,38.6,82.5,Urea,2,3,171.9,1.2195121951219512
Kyela,-9.39,33.844,Sandy Clay Loam,18.12,78.87,0.0,82.0,53.0,63.3,5.6,77.9,46.2,66.1,Urea,2,3,198.3,1.5185185185185186
Kyela,-9.48,33.78,Sandy Clay Loam,23.96,64.23,0.24,35.8,25.0,80.8,5.5,35.9,26.3,80.3,DAP,2,3,141.6,1.376923076923077
Kyela,-9.45,33.844,Sandy Clay Loam,24.63,57.85,0.19,173.8,64.2,33.4,5.4,178.7,63.9,32.9,Apply Lime,2,3,271.4,2.665644171779141
Kyela,-9.51,33.812,Clay Loam,22.99,76.69,3.72,170.0,45.9,38.8,5.6,167.6,42.8,38.0,No Fertilizer,2,1,254.7,3.6247334754797444
Kyela,-9.42,33.78,Sandy Clay Loam,18.25,78.8,0.0,106.8,10.3,57.8,5.5,101.8,9.6,57.6,SSP,2,3,174.89999999999998,9.451327433628318
Kyela,-9.42,34.036,Clay Loam,16.84,84.35,11.06,141.3,32.9,55.9,5.3,153.1,33.7,58.4,Apply Lime,2,1,230.10000000000002,4.168141592920355
Kyela,-9.42,33.812,Sandy Clay Loam,21.3,52.68,0.0,100.4,52.0,43.6,5.6,98.6,53.9,46.5,No Fertilizer,2,3,196.0,1.8943396226415095
Kyela,-9.45,33.94,Loam,27.32,50.45,0.21,126.7,55.5,38.6,5.8,116.0,56.4,39.7,No Fertilizer,2,2,220.79999999999998,2.2424778761061948
Kyela,-9.48,33.876,Clay Loam,21.59,77.99,3.16,26.2,40.4,95.9,5.7,25.2,36.6,88.8,Urea,2,1,162.5,0.6328502415458938
Kyela,-9.3,34.004,Clay Loam,22.04,82.08,2.48,139.0,61.8,82.1,5.5,138.4,63.1,75.0,No Fertilizer,2,1,282.9,2.2133757961783442
Kyela,-9.33,34.068,Clay Loam,21.04,86.98,6.53,33.1,21.8,42.3,5.5,31.7,21.7,42.5,DAP,2,1,97.2,1.4517543859649122
Kyela,-9.51,33.844,Sandy Clay Loam,22.07,59.54,0.05,155.2,30.2,62.7,5.6,150.4,31.1,67.1,No Fertilizer,2,3,248.09999999999997,4.9743589743589745
Kyela,-9.3,33.78,Sandy Clay Loam,22.37,81.52,4.45,150.5,66.4,28.5,5.5,142.9,63.3,28.6,MOP,2,3,245.4,2.2329376854599405
Kyela,-9.57,33.844,Sandy Clay Loam,19.08,64.88,0.0,112.0,63.8,16.5,5.4,130.5,63.2,14.4,Apply Lime,2,3,192.3,1.7283950617283952
Kyela,-9.51,34.1,Sandy Clay Loam,21.71,82.0,3.24,14.4,45.8,38.1,5.4,16.1,49.3,35.6,Apply Lime,2,3,98.3,0.3076923076923077
Kyela,-9.36,34.036,Sandy Clay Loam,23.55,69.19,3.04,65.9,56.6,41.4,5.5,61.5,60.7,39.8,Urea,2,3,163.9,1.1440972222222223
Kyela,-9.54,33.94,Sandy Clay Loam,24.81,53.34,0.0,49.0,8.5,7.9,5.7,54.7,9.9,7.4,NPK,2,3,65.4,5.157894736842105
Kyela,-9.42,34.036,Clay Loam,21.95,80.11,4.11,73.2,57.5,82.5,5.3,71.2,61.1,74.4,Apply Lime,2,1,213.2,1.2512820512820513
Kyela,-9.6,33.844,Sandy Clay Loam,15.78,83.53,0.04,24.3,26.6,33.3,5.6,24.9,25.2,36.2,DAP,2,3,84.2,0.8804347826086957
Kyela,-9.36,33.908,Sandy Clay Loam,22.89,59.16,0.01,157.5,17.2,53.3,5.5,169.3,15.8,54.8,SSP,2,3,228.0,8.653846153846153
Kyela,-9.57,33.908,Sandy Clay Loam,17.14,80.91,0.01,106.7,20.7,11.8,5.7,104.1,19.8,12.2,NPK,2,3,139.20000000000002,4.91705069124424
Kyela,-9.3,33.94,Sandy Clay Loam,25.56,49.77,0.14,62.8,32.8,21.6,5.5,61.9,31.6,20.7,NPK,2,3,117.19999999999999,1.8579881656804735
Kyela,-9.54,34.1,Sandy Clay Loam,16.81,72.38,0.0,88.9,20.4,81.6,5.6,77.5,20.6,80.7,DAP,2,3,190.9,4.154205607476636
Kyela,-9.57,33.812,Sandy Clay Loam,24.63,49.23,0.0,82.3,26.5,60.2,5.5,86.0,25.2,57.1,DAP,2,3,169.0,2.9927272727272727
Kyela,-9.39,33.972,Sandy Clay Loam,22.92,79.53,35.17,123.4,13.2,82.8,5.5,112.1,12.9,85.8,SSP,2,3,219.39999999999998,8.690140845070424
Kyela,-9.39,33.844,Sandy Clay Loam,21.44,84.78,5.27,100.1,26.5,98.5,5.6,97.7,23.5,89.9,SSP,2,3,225.1,3.6399999999999997
Kyela,-9.42,33.908,Sandy Clay Loam,23.42,72.73,9.69,158.6,41.5,37.1,5.6,166.3,41.8,37.2,No Fertilizer,2,3,237.2,3.7317647058823527
Kyela,-9.36,33.908,Sandy Clay Loam,25.58,50.73,0.0,99.8,36.3,32.6,5.5,94.5,33.2,31.1,MOP,2,3,168.7,2.675603217158177
Kyela,-9.36,34.068,Clay Loam,21.23,83.79,5.57,185.7,28.5,84.6,5.6,178.7,26.9,78.1,SSP,2,1,298.79999999999995,6.294915254237288
Kyela,-9.39,34.068,Clay Loam,21.46,82.49,2.07,155.1,56.0,96.9,5.6,154.7,53.3,89.9,No Fertilizer,2,1,308.0,2.721052631578947
Kyela,-9.51,33.844,Sandy Clay Loam,21.05,86.38,17.21,46.3,54.1,60.4,5.6,45.4,63.0,58.9,Urea,2,3,160.8,0.8402903811252268
Kyela,-9.51,33.94,Sandy Clay Loam,18.88,82.65,0.42,161.2,57.5,77.0,5.6,168.2,53.9,72.8,No Fertilizer,2,3,295.7,2.7555555555555555
Kyela,-9.45,33.876,Clay Loam,20.48,62.05,0.0,28.1,25.7,80.4,5.9,29.8,25.9,71.7,DAP,2,1,134.2,1.052434456928839
Kyela,-9.6,33.908,Sandy Clay Loam,21.48,87.94,68.8,156.9,51.5,37.1,5.8,149.0,53.1,35.8,No Fertilizer,2,3,245.5,2.988571428571429
Kyela,-9.51,34.068,Sandy Clay Loam,23.06,69.89,9.05,73.5,12.6,51.5,5.7,74.7,14.0,54.2,DAP,2,3,137.6,5.404411764705882
Kyela,-9.57,33.78,Sandy Clay Loam,24.94,64.1,10.41,158.4,12.6,79.1,5.7,159.3,12.6,76.0,SSP,2,3,250.1,11.647058823529413
Kyela,-9.6,33.844,Sandy Clay Loam,21.73,80.8,14.24,160.7,26.9,63.6,5.6,157.6,26.8,63.8,SSP,2,3,251.2,5.759856630824372
Kyela,-9.42,34.036,Clay Loam,17.36,82.03,0.21,149.7,52.1,6.5,5.3,147.0,57.3,7.8,Apply Lime,2,1,208.29999999999998,2.8192090395480225
Kyela,-9.36,33.908,Sandy Clay Loam,17.47,78.26,0.0,129.9,18.2,35.4,5.5,144.3,20.3,34.3,SSP,2,3,183.5,6.765625000000001
Kyela,-9.6,33.844,Sandy Clay Loam,18.97,81.33,0.76,67.4,8.5,18.3,5.6,61.8,8.2,18.1,NPK,2,3,94.2,7.094736842105264
Kyela,-9.45,33.876,Clay Loam,23.19,59.82,0.0,24.0,13.5,27.6,5.9,23.8,12.7,25.6,NPK,2,1,65.1,1.6551724137931034
Kyela,-9.39,34.004,Clay Loam,20.42,88.01,3.84,77.4,61.5,77.8,5.3,78.5,60.7,82.1,Apply Lime,2,1,216.7,1.2384000000000002
Kyela,-9.33,34.068,Clay Loam,16.2,84.09,1.06,40.7,49.5,8.1,5.5,39.5,45.8,9.1,NPK,2,1,98.3,0.805940594059406
Kyela,-9.48,33.876,Clay Loam,17.31,83.56,0.4,130.3,20.6,24.8,5.7,128.1,20.7,24.5,NPK,2,1,175.70000000000002,6.032407407407407
Kyela,-9.3,33.876,Sandy Clay Loam,18.14,76.69,0.0,72.5,40.5,32.9,5.7,68.8,40.6,32.0,NPK,2,3,145.9,1.7469879518072289
Kyela,-9.39,33.876,Clay Loam,22.82,77.11,6.23,182.5,36.3,58.2,5.5,175.9,38.8,57.8,No Fertilizer,2,1,277.0,4.8927613941018775
Kyela,-9.36,33.812,Sandy Clay Loam,23.77,76.12,3.72,124.9,42.1,50.9,5.5,119.0,47.3,50.9,No Fertilizer,2,3,217.9,2.897911832946636
Kyela,-9.42,33.972,Sandy Clay Loam,20.68,88.32,20.84,164.0,21.9,22.5,5.5,149.8,19.4,24.3,NPK,2,3,208.4,7.161572052401747
Kyela,-9.42,34.1,Clay,23.43,49.58,0.0,34.5,65.9,19.6,5.4,32.5,61.1,19.8,Apply Lime,2,0,120.0,0.5156950672645739
Kyela,-9.45,33.812,Sandy Clay Loam,22.2,81.69,1.65,154.8,22.0,25.3,5.6,156.5,24.4,25.9,NPK,2,3,202.10000000000002,6.730434782608696
Kyela,-9.45,33.844,Sandy Clay Loam,20.75,90.23,19.45,153.8,50.4,51.8,5.4,166.9,49.8,48.2,Apply Lime,2,3,256.0,2.9922178988326853
Kyela,-9.36,34.004,Clay Loam,24.79,64.45,2.24,103.6,5.0,29.5,5.5,92.8,5.1,28.8,NPK,2,1,138.1,17.266666666666666
Kyela,-9.36,34.068,Clay Loam,21.4,80.42,3.48,111.2,28.0,83.9,5.6,113.1,28.6,85.6,No Fertilizer,2,1,223.1,3.8344827586206898
Kyela,-9.54,34.1,Sandy Clay Loam,21.18,83.09,14.23,135.4,26.4,50.4,5.6,140.0,27.2,45.0,No Fertilizer,2,3,212.20000000000002,4.9416058394160585
Kyela,-9.3,33.844,Sandy Clay Loam,17.31,83.56,0.4,34.9,40.9,10.7,5.7,39.7,39.9,10.9,NPK,2,3,86.5,0.8329355608591885
Kyela,-9.3,33.908,Clay Loam,23.36,60.32,0.02,97.7,9.3,69.9,5.6,95.4,8.8,67.3,SSP,2,1,176.9,9.485436893203882
Kyela,-9.45,33.812,Sandy Clay Loam,15.51,83.54,0.13,78.6,57.7,33.2,5.6,77.8,56.1,33.6,Urea,2,3,169.5,1.3390119250425894
Kyela,-9.48,33.94,Sandy Clay Loam,19.59,84.85,6.19,31.2,18.2,67.8,5.5,34.9,18.4,60.9,DAP,2,3,117.19999999999999,1.625
Kyela,-9.36,33.78,Sandy Clay Loam,18.08,77.3,0.0,74.8,48.1,29.7,5.6,72.5,48.7,29.5,NPK,2,3,152.6,1.5234215885947047
Kyela,-9.48,33.812,Clay Loam,20.58,86.76,1.31,20.8,60.8,54.4,5.5,21.6,57.0,53.9,Urea,2,1,136.0,0.33656957928802594
Kyela,-9.57,33.812,Sandy Clay Loam,22.07,78.45,7.07,17.1,42.4,70.2,5.5,14.4,41.1,70.9,Urea,2,3,129.7,0.3940092165898618
Kyela,-9.57,33.844,Sandy Clay Loam,25.49,56.88,0.29,31.7,53.2,85.1,5.4,33.0,52.9,84.0,Apply Lime,2,3,170.0,0.584870848708487
Kyela,-9.42,33.908,Sandy Clay Loam,22.88,74.93,2.06,168.4,47.6,30.3,5.6,173.7,47.7,27.9,MOP,2,3,246.3,3.4650205761316872
Kyela,-9.3,33.812,Sandy Clay Loam,19.16,86.45,1.09,97.1,28.1,36.1,5.7,103.4,27.5,34.1,No Fertilizer,2,3,161.29999999999998,3.3367697594501715
Kyela,-9.6,33.94,Sandy Clay Loam,22.57,76.28,1.51,189.8,55.5,45.1,5.5,174.2,57.4,45.0,No Fertilizer,2,3,290.40000000000003,3.35929203539823
Kyela,-9.6,33.94,Sandy Clay Loam,15.66,81.95,0.15,81.3,24.8,93.9,5.5,83.5,23.5,83.9,DAP,2,3,200.0,3.1511627906976742
Kyela,-9.48,33.844,Sandy Clay Loam,16.93,87.8,1.91,59.8,38.6,86.7,5.6,63.0,41.7,81.7,Urea,2,3,185.10000000000002,1.51010101010101
Kyela,-9.45,33.844,Sandy Clay Loam,26.0,56.17,0.57,100.8,51.7,13.1,5.4,96.0,53.2,13.5,Apply Lime,2,3,165.6,1.9127134724857684
Kyela,-9.3,34.068,Clay Loam,17.73,71.66,0.01,76.5,30.3,15.4,5.6,84.7,29.0,17.1,NPK,2,1,122.2,2.4440894568690097
Kyela,-9.3,34.004,Clay Loam,17.5,80.57,0.01,29.2,22.1,46.2,5.5,28.0,24.0,47.6,DAP,2,1,97.5,1.264069264069264
Kyela,-9.36,33.908,Sandy Clay Loam,21.35,87.75,3.89,133.8,30.5,15.4,5.5,118.9,34.3,15.0,MOP,2,3,179.70000000000002,4.247619047619048
Kyela,-9.57,33.94,Clay Loam,18.13,74.27,0.0,48.6,58.2,36.5,5.6,46.7,58.0,35.0,Urea,2,1,143.3,0.8209459459459459
Kyela,-9.39,34.036,Clay Loam,19.69,85.39,0.34,120.5,57.6,20.2,5.5,115.3,65.4,18.5,MOP,2,1,198.29999999999998,2.0563139931740615
Kyela,-9.3,34.068,Clay Loam,22.65,77.03,14.85,127.9,36.3,54.9,5.6,120.5,40.0,59.4,No Fertilizer,2,1,219.1,3.4289544235924936
Kyela,-9.6,33.908,Sandy Clay Loam,21.63,58.2,0.03,40.1,50.2,83.1,5.8,35.8,47.7,85.8,Urea,2,3,173.4,0.783203125
Kyela,-9.51,33.908,Sandy Clay Loam,17.52,73.44,0.0,22.2,62.7,82.3,5.6,20.4,63.6,89.7,Urea,2,3,167.2,0.3485086342229199
Kyela,-9.42,34.068,Clay Loam,23.16,78.83,2.03,147.1,11.4,34.0,5.6,142.7,10.5,37.5,SSP,2,1,192.5,11.86290322580645
Kyela,-9.48,33.908,Clay Loam,24.32,44.32,0.0,93.7,17.7,53.8,5.5,88.2,19.3,56.3,DAP,2,1,165.2,5.010695187165775
Kyela,-9.39,33.844,Sandy Clay Loam,21.94,83.58,9.37,18.7,50.5,79.9,5.6,19.9,50.8,77.9,Urea,2,3,149.10000000000002,0.3631067961165048
Kyela,-9.48,33.876,Clay Loam,21.83,82.06,6.72,188.9,60.0,16.7,5.7,179.1,58.4,15.9,MOP,2,1,265.6,3.09672131147541
Kyela,-9.36,33.908,Sandy Clay Loam,18.81,75.66,0.0,18.4,55.6,59.7,5.5,19.8,60.6,63.9,Urea,2,3,133.7,0.3250883392226148
Kyela,-9.36,33.94,Sandy Clay Loam,20.28,78.22,20.66,124.9,33.7,38.1,5.5,128.2,31.4,40.3,No Fertilizer,2,3,196.70000000000002,3.599423631123919
Kyela,-9.39,33.94,Sandy Clay Loam,19.98,63.27,0.0,139.0,10.3,20.4,5.6,177.2,9.9,23.3,NPK,2,3,169.70000000000002,12.300884955752212
Kyela,-9.51,33.844,Sandy Clay Loam,23.16,78.83,2.03,52.1,29.2,40.4,5.6,50.7,32.9,39.8,Urea,2,3,121.69999999999999,1.7251655629139073
Kyela,-9.51,33.844,Sandy Clay Loam,23.18,70.04,0.2,32.6,19.2,11.7,5.6,34.2,19.2,12.4,NPK,2,3,63.5,1.613861386138614
Kyela,-9.54,33.908,Sandy Clay Loam,17.06,64.24,0.0,33.0,23.8,71.9,5.5,30.6,23.2,64.4,DAP,2,3,128.7,1.3306451612903225
Kyela,-9.33,33.78,Sandy Clay Loam,23.21,78.88,1.45,63.2,52.7,28.0,5.5,61.6,55.0,27.2,NPK,2,3,143.9,1.1769087523277468
Kyela,-9.45,33.972,Sandy Clay Loam,18.94,66.57,0.0,29.3,8.1,31.8,5.6,27.2,9.0,32.2,NPK,2,3,69.2,3.21978021978022
Kyela,-9.54,33.844,Sandy Clay Loam,25.06,57.25,0.13,118.0,59.8,15.4,5.6,127.7,58.6,16.2,MOP,2,3,193.20000000000002,1.9407894736842106
Kyela,-9.45,34.1,Clay Loam,15.45,78.81,0.0,22.1,37.2,70.4,5.4,20.6,32.2,78.6,Apply Lime,2,1,129.70000000000002,0.5785340314136126
Kyela,-9.39,33.876,Clay Loam,21.18,87.63,13.33,110.8,42.2,42.9,5.5,96.6,43.3,47.4,No Fertilizer,2,1,195.9,2.5648148148148144
Kyela,-9.33,33.972,Sandy Clay Loam,26.32,50.89,0.0,189.0,11.0,51.7,5.4,179.4,9.9,54.1,Apply Lime,2,3,251.7,15.75
Kyela,-9.36,34.068,Clay Loam,20.67,86.53,0.74,156.6,24.9,51.2,5.6,148.4,26.3,53.8,SSP,2,1,232.7,6.046332046332046
Kyela,-9.51,33.844,Sandy Clay Loam,23.55,52.86,0.0,115.9,10.1,37.7,5.6,114.6,9.9,40.5,SSP,2,3,163.7,10.441441441441443
Kyela,-9.45,33.972,Sandy Clay Loam,16.45,77.76,0.0,59.8,71.1,22.8,5.6,62.1,67.5,22.2,NPK,2,3,153.7,0.8294036061026353
Kyela,-9.33,33.812,Sandy Clay Loam,21.7,86.43,40.91,122.2,57.2,71.1,5.5,116.1,57.3,68.6,No Fertilizer,2,3,250.5,2.0996563573883162
Kyela,-9.45,34.1,Clay Loam,24.79,69.53,1.21,89.1,33.6,16.1,5.4,99.6,34.3,16.7,Apply Lime,2,1,138.79999999999998,2.57514450867052
Kyela,-9.45,34.068,Clay Loam,21.39,88.77,19.55,80.0,19.7,16.7,5.4,82.4,18.8,14.7,Apply Lime,2,1,116.4,3.8647342995169085
Kyela,-9.3,34.1,Clay Loam,25.4,52.43,0.01,28.2,74.3,57.6,5.7,32.2,65.6,65.7,Urea,2,1,160.1,0.3745019920318725
Kyela,-9.45,33.812,Sandy Clay Loam,18.9,67.35,0.0,152.8,27.3,23.6,5.6,160.7,26.7,23.5,NPK,2,3,203.70000000000002,5.3992932862190814
Kyela,-9.3,33.78,Sandy Clay Loam,22.64,78.43,2.95,90.3,14.1,31.3,5.5,86.5,14.6,31.8,NPK,2,3,135.7,5.9801324503311255
Kyela,-9.45,33.78,Sandy Clay Loam,17.42,76.46,0.0,44.6,40.6,44.1,5.6,43.1,41.2,45.9,Urea,2,3,129.3,1.0721153846153846
Kyela,-9.45,34.004,Sandy Clay Loam,21.81,83.0,5.53,72.8,78.0,41.6,5.5,72.5,66.3,43.7,Urea,2,3,192.4,0.9215189873417721
Kyela,-9.39,33.812,Clay Loam,21.17,85.23,4.6,81.4,4.3,65.5,5.5,80.4,4.3,65.5,DAP,2,1,151.2,15.358490566037737
Kyela,-9.39,33.876,Clay Loam,15.74,81.9,0.0,130.8,18.9,57.4,5.5,150.7,19.7,58.4,SSP,2,1,207.10000000000002,6.572864321608042
Kyela,-9.36,33.908,Sandy Clay Loam,14.92,80.99,0.03,131.2,60.7,58.5,5.5,134.7,65.9,60.1,No Fertilizer,2,3,250.39999999999998,2.1264181523500807
Kyela,-9.36,34.1,Clay Loam,17.51,69.89,0.02,134.1,13.3,60.0,5.7,140.8,15.3,66.0,SSP,2,1,207.4,9.377622377622377
Kyela,-9.48,34.004,Clay Loam,17.55,81.19,0.08,11.3,11.8,27.1,5.5,11.9,11.5,30.6,NPK,2,1,50.2,0.8828125
Kyela,-9.42,34.036,Clay Loam,21.68,81.62,0.78,84.1,43.5,32.4,5.3,80.7,41.6,33.1,Apply Lime,2,1,160.0,1.889887640449438
Kyela,-9.3,33.844,Sandy Clay Loam,22.08,84.22,26.12,86.3,59.2,41.6,5.7,91.8,60.9,42.8,No Fertilizer,2,3,187.1,1.4335548172757473
Kyela,-9.51,33.812,Clay Loam,26.49,53.72,1.07,12.7,35.5,31.4,5.6,13.3,35.5,31.8,NPK,2,1,79.6,0.347945205479452
Kyela,-9.45,34.004,Sandy Clay Loam,17.59,71.48,0.0,46.3,63.9,88.1,5.5,54.2,69.6,88.7,Urea,2,3,198.29999999999998,0.7134052388289676
Kyela,-9.3,33.876,Sandy Clay Loam,16.74,76.62,0.0,136.4,49.3,71.7,5.7,139.2,48.8,74.4,No Fertilizer,2,3,257.4,2.711729622266402
Kyela,-9.39,33.78,Sandy Clay Loam,20.56,69.05,0.85,30.8,9.2,19.5,5.4,33.3,8.9,19.8,Apply Lime,2,3,59.5,3.0196078431372553
Kyela,-9.36,34.068,Clay Loam,22.28,75.76,5.04,101.6,66.9,6.1,5.6,101.0,69.5,6.5,MOP,2,1,174.6,1.4963181148748157
Kyela,-9.36,33.908,Sandy Clay Loam,26.69,52.46,0.02,43.5,34.6,10.6,5.5,46.6,30.9,9.6,NPK,2,3,88.69999999999999,1.2219101123595506
Kyela,-9.57,33.908,Sandy Clay Loam,17.06,81.11,0.23,12.1,21.6,25.0,5.7,12.1,23.0,26.5,NPK,2,3,58.7,0.5353982300884955
Kyela,-9.36,34.036,Sandy Clay Loam,23.15,60.35,0.21,50.5,41.6,15.2,5.5,51.0,40.8,15.6,NPK,2,3,107.3,1.1854460093896713
Kyela,-9.6,33.94,Sandy Clay Loam,15.59,81.08,0.32,196.5,25.5,48.2,5.5,175.9,24.1,50.8,SSP,2,3,270.2,7.415094339622642
Kyela,-9.45,33.94,Loam,22.22,80.45,6.14,151.4,9.7,74.0,5.8,146.3,9.7,78.1,SSP,2,2,235.1,14.149532710280376
Kyela,-9.3,33.972,Sandy Clay Loam,25.25,56.63,0.12,150.8,4.0,68.0,5.8,173.1,4.1,67.9,SSP,2,3,222.8,30.160000000000004
Kyela,-9.6,33.844,Sandy Clay Loam,17.32,69.89,0.0,84.7,30.3,23.9,5.6,92.9,33.7,24.1,MOP,2,3,138.9,2.7060702875399363
Kyela,-9.51,33.908,Sandy Clay Loam,23.11,75.3,7.12,28.8,64.9,38.3,5.6,28.7,59.2,39.5,Urea,2,3,132.0,0.43702579666160846
Kyela,-9.39,33.94,Sandy Clay Loam,22.75,81.26,7.76,96.4,41.3,47.7,5.6,103.2,41.8,48.7,No Fertilizer,2,3,185.39999999999998,2.2789598108747047
Kyela,-9.51,33.78,Sandy Loam,15.74,81.9,0.0,69.1,72.6,70.3,5.6,87.2,69.9,74.1,Urea,2,4,212.0,0.938858695652174
Kyela,-9.48,33.812,Clay Loam,20.94,81.17,0.74,168.0,24.0,78.6,5.5,153.5,22.9,76.5,SSP,2,1,270.6,6.72
Kyela,-9.48,33.78,Sandy Clay Loam,22.29,56.65,0.0,28.0,21.5,94.3,5.5,26.7,22.5,82.4,DAP,2,3,143.8,1.2444444444444445
Kyela,-9.42,33.812,Sandy Clay Loam,22.45,58.67,0.03,96.4,14.3,45.8,5.6,93.0,14.5,48.8,SSP,2,3,156.5,6.300653594771242
Kyela,-9.33,33.972,Sandy Clay Loam,24.23,74.36,2.46,34.0,16.2,66.1,5.4,35.5,14.8,64.3,Apply Lime,2,3,116.3,1.9767441860465118
Kyela,-9.45,33.844,Sandy Clay Loam,25.29,59.64,0.36,67.1,21.0,15.4,5.4,65.2,22.8,15.4,Apply Lime,2,3,103.5,3.05
Kyela,-9.45,33.972,Sandy Clay Loam,25.74,46.13,0.0,128.7,64.7,56.0,5.6,135.4,56.3,53.5,No Fertilizer,2,3,249.39999999999998,1.958904109589041
Kyela,-9.3,33.94,Sandy Clay Loam,21.78,87.87,12.34,92.2,60.5,28.2,5.5,90.9,63.8,26.9,MOP,2,3,180.89999999999998,1.4991869918699188
Kyela,-9.51,33.78,Sandy Loam,20.99,68.56,0.21,69.1,62.7,42.9,5.6,73.9,68.4,42.3,Urea,2,4,174.70000000000002,1.084772370486656
Kyela,-9.39,33.78,Sandy Clay Loam,22.43,69.12,0.52,85.2,19.5,59.1,5.4,77.1,19.3,59.3,Apply Lime,2,3,163.8,4.15609756097561
Kyela,-9.48,33.844,Sandy Clay Loam,23.82,62.58,1.15,78.4,71.8,26.7,5.6,88.1,62.2,27.6,NPK,2,3,176.89999999999998,1.076923076923077
Kyela,-9.6,33.94,Sandy Clay Loam,20.0,88.49,4.35,155.8,22.2,9.8,5.5,143.5,25.7,10.4,NPK,2,3,187.8,6.715517241379311
Kyela,-9.51,34.1,Sandy Clay Loam,21.73,80.0,19.8,162.1,11.3,6.8,5.4,161.7,11.4,6.9,Apply Lime,2,3,180.20000000000002,13.178861788617885
Kyela,-9.42,34.068,Clay Loam,22.16,54.77,0.0,166.5,63.5,7.2,5.6,172.4,61.4,7.9,MOP,2,1,237.2,2.5813953488372094
Kyela,-9.45,33.78,Sandy Clay Loam,22.38,77.83,7.71,145.5,46.1,6.4,5.6,143.8,46.0,6.7,MOP,2,3,198.0,3.089171974522293
Kyela,-9.45,34.1,Clay Loam,24.49,58.95,1.01,66.9,15.3,16.5,5.4,63.6,14.9,15.3,Apply Lime,2,1,98.7,4.104294478527607
Kyela,-9.51,33.812,Clay Loam,19.23,85.9,6.4,139.1,30.7,26.3,5.6,127.0,32.4,26.1,MOP,2,1,196.1,4.38801261829653
Kyela,-9.48,33.908,Clay Loam,22.11,80.89,1.81,86.2,22.0,26.1,5.5,84.4,23.0,24.6,NPK,2,1,134.3,3.747826086956522
Kyela,-9.36,34.1,Clay Loam,21.57,60.15,0.0,50.0,52.1,98.0,5.7,53.3,52.6,88.9,Urea,2,1,200.1,0.9416195856873822
Kyela,-9.33,33.812,Sandy Clay Loam,16.34,83.99,0.43,153.5,31.2,31.3,5.5,152.9,33.9,31.7,MOP,2,3,216.0,4.767080745341614
Kyela,-9.54,33.94,Sandy Clay Loam,17.46,85.95,0.0,18.6,69.1,16.9,5.7,16.5,69.3,16.7,NPK,2,3,104.6,0.26533523537803144
Kyela,-9.6,33.908,Sandy Clay Loam,16.81,84.31,0.03,178.7,7.4,50.7,5.8,163.3,7.6,51.8,SSP,2,3,236.8,21.273809523809522
Kyela,-9.57,33.94,Clay Loam,19.96,79.12,2.6,94.1,26.5,73.6,5.6,88.5,27.4,78.1,Urea,2,1,194.2,3.4218181818181814
Kyela,-9.54,33.844,Sandy Clay Loam,21.04,53.98,0.0,124.9,36.6,58.8,5.6,118.3,35.8,63.0,No Fertilizer,2,3,220.3,3.3218085106382977
Kyela,-9.3,33.94,Sandy Clay Loam,25.22,50.81,0.12,128.1,32.5,32.7,5.5,122.1,37.2,30.9,MOP,2,3,193.3,3.823880597014925
Kyela,-9.45,34.068,Clay Loam,21.17,85.23,4.6,175.3,24.5,54.0,5.4,162.2,24.9,53.2,Apply Lime,2,1,253.8,6.874509803921569
Kyela,-9.3,34.036,Clay Loam,18.84,84.66,0.21,114.5,60.6,74.6,5.4,118.2,52.1,66.0,Apply Lime,2,1,249.7,1.8587662337662336
Kyela,-9.48,33.94,Sandy Clay Loam,21.14,83.85,6.51,103.5,57.0,71.7,5.5,114.4,61.7,67.2,No Fertilizer,2,3,232.2,1.7844827586206897
Kyela,-9.6,33.78,Sandy Clay Loam,24.94,64.1,10.41,21.4,71.9,58.8,5.5,21.3,66.0,62.0,Urea,2,3,152.10000000000002,0.29355281207133055
Kyela,-9.57,33.876,Sandy Clay Loam,22.24,77.74,1.73,92.5,57.4,83.8,5.8,98.1,57.1,79.1,No Fertilizer,2,3,233.7,1.5839041095890412
Kyela,-9.3,33.844,Sandy Clay Loam,22.14,56.16,0.0,32.9,57.6,77.4,5.7,35.5,60.1,79.1,Urea,2,3,167.9,0.561433447098976
Kyela,-9.48,34.068,Sandy Clay Loam,22.22,79.68,10.59,128.5,36.6,59.3,5.3,135.4,40.3,54.6,Apply Lime,2,3,224.39999999999998,3.4175531914893615
Kyela,-9.57,33.908,Sandy Clay Loam,14.68,81.3,0.11,114.0,59.1,40.7,5.7,97.1,58.5,42.1,No Fertilizer,2,3,213.8,1.8968386023294508
Kyela,-9.51,33.78,Sandy Loam,24.81,60.52,7.93,126.8,26.5,55.5,5.6,125.6,24.0,59.9,SSP,2,4,208.8,4.61090909090909
Kyela,-9.51,33.876,Clay Loam,26.11,49.15,0.01,17.5,29.5,70.6,6.0,17.1,30.3,74.7,Urea,2,1,117.6,0.5737704918032787
Kyela,-9.33,34.068,Clay Loam,17.03,60.17,0.0,22.3,24.8,6.1,5.5,24.4,24.9,6.5,NPK,2,1,53.2,0.8643410852713178
Kyela,-9.6,33.78,Sandy Clay Loam,21.6,63.12,0.0,114.8,37.3,84.1,5.5,131.8,34.8,89.3,No Fertilizer,2,3,236.2,2.997389033942559
Kyela,-9.45,33.94,Loam,21.57,80.65,30.97,21.0,23.4,20.5,5.8,22.3,22.8,21.4,NPK,2,2,64.9,0.8606557377049181
Kyela,-9.45,33.908,Sandy Clay Loam,14.98,80.34,0.0,24.3,60.0,48.2,5.5,22.1,67.5,45.5,Urea,2,3,132.5,0.3983606557377049
Kyela,-9.54,33.94,Sandy Clay Loam,21.91,81.64,50.9,12.3,24.8,89.2,5.7,12.1,24.6,79.3,DAP,2,3,126.30000000000001,0.47674418604651164
Kyela,-9.6,33.908,Sandy Clay Loam,16.02,83.84,0.0,179.8,11.6,22.6,5.8,172.6,10.5,24.9,NPK,2,3,214.0,14.26984126984127
Kyela,-9.6,33.812,Sandy Clay Loam,17.31,74.24,0.0,142.4,38.7,50.1,5.7,135.4,38.8,46.1,No Fertilizer,2,3,231.20000000000002,3.5869017632241813
Kyela,-9.42,33.844,Clay Loam,16.94,80.07,25.76,67.2,6.3,16.6,5.7,70.1,7.8,17.1,NPK,2,1,90.1,9.205479452054796
Kyela,-9.39,34.036,Clay Loam,20.61,72.98,0.0,66.3,11.6,40.1,5.5,60.4,11.3,39.2,DAP,2,1,118.0,5.261904761904762
Kyela,-9.42,33.908,Sandy Clay Loam,26.71,52.16,0.02,66.4,18.2,18.5,5.6,69.4,18.5,20.9,NPK,2,3,103.10000000000001,3.458333333333334
Kyela,-9.3,33.94,Sandy Clay Loam,18.4,59.43,0.0,155.6,30.2,37.9,5.5,141.7,34.6,36.5,No Fertilizer,2,3,223.7,4.987179487179487
Kyela,-9.36,34.1,Clay Loam,26.85,52.41,0.52,126.2,28.8,32.1,5.7,122.4,32.6,37.4,No Fertilizer,2,1,187.1,4.23489932885906
Kyela,-9.42,33.876,Clay Loam,23.52,73.38,8.17,36.3,60.7,91.4,5.7,41.5,56.8,89.4,Urea,2,1,188.4,0.5883306320907616
Kyela,-9.48,34.068,Sandy Clay Loam,16.72,73.27,0.0,37.5,50.1,91.2,5.3,39.6,52.8,89.6,Apply Lime,2,3,178.8,0.7338551859099804
Kyela,-9.39,33.908,Sandy Clay Loam,20.54,83.63,2.93,23.4,30.1,15.9,5.5,26.7,32.1,15.6,NPK,2,3,69.4,0.7524115755627009
Kyela,-9.39,34.004,Clay Loam,25.12,43.75,0.0,132.2,26.0,63.5,5.3,122.3,26.0,67.0,Apply Lime,2,1,221.7,4.8962962962962955
Kyela,-9.54,33.844,Sandy Clay Loam,21.06,69.83,0.08,139.7,23.8,10.7,5.6,139.9,24.9,10.3,NPK,2,3,174.2,5.633064516129032
Kyela,-9.45,33.844,Sandy Clay Loam,24.75,45.32,0.01,46.5,55.5,8.8,5.4,55.1,55.1,8.5,Apply Lime,2,3,110.8,0.8230088495575221
Kyela,-9.42,33.94,Sandy Clay Loam,25.58,49.12,0.0,13.9,7.3,14.6,5.6,13.6,7.4,14.8,NPK,2,3,35.8,1.6746987951807228
Kyela,-9.48,33.94,Sandy Clay Loam,23.12,61.49,0.1,23.1,4.4,91.2,5.5,24.0,4.8,87.1,DAP,2,3,118.7,4.277777777777778
Kyela,-9.33,33.876,Sandy Clay Loam,22.86,77.84,27.18,156.4,54.5,84.5,5.6,174.5,56.5,85.0,No Fertilizer,2,3,295.4,2.818018018018018
Kyela,-9.42,33.844,Clay Loam,20.64,87.83,7.58,67.3,36.6,23.1,5.7,60.2,35.5,22.3,NPK,2,1,127.0,1.7898936170212765
Kyela,-9.6,33.844,Sandy Clay Loam,21.64,82.9,2.91,141.8,12.7,19.4,5.6,140.8,12.6,19.6,NPK,2,3,173.9,10.350364963503651
Kyela,-9.51,33.812,Clay Loam,22.09,86.43,1.01,113.8,19.4,26.6,5.6,116.2,19.5,26.2,NPK,2,1,159.79999999999998,5.57843137254902
Kyela,-9.3,33.908,Clay Loam,22.46,81.02,2.12,72.8,74.4,51.3,5.6,74.9,65.5,49.3,Urea,2,1,198.5,0.9655172413793103
Kyela,-9.36,33.844,Sandy Clay Loam,23.69,79.61,23.82,40.2,63.8,52.4,5.5,45.0,60.7,53.9,Urea,2,3,156.4,0.6203703703703705
Kyela,-9.33,34.036,Clay Loam,19.19,82.32,0.0,27.8,53.9,22.5,5.4,30.6,50.8,24.6,Apply Lime,2,1,104.2,0.5063752276867032
Kyela,-9.33,34.036,Clay Loam,15.86,86.12,0.33,124.9,35.4,70.9,5.4,114.6,35.8,69.6,Apply Lime,2,1,231.20000000000002,3.4313186813186816
Kyela,-9.45,33.78,Sandy Clay Loam,22.05,77.39,33.71,137.0,38.9,34.7,5.6,141.7,38.3,32.0,MOP,2,3,210.60000000000002,3.4335839598997495
Kyela,-9.3,34.004,Clay Loam,17.07,81.7,2.62,119.6,66.3,85.2,5.5,119.5,68.4,83.5,No Fertilizer,2,1,271.09999999999997,1.777117384843982
Kyela,-9.57,33.812,Sandy Clay Loam,23.81,73.19,0.09,85.8,71.4,62.5,5.5,100.2,67.7,61.2,No Fertilizer,2,3,219.7,1.1850828729281766
Kyela,-9.3,33.94,Sandy Clay Loam,20.72,78.82,0.08,15.6,18.1,42.5,5.5,17.1,18.2,42.7,DAP,2,3,76.2,0.8167539267015707
Kyela,-9.57,33.908,Sandy Clay Loam,23.96,78.59,6.64,182.1,58.4,76.1,5.7,174.6,57.5,72.4,No Fertilizer,2,3,316.6,3.0656565656565657
Kyela,-9.3,33.972,Sandy Clay Loam,25.36,57.01,0.23,149.6,17.2,73.7,5.8,145.8,17.0,74.7,SSP,2,3,240.5,8.219780219780219
Kyela,-9.51,34.1,Sandy Clay Loam,17.53,71.69,0.0,67.1,18.1,29.4,5.4,59.8,18.1,30.4,Apply Lime,2,3,114.6,3.5130890052356016
Kyela,-9.42,34.036,Clay Loam,19.38,77.44,0.33,193.2,58.6,37.2,5.3,176.6,48.6,34.5,Apply Lime,2,1,289.0,3.241610738255033
Kyela,-9.51,33.972,Sandy Clay Loam,21.85,83.4,2.51,110.5,29.3,81.5,5.5,112.3,30.7,84.6,No Fertilizer,2,3,221.3,3.6468646864686467
Kyela,-9.51,33.876,Clay Loam,20.54,59.01,0.0,112.6,62.4,21.1,6.0,109.0,65.5,19.8,MOP,2,1,196.1,1.77602523659306
Kyela,-9.54,33.78,Sandy Clay Loam,19.81,82.73,0.0,134.1,10.4,10.3,5.5,137.2,9.9,9.5,NPK,2,3,154.8,11.76315789473684
Kyela,-9.33,33.908,Sandy Clay Loam,21.92,60.14,0.0,169.3,36.2,45.9,5.6,148.0,37.8,44.1,No Fertilizer,2,3,251.4,4.551075268817204
Kyela,-9.57,33.908,Sandy Clay Loam,24.3,73.68,0.78,131.4,63.3,66.9,5.7,121.6,64.6,73.3,No Fertilizer,2,3,261.6,2.043545878693624
Kyela,-9.45,33.908,Sandy Clay Loam,22.63,79.74,5.09,32.2,58.8,71.0,5.5,31.8,63.7,70.8,Urea,2,3,162.0,0.5384615384615385
Kyela,-9.45,33.844,Sandy Clay Loam,22.93,75.43,2.88,68.5,14.8,82.1,5.4,67.5,14.3,83.2,Apply Lime,2,3,165.39999999999998,4.3354430379746836
Kyela,-9.45,33.844,Sandy Clay Loam,21.74,81.14,4.28,184.7,29.2,49.0,5.4,167.8,28.2,50.8,Apply Lime,2,3,262.9,6.115894039735099
Kyela,-9.42,33.94,Sandy Clay Loam,25.49,56.88,0.29,50.1,43.9,14.5,5.6,48.2,44.9,14.4,NPK,2,3,108.5,1.115812917594655
Kyela,-9.42,33.972,Sandy Clay Loam,21.03,85.86,36.53,81.3,15.2,58.4,5.5,73.3,14.5,55.4,DAP,2,3,154.9,5.018518518518518
Kyela,-9.39,34.068,Clay Loam,18.91,82.79,0.27,70.6,59.1,69.1,5.6,83.5,67.9,71.4,Urea,2,1,198.79999999999998,1.1747088186356072
Kyela,-9.54,34.1,Sandy Clay Loam,23.8,62.59,0.16,87.4,61.2,13.7,5.6,84.7,64.4,13.8,NPK,2,3,162.3,1.405144694533762
Kyela,-9.45,34.036,Sandy Clay Loam,22.18,73.46,2.41,110.1,14.8,20.2,5.7,114.2,15.0,20.5,NPK,2,3,145.1,6.968354430379746
Kyela,-9.42,33.78,Sandy Clay Loam,19.74,80.09,0.0,191.3,11.0,7.6,5.5,170.3,12.0,7.0,NPK,2,3,209.9,15.941666666666668
Kyela,-9.3,34.1,Clay Loam,22.52,80.85,8.42,56.4,8.5,54.9,5.7,50.9,9.6,55.9,DAP,2,1,119.80000000000001,5.936842105263158
Kyela,-9.48,33.876,Clay Loam,24.97,58.15,0.19,30.7,62.6,73.5,5.7,30.7,64.0,80.5,Urea,2,1,166.8,0.4827044025157233
Kyela,-9.36,34.1,Clay Loam,21.09,86.27,25.79,48.3,17.6,55.5,5.7,43.6,16.8,62.3,DAP,2,1,121.4,2.5967741935483866
Kyela,-9.51,34.1,Sandy Clay Loam,23.49,77.87,4.29,180.8,34.3,90.7,5.4,160.8,31.5,88.5,Apply Lime,2,3,305.8,5.121813031161474
Kyela,-9.51,33.812,Clay Loam,22.09,79.24,0.74,120.4,32.3,10.7,5.6,119.8,33.6,11.3,MOP,2,1,163.39999999999998,3.6156156156156163
Kyela,-9.33,33.94,Sandy Clay Loam,21.82,81.63,4.62,68.7,45.8,85.7,5.6,58.6,43.5,81.9,Urea,2,3,200.2,1.467948717948718
Kyela,-9.36,33.844,Sandy Clay Loam,21.81,82.81,13.54,148.4,9.1,67.5,5.5,148.7,8.7,74.4,SSP,2,3,225.0,14.693069306930694
Kyela,-9.42,34.004,Sandy Clay Loam,20.76,83.61,0.42,154.1,20.6,31.2,5.4,156.4,19.0,32.4,Apply Lime,2,3,205.89999999999998,7.134259259259259
Kyela,-9.54,33.908,Sandy Clay Loam,22.19,81.95,10.65,163.2,63.9,79.6,5.5,153.9,65.5,87.8,No Fertilizer,2,3,306.7,2.5146379044684126
Kyela,-9.33,34.036,Clay Loam,21.97,63.38,0.38,162.1,55.9,31.1,5.4,166.2,64.0,30.2,Apply Lime,2,1,249.1,2.8488576449912126
Kyela,-9.3,34.1,Clay Loam,24.23,67.58,1.48,53.2,55.8,84.4,5.7,52.9,55.6,80.7,Urea,2,1,193.4,0.9366197183098592
Kyela,-9.6,33.812,Sandy Clay Loam,21.66,80.16,1.23,152.0,4.9,81.9,5.7,138.4,5.3,80.0,SSP,2,3,238.8,25.76271186440678
Kyela,-9.57,33.78,Sandy Clay Loam,16.65,55.56,0.0,88.4,24.3,64.3,5.7,88.3,25.6,69.6,DAP,2,3,177.0,3.4940711462450595
Kyela,-9.48,33.844,Sandy Clay Loam,24.63,49.23,0.0,135.0,44.5,50.5,5.6,153.1,45.4,53.3,No Fertilizer,2,3,230.0,2.967032967032967
Kyela,-9.39,33.78,Sandy Clay Loam,24.99,58.15,1.36,137.3,21.6,16.3,5.4,133.8,22.2,16.1,Apply Lime,2,3,175.20000000000002,6.075221238938053
Kyela,-9.36,33.94,Sandy Clay Loam,23.73,53.44,0.0,135.1,64.7,44.7,5.5,142.0,64.0,50.7,No Fertilizer,2,3,244.5,2.0563165905631657
Kyela,-9.33,34.004,Clay Loam,21.5,84.99,7.24,128.9,48.1,35.4,5.5,121.5,45.8,36.0,No Fertilizer,2,1,212.4,2.625254582484725
Kyela,-9.33,33.876,Sandy Clay Loam,22.19,76.85,17.34,42.1,8.5,80.2,5.6,40.2,8.7,72.5,DAP,2,3,130.8,4.431578947368421
Kyela,-9.45,33.972,Sandy Clay Loam,25.78,51.59,0.02,113.2,65.8,68.8,5.6,102.7,64.0,69.7,No Fertilizer,2,3,247.8,1.694610778443114
Kyela,-9.57,33.812,Sandy Clay Loam,21.14,83.85,6.51,188.7,67.3,73.9,5.5,177.4,67.2,82.5,No Fertilizer,2,3,329.9,2.7628111273792095
Kyela,-9.6,33.844,Sandy Clay Loam,21.01,84.56,1.42,182.3,9.7,6.9,5.6,169.4,9.1,7.2,NPK,2,3,198.9,17.037383177570096
Kyela,-9.39,33.812,Clay Loam,14.65,79.61,0.88,16.5,38.6,70.7,5.5,17.3,39.1,74.0,Urea,2,1,125.80000000000001,0.41666666666666663
Kyela,-9.45,33.972,Sandy Clay Loam,23.35,74.66,1.75,40.2,23.9,97.5,5.6,38.0,24.0,84.8,DAP,2,3,161.6,1.6144578313253015
Kyela,-9.57,33.876,Sandy Clay Loam,21.32,83.49,3.57,36.9,29.1,80.7,5.8,32.4,29.9,72.3,Urea,2,3,146.7,1.2259136212624584
Kyela,-9.45,34.1,Clay Loam,21.66,81.88,10.68,127.0,15.7,17.8,5.4,133.4,15.9,16.9,Apply Lime,2,1,160.5,7.604790419161677
Kyela,-9.3,34.004,Clay Loam,22.69,84.11,8.48,167.8,39.8,12.5,5.5,149.0,42.2,12.8,MOP,2,1,220.10000000000002,4.112745098039216
Kyela,-9.3,34.068,Clay Loam,21.2,83.21,0.66,44.5,63.1,8.4,5.6,46.3,67.2,7.8,NPK,2,1,116.0,0.6942277691107644
Kyela,-9.42,34.1,Clay,24.16,70.73,1.36,90.3,39.2,54.1,5.4,96.0,37.2,58.8,Apply Lime,2,0,183.6,2.246268656716418
Kyela,-9.6,33.94,Sandy Clay Loam,25.19,64.21,1.96,156.1,8.8,63.3,5.5,152.9,9.5,58.9,SSP,2,3,228.2,15.928571428571427
Kyela,-9.33,34.036,Clay Loam,16.93,81.54,0.02,141.3,43.9,94.7,5.4,134.6,44.9,88.9,Apply Lime,2,1,279.90000000000003,3.146993318485524
Kyela,-9.33,33.844,Sandy Clay Loam,14.98,81.27,0.02,108.7,28.3,39.0,5.6,102.2,26.5,39.4,SSP,2,3,176.0,3.7098976109215016
Kyela,-9.3,33.972,Sandy Clay Loam,17.35,81.63,0.0,102.9,59.0,36.6,5.8,110.4,60.5,33.9,No Fertilizer,2,3,198.5,1.715
Kyela,-9.54,34.1,Sandy Clay Loam,23.54,71.38,12.31,99.4,34.6,56.6,5.6,96.4,32.7,58.5,No Fertilizer,2,3,190.6,2.7921348314606744
Kyela,-9.45,33.812,Sandy Clay Loam,23.46,65.86,4.45,57.7,16.0,68.7,5.6,60.6,16.7,75.4,DAP,2,3,142.4,3.394117647058824
Kyela,-9.48,33.844,Sandy Clay Loam,25.76,49.06,0.0,95.0,15.4,90.5,5.6,106.1,16.6,84.7,SSP,2,3,200.9,5.7926829268292686
Kyela,-9.6,33.908,Sandy Clay Loam,14.78,76.92,0.0,118.8,48.6,73.0,5.8,127.1,54.7,73.5,No Fertilizer,2,3,240.4,2.3951612903225805
Kyela,-9.51,33.78,Sandy Loam,24.06,56.06,0.03,150.1,23.5,43.6,5.6,158.5,21.5,41.8,SSP,2,4,217.2,6.126530612244898
Kyela,-9.45,33.876,Clay Loam,17.87,77.88,0.04,122.5,50.3,66.9,5.9,118.2,54.6,59.3,No Fertilizer,2,1,239.70000000000002,2.387914230019493
Kyela,-9.54,33.812,Sandy Clay Loam,24.05,51.6,0.0,150.6,18.5,74.0,5.6,139.4,17.6,77.9,SSP,2,3,243.1,7.723076923076923
Kyela,-9.39,34.004,Clay Loam,15.56,88.1,4.3,33.4,23.5,46.7,5.3,37.2,25.2,47.2,Apply Lime,2,1,103.6,1.363265306122449
Kyela,-9.36,34.036,Sandy Clay Loam,18.89,86.53,1.45,90.6,37.9,26.9,5.5,88.5,34.7,24.2,NPK,2,3,155.4,2.329048843187661
Kyela,-9.39,34.004,Clay Loam,23.97,71.12,18.76,10.6,76.5,21.2,5.3,11.6,66.3,20.3,Apply Lime,2,1,108.3,0.1367741935483871
Kyela,-9.33,33.78,Sandy Clay Loam,20.69,87.74,6.83,54.2,57.8,5.7,5.5,51.9,65.5,6.0,NPK,2,3,117.7,0.9217687074829933
Kyela,-9.36,33.94,Sandy Clay Loam,17.86,69.46,0.0,127.7,16.3,61.9,5.5,133.5,17.7,66.3,SSP,2,3,205.9,7.38150289017341
Kyela,-9.39,33.94,Sandy Clay Loam,21.91,81.64,50.9,165.5,29.1,14.8,5.6,178.6,27.6,15.3,MOP,2,3,209.4,5.498338870431893
Kyela,-9.6,33.876,Clay Loam,20.91,82.3,7.87,28.4,14.4,25.1,5.9,26.9,13.9,26.5,NPK,2,1,67.9,1.844155844155844
Kyela,-9.48,33.908,Clay Loam,21.28,82.51,0.85,75.0,39.7,31.5,5.5,78.3,37.7,31.0,NPK,2,1,146.2,1.8427518427518426
Kyela,-9.57,33.876,Sandy Clay Loam,16.09,75.95,0.0,142.8,33.0,53.4,5.8,146.0,34.4,53.1,No Fertilizer,2,3,229.20000000000002,4.2
Kyela,-9.39,34.004,Clay Loam,20.54,85.31,7.57,37.7,72.3,40.2,5.3,44.7,63.5,39.4,Apply Lime,2,1,150.2,0.514324693042292
Kyela,-9.51,33.972,Sandy Clay Loam,16.25,85.85,3.03,111.3,65.9,59.0,5.5,104.4,65.4,62.7,No Fertilizer,2,3,236.2,1.663677130044843
Kyela,-9.33,33.812,Sandy Clay Loam,19.56,58.18,0.0,142.4,26.8,10.6,5.5,134.6,29.3,10.7,MOP,2,3,179.8,5.122302158273381
Kyela,-9.57,33.844,Sandy Clay Loam,17.04,87.23,0.05,114.8,35.8,14.0,5.4,114.7,36.5,16.4,Apply Lime,2,3,164.6,3.1195652173913047
Kyela,-9.3,33.812,Sandy Clay Loam,21.17,85.23,4.6,37.5,57.8,48.4,5.7,42.0,63.2,47.9,Urea,2,3,143.7,0.6377551020408163
Kyela,-9.3,33.972,Sandy Clay Loam,22.2,82.53,3.87,76.4,63.6,37.1,5.8,70.4,57.2,34.3,Urea,2,3,177.1,1.1826625386996905
Kyela,-9.36,34.004,Clay Loam,18.52,76.21,0.0,136.6,4.0,27.8,5.5,143.2,4.2,30.8,NPK,2,1,168.4,27.32
Kyela,-9.36,34.068,Clay Loam,16.66,72.7,0.0,100.9,26.0,12.0,5.6,104.2,25.1,11.6,NPK,2,1,138.9,3.7370370370370374
Kyela,-9.57,33.908,Sandy Clay Loam,20.56,69.05,0.85,12.7,30.8,77.8,5.7,10.9,31.8,81.2,Urea,2,3,121.3,0.3993710691823899
Kyela,-9.51,34.1,Sandy Clay Loam,16.13,70.82,0.0,132.5,18.3,67.7,5.4,139.4,19.2,64.1,Apply Lime,2,3,218.5,6.865284974093264
Kyela,-9.36,33.844,Sandy Clay Loam,21.18,87.63,13.33,16.8,14.9,16.4,5.5,16.0,17.2,16.2,NPK,2,3,48.1,1.0566037735849056
Kyela,-9.39,33.908,Sandy Clay Loam,21.55,87.14,16.52,142.2,6.8,11.8,5.5,136.8,6.5,11.5,NPK,2,3,160.8,18.23076923076923
Kyela,-9.54,33.812,Sandy Clay Loam,21.68,81.62,0.78,45.6,50.7,88.3,5.6,44.4,46.5,87.9,Urea,2,3,184.60000000000002,0.8820116054158608
Kyela,-9.48,34.036,Sandy Clay Loam,18.13,64.65,0.0,176.3,20.0,69.1,5.6,172.9,21.3,63.2,SSP,2,3,265.4,8.395238095238096
Kyela,-9.57,33.94,Clay Loam,21.17,81.44,2.94,74.5,6.6,42.1,5.6,72.5,7.5,41.1,DAP,2,1,123.19999999999999,9.802631578947368
Kyela,-9.33,33.812,Sandy Clay Loam,17.61,82.34,0.0,66.8,20.3,61.7,5.5,65.6,19.2,64.9,DAP,2,3,148.8,3.136150234741784
Kyela,-9.51,33.812,Clay Loam,18.75,63.57,0.0,35.2,50.4,70.0,5.6,35.3,56.9,69.5,Urea,2,1,155.6,0.6848249027237355
Kyela,-9.42,34.036,Clay Loam,21.16,61.51,0.0,68.5,65.3,69.7,5.3,62.0,60.2,71.5,Apply Lime,2,1,203.5,1.0331825037707392
Kyela,-9.39,34.004,Clay Loam,16.6,84.85,0.17,144.4,33.6,46.7,5.3,159.0,35.9,46.1,Apply Lime,2,1,224.7,4.173410404624278
Kyela,-9.33,33.78,Sandy Clay Loam,18.16,72.01,0.02,192.2,29.0,40.9,5.5,179.4,31.5,42.1,No Fertilizer,2,3,262.09999999999997,6.406666666666666
Kyela,-9.51,33.876,Clay Loam,22.45,75.79,14.72,76.8,69.7,6.6,6.0,72.6,68.5,6.9,NPK,2,1,153.1,1.0862800565770863
Kyela,-9.45,34.1,Clay Loam,23.91,64.23,0.94,90.5,16.0,85.0,5.4,86.3,17.2,83.8,Apply Lime,2,1,191.5,5.323529411764706
Kyela,-9.6,33.812,Sandy Clay Loam,21.4,80.77,6.26,143.1,17.3,56.9,5.7,132.8,18.2,56.7,SSP,2,3,217.3,7.819672131147541
Kyela,-9.45,34.1,Clay Loam,21.6,83.65,6.85,159.6,23.8,24.8,5.4,160.7,23.3,23.1,Apply Lime,2,1,208.20000000000002,6.435483870967741
Kyela,-9.3,33.94,Sandy Clay Loam,23.08,78.62,86.98,96.3,12.8,80.8,5.5,110.8,15.4,83.2,SSP,2,3,189.89999999999998,6.978260869565217
Kyela,-9.39,34.1,Sandy Clay Loam,15.98,79.26,0.03,76.2,32.4,71.4,5.6,76.6,29.0,82.9,Urea,2,3,180.0,2.281437125748503
Kyela,-9.51,34.068,Sandy Clay Loam,22.39,77.34,6.22,74.6,64.3,86.8,5.7,80.1,64.1,89.1,Urea,2,3,225.7,1.1424196018376722
Kyela,-9.57,33.908,Sandy Clay Loam,20.0,82.17,0.35,121.7,40.6,70.4,5.7,128.3,44.6,79.4,No Fertilizer,2,3,232.70000000000002,2.925480769230769
Kyela,-9.36,33.812,Sandy Clay Loam,21.56,82.67,8.45,9.6,29.0,92.4,5.5,10.5,31.2,89.8,Urea,2,3,131.0,0.32
Kyela,-9.45,33.812,Sandy Clay Loam,15.95,84.26,0.01,111.5,70.2,23.4,5.6,115.3,65.7,26.6,MOP,2,3,205.1,1.5660112359550562
Kyela,-9.3,34.036,Clay Loam,23.19,68.39,4.12,67.5,7.5,71.4,5.4,70.4,7.2,76.7,Apply Lime,2,1,146.4,7.9411764705882355
Kyela,-9.6,33.876,Clay Loam,21.06,87.18,1.57,120.9,19.6,73.2,5.9,145.0,17.9,75.1,SSP,2,1,213.7,5.868932038834951
Kyela,-9.42,34.068,Clay Loam,17.31,83.56,0.4,27.1,39.4,28.1,5.6,25.8,41.3,25.4,NPK,2,1,94.6,0.6707920792079208
Kyela,-9.3,33.78,Sandy Clay Loam,16.23,77.73,0.0,127.1,45.6,13.2,5.5,110.0,44.6,14.3,MOP,2,3,185.89999999999998,2.727467811158798
Kyela,-9.54,34.1,Sandy Clay Loam,22.01,82.95,10.09,95.7,6.8,88.3,5.6,91.8,6.6,88.3,SSP,2,3,190.8,12.26923076923077
Kyela,-9.51,33.78,Sandy Loam,22.25,60.49,0.0,117.5,32.1,32.1,5.6,119.2,30.6,30.9,MOP,2,4,181.7,3.549848942598187
Kyela,-9.42,34.036,Clay Loam,22.36,81.08,1.89,20.9,50.5,87.4,5.3,21.0,46.8,79.2,Apply Lime,2,1,158.8,0.40582524271844655
Kyela,-9.36,34.068,Clay Loam,26.49,53.72,1.07,105.4,47.6,6.7,5.6,108.6,50.1,6.3,MOP,2,1,159.7,2.168724279835391
Kyela,-9.45,34.068,Clay Loam,17.85,67.91,0.03,106.1,45.7,8.4,5.4,105.5,46.1,7.8,Apply Lime,2,1,160.20000000000002,2.271948608137045
Kyela,-9.6,33.94,Sandy Clay Loam,19.79,86.76,1.62,105.0,24.1,47.9,5.5,105.3,25.2,45.1,SSP,2,3,177.0,4.183266932270916
Kyela,-9.36,33.844,Sandy Clay Loam,23.96,64.23,0.24,106.0,10.1,23.8,5.5,112.6,10.2,26.1,NPK,2,3,139.9,9.54954954954955
Kyela,-9.3,33.876,Sandy Clay Loam,15.04,82.25,0.0,139.7,33.8,65.6,5.7,125.0,32.2,63.9,No Fertilizer,2,3,239.1,4.014367816091954
Kyela,-9.45,33.94,Loam,18.17,83.3,10.64,131.6,11.1,56.7,5.8,146.8,12.5,53.5,SSP,2,2,199.39999999999998,10.87603305785124
Kyela,-9.45,33.908,Sandy Clay Loam,22.1,76.02,0.79,58.7,71.7,11.7,5.5,55.9,66.5,12.5,NPK,2,3,142.1,0.8074277854195323
Kyela,-9.39,34.036,Clay Loam,17.46,77.84,0.08,149.2,32.5,18.9,5.5,150.3,35.4,19.7,MOP,2,1,200.6,4.4537313432835814
Kyela,-9.48,34.036,Sandy Clay Loam,22.2,53.68,0.08,107.3,24.4,36.4,5.6,94.7,24.9,38.6,SSP,2,3,168.1,4.224409448818898
Kyela,-9.42,33.908,Sandy Clay Loam,19.88,88.74,6.18,23.7,59.3,22.8,5.6,23.1,54.6,21.6,NPK,2,3,105.8,0.39303482587064675
Kyela,-9.3,33.94,Sandy Clay Loam,22.51,83.39,18.3,19.5,37.7,72.2,5.5,20.0,36.9,72.5,Urea,2,3,129.4,0.5038759689922481
Kyela,-9.42,34.004,Sandy Clay Loam,25.9,54.29,0.14,65.7,25.0,40.0,5.4,66.8,24.5,40.9,Apply Lime,2,3,130.7,2.526923076923077
Kyela,-9.57,33.876,Sandy Clay Loam,21.64,62.58,0.0,143.8,52.8,12.6,5.8,143.4,57.6,13.8,MOP,2,3,209.20000000000002,2.672862453531599
Kyela,-9.42,33.876,Clay Loam,21.91,79.87,12.54,119.9,56.8,46.5,5.7,130.3,61.2,46.7,No Fertilizer,2,1,223.2,2.0743944636678204
Kyela,-9.54,34.1,Sandy Clay Loam,20.25,87.36,1.46,136.3,51.6,13.1,5.6,144.1,48.4,13.6,MOP,2,3,201.0,2.5912547528517114
Kyela,-9.48,33.94,Sandy Clay Loam,21.74,80.31,7.18,85.7,6.8,17.1,5.5,97.9,7.1,16.8,NPK,2,3,109.6,10.987179487179487
Kyela,-9.48,33.812,Clay Loam,18.79,73.74,0.28,79.4,39.9,24.0,5.5,84.8,41.4,26.1,NPK,2,1,143.3,1.9413202933985332
Kyela,-9.48,33.844,Sandy Clay Loam,22.84,84.07,16.03,35.3,58.0,79.2,5.6,35.1,54.4,78.2,Urea,2,3,172.5,0.5983050847457627
Kyela,-9.51,34.1,Sandy Clay Loam,24.64,69.31,48.29,67.2,12.1,81.1,5.4,65.8,13.0,83.7,Apply Lime,2,3,160.39999999999998,5.129770992366413
Kyela,-9.54,33.94,Sandy Clay Loam,26.23,48.2,0.0,72.2,19.5,68.8,5.7,83.8,19.1,75.4,DAP,2,3,160.5,3.521951219512195
Kyela,-9.51,33.78,Sandy Loam,21.27,74.3,0.14,24.8,62.4,30.9,5.6,25.1,62.2,34.1,Urea,2,4,118.1,0.3911671924290221
Kyela,-9.3,34.004,Clay Loam,27.68,44.1,0.04,49.4,5.3,26.5,5.5,47.5,5.3,28.9,NPK,2,1,81.19999999999999,7.841269841269841
Kyela,-9.48,34.068,Sandy Clay Loam,22.61,51.27,0.0,110.4,51.7,51.4,5.3,111.7,53.7,52.1,Apply Lime,2,3,213.50000000000003,2.094876660341556
Kyela,-9.54,33.812,Sandy Clay Loam,21.51,60.43,0.0,129.1,33.8,67.2,5.6,135.1,35.3,66.6,No Fertilizer,2,3,230.09999999999997,3.709770114942529
Kyela,-9.6,33.844,Sandy Clay Loam,25.58,50.73,0.0,174.5,31.0,91.1,5.6,179.7,33.5,89.4,No Fertilizer,2,3,296.6,5.453125
Kyela,-9.6,33.812,Sandy Clay Loam,21.53,88.15,4.03,162.2,4.6,17.4,5.7,168.6,4.5,17.1,NPK,2,3,184.2,28.964285714285715
Kyela,-9.6,33.94,Sandy Clay Loam,24.86,52.55,0.0,113.9,55.4,9.6,5.5,119.2,58.1,10.1,MOP,2,3,178.9,2.019503546099291
Kyela,-9.54,33.876,Clay Loam,20.33,69.87,0.15,82.6,29.6,69.1,5.4,81.6,27.7,64.3,Apply Lime,2,1,181.29999999999998,2.699346405228758
Kyela,-9.57,33.812,Sandy Clay Loam,22.21,57.73,0.0,137.2,39.1,73.6,5.5,118.2,39.7,75.9,No Fertilizer,2,3,249.89999999999998,3.4214463840399
Kyela,-9.36,34.004,Clay Loam,24.69,53.03,0.02,136.1,45.1,79.5,5.5,143.6,48.7,77.1,No Fertilizer,2,1,260.7,2.9522776572668112
Kyela,-9.33,33.844,Sandy Clay Loam,22.94,56.57,0.0,29.4,49.5,62.3,5.6,30.1,50.4,63.0,Urea,2,3,141.2,0.5821782178217821
Kyela,-9.39,34.1,Sandy Clay Loam,22.8,82.9,7.84,79.4,65.2,88.4,5.6,79.7,67.1,86.1,Urea,2,3,233.00000000000003,1.1993957703927494
Kyela,-9.42,34.036,Clay Loam,23.28,78.21,6.11,145.4,41.8,48.2,5.3,152.8,39.1,48.9,Apply Lime,2,1,235.39999999999998,3.3971962616822435
Kyela,-9.45,34.068,Clay Loam,23.42,72.05,8.53,81.0,29.6,85.0,5.4,75.3,30.4,82.8,Apply Lime,2,1,195.6,2.6470588235294117
Kyela,-9.48,33.972,Clay Loam,13.46,78.83,0.0,89.4,65.7,87.3,5.8,107.2,66.9,87.3,No Fertilizer,2,1,242.40000000000003,1.3403298350824588
Kyela,-9.3,33.876,Sandy Clay Loam,18.81,83.57,0.07,105.8,51.0,81.6,5.7,109.9,46.4,77.2,No Fertilizer,2,3,238.4,2.0346153846153845
Kyela,-9.39,33.876,Clay Loam,21.94,62.97,0.0,43.7,24.5,30.2,5.5,41.4,23.7,32.0,NPK,2,1,98.4,1.7137254901960786
Kyela,-9.33,33.908,Sandy Clay Loam,20.72,78.82,0.08,70.1,13.8,19.7,5.6,71.6,12.3,22.5,NPK,2,3,103.6,4.736486486486486
Kyela,-9.48,33.876,Clay Loam,21.22,55.71,0.0,63.0,64.9,48.5,5.7,66.9,59.6,52.0,Urea,2,1,176.4,0.9559939301972685
Kyela,-9.33,33.876,Sandy Clay Loam,23.28,75.68,1.4,14.9,26.2,47.3,5.6,14.5,27.9,44.1,Urea,2,3,88.4,0.5477941176470589
Kyela,-9.39,33.876,Clay Loam,21.16,61.51,0.0,15.0,50.9,78.9,5.5,14.1,47.6,79.7,Urea,2,1,144.8,0.28901734104046245
Kyela,-9.6,33.844,Sandy Clay Loam,21.37,72.19,0.37,153.6,38.8,14.5,5.6,151.4,35.1,14.4,MOP,2,3,206.89999999999998,3.8592964824120606
Kyela,-9.3,33.972,Sandy Clay Loam,21.69,81.61,12.99,53.3,19.0,25.6,5.8,56.4,17.1,27.7,NPK,2,3,97.9,2.665
Kyela,-9.39,34.1,Sandy Clay Loam,23.39,78.98,11.42,101.2,46.7,69.5,5.6,98.1,43.7,69.2,No Fertilizer,2,3,217.4,2.1215932914046123
Kyela,-9.51,33.812,Clay Loam,21.24,64.38,0.0,59.1,8.5,13.0,5.6,60.8,8.0,14.0,NPK,2,1,80.6,6.221052631578948
Kyela,-9.39,33.78,Sandy Clay Loam,19.57,59.14,0.0,178.8,30.6,30.9,5.4,169.9,31.3,32.9,Apply Lime,2,3,240.3,5.658227848101266
Kyela,-9.48,33.908,Clay Loam,23.91,64.23,0.94,59.7,37.7,37.4,5.5,54.1,40.1,38.5,Urea,2,1,134.8,1.5426356589147285
Kyela,-9.45,33.908,Sandy Clay Loam,15.69,88.25,1.21,67.9,32.0,60.1,5.5,83.0,32.8,58.3,Urea,2,3,160.0,2.0575757575757576
Kyela,-9.36,33.812,Sandy Clay Loam,19.71,87.63,14.55,159.6,47.2,20.0,5.5,158.4,53.4,19.3,MOP,2,3,226.8,3.3112033195020745
Kyela,-9.42,33.876,Clay Loam,19.72,69.25,0.0,134.5,64.2,81.5,5.7,153.1,58.6,78.3,No Fertilizer,2,1,280.2,2.062883435582822
Kyela,-9.36,33.972,Sandy Clay Loam,21.71,80.96,5.05,48.8,53.8,38.7,5.5,41.6,54.9,43.6,Urea,2,3,141.3,0.8905109489051095
Kyela,-9.54,33.78,Sandy Clay Loam,26.81,51.63,0.0,141.7,7.2,83.0,5.5,146.4,6.6,83.0,SSP,2,3,231.89999999999998,17.28048780487805
Kyela,-9.39,33.876,Clay Loam,21.22,86.31,2.0,92.5,15.4,44.7,5.5,87.9,16.8,45.3,DAP,2,1,152.60000000000002,5.640243902439025
Kyela,-9.54,33.812,Sandy Clay Loam,23.95,70.96,5.59,91.9,42.4,26.0,5.6,92.1,39.4,29.1,MOP,2,3,160.3,2.1175115207373274
Kyela,-9.39,33.812,Clay Loam,21.42,85.86,9.6,30.9,63.4,17.9,5.5,32.7,65.7,17.9,NPK,2,1,112.19999999999999,0.4798136645962732
Kyela,-9.3,34.004,Clay Loam,20.76,85.59,2.51,22.2,53.8,6.2,5.5,23.7,59.1,6.3,NPK,2,1,82.2,0.4051094890510949
Kyela,-9.39,33.844,Sandy Clay Loam,25.34,67.42,2.12,148.6,66.4,52.5,5.6,133.7,59.6,50.7,No Fertilizer,2,3,267.5,2.204747774480712
Kyela,-9.3,33.94,Sandy Clay Loam,21.32,84.78,9.44,100.7,25.9,15.1,5.5,94.4,24.0,15.0,NPK,2,3,141.7,3.7434944237918217
Kyela,-9.39,33.812,Clay Loam,23.78,77.23,5.21,95.7,32.8,37.4,5.5,84.3,32.3,38.9,Urea,2,1,165.9,2.8313609467455625
Kyela,-9.33,34.068,Clay Loam,22.73,63.77,1.31,134.5,35.1,59.1,5.5,134.0,35.1,55.5,No Fertilizer,2,1,228.7,3.7257617728531853
Kyela,-9.36,33.972,Sandy Clay Loam,20.94,78.78,0.83,143.0,14.8,24.6,5.5,140.1,14.4,29.2,NPK,2,3,182.4,9.050632911392405
Kyela,-9.48,34.068,Sandy Clay Loam,21.54,82.42,29.08,36.3,6.1,20.6,5.3,37.0,6.1,20.7,Apply Lime,2,3,63.0,5.112676056338028
Kyela,-9.3,33.78,Sandy Clay Loam,16.86,78.22,0.0,111.5,62.8,62.3,5.5,113.7,66.5,71.1,No Fertilizer,2,3,236.60000000000002,1.7476489028213167
Kyela,-9.36,33.812,Sandy Clay Loam,23.74,44.13,0.0,30.6,19.3,80.1,5.5,33.0,19.9,85.5,DAP,2,3,130.0,1.5073891625615763
Kyela,-9.51,33.972,Sandy Clay Loam,22.39,77.72,2.17,138.5,22.6,15.0,5.5,137.7,19.8,14.4,NPK,2,3,176.1,5.86864406779661
Kyela,-9.39,33.908,Sandy Clay Loam,14.87,86.14,12.02,115.0,11.3,17.4,5.5,121.7,9.5,19.1,NPK,2,3,143.7,9.34959349593496
Kyela,-9.48,33.78,Sandy Clay Loam,15.35,82.18,5.11,178.0,72.4,78.0,5.5,172.6,65.3,86.6,No Fertilizer,2,3,328.4,2.425068119891008
Kyela,-9.33,33.812,Sandy Clay Loam,21.99,84.18,4.94,22.0,43.7,10.7,5.5,21.7,42.3,9.2,NPK,2,3,76.4,0.49217002237136465
Kyela,-9.33,33.908,Sandy Clay Loam,24.98,65.46,3.52,20.1,46.9,79.7,5.6,19.7,48.0,88.1,Urea,2,3,146.7,0.41962421711899794
Kyela,-9.48,33.908,Clay Loam,21.88,60.76,0.0,64.8,60.6,7.1,5.5,58.0,64.2,6.4,NPK,2,1,132.5,1.051948051948052
Kyela,-9.3,34.068,Clay Loam,18.16,64.13,0.0,54.3,25.4,78.4,5.6,54.5,26.8,79.4,DAP,2,1,158.1,2.0568181818181817
Kyela,-9.51,33.812,Clay Loam,15.06,84.23,0.0,54.7,43.3,30.6,5.6,52.0,45.0,31.8,NPK,2,1,128.6,1.234762979683973
Kyela,-9.39,33.812,Clay Loam,25.16,51.79,0.01,187.6,7.5,88.2,5.5,164.1,6.6,84.8,SSP,2,1,283.3,22.070588235294117
Kyela,-9.36,34.036,Sandy Clay Loam,21.42,82.26,22.83,57.2,18.4,35.7,5.5,52.4,16.3,32.6,NPK,2,3,111.3,2.948453608247423
Kyela,-9.42,33.908,Sandy Clay Loam,17.56,66.08,0.0,60.8,61.9,56.1,5.6,56.2,58.9,61.0,Urea,2,3,178.79999999999998,0.9666136724960254
Kyela,-9.39,34.036,Clay Loam,25.11,54.99,0.1,136.1,50.9,12.3,5.5,139.1,54.6,12.7,MOP,2,1,199.3,2.622350674373796
Kyela,-9.39,34.036,Clay Loam,20.03,83.79,0.25,87.8,28.8,27.9,5.5,86.5,27.1,26.4,NPK,2,1,144.5,2.9463087248322144
Kyela,-9.3,33.94,Sandy Clay Loam,20.22,54.71,0.0,128.9,28.4,72.4,5.5,142.0,28.9,71.0,No Fertilizer,2,3,229.70000000000002,4.384353741496599
Kyela,-9.42,34.068,Clay Loam,25.14,64.35,12.06,21.8,33.3,54.3,5.6,21.1,39.2,50.4,Urea,2,1,109.39999999999999,0.6355685131195336
Kyela,-9.57,33.78,Sandy Clay Loam,20.76,85.59,2.51,94.7,4.1,87.0,5.7,92.9,4.0,83.9,SSP,2,3,185.8,18.568627450980394
Kyela,-9.3,34.036,Clay Loam,24.91,54.58,0.98,15.7,18.7,47.3,5.4,15.7,19.9,42.0,Apply Lime,2,1,81.69999999999999,0.7969543147208121
Kyela,-9.48,34.068,Sandy Clay Loam,18.53,63.9,0.0,22.1,16.7,80.1,5.3,20.7,17.7,79.1,Apply Lime,2,3,118.89999999999999,1.248587570621469
Kyela,-9.6,33.78,Sandy Clay Loam,25.42,46.54,0.0,150.2,20.2,44.4,5.5,164.1,20.5,43.7,SSP,2,3,214.79999999999998,7.084905660377358
Kyela,-9.3,33.876,Sandy Clay Loam,18.79,73.74,0.28,37.5,55.2,90.2,5.7,33.7,57.2,88.3,Urea,2,3,182.9,0.6672597864768683
Kyela,-9.57,33.844,Sandy Clay Loam,21.24,64.38,0.0,106.9,22.4,85.8,5.4,100.5,22.5,86.6,Apply Lime,2,3,215.10000000000002,4.568376068376069
Kyela,-9.33,33.972,Sandy Clay Loam,23.77,68.05,2.02,79.5,16.5,35.6,5.4,79.9,16.6,33.6,Apply Lime,2,3,131.6,4.542857142857143
Kyela,-9.3,34.004,Clay Loam,24.01,49.72,0.0,68.3,32.4,81.8,5.5,69.0,37.3,80.4,Urea,2,1,182.5,2.0449101796407185
Kyela,-9.48,33.876,Clay Loam,21.73,79.74,5.45,168.5,67.6,81.5,5.7,163.0,61.1,77.2,No Fertilizer,2,1,317.6,2.4562682215743443
Kyela,-9.36,33.844,Sandy Clay Loam,21.0,83.23,5.68,15.2,18.6,25.3,5.5,13.7,19.9,23.7,NPK,2,3,59.099999999999994,0.7755102040816325
Kyela,-9.33,33.876,Sandy Clay Loam,16.36,78.7,0.0,123.7,8.6,60.2,5.6,122.8,9.2,58.4,SSP,2,3,192.5,12.885416666666668
Kyela,-9.57,33.94,Clay Loam,22.22,82.73,11.9,175.5,26.9,12.5,5.6,173.8,27.5,12.1,MOP,2,1,214.9,6.290322580645162
Kyela,-9.48,33.78,Sandy Clay Loam,14.29,84.82,8.74,105.4,52.9,70.9,5.5,105.2,53.3,76.3,No Fertilizer,2,3,229.20000000000002,1.9554730983302413
Kyela,-9.51,33.812,Clay Loam,20.36,88.38,33.42,190.4,44.5,19.9,5.6,169.3,40.3,20.7,MOP,2,1,254.8,4.184615384615385
Kyela,-9.33,33.844,Sandy Clay Loam,19.03,85.47,0.51,18.4,59.0,12.7,5.6,18.9,57.9,11.9,NPK,2,3,90.10000000000001,0.30666666666666664
Kyela,-9.42,33.78,Sandy Clay Loam,23.85,76.13,23.22,81.0,70.0,43.6,5.5,81.2,67.3,39.6,Urea,2,3,194.6,1.1408450704225352
Kyela,-9.42,34.1,Clay,18.08,61.6,0.0,59.8,57.4,47.1,5.4,54.2,56.3,54.5,Apply Lime,2,0,164.29999999999998,1.023972602739726
Kyela,-9.42,33.908,Sandy Clay Loam,16.06,77.98,0.0,135.6,44.6,74.7,5.6,134.2,43.9,77.8,No Fertilizer,2,3,254.89999999999998,2.9736842105263155
Kyela,-9.48,34.1,Clay Loam,17.35,81.63,0.0,190.9,37.4,88.0,5.5,176.8,36.6,87.8,No Fertilizer,2,1,316.3,4.971354166666667
Kyela,-9.42,34.068,Clay Loam,20.97,86.77,11.53,50.2,5.7,40.3,5.6,53.6,6.6,42.9,DAP,2,1,96.2,7.492537313432836
Kyela,-9.36,33.844,Sandy Clay Loam,17.64,73.8,0.01,119.5,67.8,10.4,5.5,121.2,69.0,11.1,MOP,2,3,197.70000000000002,1.7369186046511629
Kyela,-9.39,33.812,Clay Loam,22.76,87.22,18.56,48.2,31.7,71.2,5.5,43.7,29.3,68.9,Urea,2,1,151.10000000000002,1.474006116207951
Kyela,-9.48,33.876,Clay Loam,24.06,56.06,0.03,101.1,17.9,59.4,5.7,106.1,14.0,53.5,SSP,2,1,178.4,5.34920634920635
Kyela,-9.45,33.94,Loam,23.97,70.04,0.41,87.9,44.0,37.4,5.8,88.9,48.0,43.6,Urea,2,2,169.3,1.9533333333333334
Kyela,-9.39,33.972,Sandy Clay Loam,19.72,68.21,3.72,178.4,23.4,31.6,5.5,175.2,22.8,32.0,NPK,2,3,233.4,7.311475409836066
Kyela,-9.3,34.036,Clay Loam,21.28,82.51,0.85,105.6,41.0,49.8,5.4,113.4,42.7,48.2,Apply Lime,2,1,196.39999999999998,2.5142857142857142
Kyela,-9.6,33.94,Sandy Clay Loam,20.56,69.05,0.85,67.4,48.9,36.3,5.5,69.4,42.7,34.4,Urea,2,3,152.60000000000002,1.3507014028056115
Kyela,-9.48,34.1,Clay Loam,14.81,86.08,0.02,29.6,30.3,71.1,5.5,29.4,33.4,69.6,Urea,2,1,131.0,0.9456869009584665
Kyela,-9.6,33.844,Sandy Clay Loam,21.12,85.27,10.85,35.8,61.8,58.1,5.6,35.7,59.2,51.7,Urea,2,3,155.7,0.5700636942675159
Kyela,-9.42,34.1,Clay,24.09,62.79,0.46,52.6,19.4,79.8,5.4,48.3,21.5,79.7,Apply Lime,2,0,151.8,2.5784313725490198
Kyela,-9.39,33.94,Sandy Clay Loam,21.59,85.22,10.94,58.3,32.9,56.4,5.6,52.7,33.6,51.7,Urea,2,3,147.6,1.71976401179941
Kyela,-9.39,33.812,Clay Loam,19.71,83.37,0.54,145.3,39.4,24.8,5.5,154.6,39.5,26.0,MOP,2,1,209.50000000000003,3.596534653465347
Kyela,-9.48,33.876,Clay Loam,23.66,62.29,0.08,106.2,51.4,77.8,5.7,105.4,47.8,77.5,No Fertilizer,2,1,235.39999999999998,2.0267175572519087
Kyela,-9.57,33.812,Sandy Clay Loam,23.38,76.98,2.02,103.6,51.5,48.3,5.5,99.0,55.7,52.8,No Fertilizer,2,3,203.39999999999998,1.9733333333333332
Kyela,-9.3,34.1,Clay Loam,21.69,86.19,44.36,32.6,31.5,24.8,5.7,29.5,30.1,23.4,NPK,2,1,88.89999999999999,1.0030769230769232
Kyela,-9.39,33.972,Sandy Clay Loam,23.5,76.91,37.29,164.1,46.7,57.9,5.5,156.2,46.6,58.4,No Fertilizer,2,3,268.7,3.4402515723270435
Kyela,-9.42,33.812,Sandy Clay Loam,21.19,83.27,5.91,135.6,14.2,37.0,5.6,132.9,13.9,36.0,SSP,2,3,186.79999999999998,8.921052631578947
Kyela,-9.36,33.812,Sandy Clay Loam,20.59,84.74,30.28,22.5,70.0,75.2,5.5,21.5,65.6,76.9,Urea,2,3,167.7,0.31690140845070425
Kyela,-9.36,34.036,Sandy Clay Loam,22.92,69.01,0.15,136.5,26.7,45.9,5.5,130.3,29.3,44.1,No Fertilizer,2,3,209.1,4.927797833935018
Kyela,-9.6,33.908,Sandy Clay Loam,17.1,83.81,0.37,95.8,55.1,68.9,5.8,102.4,52.1,67.0,No Fertilizer,2,3,219.8,1.7076648841354722
Kyela,-9.33,33.972,Sandy Clay Loam,25.08,56.46,0.0,24.2,5.1,13.0,5.4,23.9,5.3,14.0,Apply Lime,2,3,42.3,3.9672131147540983
Kyela,-9.51,33.812,Clay Loam,22.99,66.52,0.52,96.9,18.9,36.7,5.6,87.9,17.5,39.3,DAP,2,1,152.5,4.869346733668342
Kyela,-9.51,33.94,Sandy Clay Loam,20.58,69.61,0.0,91.1,37.0,88.4,5.6,92.4,36.1,88.6,No Fertilizer,2,3,216.5,2.3973684210526316
Kyela,-9.45,33.78,Sandy Clay Loam,21.91,80.74,3.32,38.5,61.1,77.3,5.6,38.2,62.0,73.9,Urea,2,3,176.89999999999998,0.6199677938808373
Kyela,-9.33,33.78,Sandy Clay Loam,22.55,81.47,29.95,167.9,37.2,22.0,5.5,170.8,38.8,19.4,MOP,2,3,227.10000000000002,4.395287958115183
Kyela,-9.45,33.876,Clay Loam,21.24,59.66,0.0,129.5,69.1,30.0,5.9,154.5,65.4,29.3,MOP,2,1,228.6,1.8473609129814552
Kyela,-9.45,33.78,Sandy Clay Loam,19.66,67.36,0.0,123.9,39.1,36.1,5.6,123.7,35.9,33.7,No Fertilizer,2,3,199.1,3.089775561097257
Kyela,-9.48,33.78,Sandy Clay Loam,17.25,80.34,0.05,90.5,35.0,53.8,5.5,88.6,36.4,60.6,Urea,2,3,179.3,2.513888888888889
Kyela,-9.42,33.972,Sandy Clay Loam,24.72,63.68,2.74,77.1,11.0,79.4,5.5,80.0,11.9,69.6,DAP,2,3,167.5,6.425
Kyela,-9.33,33.844,Sandy Clay Loam,21.19,83.27,5.91,110.9,59.7,71.9,5.6,120.7,57.0,69.0,No Fertilizer,2,3,242.50000000000003,1.827018121911038
Kyela,-9.51,33.876,Clay Loam,20.8,83.98,0.01,96.4,18.2,48.7,6.0,102.7,20.3,48.8,SSP,2,1,163.3,5.020833333333334
Kyela,-9.48,33.94,Sandy Clay Loam,21.02,88.57,12.38,21.7,57.6,73.3,5.5,20.6,63.4,74.1,Urea,2,3,152.6,0.37030716723549484
Kyela,-9.36,34.004,Clay Loam,20.88,86.09,2.99,110.5,59.3,39.4,5.5,97.1,64.1,42.7,No Fertilizer,2,1,209.20000000000002,1.8325041459369817
Kyela,-9.45,34.068,Clay Loam,17.49,74.37,0.0,161.3,64.3,15.5,5.4,147.1,66.3,16.4,Apply Lime,2,1,241.10000000000002,2.4701378254211335
Kyela,-9.45,33.94,Loam,16.12,79.55,0.0,79.8,34.7,60.6,5.8,88.1,38.3,53.4,Urea,2,2,175.1,2.2352941176470584
Kyela,-9.33,33.876,Sandy Clay Loam,17.03,82.78,0.05,20.0,42.1,80.0,5.6,18.8,48.7,86.0,Urea,2,3,142.1,0.46403712296983757
Kyela,-9.33,33.908,Sandy Clay Loam,17.1,78.49,0.0,137.0,51.0,67.5,5.6,143.7,55.4,72.6,No Fertilizer,2,3,255.5,2.6346153846153846
Kyela,-9.48,33.94,Sandy Clay Loam,21.23,87.75,10.83,42.4,13.2,51.9,5.5,44.2,12.6,54.6,DAP,2,3,107.5,2.9859154929577465
Kyela,-9.39,34.004,Clay Loam,24.18,61.29,4.67,52.2,39.8,55.3,5.3,54.0,43.7,60.3,Apply Lime,2,1,147.3,1.2794117647058825
Kyela,-9.6,33.78,Sandy Clay Loam,23.0,72.69,0.81,39.9,6.1,84.3,5.5,38.0,6.3,84.2,DAP,2,3,130.3,5.619718309859155
Kyela,-9.51,33.844,Sandy Clay Loam,22.72,82.7,3.63,70.6,41.9,45.2,5.6,66.1,36.8,42.0,Urea,2,3,157.7,1.6456876456876457
Kyela,-9.48,34.036,Sandy Clay Loam,16.04,79.65,0.0,137.7,14.2,32.4,5.6,138.6,14.2,33.8,SSP,2,3,184.29999999999998,9.05921052631579
Kyela,-9.6,33.908,Sandy Clay Loam,17.24,86.24,0.0,97.7,16.5,79.6,5.8,98.3,16.1,88.1,SSP,2,3,193.8,5.582857142857143
Kyela,-9.33,33.876,Sandy Clay Loam,14.82,79.55,0.21,46.3,26.2,80.1,5.6,44.8,28.1,78.5,Urea,2,3,152.6,1.7022058823529411
Kyela,-9.54,33.844,Sandy Clay Loam,21.27,81.55,0.24,165.6,37.5,33.0,5.6,159.2,32.5,33.1,No Fertilizer,2,3,236.1,4.301298701298701
Kyela,-9.36,34.068,Clay Loam,21.82,86.81,13.38,172.7,43.4,48.1,5.6,159.5,45.1,45.0,No Fertilizer,2,1,264.2,3.8896396396396393
Kyela,-9.48,33.908,Clay Loam,23.38,72.47,0.54,143.8,8.8,39.6,5.5,158.0,8.9,40.9,SSP,2,1,192.20000000000002,14.673469387755102
Kyela,-9.36,34.1,Clay Loam,21.16,84.99,3.91,50.7,40.7,18.2,5.7,50.6,37.2,18.5,NPK,2,1,109.60000000000001,1.2158273381294964
Kyela,-9.57,33.908,Sandy Clay Loam,23.51,76.33,0.51,80.2,15.8,85.6,5.7,86.7,16.1,86.5,DAP,2,3,181.6,4.773809523809524
Kyela,-9.42,34.004,Sandy Clay Loam,16.76,81.89,0.0,176.8,42.0,40.2,5.4,177.4,41.9,40.0,Apply Lime,2,3,259.0,4.111627906976745
Kyela,-9.42,34.036,Clay Loam,17.01,82.91,0.21,139.0,45.2,77.3,5.3,141.2,46.1,79.5,Apply Lime,2,1,261.5,3.0086580086580086
Kyela,-9.33,34.004,Clay Loam,17.65,86.1,0.29,14.6,40.0,21.1,5.5,14.6,40.7,21.9,NPK,2,1,75.7,0.35609756097560974
Kyela,-9.57,33.844,Sandy Clay Loam,20.72,85.99,47.53,19.9,54.1,45.3,5.4,21.1,52.7,52.0,Apply Lime,2,3,119.3,0.3611615245009074
Kyela,-9.3,34.004,Clay Loam,21.96,86.24,3.85,79.6,27.2,7.7,5.5,88.9,26.2,8.0,NPK,2,1,114.5,2.8226950354609928
Kyela,-9.39,34.1,Sandy Clay Loam,18.36,84.02,0.07,140.4,52.0,73.7,5.6,164.6,54.5,70.2,No Fertilizer,2,3,266.1,2.649056603773585
Kyela,-9.45,34.068,Clay Loam,20.49,87.31,5.48,100.6,30.8,58.1,5.4,101.6,32.6,54.8,Apply Lime,2,1,189.5,3.1635220125786163
Kyela,-9.6,33.908,Sandy Clay Loam,16.81,84.31,0.03,91.8,34.4,56.6,5.8,94.6,36.0,58.5,No Fertilizer,2,3,182.79999999999998,2.593220338983051
Kyela,-9.42,33.94,Sandy Clay Loam,16.45,80.73,0.01,26.6,42.2,11.3,5.6,27.9,46.8,10.3,NPK,2,3,80.10000000000001,0.6157407407407407
Kyela,-9.48,34.036,Sandy Clay Loam,15.22,77.31,0.0,132.9,4.6,23.7,5.6,121.7,5.2,23.7,NPK,2,3,161.2,23.73214285714286
Kyela,-9.42,33.876,Clay Loam,16.8,80.27,0.0,140.7,48.1,11.1,5.7,149.8,47.2,12.2,MOP,2,1,199.89999999999998,2.865580448065173
Kyela,-9.51,34.1,Sandy Clay Loam,22.41,77.77,2.92,82.1,47.8,26.8,5.4,74.7,44.8,30.3,Apply Lime,2,3,156.7,1.6823770491803278
Kyela,-9.45,33.972,Sandy Clay Loam,19.67,77.51,0.46,158.0,25.9,63.7,5.6,141.9,24.4,58.7,SSP,2,3,247.60000000000002,5.873605947955391
Kyela,-9.45,33.78,Sandy Clay Loam,19.74,73.27,0.0,150.2,8.1,52.2,5.6,174.0,9.7,53.6,SSP,2,3,210.5,16.505494505494504
Kyela,-9.42,34.036,Clay Loam,14.92,70.74,0.0,44.9,9.8,52.5,5.3,44.6,10.0,57.4,Apply Lime,2,1,107.2,4.157407407407407
Kyela,-9.39,34.036,Clay Loam,17.97,80.89,0.0,96.2,59.9,43.9,5.5,99.0,64.9,52.1,No Fertilizer,2,1,200.0,1.5796387520525452
Kyela,-9.42,33.78,Sandy Clay Loam,22.03,67.89,0.3,46.8,50.0,28.1,5.5,58.8,49.5,28.9,NPK,2,3,124.9,0.9176470588235294
Kyela,-9.36,34.068,Clay Loam,14.01,73.99,0.0,130.1,12.0,27.3,5.6,144.8,12.4,26.5,NPK,2,1,169.4,10.007692307692308
Kyela,-9.36,34.004,Clay Loam,14.05,80.84,0.05,114.1,28.7,16.7,5.5,108.2,27.5,17.5,MOP,2,1,159.49999999999997,3.8417508417508417
Kyela,-9.33,34.036,Clay Loam,19.9,89.33,7.39,134.5,43.0,71.6,5.4,117.9,43.1,77.3,Apply Lime,2,1,249.1,3.0568181818181817
Kyela,-9.54,33.78,Sandy Clay Loam,19.03,75.44,0.0,154.8,51.3,55.6,5.5,145.6,59.1,57.8,No Fertilizer,2,3,261.70000000000005,2.9598470363288722
Kyela,-9.45,34.036,Sandy Clay Loam,17.97,80.89,0.0,79.1,6.4,23.6,5.7,77.3,6.9,21.7,NPK,2,3,109.1,10.689189189189188
Kyela,-9.42,34.068,Clay Loam,18.41,73.62,0.0,165.3,19.6,18.8,5.6,165.6,19.6,20.9,NPK,2,1,203.70000000000002,8.024271844660195
Kyela,-9.45,33.972,Sandy Clay Loam,20.86,82.2,35.7,112.5,63.1,75.8,5.6,100.6,62.7,79.3,No Fertilizer,2,3,251.39999999999998,1.7550702028081124
Kyela,-9.33,34.068,Clay Loam,19.23,85.9,6.4,42.4,4.2,74.2,5.5,36.9,4.6,68.4,DAP,2,1,120.80000000000001,8.153846153846153
Kyela,-9.48,34.1,Clay Loam,18.05,82.07,0.13,123.0,15.4,63.5,5.5,128.3,17.3,61.4,SSP,2,1,201.9,7.500000000000001
Kyela,-9.45,33.844,Sandy Clay Loam,25.16,63.93,1.7,124.6,67.6,40.7,5.4,144.9,67.3,40.2,Apply Lime,2,3,232.89999999999998,1.816326530612245
Kyela,-9.42,34.036,Clay Loam,24.9,65.7,5.79,54.5,40.1,26.7,5.3,63.8,44.5,28.0,Apply Lime,2,1,121.3,1.3260340632603407
Kyela,-9.6,33.908,Sandy Clay Loam,23.4,63.14,0.11,170.1,18.8,88.5,5.8,155.7,21.3,88.3,SSP,2,3,277.4,8.59090909090909
Kyela,-9.51,33.94,Sandy Clay Loam,16.9,77.74,0.0,163.5,8.2,70.2,5.6,164.0,8.4,73.0,SSP,2,3,241.89999999999998,17.771739130434785
Kyela,-9.54,34.1,Sandy Clay Loam,26.18,53.1,0.27,57.8,5.7,29.5,5.6,57.1,5.9,31.3,NPK,2,3,93.0,8.62686567164179
Kyela,-9.3,34.1,Clay Loam,20.36,86.49,30.43,155.0,18.9,71.4,5.7,177.2,20.2,77.2,SSP,2,1,245.3,7.788944723618091
Kyela,-9.51,33.78,Sandy Loam,19.35,78.85,0.0,32.1,59.1,73.6,5.6,33.9,62.2,69.8,Urea,2,4,164.8,0.5341098169717138
Kyela,-9.57,33.876,Sandy Clay Loam,16.05,87.54,24.18,43.4,31.5,30.8,5.8,44.3,31.5,31.0,NPK,2,3,105.7,1.3353846153846154
Kyela,-9.3,34.1,Clay Loam,22.08,82.56,26.17,41.9,48.9,42.8,5.7,41.3,51.5,41.8,Urea,2,1,133.6,0.8396793587174348
Kyela,-9.36,34.036,Sandy Clay Loam,20.99,85.42,1.0,157.5,64.9,21.8,5.5,162.0,64.6,21.6,MOP,2,3,244.20000000000002,2.3899848254931713
Kyela,-9.57,33.812,Sandy Clay Loam,20.25,87.94,9.64,112.4,30.1,15.8,5.5,121.2,30.9,15.3,MOP,2,3,158.3,3.6141479099678455
Kyela,-9.36,33.78,Sandy Clay Loam,14.78,79.39,0.08,33.9,16.8,65.5,5.6,35.9,16.6,66.7,DAP,2,3,116.2,1.9044943820224718
Kyela,-9.51,33.908,Sandy Clay Loam,23.81,58.47,0.0,92.0,40.5,27.5,5.6,84.9,38.1,28.5,NPK,2,3,160.0,2.216867469879518
Kyela,-9.45,33.876,Clay Loam,20.58,69.61,0.0,116.6,67.7,70.6,5.9,114.6,63.9,74.9,No Fertilizer,2,1,254.9,1.6972343522561861
Kyela,-9.6,33.812,Sandy Clay Loam,16.3,83.49,0.0,25.2,62.2,80.8,5.7,24.2,57.1,89.6,Urea,2,3,168.2,0.39873417721518983
Kyela,-9.45,33.812,Sandy Clay Loam,20.52,83.87,1.61,149.9,8.8,11.5,5.6,160.0,8.3,12.4,NPK,2,3,170.20000000000002,15.295918367346939
Kyela,-9.39,34.004,Clay Loam,25.66,59.69,2.44,116.3,50.5,44.6,5.3,146.6,49.7,45.7,Apply Lime,2,1,211.4,2.258252427184466
Kyela,-9.6,33.94,Sandy Clay Loam,15.1,80.35,0.0,92.4,40.5,65.1,5.5,95.9,41.7,73.4,No Fertilizer,2,3,198.0,2.226506024096386
Kyela,-9.36,34.068,Clay Loam,17.0,73.92,0.0,163.8,62.2,65.3,5.6,174.4,63.9,72.3,No Fertilizer,2,1,291.3,2.5917721518987342
Kyela,-9.42,33.908,Sandy Clay Loam,15.3,84.72,0.0,83.0,11.3,74.9,5.6,81.0,12.1,69.8,DAP,2,3,169.2,6.747967479674796
Kyela,-9.45,33.78,Sandy Clay Loam,18.13,74.27,0.0,218.1,39.3,35.9,5.6,177.3,39.2,35.3,No Fertilizer,2,3,293.29999999999995,5.411910669975186
Kyela,-9.36,33.94,Sandy Clay Loam,26.02,48.84,0.0,129.6,65.1,42.7,5.5,123.5,62.0,44.1,No Fertilizer,2,3,237.39999999999998,1.9606656580937973
Kyela,-9.33,33.908,Sandy Clay Loam,21.28,85.71,9.11,140.5,29.5,64.9,5.6,117.9,31.1,56.0,No Fertilizer,2,3,234.9,4.60655737704918
Kyela,-9.51,33.908,Sandy Clay Loam,24.57,61.25,0.49,39.7,35.7,77.7,5.6,38.2,35.8,87.8,Urea,2,3,153.10000000000002,1.0817438692098094
Kyela,-9.51,33.94,Sandy Clay Loam,22.14,80.03,46.84,152.9,8.2,35.8,5.6,159.9,8.7,33.5,SSP,2,3,196.89999999999998,16.619565217391305
Kyela,-9.42,33.94,Sandy Clay Loam,26.09,56.34,0.11,84.7,22.7,82.9,5.6,82.7,22.4,83.5,DAP,2,3,190.3,3.5738396624472575
Kyela,-9.48,34.1,Clay Loam,20.71,84.69,0.4,42.3,24.4,30.2,5.5,37.6,25.4,28.6,NPK,2,1,96.89999999999999,1.6653543307086613
Kyela,-9.36,33.812,Sandy Clay Loam,18.03,72.66,0.0,13.7,62.9,89.8,5.5,12.1,66.4,89.1,Urea,2,3,166.39999999999998,0.21439749608763692
Kyela,-9.3,34.036,Clay Loam,24.35,66.54,0.39,100.9,21.6,54.1,5.4,105.2,22.7,62.3,Apply Lime,2,1,176.6,4.464601769911504
Kyela,-9.48,33.812,Clay Loam,20.46,83.01,1.02,101.4,35.6,45.2,5.5,99.7,34.4,44.9,No Fertilizer,2,1,182.2,2.7704918032786887
Kyela,-9.36,33.908,Sandy Clay Loam,18.4,71.83,0.0,119.1,48.0,58.9,5.5,132.3,48.3,57.5,No Fertilizer,2,3,226.0,2.4306122448979592
Kyela,-9.51,34.1,Sandy Clay Loam,16.02,83.84,0.0,170.7,14.3,24.5,5.4,161.3,14.7,28.9,Apply Lime,2,3,209.5,11.156862745098039
Kyela,-9.3,34.036,Clay Loam,21.53,80.86,8.35,26.1,36.8,33.0,5.4,23.5,36.1,29.0,Apply Lime,2,1,95.9,0.6904761904761906
Kyela,-9.33,33.94,Sandy Clay Loam,19.94,86.46,0.64,134.7,51.2,15.9,5.6,134.4,52.7,15.5,MOP,2,3,201.79999999999998,2.5804597701149423
Kyela,-9.48,33.94,Sandy Clay Loam,22.51,82.07,2.97,39.9,66.0,16.3,5.5,41.9,61.2,15.6,NPK,2,3,122.2,0.5955223880597015
Kyela,-9.36,33.94,Sandy Clay Loam,25.07,64.36,2.23,159.8,42.2,32.3,5.5,155.9,45.3,35.2,No Fertilizer,2,3,234.3,3.699074074074074
Kyela,-9.6,33.876,Clay Loam,18.66,71.03,0.05,153.6,47.5,73.5,5.9,149.2,48.2,70.1,No Fertilizer,2,1,274.6,3.1670103092783504
Kyela,-9.51,33.812,Clay Loam,22.82,58.87,0.0,102.5,11.1,61.4,5.6,101.9,12.3,57.1,SSP,2,1,175.0,8.47107438016529
Chunya,-8.48,33.275,Sandy Loam,25.64,59.62,1.9,132.4,64.8,14.9,5.9,130.7,66.4,14.6,MOP,1,4,212.1,2.0121580547112465
Chunya,-8.21,32.75,Sandy Loam,17.83,73.97,0.14,62.7,11.3,77.5,6.0,63.4,12.7,77.6,DAP,1,4,151.5,5.097560975609756
Chunya,-8.03,33.38,Sandy Loam,21.13,84.04,5.53,96.4,58.0,53.0,5.7,90.1,55.1,56.5,No Fertilizer,1,4,207.4,1.6338983050847458
Chunya,-8.57,33.38,Sandy Loam,21.53,86.29,21.73,157.4,22.6,85.4,6.0,149.7,21.5,86.7,SSP,1,4,265.4,6.669491525423728
Chunya,-8.39,33.275,Sandy Loam,21.59,80.8,4.52,82.0,69.2,60.1,6.1,88.1,65.6,62.3,Urea,1,4,211.29999999999998,1.168091168091168
Chunya,-8.39,33.8,Sandy Loam,15.92,70.39,0.0,65.8,51.6,21.5,6.1,70.8,51.5,20.7,NPK,1,4,138.9,1.2509505703422052
Chunya,-8.66,33.695,Sandy Loam,23.93,48.62,0.0,92.3,50.4,43.1,6.3,94.0,53.8,45.8,No Fertilizer,1,4,185.79999999999998,1.7957198443579767
Chunya,-8.66,33.38,Sandy Clay Loam,25.94,51.8,0.25,158.6,17.4,62.9,5.9,150.8,18.5,60.5,SSP,1,3,238.9,8.619565217391305
Chunya,-8.21,33.38,Sandy Loam,21.75,80.51,12.23,67.7,36.8,7.9,6.0,67.0,33.2,8.4,NPK,1,4,112.4,1.7910052910052912
Chunya,-8.57,33.275,Sandy Loam,22.03,89.34,13.4,37.8,49.3,7.1,5.8,39.5,44.8,7.3,NPK,1,4,94.19999999999999,0.7514910536779323
Chunya,-8.75,32.96,Sandy Clay Loam,22.91,75.63,5.48,133.4,55.3,17.6,5.9,131.0,54.8,16.9,MOP,1,3,206.29999999999998,2.369449378330373
Chunya,-7.94,32.855,Sandy Loam,18.77,70.35,0.0,146.9,10.5,25.8,5.6,150.4,10.9,27.1,NPK,1,4,183.20000000000002,12.773913043478261
Chunya,-8.57,33.8,Sandy Clay Loam,22.45,83.77,18.09,28.8,74.0,44.0,6.3,27.1,67.5,42.1,Urea,1,3,146.8,0.384
Chunya,-8.3,33.485,Sandy Loam,25.61,63.57,2.71,52.0,59.7,48.8,5.8,50.8,62.8,46.9,Urea,1,4,160.5,0.85667215815486
Chunya,-8.03,33.17,Sandy Loam,21.88,85.65,1.65,33.4,22.2,17.3,5.7,34.1,21.8,17.6,NPK,1,4,72.89999999999999,1.4396551724137931
Chunya,-8.57,33.17,Sandy Loam,19.98,73.34,0.0,70.3,63.8,67.7,5.8,69.2,58.3,62.6,Urea,1,4,201.8,1.0848765432098766
Chunya,-8.3,33.17,Sandy Loam,16.89,67.94,0.01,94.5,36.0,56.4,6.2,86.6,38.2,56.1,Urea,1,4,186.9,2.554054054054054
Chunya,-7.94,33.275,Sandy Loam,22.13,75.01,0.07,131.8,36.5,33.1,5.7,137.3,34.5,30.7,MOP,1,4,201.4,3.514666666666667
Chunya,-8.75,32.855,Sandy Loam,20.22,63.72,0.0,124.1,25.7,8.0,5.9,120.7,24.8,7.1,NPK,1,4,157.79999999999998,4.647940074906367
Chunya,-8.39,33.8,Sandy Loam,18.83,71.22,0.0,115.0,42.2,12.3,6.1,115.6,42.3,12.5,MOP,1,4,169.5,2.6620370370370368
Chunya,-8.75,33.38,Loam,23.38,83.37,35.93,72.0,48.5,40.7,5.8,69.9,52.2,38.9,Urea,1,2,161.2,1.4545454545454546
Chunya,-8.3,33.275,Sandy Loam,23.11,80.35,1.52,146.0,29.5,18.1,6.1,153.0,31.1,18.9,MOP,1,4,193.6,4.786885245901639
Chunya,-8.57,33.59,Sandy Loam,19.02,67.72,0.01,90.8,46.5,34.9,5.8,90.1,45.5,37.7,No Fertilizer,1,4,172.20000000000002,1.911578947368421
Chunya,-8.39,33.485,Sandy Loam,23.01,77.14,6.99,190.1,45.2,58.0,6.2,176.4,50.2,58.8,No Fertilizer,1,4,293.3,4.1147186147186146
Chunya,-8.39,33.695,Sandy Loam,20.45,77.11,0.74,110.1,51.4,47.0,6.1,117.8,50.9,52.0,No Fertilizer,1,4,208.5,2.101145038167939
Chunya,-8.03,33.59,Sandy Loam,25.04,64.17,0.95,28.5,7.7,23.8,5.7,31.5,7.4,25.4,NPK,1,4,60.0,3.2758620689655173
Chunya,-7.94,33.695,Sandy Clay Loam,24.72,51.35,0.0,113.7,64.9,36.3,5.6,125.0,60.7,34.9,No Fertilizer,1,3,214.90000000000003,1.7253414264036417
Chunya,-8.48,33.485,Sandy Loam,24.19,54.53,0.0,59.9,30.9,55.5,6.0,65.3,34.2,57.6,Urea,1,4,146.3,1.877742946708464
Chunya,-8.66,32.96,Sandy Loam,23.32,77.99,1.17,132.0,23.3,82.2,6.4,126.7,21.3,78.3,SSP,1,4,237.5,5.432098765432099
Chunya,-7.85,33.485,Sandy Loam,23.27,70.03,6.0,19.7,22.3,70.7,5.5,21.8,20.0,69.3,DAP,1,4,112.7,0.8454935622317596
Chunya,-7.85,33.065,Sandy Clay Loam,21.95,80.05,9.56,38.9,36.9,59.3,5.5,39.7,35.9,52.5,Urea,1,3,135.1,1.0263852242744063
Chunya,-8.12,33.59,Sandy Loam,20.23,63.98,0.0,162.2,58.0,37.8,5.4,155.5,62.5,36.4,Apply Lime,1,4,258.0,2.7491525423728813
Chunya,-8.03,33.275,Sandy Loam,17.08,59.42,0.0,50.0,28.3,39.5,5.9,48.6,29.0,36.7,Urea,1,4,117.8,1.706484641638225
Chunya,-7.94,32.75,Sandy Loam,21.37,60.23,0.0,148.2,53.3,82.1,6.0,152.3,53.5,79.9,No Fertilizer,1,4,283.6,2.729281767955801
Chunya,-8.12,33.695,Sandy Loam,24.24,51.14,0.0,58.2,10.6,9.5,5.7,57.5,10.4,9.3,NPK,1,4,78.3,5.017241379310345
Chunya,-7.85,32.96,Sandy Loam,20.89,81.83,0.72,120.2,35.5,96.2,5.4,119.3,35.4,89.0,Apply Lime,1,4,251.89999999999998,3.293150684931507
Chunya,-8.75,33.59,Sandy Clay Loam,20.04,49.52,0.0,126.0,70.8,64.7,5.8,128.0,69.5,61.8,No Fertilizer,1,3,261.5,1.754874651810585
Chunya,-7.94,33.275,Sandy Loam,27.0,50.48,0.13,95.7,54.5,64.1,5.7,97.2,54.8,63.2,No Fertilizer,1,4,214.29999999999998,1.7243243243243245
Chunya,-7.94,33.065,Sandy Loam,19.43,79.02,0.77,71.6,18.2,9.3,5.5,61.9,17.9,9.2,NPK,1,4,99.1,3.7291666666666665
Chunya,-8.03,33.38,Sandy Loam,22.33,59.83,0.0,48.8,35.9,59.0,5.7,46.1,37.1,56.9,Urea,1,4,143.7,1.3224932249322492
Chunya,-8.48,33.065,Sandy Loam,25.99,57.22,0.41,18.4,19.0,44.5,6.3,15.6,19.4,46.7,DAP,1,4,81.9,0.9199999999999999
Chunya,-8.75,33.065,Sandy Loam,24.11,41.37,0.0,59.5,29.8,14.1,5.9,61.7,31.0,14.9,NPK,1,4,103.39999999999999,1.9318181818181819
Chunya,-8.39,33.065,Sandy Loam,19.71,62.38,0.0,120.3,62.9,32.3,6.1,121.0,55.5,29.3,MOP,1,4,215.5,1.8826291079812207
Chunya,-8.12,33.8,Sandy Loam,23.16,77.38,0.97,153.7,60.5,91.3,5.5,169.5,54.9,80.8,No Fertilizer,1,4,305.5,2.4991869918699186
Chunya,-8.75,33.275,Sandy Loam,21.11,86.41,3.29,149.1,19.8,48.8,6.2,158.1,19.1,52.2,SSP,1,4,217.7,7.16826923076923
Chunya,-8.48,33.8,Sandy Loam,21.7,79.38,0.84,158.9,70.9,38.8,6.1,140.2,64.9,40.7,No Fertilizer,1,4,268.6,2.210013908205841
Chunya,-7.94,33.065,Sandy Loam,22.45,82.87,31.23,138.8,45.5,13.1,5.5,144.0,43.1,12.1,MOP,1,4,197.4,2.98494623655914
Chunya,-7.85,32.96,Sandy Loam,20.88,68.8,0.0,139.6,29.4,68.5,5.4,123.0,29.1,66.0,Apply Lime,1,4,237.5,4.592105263157895
Chunya,-8.03,32.855,Sandy Loam,23.24,47.88,0.0,49.5,33.2,68.1,5.6,54.2,37.1,65.0,Urea,1,4,150.8,1.4473684210526314
Chunya,-8.39,33.8,Sandy Loam,24.18,61.79,0.0,152.1,43.1,61.2,6.1,164.2,43.9,57.6,No Fertilizer,1,4,256.4,3.4489795918367343
Chunya,-8.21,32.855,Sandy Loam,22.61,80.41,3.21,121.1,40.0,48.0,5.9,124.0,41.0,48.9,No Fertilizer,1,4,209.1,2.953658536585366
Chunya,-8.21,33.065,Sandy Loam,21.22,75.41,0.14,104.8,33.2,43.4,6.0,105.3,36.1,42.4,No Fertilizer,1,4,181.4,3.0643274853801166
Chunya,-8.12,33.8,Sandy Loam,20.15,73.72,0.02,30.7,33.4,56.8,5.5,28.9,37.3,55.8,Urea,1,4,120.89999999999999,0.8924418604651163
Chunya,-8.57,33.17,Sandy Loam,20.74,62.21,0.0,88.7,16.2,24.1,5.8,86.0,15.6,25.6,NPK,1,4,129.0,5.156976744186047
Chunya,-8.48,33.8,Sandy Loam,24.63,43.77,0.0,85.7,58.9,86.9,6.1,88.3,57.6,85.1,Urea,1,4,231.5,1.4307178631051753
Chunya,-7.94,33.485,Sandy Loam,18.5,65.84,0.0,155.5,36.5,60.3,5.7,157.0,39.8,55.5,No Fertilizer,1,4,252.3,4.1466666666666665
Chunya,-8.21,33.38,Sandy Loam,21.8,82.11,4.09,100.6,12.0,31.4,6.0,102.9,12.7,32.1,NPK,1,4,144.0,7.738461538461538
Chunya,-8.3,32.96,Sandy Loam,23.0,60.57,0.0,69.9,59.0,44.2,6.0,74.7,54.6,43.8,Urea,1,4,173.10000000000002,1.165
Chunya,-8.03,32.75,Sandy Loam,21.54,80.94,6.02,165.1,61.5,74.7,5.8,176.1,65.5,73.7,No Fertilizer,1,4,301.3,2.6416
Chunya,-7.94,32.96,Sandy Loam,22.11,79.33,1.69,30.9,67.3,19.2,5.4,28.8,66.5,19.6,Apply Lime,1,4,117.39999999999999,0.45241581259150804
Chunya,-7.94,33.59,Sandy Loam,22.41,81.79,24.33,71.4,28.0,32.0,5.8,81.8,28.4,30.6,NPK,1,4,131.4,2.4620689655172416
Chunya,-8.75,32.96,Sandy Clay Loam,19.12,71.89,0.01,19.1,13.4,60.1,5.9,17.1,12.9,63.1,DAP,1,3,92.6,1.326388888888889
Chunya,-8.03,33.59,Sandy Loam,22.07,78.67,3.96,132.5,35.9,35.5,5.7,135.8,38.2,32.5,MOP,1,4,203.9,3.590785907859079
Chunya,-8.75,33.38,Loam,22.98,73.14,26.88,157.1,11.5,75.8,5.8,166.1,11.4,72.6,SSP,1,2,244.39999999999998,12.568
Chunya,-8.39,33.17,Sandy Loam,22.86,58.52,0.0,60.6,66.4,15.8,6.0,57.6,65.6,17.0,NPK,1,4,142.8,0.8991097922848664
Chunya,-8.21,33.38,Sandy Loam,20.25,63.37,0.0,172.1,16.4,78.4,6.0,155.9,16.1,70.1,SSP,1,4,266.9,9.89080459770115
Chunya,-8.48,33.8,Sandy Loam,22.4,61.05,0.0,64.3,20.8,11.9,6.1,59.7,20.7,11.7,NPK,1,4,97.0,2.9495412844036695
Chunya,-8.21,33.485,Sandy Loam,25.22,60.35,3.16,170.6,31.6,6.7,5.7,164.8,30.8,7.1,MOP,1,4,208.89999999999998,5.233128834355828
Chunya,-8.48,33.485,Sandy Loam,22.41,81.79,24.33,148.7,33.8,87.7,6.0,138.2,29.3,81.5,No Fertilizer,1,4,270.2,4.272988505747127
Chunya,-8.12,33.275,Sandy Loam,22.12,81.05,23.71,129.2,66.6,56.7,6.1,146.8,56.4,54.8,No Fertilizer,1,4,252.5,1.9112426035502958
Chunya,-8.12,33.485,Sandy Loam,22.96,60.31,0.0,12.6,32.6,31.1,5.8,13.1,34.1,35.6,Urea,1,4,76.30000000000001,0.375
Chunya,-8.57,32.96,Sandy Loam,27.26,47.99,0.07,162.6,12.8,24.6,7.0,173.7,15.3,25.5,NPK,1,4,200.0,11.782608695652172
Chunya,-8.66,33.485,Sandy Loam,24.7,60.41,0.03,145.0,22.5,58.9,5.8,133.5,21.6,57.8,SSP,1,4,226.4,6.170212765957447
Chunya,-8.03,32.96,Sandy Loam,25.0,57.8,1.11,60.1,38.1,41.4,5.5,61.8,37.6,48.8,Urea,1,4,139.6,1.537084398976982
Chunya,-8.48,33.695,Sandy Loam,22.1,78.81,1.89,159.9,14.8,89.8,6.0,151.0,13.7,89.3,SSP,1,4,264.5,10.120253164556962
Chunya,-8.03,33.38,Sandy Loam,19.03,69.93,0.0,60.0,45.3,89.6,5.7,57.9,44.4,88.6,Urea,1,4,194.89999999999998,1.2958963282937366
Chunya,-8.03,33.275,Sandy Loam,24.02,58.44,0.03,148.8,41.5,54.4,5.9,158.4,41.3,59.3,No Fertilizer,1,4,244.70000000000002,3.5011764705882356
Chunya,-8.21,33.275,Sandy Loam,24.35,67.46,4.05,27.9,55.2,44.0,6.1,29.1,51.2,43.2,Urea,1,4,127.1,0.49644128113879
Chunya,-8.03,32.855,Sandy Loam,22.94,80.96,8.92,141.4,71.7,47.3,5.6,129.6,65.9,47.3,No Fertilizer,1,4,260.40000000000003,1.9449793672627236
Chunya,-8.66,33.695,Sandy Loam,18.96,70.46,0.0,96.4,58.0,58.0,6.3,101.9,64.2,63.3,No Fertilizer,1,4,212.4,1.6338983050847458
Chunya,-8.03,33.275,Sandy Loam,23.75,65.4,0.51,26.6,62.6,15.5,5.9,26.4,66.4,14.5,NPK,1,4,104.7,0.41823899371069184
Chunya,-8.75,32.75,Sandy Loam,21.88,58.29,0.0,48.3,20.0,35.6,5.9,51.1,20.2,33.6,DAP,1,4,103.9,2.3
Chunya,-7.85,33.695,Sandy Loam,21.69,88.62,26.94,11.8,12.8,12.1,5.5,12.1,12.7,12.3,NPK,1,4,36.7,0.855072463768116
Chunya,-8.39,33.59,Sandy Loam,24.95,40.74,0.0,89.4,23.6,12.0,5.9,89.7,24.0,12.2,NPK,1,4,125.0,3.6341463414634148
Chunya,-8.39,33.59,Sandy Loam,24.31,59.8,4.05,57.9,65.0,23.6,5.9,61.2,63.1,22.5,NPK,1,4,146.5,0.8772727272727272
Chunya,-8.75,33.38,Loam,24.55,39.03,0.0,104.2,72.9,46.1,5.8,111.7,68.2,46.8,No Fertilizer,1,2,223.20000000000002,1.4100135317997293
Chunya,-7.94,33.065,Sandy Loam,19.52,90.02,8.51,61.7,68.0,62.2,5.5,60.5,60.7,71.9,Urea,1,4,191.89999999999998,0.8942028985507247
Chunya,-8.75,33.275,Sandy Loam,23.54,75.81,2.1,57.4,11.7,48.4,6.2,61.0,11.3,46.8,DAP,1,4,117.5,4.519685039370079
Chunya,-7.85,33.275,Sandy Loam,24.13,47.47,0.0,128.6,62.6,32.2,5.5,136.3,66.5,34.2,No Fertilizer,1,4,223.39999999999998,2.022012578616352
Chunya,-8.66,32.96,Sandy Loam,20.96,82.71,3.7,17.0,31.6,12.6,6.4,18.2,31.9,12.9,NPK,1,4,61.2,0.5214723926380368
Chunya,-8.3,33.8,Sandy Loam,22.66,71.22,0.43,162.6,4.6,57.6,5.8,163.5,4.6,52.2,SSP,1,4,224.79999999999998,29.03571428571429
Chunya,-7.85,33.065,Sandy Clay Loam,23.1,51.04,0.01,165.1,34.4,28.5,5.5,154.9,33.2,28.8,MOP,1,3,228.0,4.663841807909605
Chunya,-8.03,32.855,Sandy Loam,19.22,69.52,0.07,136.6,7.2,57.7,5.6,123.5,7.0,57.7,SSP,1,4,201.5,16.658536585365855
Chunya,-8.3,33.695,Sandy Loam,20.91,64.4,0.03,105.2,45.6,91.2,6.1,110.8,39.9,88.1,No Fertilizer,1,4,242.0,2.257510729613734
Chunya,-8.57,33.8,Sandy Clay Loam,21.8,83.58,15.09,186.0,25.5,15.9,6.3,161.7,26.3,15.4,NPK,1,3,227.4,7.018867924528302
Chunya,-7.85,33.485,Sandy Loam,21.7,61.24,0.0,38.6,36.2,22.3,5.5,41.5,35.2,23.8,NPK,1,4,97.10000000000001,1.0376344086021505
Chunya,-8.12,33.485,Sandy Loam,21.41,66.98,0.0,25.2,51.8,45.5,5.8,23.4,44.5,45.7,Urea,1,4,122.5,0.4772727272727273
Chunya,-8.75,33.695,Sandy Clay Loam,19.51,86.85,3.85,48.2,58.8,87.6,5.9,50.7,61.3,87.4,Urea,1,3,194.6,0.8060200668896322
Chunya,-8.03,33.485,Sandy Loam,24.58,56.23,0.0,136.2,48.2,72.2,5.9,145.1,47.7,70.8,No Fertilizer,1,4,256.59999999999997,2.768292682926829
Chunya,-8.66,32.855,Sandy Loam,19.28,59.0,0.02,15.1,30.5,83.1,6.2,15.9,32.6,81.5,Urea,1,4,128.7,0.4793650793650793
Chunya,-8.12,33.485,Sandy Loam,21.77,51.2,0.0,108.7,58.4,40.2,5.8,109.1,58.1,34.0,No Fertilizer,1,4,207.3,1.82996632996633
Chunya,-8.48,33.38,Sandy Loam,22.2,78.13,10.13,186.5,60.3,82.0,6.2,179.2,63.8,89.3,No Fertilizer,1,4,328.8,3.042414355628059
Chunya,-8.48,33.065,Sandy Loam,21.34,65.72,0.0,162.8,12.8,15.6,6.3,155.5,11.9,14.6,NPK,1,4,191.20000000000002,11.797101449275363
Chunya,-8.75,33.275,Sandy Loam,22.03,78.72,4.27,92.1,39.5,11.3,6.2,98.6,39.1,10.4,MOP,1,4,142.9,2.274074074074074
Chunya,-7.94,33.275,Sandy Loam,23.11,62.94,0.01,19.4,21.3,80.6,5.7,20.8,22.8,77.9,DAP,1,4,121.3,0.8699551569506726
Chunya,-8.21,33.275,Sandy Loam,18.63,69.42,0.01,141.6,7.5,80.1,6.1,151.3,7.1,83.9,SSP,1,4,229.2,16.658823529411762
Chunya,-8.39,33.38,Sandy Loam,24.11,75.91,3.13,111.0,48.7,15.2,6.2,111.8,48.1,13.6,MOP,1,4,174.89999999999998,2.2334004024144867
Chunya,-8.3,33.17,Sandy Loam,21.01,59.1,0.0,29.1,65.0,13.1,6.2,29.5,60.9,15.5,NPK,1,4,107.19999999999999,0.4409090909090909
Chunya,-8.75,32.75,Sandy Loam,27.19,40.18,0.0,24.2,13.6,8.4,5.9,26.0,14.8,8.8,NPK,1,4,46.199999999999996,1.6575342465753424
Chunya,-8.39,33.485,Sandy Loam,22.02,84.25,20.21,167.7,59.1,16.0,6.2,164.6,57.6,14.8,MOP,1,4,242.79999999999998,2.790349417637271
Chunya,-8.3,32.855,Sandy Loam,18.6,72.23,0.0,143.4,63.6,23.0,6.0,123.8,60.3,23.6,MOP,1,4,230.0,2.2198142414860684
Chunya,-8.75,33.59,Sandy Clay Loam,24.0,47.36,0.0,145.6,62.4,97.3,5.8,151.0,64.3,87.5,No Fertilizer,1,3,305.3,2.2965299684542586
Chunya,-7.85,33.485,Sandy Loam,22.71,82.61,5.87,154.6,19.6,55.5,5.5,159.4,21.5,62.1,SSP,1,4,229.7,7.504854368932038
Chunya,-8.75,33.59,Sandy Clay Loam,20.91,84.23,2.14,111.4,63.5,65.8,5.8,107.2,63.7,71.4,No Fertilizer,1,3,240.7,1.7271317829457364
Chunya,-7.85,33.695,Sandy Loam,21.27,80.64,1.96,94.1,27.3,68.5,5.5,98.0,25.2,71.2,SSP,1,4,189.89999999999998,3.3250883392226145
Chunya,-8.57,33.695,Sandy Loam,19.98,73.34,0.0,87.1,43.6,52.4,6.2,83.2,40.5,50.9,Urea,1,4,183.1,1.9529147982062778
Chunya,-8.12,33.065,Sandy Loam,26.01,40.69,0.0,60.7,7.1,71.9,5.9,63.9,7.3,73.0,DAP,1,4,139.7,7.493827160493828
Chunya,-8.3,33.065,Sandy Loam,22.62,73.79,0.97,94.6,6.3,54.1,6.1,83.9,6.9,56.0,DAP,1,4,155.0,12.95890410958904
Chunya,-8.21,32.855,Sandy Loam,22.66,79.79,0.47,145.0,50.0,35.6,5.9,141.6,51.5,32.4,MOP,1,4,230.6,2.843137254901961
Chunya,-8.12,33.17,Sandy Loam,24.92,58.5,0.17,107.5,32.2,58.8,6.0,112.3,33.3,53.1,No Fertilizer,1,4,198.5,3.2379518072289155
Chunya,-8.21,32.75,Sandy Loam,21.65,79.46,0.87,155.1,21.6,49.3,6.0,161.7,20.9,50.8,SSP,1,4,226.0,6.862831858407079
Chunya,-8.39,33.8,Sandy Loam,22.25,78.29,0.33,82.3,16.4,66.2,6.1,85.4,16.6,75.2,DAP,1,4,164.89999999999998,4.7298850574712645
Chunya,-8.66,33.485,Sandy Loam,19.83,68.57,0.0,124.1,45.7,75.1,5.8,113.2,48.2,88.5,No Fertilizer,1,4,244.9,2.6573875802997855
Chunya,-8.3,32.855,Sandy Loam,21.83,57.28,0.0,106.9,4.3,41.2,6.0,117.3,4.0,40.5,SSP,1,4,152.4,20.169811320754718
Chunya,-8.3,33.695,Sandy Loam,22.73,83.28,11.31,105.4,57.8,73.3,6.1,110.6,57.2,70.1,No Fertilizer,1,4,236.5,1.7925170068027212
Chunya,-8.66,33.065,Sandy Loam,26.95,37.96,0.01,124.4,9.5,14.4,6.6,129.4,9.2,14.4,NPK,1,4,148.3,11.847619047619048
Chunya,-8.48,32.96,Sandy Loam,22.54,59.35,0.0,50.3,14.6,70.9,6.3,50.4,16.6,71.3,DAP,1,4,135.8,3.2243589743589745
Chunya,-7.94,32.96,Sandy Loam,17.75,59.4,0.0,95.3,24.5,35.1,5.4,97.1,29.5,37.2,Apply Lime,1,4,154.9,3.7372549019607844
Chunya,-8.3,32.96,Sandy Loam,27.65,44.08,0.01,24.8,32.4,9.7,6.0,27.7,36.0,9.3,NPK,1,4,66.9,0.7425149700598803
Chunya,-8.57,32.96,Sandy Loam,20.5,86.67,11.98,73.3,26.5,40.8,7.0,75.4,27.4,36.5,Urea,1,4,140.6,2.6654545454545455
Chunya,-8.39,32.96,Sandy Loam,17.51,68.87,0.0,92.3,26.2,48.4,6.4,92.9,25.2,57.3,SSP,1,4,166.9,3.3933823529411766
Chunya,-8.48,33.17,Sandy Loam,21.14,64.18,0.0,115.6,56.5,15.9,5.9,120.9,67.6,16.0,MOP,1,4,188.0,2.0104347826086957
Chunya,-8.3,33.38,Sandy Loam,20.61,79.63,1.67,179.8,51.5,77.9,6.0,171.6,46.3,83.6,No Fertilizer,1,4,309.20000000000005,3.424761904761905
Chunya,-8.3,33.695,Sandy Loam,21.58,80.07,21.7,119.3,5.6,11.2,6.1,112.1,5.5,12.5,NPK,1,4,136.1,18.075757575757578
Chunya,-8.57,32.855,Sandy Loam,22.31,81.07,4.74,135.7,35.5,77.5,6.6,136.4,32.4,84.1,No Fertilizer,1,4,248.7,3.7178082191780817
Chunya,-8.75,33.8,Sandy Loam,18.67,76.74,0.55,97.6,57.9,67.1,6.4,96.1,61.8,65.4,No Fertilizer,1,4,222.6,1.6570458404074702
Chunya,-7.94,33.275,Sandy Loam,26.41,52.77,0.18,100.0,24.7,34.7,5.7,117.8,23.9,33.7,SSP,1,4,159.4,3.8910505836575875
Chunya,-7.85,33.17,Sandy Loam,21.92,83.1,8.78,21.4,10.3,42.8,5.6,22.1,10.2,38.8,DAP,1,4,74.5,1.893805309734513
Chunya,-8.39,33.59,Sandy Loam,24.62,47.6,0.05,57.0,57.1,68.3,5.9,53.2,54.1,68.2,Urea,1,4,182.39999999999998,0.9810671256454389
Chunya,-8.48,33.485,Sandy Loam,25.1,55.24,0.04,69.4,43.3,49.6,6.0,71.5,44.0,56.5,Urea,1,4,162.3,1.5665914221218964
Chunya,-8.66,33.485,Sandy Loam,25.31,56.16,0.0,85.7,43.0,61.4,5.8,90.3,41.6,62.4,No Fertilizer,1,4,190.1,1.9477272727272728
Chunya,-8.21,33.695,Sandy Loam,24.53,59.75,0.14,20.6,8.1,34.9,5.5,17.8,7.5,38.7,DAP,1,4,63.6,2.263736263736264
Chunya,-7.94,32.75,Sandy Loam,19.21,70.39,0.0,38.1,12.7,43.0,6.0,33.8,13.3,47.0,DAP,1,4,93.8,2.781021897810219
Chunya,-8.21,32.75,Sandy Loam,21.04,57.78,0.01,58.9,45.9,92.8,6.0,57.1,45.1,89.1,Urea,1,4,197.6,1.255863539445629
Chunya,-8.39,33.17,Sandy Loam,20.87,77.14,0.39,189.1,15.4,24.3,6.0,175.2,17.7,24.0,NPK,1,4,228.8,11.53048780487805
Chunya,-8.75,33.38,Loam,19.31,73.31,0.0,56.0,39.1,42.8,5.8,66.3,37.3,41.1,Urea,1,2,137.89999999999998,1.396508728179551
Chunya,-8.03,33.065,Sandy Loam,20.66,84.73,4.41,86.9,45.4,29.7,5.6,91.9,40.0,30.5,MOP,1,4,162.0,1.872844827586207
Chunya,-8.21,33.8,Sandy Loam,24.35,67.73,0.09,41.9,20.7,74.2,5.6,43.3,22.7,70.3,DAP,1,4,136.8,1.9308755760368663
Chunya,-7.85,33.38,Sandy Loam,24.02,47.67,0.0,112.0,66.2,68.1,5.8,113.8,66.6,70.2,No Fertilizer,1,4,246.29999999999998,1.6666666666666665
Chunya,-7.94,33.59,Sandy Loam,21.14,59.41,0.0,55.7,63.3,33.0,5.8,57.7,59.6,30.6,NPK,1,4,152.0,0.8662519440124418
Chunya,-8.66,33.8,Sandy Clay Loam,20.04,73.04,0.02,37.1,51.8,13.1,6.5,45.2,51.7,12.8,NPK,1,3,102.0,0.7026515151515152
Chunya,-8.57,33.8,Sandy Clay Loam,21.27,61.28,0.03,100.5,9.3,6.9,6.3,97.8,9.1,7.0,NPK,1,3,116.7,9.757281553398057
Chunya,-8.75,33.695,Sandy Clay Loam,19.66,77.02,0.07,11.4,10.7,42.5,5.9,10.9,11.0,41.9,DAP,1,3,64.6,0.9743589743589745
Chunya,-8.66,33.8,Sandy Clay Loam,22.76,53.68,0.0,12.6,35.4,40.4,6.5,11.3,36.5,40.5,Urea,1,3,88.4,0.34615384615384615
Chunya,-8.39,33.485,Sandy Loam,22.82,58.8,0.0,44.6,14.5,99.0,6.2,47.2,14.6,89.0,DAP,1,4,158.1,2.8774193548387097
Chunya,-8.57,33.065,Sandy Loam,19.71,61.33,0.0,15.3,68.8,46.2,6.7,16.2,68.6,45.5,Urea,1,4,130.3,0.2191977077363897
Chunya,-8.57,32.855,Sandy Loam,23.14,83.47,13.9,23.0,13.3,27.5,6.6,28.4,14.5,27.5,NPK,1,4,63.8,1.6083916083916083
Chunya,-8.03,33.8,Sandy Clay Loam,18.63,72.62,0.0,66.2,36.0,79.5,5.7,67.6,36.2,80.9,Urea,1,3,181.7,1.7891891891891893
Chunya,-8.03,33.275,Sandy Loam,21.42,78.13,0.25,155.7,31.1,50.0,5.9,146.4,28.0,47.2,No Fertilizer,1,4,236.79999999999998,4.850467289719625
Chunya,-7.94,32.96,Sandy Loam,22.03,89.34,13.4,102.7,44.8,59.1,5.4,107.2,46.2,56.3,Apply Lime,1,4,206.6,2.2423580786026203
Chunya,-8.12,32.855,Sandy Loam,21.04,43.29,0.0,111.7,11.4,13.8,5.6,97.2,12.5,14.0,NPK,1,4,136.9,9.008064516129032
Chunya,-7.94,33.17,Sandy Loam,21.25,55.5,0.0,58.8,32.1,35.1,5.7,59.9,32.4,38.2,Urea,1,4,126.0,1.7764350453172204
Chunya,-8.21,33.59,Sandy Loam,21.4,64.38,0.0,170.1,21.0,79.9,5.7,168.4,22.1,85.3,SSP,1,4,271.0,7.7318181818181815
Chunya,-8.12,33.8,Sandy Loam,19.89,86.72,11.3,70.1,56.7,54.8,5.5,77.5,62.6,55.5,Urea,1,4,181.6,1.214904679376083
Chunya,-8.75,33.59,Sandy Clay Loam,20.9,82.29,10.19,25.3,6.7,38.2,5.8,24.8,6.7,34.9,DAP,1,3,70.2,3.2857142857142856
Chunya,-8.3,33.485,Sandy Loam,18.93,73.17,0.0,99.0,61.1,57.5,5.8,114.9,64.3,58.6,No Fertilizer,1,4,217.6,1.5942028985507246
Chunya,-7.94,33.065,Sandy Loam,22.96,82.79,11.96,30.8,56.4,79.0,5.5,29.4,59.0,82.5,Urea,1,4,166.2,0.5365853658536586
Chunya,-8.57,32.96,Sandy Loam,21.32,54.51,0.0,72.2,23.9,25.4,7.0,68.7,23.6,29.0,NPK,1,4,121.5,2.8995983935742973
Chunya,-8.21,33.8,Sandy Loam,17.73,77.02,0.06,105.4,50.1,53.6,5.6,96.3,56.1,48.4,No Fertilizer,1,4,209.1,2.0626223091976517
Chunya,-7.85,32.855,Sandy Loam,16.66,71.22,0.88,147.3,5.3,90.0,5.5,158.6,6.1,86.5,SSP,1,4,242.60000000000002,23.380952380952383
Chunya,-8.3,33.8,Sandy Loam,21.76,60.61,0.0,95.0,71.0,21.6,5.8,93.9,67.8,20.5,MOP,1,4,187.6,1.3194444444444444
Chunya,-8.03,33.8,Sandy Clay Loam,20.72,85.0,11.58,134.5,33.5,70.9,5.7,129.4,38.8,66.5,No Fertilizer,1,3,238.9,3.898550724637681
Chunya,-8.21,33.275,Sandy Loam,20.47,89.47,25.87,184.3,22.4,57.0,6.1,178.8,24.0,57.6,SSP,1,4,263.70000000000005,7.876068376068377
Chunya,-8.75,33.695,Sandy Clay Loam,21.75,84.67,18.54,30.4,24.4,63.5,5.9,32.4,27.9,63.1,Urea,1,3,118.3,1.1968503937007875
Chunya,-8.3,32.855,Sandy Loam,23.38,75.95,2.65,47.2,8.1,39.2,6.0,56.7,8.4,35.5,DAP,1,4,94.5,5.186813186813187
Chunya,-8.75,33.275,Sandy Loam,17.58,70.45,0.01,78.9,71.4,32.8,6.2,77.1,69.3,32.4,NPK,1,4,183.10000000000002,1.089779005524862
Chunya,-8.21,33.065,Sandy Loam,20.4,63.23,0.06,80.8,6.6,66.1,6.0,81.7,6.6,63.5,DAP,1,4,153.5,10.631578947368421
Chunya,-8.48,33.065,Sandy Loam,20.58,81.59,1.57,76.7,55.1,25.6,6.3,79.9,47.2,24.1,NPK,1,4,157.4,1.3672014260249554
Chunya,-8.39,33.59,Sandy Loam,22.97,79.34,2.4,173.1,35.7,43.1,5.9,164.3,33.2,41.3,No Fertilizer,1,4,251.9,4.716621253405994
Chunya,-8.66,32.96,Sandy Loam,20.97,81.68,5.93,131.0,62.3,21.6,6.4,131.4,66.6,21.8,MOP,1,4,214.9,2.0695102685624014
Chunya,-8.3,33.275,Sandy Loam,23.02,53.26,0.05,102.9,18.5,6.7,6.1,113.3,20.2,6.7,NPK,1,4,128.1,5.276923076923077
Chunya,-8.66,33.065,Sandy Loam,17.51,68.87,0.0,54.1,46.5,92.2,6.6,62.6,39.1,87.5,Urea,1,4,192.8,1.1389473684210527
Chunya,-8.48,33.065,Sandy Loam,23.31,48.67,0.0,138.2,38.5,44.6,6.3,150.0,35.8,42.3,No Fertilizer,1,4,221.29999999999998,3.4987341772151894
Chunya,-8.48,33.38,Sandy Loam,20.27,75.32,0.0,201.2,52.5,94.6,6.2,172.4,50.4,87.4,No Fertilizer,1,4,348.29999999999995,3.7607476635514017
Chunya,-8.66,33.59,Sandy Clay Loam,17.87,60.03,0.01,157.2,8.5,18.5,5.9,149.6,8.5,17.8,NPK,1,3,184.2,16.54736842105263
Chunya,-8.66,33.8,Sandy Clay Loam,23.38,60.57,5.94,10.4,17.1,57.6,6.5,10.3,16.8,55.3,DAP,1,3,85.1,0.574585635359116
Chunya,-8.03,32.855,Sandy Loam,20.1,74.25,0.0,116.7,16.3,22.2,5.6,118.2,18.2,22.9,NPK,1,4,155.2,6.7456647398843925
Chunya,-8.75,33.17,Sandy Loam,23.0,79.0,0.2,18.4,53.3,69.4,6.1,18.7,52.7,72.4,Urea,1,4,141.1,0.33885819521178634
Chunya,-7.94,32.855,Sandy Loam,17.47,63.06,0.0,58.2,16.6,75.8,5.6,53.8,16.5,71.8,DAP,1,4,150.60000000000002,3.3068181818181817
Chunya,-8.39,33.485,Sandy Loam,19.68,70.28,0.01,19.4,39.2,14.8,6.2,20.1,41.9,15.5,NPK,1,4,73.4,0.48258706467661683
Chunya,-8.39,33.8,Sandy Loam,22.25,83.76,12.73,117.2,17.5,82.5,6.1,112.6,18.2,82.6,SSP,1,4,217.2,6.335135135135135
Chunya,-8.57,33.8,Sandy Clay Loam,19.39,72.48,0.08,123.6,67.3,24.5,6.3,126.7,60.9,22.3,MOP,1,3,215.39999999999998,1.8096632503660322
Chunya,-8.3,33.275,Sandy Loam,20.57,88.21,33.0,33.5,65.6,62.4,6.1,29.5,66.2,57.5,Urea,1,4,161.5,0.503003003003003
Chunya,-8.48,33.17,Sandy Loam,22.28,78.91,5.71,79.2,43.8,90.7,5.9,75.3,38.2,88.8,Urea,1,4,213.7,1.767857142857143
Chunya,-7.85,33.275,Sandy Loam,25.31,52.15,0.0,95.2,23.9,78.5,5.5,87.6,27.3,80.1,Urea,1,4,197.6,3.8232931726907635
Chunya,-7.94,32.75,Sandy Loam,18.08,77.16,0.01,69.8,18.7,85.6,6.0,72.7,19.4,86.4,DAP,1,4,174.1,3.5431472081218276
Chunya,-8.39,33.695,Sandy Loam,26.63,50.97,0.07,32.8,6.5,36.9,6.1,30.6,7.3,34.8,DAP,1,4,76.19999999999999,4.373333333333333
Chunya,-8.12,33.38,Sandy Loam,17.28,73.01,1.52,79.4,19.9,14.8,5.9,81.2,21.7,14.9,NPK,1,4,114.10000000000001,3.7990430622009574
Chunya,-8.57,33.065,Sandy Loam,19.72,69.31,0.58,138.8,44.4,21.0,6.7,137.7,47.2,21.8,MOP,1,4,204.20000000000002,3.0572687224669606
Chunya,-7.94,33.275,Sandy Loam,20.8,55.1,0.01,24.6,40.1,52.1,5.7,22.1,39.2,48.0,Urea,1,4,116.80000000000001,0.5985401459854015
Chunya,-7.85,33.38,Sandy Loam,22.91,81.54,0.11,21.9,67.5,73.6,5.8,23.6,66.3,72.6,Urea,1,4,163.0,0.31970802919708025
Chunya,-8.03,33.065,Sandy Loam,21.35,82.18,1.78,71.3,28.7,17.9,5.6,70.3,30.2,18.6,NPK,1,4,117.9,2.4006734006734005
Chunya,-8.48,33.485,Sandy Loam,22.63,79.5,0.01,175.3,42.0,63.5,6.0,170.1,49.8,61.4,No Fertilizer,1,4,280.8,4.076744186046512
Chunya,-7.94,33.38,Sandy Loam,20.73,77.07,0.44,128.2,40.0,35.4,5.8,123.7,36.3,33.2,No Fertilizer,1,4,203.6,3.1268292682926826
Chunya,-8.75,33.8,Sandy Loam,22.45,78.12,2.43,121.4,37.1,32.2,6.4,125.4,37.8,34.7,No Fertilizer,1,4,190.7,3.1863517060367452
Chunya,-7.85,33.695,Sandy Loam,21.79,82.34,0.77,82.0,20.0,60.7,5.5,71.5,21.7,61.6,DAP,1,4,162.7,3.9047619047619047
Chunya,-8.48,33.59,Sandy Loam,23.41,58.69,0.0,100.9,34.7,44.4,5.9,110.9,34.0,45.2,No Fertilizer,1,4,180.00000000000003,2.826330532212885
Chunya,-8.48,33.38,Sandy Loam,26.8,42.73,0.01,12.9,35.6,76.6,6.2,11.7,35.1,74.2,Urea,1,4,125.1,0.3524590163934426
Chunya,-8.75,33.59,Sandy Clay Loam,21.24,82.02,4.13,128.2,49.5,19.9,5.8,118.1,50.6,19.1,MOP,1,3,197.6,2.538613861386138
Chunya,-7.94,33.59,Sandy Loam,20.5,77.81,0.0,187.2,66.8,69.6,5.8,165.3,66.1,72.4,No Fertilizer,1,4,323.6,2.7610619469026547
Chunya,-8.21,33.065,Sandy Loam,23.97,73.52,13.24,101.4,23.7,10.2,6.0,114.1,25.7,11.4,NPK,1,4,135.3,4.105263157894737
Chunya,-8.39,33.38,Sandy Loam,21.96,81.16,0.85,148.9,7.1,23.9,6.2,158.5,6.8,22.3,NPK,1,4,179.9,18.38271604938272
Chunya,-8.75,33.065,Sandy Loam,27.36,45.08,0.04,147.0,34.2,56.3,5.9,133.1,36.8,61.1,No Fertilizer,1,4,237.5,4.176136363636363
Chunya,-8.21,32.75,Sandy Loam,22.1,76.68,2.86,26.5,38.2,79.3,6.0,30.5,39.9,77.8,Urea,1,4,144.0,0.6760204081632653
Chunya,-8.57,32.96,Sandy Loam,25.46,44.56,0.0,145.0,15.8,27.0,7.0,163.4,15.1,27.2,NPK,1,4,187.8,8.630952380952381
Chunya,-8.39,33.59,Sandy Loam,26.17,52.62,0.59,20.6,58.8,33.9,5.9,21.3,54.2,33.5,Urea,1,4,113.30000000000001,0.3444816053511706
Chunya,-8.21,33.38,Sandy Loam,21.01,79.35,0.4,102.1,76.7,57.0,6.0,100.8,69.0,51.1,No Fertilizer,1,4,235.8,1.314028314028314
Chunya,-8.39,33.38,Sandy Loam,20.92,61.82,0.13,38.0,71.3,28.8,6.2,34.2,66.4,23.8,NPK,1,4,138.1,0.5255878284923928
Chunya,-7.94,33.275,Sandy Loam,24.04,69.89,0.45,11.8,16.6,65.7,5.7,12.0,17.0,74.1,DAP,1,4,94.10000000000001,0.6704545454545454
Chunya,-7.85,33.8,Sandy Loam,21.52,81.84,2.07,78.3,55.1,75.9,5.6,81.7,61.8,71.0,Urea,1,4,209.3,1.3957219251336896
Chunya,-7.85,33.065,Sandy Clay Loam,19.29,69.56,0.0,61.5,55.5,18.0,5.5,60.2,50.5,18.2,NPK,1,3,135.0,1.0884955752212389
Chunya,-8.48,33.8,Sandy Loam,23.82,74.85,1.2,95.7,37.2,48.3,6.1,92.6,34.0,45.0,No Fertilizer,1,4,181.2,2.5052356020942406
Chunya,-7.94,33.485,Sandy Loam,20.66,80.27,4.46,111.5,37.8,75.8,5.7,108.1,39.7,71.1,No Fertilizer,1,4,225.10000000000002,2.8737113402061856
Chunya,-8.03,32.855,Sandy Loam,22.19,76.62,7.55,17.2,63.9,37.7,5.6,17.4,60.1,34.3,Urea,1,4,118.8,0.26502311248073956
Chunya,-7.94,33.485,Sandy Loam,19.76,89.19,8.04,26.7,34.9,60.4,5.7,30.9,35.7,59.2,Urea,1,4,122.0,0.7437325905292479
Chunya,-8.39,33.485,Sandy Loam,16.95,73.72,0.06,98.2,31.6,9.6,6.2,105.0,28.6,10.2,MOP,1,4,139.4,3.0122699386503067
Chunya,-8.66,33.38,Sandy Clay Loam,19.77,76.58,0.0,75.1,35.2,60.8,5.9,68.3,36.6,57.1,Urea,1,3,171.1,2.074585635359116
Chunya,-8.39,32.96,Sandy Loam,17.59,73.08,0.01,135.7,48.1,19.0,6.4,134.0,42.2,18.8,MOP,1,4,202.79999999999998,2.7637474541751526
Chunya,-8.48,33.8,Sandy Loam,18.74,65.72,0.0,118.2,17.4,74.5,6.1,120.9,16.5,75.8,SSP,1,4,210.1,6.423913043478262
Chunya,-7.94,32.855,Sandy Loam,23.25,78.09,0.82,165.8,71.4,34.7,5.6,153.8,63.5,35.9,No Fertilizer,1,4,271.90000000000003,2.2900552486187844
Chunya,-7.94,32.855,Sandy Loam,22.39,60.99,0.21,117.6,46.9,31.7,5.6,127.7,48.5,29.7,MOP,1,4,196.2,2.4551148225469728
Chunya,-8.03,33.8,Sandy Clay Loam,21.63,83.32,23.14,81.8,47.1,85.2,5.7,83.1,45.8,76.6,Urea,1,3,214.10000000000002,1.7006237006237006
Chunya,-8.75,33.38,Loam,22.05,79.3,0.88,125.6,9.8,9.4,5.8,124.4,10.6,10.2,NPK,1,2,144.8,11.629629629629628
Chunya,-8.75,33.695,Sandy Clay Loam,21.68,80.3,2.86,55.1,46.5,41.0,5.9,56.8,43.9,39.3,Urea,1,3,142.6,1.16
Chunya,-8.39,33.065,Sandy Loam,18.12,74.13,0.02,62.5,12.7,36.1,6.1,62.1,12.0,37.1,DAP,1,4,111.30000000000001,4.562043795620438
Chunya,-8.12,33.065,Sandy Loam,23.67,48.42,0.0,142.2,10.7,26.8,5.9,144.1,9.2,29.9,NPK,1,4,179.7,12.153846153846153
Chunya,-8.75,33.275,Sandy Loam,25.1,55.43,0.02,77.5,40.1,83.4,6.2,85.9,38.8,82.6,Urea,1,4,201.0,1.8856447688564477
Chunya,-8.57,33.17,Sandy Loam,23.91,44.87,0.0,147.6,32.1,65.0,5.8,145.7,30.6,69.1,No Fertilizer,1,4,244.7,4.459214501510574
Chunya,-8.12,32.75,Sandy Loam,22.21,84.65,1.39,135.9,41.4,10.1,6.2,149.8,42.9,11.4,MOP,1,4,187.4,3.2051886792452833
Chunya,-8.03,33.17,Sandy Loam,22.77,78.65,5.87,157.6,10.3,62.4,5.7,155.8,9.9,66.0,SSP,1,4,230.3,13.946902654867255
Chunya,-7.85,33.485,Sandy Loam,21.72,83.97,10.39,181.8,31.6,46.7,5.5,165.8,32.4,50.3,No Fertilizer,1,4,260.1,5.576687116564417
Chunya,-8.12,33.695,Sandy Loam,26.1,47.9,0.03,81.6,15.7,78.0,5.7,83.3,15.5,81.7,DAP,1,4,175.3,4.886227544910179
Chunya,-8.66,33.695,Sandy Loam,23.8,75.13,0.31,58.9,70.0,29.3,6.3,64.2,69.1,32.3,NPK,1,4,158.20000000000002,0.8295774647887324
Chunya,-8.66,33.695,Sandy Loam,23.43,56.27,0.24,108.0,40.0,52.7,6.3,109.0,41.0,54.2,No Fertilizer,1,4,200.7,2.6341463414634148
Chunya,-8.21,32.96,Sandy Loam,21.28,80.62,26.02,68.8,49.6,45.7,5.8,73.1,49.4,48.1,Urea,1,4,164.10000000000002,1.359683794466403
Chunya,-8.57,33.38,Sandy Loam,23.81,75.2,1.66,116.9,24.8,48.4,6.0,112.2,25.5,47.1,SSP,1,4,190.10000000000002,4.5310077519379846
Chunya,-8.3,33.065,Sandy Loam,23.08,78.35,2.07,128.6,10.0,46.2,6.1,129.9,10.3,44.3,SSP,1,4,184.8,11.69090909090909
Chunya,-7.85,32.96,Sandy Loam,21.57,78.91,8.18,142.2,73.6,23.7,5.4,127.0,68.4,23.3,Apply Lime,1,4,239.49999999999997,1.906166219839142
Chunya,-7.85,33.275,Sandy Loam,16.95,67.33,0.82,79.7,23.2,68.3,5.5,73.7,22.9,69.5,DAP,1,4,171.2,3.293388429752066
Chunya,-8.75,33.17,Sandy Loam,26.73,38.05,0.0,38.0,32.7,43.1,6.1,38.4,32.0,43.9,Urea,1,4,113.80000000000001,1.1275964391691393
Chunya,-8.03,33.275,Sandy Loam,20.19,78.75,0.19,87.4,42.1,81.4,5.9,83.2,46.9,86.5,Urea,1,4,210.9,2.02784222737819
Chunya,-8.48,33.17,Sandy Loam,20.7,63.54,0.04,33.3,5.8,26.3,5.9,34.2,5.6,27.9,NPK,1,4,65.39999999999999,4.897058823529411
Chunya,-8.75,33.065,Sandy Loam,21.47,73.09,0.0,161.7,59.6,66.5,5.9,161.3,57.5,63.4,No Fertilizer,1,4,287.79999999999995,2.668316831683168
Chunya,-8.3,33.59,Sandy Loam,22.2,82.03,11.29,67.1,38.3,74.5,6.0,68.8,39.4,85.0,Urea,1,4,179.89999999999998,1.7073791348600509
Chunya,-8.3,32.96,Sandy Loam,23.05,76.68,3.72,38.2,25.6,61.4,6.0,36.3,22.4,61.7,DAP,1,4,125.2,1.4360902255639099
Chunya,-8.75,32.855,Sandy Loam,23.05,73.76,1.44,15.8,6.8,77.4,5.9,14.3,8.1,79.2,DAP,1,4,100.0,2.025641025641026
Chunya,-7.94,33.59,Sandy Loam,22.26,79.13,1.69,126.5,15.5,78.7,5.8,119.8,14.7,75.5,SSP,1,4,220.7,7.666666666666667
Chunya,-8.39,33.17,Sandy Loam,23.65,79.66,0.41,125.9,66.2,32.6,6.0,118.3,63.1,36.2,No Fertilizer,1,4,224.70000000000002,1.8735119047619049
Chunya,-8.57,33.065,Sandy Loam,19.44,69.58,0.0,72.3,51.1,56.5,6.7,67.9,49.3,56.4,Urea,1,4,179.9,1.3877159309021112
Chunya,-8.48,33.38,Sandy Loam,22.38,81.25,20.79,23.0,20.7,19.6,6.2,22.2,20.5,19.1,NPK,1,4,63.300000000000004,1.0599078341013826
Chunya,-8.03,33.695,Sandy Loam,21.53,76.47,0.03,73.3,8.7,44.2,5.5,79.6,8.3,51.0,DAP,1,4,126.2,7.556701030927836
Chunya,-8.39,33.695,Sandy Loam,27.55,46.44,0.26,70.4,52.6,23.4,6.1,62.9,49.6,25.4,NPK,1,4,146.4,1.3134328358208955
Chunya,-8.3,33.17,Sandy Loam,19.78,90.75,16.05,140.9,39.7,68.0,6.2,125.1,41.8,68.5,No Fertilizer,1,4,248.60000000000002,3.461916461916462
Chunya,-8.12,33.17,Sandy Loam,20.82,77.25,0.04,111.1,31.3,52.2,6.0,113.0,30.7,50.4,No Fertilizer,1,4,194.60000000000002,3.4396284829721364
Chunya,-8.75,33.485,Sandy Loam,26.73,38.05,0.0,70.1,27.6,41.1,5.9,72.0,28.0,40.5,Urea,1,4,138.79999999999998,2.451048951048951
Chunya,-8.48,33.8,Sandy Loam,21.79,80.51,5.18,49.1,16.9,29.7,6.1,47.0,18.3,28.6,NPK,1,4,95.7,2.7430167597765367
Chunya,-8.66,33.695,Sandy Loam,21.88,58.29,0.0,184.8,50.6,83.1,6.3,178.0,48.2,89.9,No Fertilizer,1,4,318.5,3.5813953488372094
Chunya,-8.12,33.695,Sandy Loam,24.68,57.04,0.01,85.9,65.4,10.7,5.7,87.2,68.1,12.0,NPK,1,4,162.0,1.2936746987951806
Chunya,-8.57,32.96,Sandy Loam,17.34,73.37,0.0,115.9,14.0,9.7,7.0,127.0,15.6,9.7,NPK,1,4,139.6,7.7266666666666675
Chunya,-7.85,33.8,Sandy Loam,22.12,54.2,0.0,34.6,41.8,22.2,5.6,33.9,43.4,24.2,NPK,1,4,98.60000000000001,0.8084112149532711
Chunya,-8.66,33.8,Sandy Clay Loam,21.13,84.59,34.64,96.1,30.2,82.3,6.5,92.6,32.0,87.6,No Fertilizer,1,3,208.6,3.080128205128205
Chunya,-8.3,33.485,Sandy Loam,19.4,72.41,0.33,15.4,35.9,94.0,5.8,14.7,33.5,88.3,Urea,1,4,145.3,0.41734417344173447
Chunya,-8.12,32.75,Sandy Loam,19.68,76.72,0.35,98.3,21.0,61.8,6.2,95.9,20.8,61.0,SSP,1,4,181.1,4.468181818181818
Chunya,-8.21,33.275,Sandy Loam,25.1,55.24,0.04,170.6,64.1,76.8,6.1,173.9,58.5,79.9,No Fertilizer,1,4,311.5,2.620583717357911
Chunya,-8.75,33.17,Sandy Loam,24.78,43.04,0.0,80.6,34.3,22.8,6.1,75.3,36.0,24.0,NPK,1,4,137.7,2.28328611898017
Chunya,-7.94,32.96,Sandy Loam,22.69,79.63,12.86,16.7,42.3,91.5,5.4,16.6,39.9,87.7,Apply Lime,1,4,150.5,0.3856812933025404
Chunya,-8.03,33.17,Sandy Loam,18.67,72.17,0.02,14.8,28.9,18.3,5.7,15.3,24.1,18.0,NPK,1,4,62.0,0.4949832775919733
Chunya,-8.3,33.59,Sandy Loam,21.33,85.65,2.69,75.0,16.4,13.3,6.0,76.0,16.0,14.5,NPK,1,4,104.7,4.310344827586207
Chunya,-8.66,33.59,Sandy Clay Loam,21.46,63.39,0.0,32.7,10.3,13.3,5.9,37.2,9.7,15.4,NPK,1,3,56.3,2.8938053097345136
Chunya,-8.39,33.485,Sandy Loam,25.85,41.2,0.0,13.8,53.6,61.3,6.2,14.0,51.1,54.1,Urea,1,4,128.7,0.25274725274725274
Chunya,-8.03,33.695,Sandy Loam,22.51,84.53,33.33,145.2,15.3,65.5,5.5,138.6,17.0,71.6,SSP,1,4,226.0,8.907975460122698
Chunya,-8.75,32.75,Sandy Loam,23.03,78.12,0.1,90.0,51.6,38.2,5.9,87.9,49.5,36.8,Urea,1,4,179.8,1.7110266159695817
Chunya,-8.12,33.275,Sandy Loam,23.1,71.72,3.98,65.5,30.4,97.5,6.1,59.2,29.8,88.1,Urea,1,4,193.4,2.085987261146497
Chunya,-8.3,33.275,Sandy Loam,17.62,75.46,0.03,160.0,30.9,42.9,6.1,163.0,31.4,42.5,No Fertilizer,1,4,233.8,5.015673981191223
Chunya,-8.48,33.275,Sandy Loam,21.09,88.11,15.33,30.8,32.8,17.9,5.9,29.7,35.0,18.6,NPK,1,4,81.5,0.911242603550296
Chunya,-8.03,33.485,Sandy Loam,23.6,77.68,1.44,182.1,29.6,40.6,5.9,172.5,28.3,45.1,No Fertilizer,1,4,252.29999999999998,5.950980392156862
Chunya,-8.48,32.96,Sandy Loam,21.42,84.85,6.88,73.8,9.9,56.7,6.3,63.4,10.6,63.0,DAP,1,4,140.4,6.770642201834862
Chunya,-8.3,33.695,Sandy Loam,18.36,75.59,0.0,162.7,28.1,77.9,6.1,161.0,24.4,75.9,SSP,1,4,268.7,5.59106529209622
Chunya,-7.94,33.695,Sandy Clay Loam,21.93,74.2,0.25,104.3,48.2,49.1,5.6,112.5,47.8,44.5,No Fertilizer,1,3,201.6,2.1199186991869916
Chunya,-8.03,33.59,Sandy Loam,22.45,74.7,1.04,159.5,43.8,54.3,5.7,150.5,47.9,55.9,No Fertilizer,1,4,257.6,3.560267857142857
Chunya,-8.12,33.275,Sandy Loam,20.79,87.46,20.79,200.4,22.1,27.3,6.1,177.3,22.9,28.5,NPK,1,4,249.8,8.675324675324674
Chunya,-8.66,33.485,Sandy Loam,22.78,59.84,0.0,57.7,33.7,63.2,5.8,59.0,34.4,60.3,Urea,1,4,154.60000000000002,1.6628242074927952
Chunya,-8.48,33.485,Sandy Loam,17.55,71.04,0.0,183.6,19.6,84.6,6.0,173.4,16.8,88.8,SSP,1,4,287.79999999999995,8.9126213592233
Chunya,-7.85,33.065,Sandy Clay Loam,18.91,56.26,0.0,82.8,16.8,10.3,5.5,76.2,17.9,10.1,NPK,1,3,109.89999999999999,4.651685393258426
Chunya,-8.03,33.59,Sandy Loam,24.65,64.29,0.06,80.9,5.5,80.7,5.7,75.5,5.5,80.5,DAP,1,4,167.10000000000002,12.446153846153846
Chunya,-8.39,33.485,Sandy Loam,21.01,79.35,0.4,68.5,60.8,51.7,6.2,67.9,63.2,53.2,Urea,1,4,181.0,1.1084142394822007
Chunya,-8.57,33.17,Sandy Loam,21.14,87.86,8.4,97.1,18.5,27.1,5.8,102.0,17.9,27.2,NPK,1,4,142.7,4.97948717948718
Chunya,-8.75,32.855,Sandy Loam,24.68,64.98,14.12,36.0,18.3,96.9,5.9,36.2,19.0,86.2,DAP,1,4,151.2,1.8652849740932642
Chunya,-8.66,33.59,Sandy Clay Loam,23.46,69.61,5.64,107.5,20.7,48.6,5.9,104.1,22.5,46.6,SSP,1,3,176.79999999999998,4.953917050691245
Chunya,-8.75,33.275,Sandy Loam,22.91,62.5,0.01,108.6,12.2,36.5,6.2,102.1,12.4,33.9,SSP,1,4,157.3,8.227272727272727
Chunya,-8.03,33.065,Sandy Loam,24.14,50.7,0.0,142.8,45.2,19.9,5.6,139.5,46.2,21.2,MOP,1,4,207.9,3.090909090909091
Chunya,-7.94,33.065,Sandy Loam,25.72,57.35,4.19,147.7,8.6,28.6,5.5,151.7,9.0,26.5,NPK,1,4,184.89999999999998,15.385416666666666
Chunya,-8.66,33.695,Sandy Loam,17.21,74.36,0.0,88.2,12.4,79.4,6.3,84.9,12.9,76.0,DAP,1,4,180.0,6.582089552238806
Chunya,-8.39,33.275,Sandy Loam,23.63,73.38,2.51,65.1,50.4,51.6,6.1,61.4,46.6,57.6,Urea,1,4,167.1,1.2665369649805447
Chunya,-8.66,32.75,Sandy Loam,23.73,71.4,28.47,55.5,25.8,85.8,5.9,54.1,26.4,82.7,DAP,1,4,167.1,2.0708955223880596
Chunya,-8.75,33.8,Sandy Loam,22.41,78.82,8.84,40.6,46.7,24.6,6.4,43.1,50.7,25.5,NPK,1,4,111.9,0.8511530398322851
Chunya,-7.94,33.065,Sandy Loam,21.57,78.91,8.18,19.5,39.5,14.4,5.5,19.8,40.8,16.2,NPK,1,4,73.4,0.48148148148148145
Chunya,-8.21,33.275,Sandy Loam,22.55,81.05,8.25,72.7,21.0,6.6,6.1,68.2,20.9,6.5,NPK,1,4,100.3,3.3045454545454547
Chunya,-8.75,32.75,Sandy Loam,21.04,50.33,0.0,50.5,42.6,50.5,5.9,55.9,47.0,48.7,Urea,1,4,143.6,1.1582568807339448
Chunya,-8.75,33.17,Sandy Loam,19.26,74.77,0.0,148.8,13.0,90.8,6.1,174.3,11.7,89.9,SSP,1,4,252.60000000000002,10.62857142857143
Chunya,-8.66,33.8,Sandy Clay Loam,19.36,66.29,0.0,115.9,41.8,63.9,6.5,104.8,39.4,64.4,No Fertilizer,1,3,221.6,2.707943925233645
Chunya,-8.75,33.275,Sandy Loam,22.41,77.2,36.9,71.5,36.1,31.2,6.2,69.0,32.9,31.9,NPK,1,4,138.79999999999998,1.9272237196765498
Chunya,-8.21,32.855,Sandy Loam,20.26,78.9,0.05,113.3,22.3,93.4,5.9,108.7,21.7,79.7,SSP,1,4,229.0,4.8626609442060085
Chunya,-8.12,33.065,Sandy Loam,22.62,43.75,0.0,31.1,37.4,65.7,5.9,33.7,43.9,71.7,Urea,1,4,134.2,0.8098958333333334
Chunya,-8.57,33.485,Sandy Loam,25.22,38.22,0.0,89.9,68.1,7.7,6.0,85.5,61.5,7.3,NPK,1,4,165.7,1.3010130246020262
Chunya,-8.21,33.8,Sandy Loam,21.46,89.75,5.89,118.7,65.7,74.7,5.6,116.5,69.9,74.6,No Fertilizer,1,4,259.1,1.7796101949025487
Chunya,-8.75,33.065,Sandy Loam,17.67,63.04,0.0,82.8,41.7,29.4,5.9,93.1,44.1,31.2,MOP,1,4,153.9,1.939110070257611
Chunya,-7.94,32.75,Sandy Loam,22.19,82.54,3.12,86.1,31.0,18.5,6.0,78.3,30.7,18.6,NPK,1,4,135.6,2.690625
Chunya,-7.94,33.17,Sandy Loam,23.43,52.82,0.0,180.9,20.7,22.6,5.7,179.0,18.9,25.0,NPK,1,4,224.2,8.336405529953918
Chunya,-7.85,33.065,Sandy Clay Loam,21.99,78.59,0.13,155.2,22.5,43.5,5.5,159.7,21.0,45.4,SSP,1,3,221.2,6.604255319148936
Chunya,-7.94,32.96,Sandy Loam,22.65,45.76,0.0,112.9,37.9,41.6,5.4,116.0,35.6,41.7,Apply Lime,1,4,192.4,2.9023136246786634
Chunya,-8.21,32.855,Sandy Loam,21.9,84.18,1.65,91.7,27.6,27.0,5.9,106.8,28.2,30.3,MOP,1,4,146.3,3.2062937062937062
Chunya,-8.57,33.8,Sandy Clay Loam,20.9,64.5,0.01,120.3,62.8,21.2,6.3,115.5,64.3,20.5,MOP,1,3,204.29999999999998,1.8855799373040754
Chunya,-8.57,33.695,Sandy Loam,24.7,59.35,0.05,45.0,29.0,65.3,6.2,44.2,28.3,70.0,Urea,1,4,139.3,1.5
Chunya,-8.3,33.59,Sandy Loam,23.78,74.22,2.32,76.1,28.4,80.1,6.0,77.2,28.6,89.2,Urea,1,4,184.6,2.5884353741496597
Chunya,-8.12,32.855,Sandy Loam,17.56,74.5,0.03,18.2,31.1,65.9,5.6,16.7,29.3,71.3,Urea,1,4,115.2,0.5669781931464174
Chunya,-8.12,33.38,Sandy Loam,20.4,76.18,0.0,82.0,62.7,35.6,5.9,90.8,59.2,30.9,MOP,1,4,180.29999999999998,1.2872841444270016
Chunya,-7.85,33.485,Sandy Loam,25.91,57.26,4.11,98.0,48.9,22.9,5.5,102.3,47.0,26.6,MOP,1,4,169.8,1.9639278557114228
Chunya,-8.75,32.855,Sandy Loam,21.1,78.14,0.0,45.8,36.7,25.0,5.9,48.7,44.5,24.3,NPK,1,4,107.5,1.2148541114058353
Chunya,-8.3,32.855,Sandy Loam,22.05,61.94,0.0,170.5,26.3,16.6,6.0,173.9,26.1,17.5,NPK,1,4,213.4,6.245421245421245
Chunya,-8.75,33.485,Sandy Loam,19.02,64.73,0.0,165.4,57.5,51.0,5.9,164.6,58.0,52.3,No Fertilizer,1,4,273.9,2.8273504273504275
Chunya,-8.3,33.695,Sandy Loam,21.13,83.21,4.52,136.8,6.6,59.3,6.1,132.8,6.5,56.9,SSP,1,4,202.7,18.000000000000004
Chunya,-8.48,33.59,Sandy Loam,26.31,54.94,0.14,98.2,58.2,67.8,5.9,100.7,61.5,65.3,No Fertilizer,1,4,224.2,1.6587837837837838
Chunya,-8.57,33.38,Sandy Loam,17.55,71.04,0.0,148.2,34.3,60.1,6.0,157.9,37.8,63.1,No Fertilizer,1,4,242.6,4.198300283286119
Chunya,-8.48,33.8,Sandy Loam,21.15,59.67,0.02,36.0,31.3,27.7,6.1,32.2,30.3,30.6,NPK,1,4,95.0,1.1145510835913313
Chunya,-7.85,33.17,Sandy Loam,22.29,79.21,0.42,168.8,35.9,35.2,5.6,144.4,36.8,33.7,No Fertilizer,1,4,239.90000000000003,4.5745257452574535
Chunya,-7.85,33.275,Sandy Loam,17.37,67.39,0.0,31.5,50.0,65.7,5.5,31.2,48.0,63.2,Urea,1,4,147.2,0.6176470588235294
Chunya,-8.39,33.065,Sandy Loam,22.99,77.07,13.86,137.3,4.6,34.6,6.1,145.0,4.8,35.4,SSP,1,4,176.5,24.517857142857146
Chunya,-8.39,33.065,Sandy Loam,21.7,81.58,9.26,62.8,67.6,24.6,6.1,56.9,61.5,23.9,NPK,1,4,154.99999999999997,0.9154518950437318
Chunya,-7.94,33.17,Sandy Loam,27.61,40.2,0.0,143.0,35.8,36.3,5.7,159.1,33.5,37.4,No Fertilizer,1,4,215.10000000000002,3.8858695652173916
Chunya,-7.94,33.695,Sandy Clay Loam,21.08,82.89,3.56,166.5,27.2,27.2,5.6,170.5,26.6,28.9,NPK,1,3,220.89999999999998,5.904255319148937
Chunya,-8.03,33.065,Sandy Loam,25.25,39.75,0.0,33.6,12.9,13.4,5.6,35.3,13.1,13.4,NPK,1,4,59.9,2.41726618705036
Chunya,-8.12,33.275,Sandy Loam,26.56,51.09,0.47,81.5,35.0,78.5,6.1,88.7,33.0,75.7,Urea,1,4,195.0,2.263888888888889
Chunya,-8.03,33.695,Sandy Loam,19.58,88.75,5.71,173.3,37.8,79.3,5.5,176.8,36.8,77.7,No Fertilizer,1,4,290.40000000000003,4.466494845360826
Chunya,-8.48,33.065,Sandy Loam,23.78,76.71,13.38,86.6,31.2,25.3,6.3,92.2,30.6,24.5,MOP,1,4,143.1,2.6894409937888195
Chunya,-8.3,33.065,Sandy Loam,22.08,79.15,1.13,156.9,52.4,10.8,6.1,156.8,48.8,11.4,MOP,1,4,220.10000000000002,2.9382022471910116
Chunya,-8.48,33.59,Sandy Loam,22.12,43.83,0.0,110.3,35.0,75.6,5.9,110.1,31.8,68.1,No Fertilizer,1,4,220.9,3.0638888888888887
Chunya,-8.3,33.17,Sandy Loam,22.76,80.13,6.93,70.6,61.5,23.2,6.2,73.8,67.5,23.8,NPK,1,4,155.29999999999998,1.1296
Chunya,-8.3,33.38,Sandy Loam,21.84,71.96,1.73,57.1,40.4,38.7,6.0,58.6,43.6,39.0,Urea,1,4,136.2,1.3792270531400967
Chunya,-7.85,33.695,Sandy Loam,23.05,80.55,1.37,43.8,54.2,10.3,5.5,44.5,57.3,11.4,NPK,1,4,108.3,0.7934782608695651
Chunya,-8.21,33.275,Sandy Loam,19.72,63.21,0.0,147.4,10.0,24.7,6.1,139.5,11.2,25.0,NPK,1,4,182.1,13.4
Chunya,-8.66,33.8,Sandy Clay Loam,18.68,72.15,0.0,74.9,30.1,75.3,6.5,75.7,30.2,72.6,Urea,1,3,180.3,2.4083601286173635
Chunya,-8.03,33.275,Sandy Loam,16.8,71.75,0.0,102.5,27.3,77.5,5.9,96.9,26.2,73.6,SSP,1,4,207.3,3.6219081272084805
Chunya,-7.85,33.485,Sandy Loam,20.81,87.61,27.24,97.5,41.5,26.0,5.5,93.7,41.6,23.4,MOP,1,4,165.0,2.2941176470588234
Chunya,-7.94,33.38,Sandy Loam,21.49,49.2,0.0,112.5,58.6,35.5,5.8,108.1,60.8,34.2,No Fertilizer,1,4,206.6,1.8875838926174495
Chunya,-8.39,33.8,Sandy Loam,22.45,74.7,1.04,172.4,9.9,17.6,6.1,157.1,9.2,17.3,NPK,1,4,199.9,15.81651376146789
Chunya,-8.66,33.065,Sandy Loam,25.51,50.61,0.07,162.9,8.9,11.8,6.6,176.7,8.8,12.2,NPK,1,4,183.60000000000002,16.454545454545453
Chunya,-7.85,32.96,Sandy Loam,22.91,79.36,2.22,76.7,61.6,85.2,5.4,79.3,60.1,89.3,Apply Lime,1,4,223.5,1.2252396166134185
Chunya,-8.21,33.59,Sandy Loam,21.51,47.23,0.0,169.3,19.5,65.2,5.7,150.7,18.0,61.1,SSP,1,4,254.0,8.258536585365855
Chunya,-8.39,33.17,Sandy Loam,21.72,83.84,6.51,137.4,47.7,55.0,6.0,140.0,48.1,51.5,No Fertilizer,1,4,240.10000000000002,2.82135523613963
Chunya,-8.57,33.38,Sandy Loam,23.69,57.63,2.57,86.3,45.6,65.0,6.0,107.5,39.8,70.3,No Fertilizer,1,4,196.9,1.8519313304721028
Chunya,-7.85,33.38,Sandy Loam,23.44,75.95,3.23,170.1,57.1,80.4,5.8,172.5,59.0,76.6,No Fertilizer,1,4,307.6,2.927710843373494
Chunya,-7.85,33.065,Sandy Clay Loam,21.72,90.18,16.8,44.5,14.0,77.1,5.5,44.1,12.3,73.8,DAP,1,3,135.6,2.966666666666667
Chunya,-8.21,33.8,Sandy Loam,18.67,71.59,0.02,23.3,11.7,6.8,5.6,28.6,12.6,7.4,NPK,1,4,41.8,1.8346456692913387
Chunya,-8.12,33.38,Sandy Loam,20.82,83.87,4.95,169.7,42.2,22.5,5.9,155.2,40.8,21.7,MOP,1,4,234.39999999999998,3.92824074074074
Chunya,-7.85,33.17,Sandy Loam,24.95,42.21,0.0,80.4,63.5,56.5,5.6,84.7,66.5,61.0,Urea,1,4,200.4,1.2465116279069768
Chunya,-8.03,33.38,Sandy Loam,17.25,69.46,0.0,157.5,33.8,31.2,5.7,154.0,31.4,37.6,No Fertilizer,1,4,222.5,4.525862068965518
Chunya,-8.03,32.855,Sandy Loam,20.66,80.27,4.46,159.3,24.7,87.5,5.6,161.8,25.6,88.5,SSP,1,4,271.5,6.198443579766537
Chunya,-7.85,32.75,Sandy Loam,21.77,51.2,0.0,18.8,44.9,63.0,5.5,20.6,44.0,61.9,Urea,1,4,126.7,0.4095860566448802
Chunya,-8.57,32.75,Sandy Loam,24.59,53.68,0.01,148.2,62.4,85.7,6.5,160.2,65.4,86.4,No Fertilizer,1,4,296.3,2.337539432176656
Chunya,-8.75,32.855,Sandy Loam,23.71,53.97,0.0,80.6,63.1,27.5,5.9,86.2,59.2,22.9,NPK,1,4,171.2,1.2574102964118565
Chunya,-8.21,32.96,Sandy Loam,21.15,86.65,26.24,104.1,66.5,80.7,5.8,96.8,69.7,78.6,No Fertilizer,1,4,251.3,1.5422222222222222
Chunya,-8.57,33.8,Sandy Clay Loam,26.23,54.39,0.01,115.3,6.1,33.3,6.3,116.5,5.5,33.0,SSP,1,3,154.7,16.23943661971831
Chunya,-8.57,33.485,Sandy Loam,22.2,82.03,11.29,161.4,10.7,91.8,6.0,167.5,11.4,89.1,SSP,1,4,263.9,13.794871794871796
Chunya,-7.94,33.8,Sandy Clay Loam,22.8,80.51,0.07,12.4,40.1,18.7,5.6,13.2,44.2,19.2,NPK,1,3,71.2,0.30170316301703165
Chunya,-8.39,33.17,Sandy Loam,22.93,84.17,18.46,98.7,62.0,52.6,6.0,91.1,58.2,49.4,No Fertilizer,1,4,213.29999999999998,1.5666666666666667
Chunya,-8.21,33.8,Sandy Loam,22.83,79.45,1.56,139.9,21.9,74.4,5.6,126.9,22.8,72.6,SSP,1,4,236.20000000000002,6.109170305676857
Chunya,-8.75,33.59,Sandy Clay Loam,26.21,54.22,0.81,143.9,19.8,43.3,5.8,132.9,19.8,42.3,SSP,1,3,207.0,6.918269230769231
Chunya,-7.85,33.59,Sandy Loam,19.79,57.67,0.01,132.1,54.7,43.3,5.5,127.7,55.9,45.3,No Fertilizer,1,4,230.10000000000002,2.371633752244165
Chunya,-8.3,33.065,Sandy Loam,22.14,79.55,7.92,33.5,7.0,79.1,6.1,32.9,7.7,88.9,DAP,1,4,119.6,4.1875
Chunya,-8.75,33.17,Sandy Loam,19.99,89.96,9.69,55.7,28.2,40.3,6.1,60.9,28.4,41.7,Urea,1,4,124.2,1.9075342465753427
Chunya,-7.94,33.485,Sandy Loam,23.67,40.0,0.0,69.8,40.7,57.9,5.7,71.0,37.4,56.7,Urea,1,4,168.4,1.673860911270983
Chunya,-8.12,32.855,Sandy Loam,22.54,74.64,0.01,139.7,43.9,10.3,5.6,146.8,41.0,10.6,MOP,1,4,193.9,3.111358574610245
Chunya,-7.94,32.75,Sandy Loam,19.32,60.15,0.0,50.1,52.9,78.3,6.0,57.4,52.1,76.7,Urea,1,4,181.3,0.9294990723562153
Chunya,-8.12,32.96,Sandy Loam,24.51,61.95,5.09,49.2,29.6,59.5,5.6,45.8,27.4,60.4,Urea,1,4,138.3,1.607843137254902
Chunya,-7.94,32.96,Sandy Loam,21.13,83.22,12.36,164.4,41.1,41.1,5.4,172.8,44.4,39.9,Apply Lime,1,4,246.6,3.9049881235154396
Chunya,-8.57,33.17,Sandy Loam,24.23,45.11,0.0,12.5,41.7,6.9,5.8,11.5,42.6,7.4,NPK,1,4,61.1,0.2927400468384075
Chunya,-8.12,33.8,Sandy Loam,22.2,81.06,4.0,190.7,41.3,56.5,5.5,179.6,40.1,55.7,No Fertilizer,1,4,288.5,4.508274231678487
Chunya,-8.57,33.17,Sandy Loam,19.43,60.19,0.03,129.9,45.8,6.7,5.8,125.1,46.3,7.1,MOP,1,4,182.39999999999998,2.775641025641026
Chunya,-8.66,33.275,Sandy Loam,21.57,84.1,5.88,157.3,20.8,5.4,6.1,150.8,21.1,6.1,NPK,1,4,183.50000000000003,7.21559633027523
Chunya,-8.21,33.065,Sandy Loam,24.63,68.55,0.58,57.5,8.8,57.1,6.0,60.1,9.6,57.8,DAP,1,4,123.4,5.86734693877551
Chunya,-8.3,33.17,Sandy Loam,22.7,76.43,0.8,14.1,10.1,24.2,6.2,12.4,11.9,21.9,NPK,1,4,48.4,1.2702702702702702
Chunya,-7.85,33.59,Sandy Loam,19.08,55.83,0.0,135.8,19.9,19.9,5.5,135.4,18.8,22.1,NPK,1,4,175.60000000000002,6.497607655502393
Chunya,-8.21,33.38,Sandy Loam,24.6,56.1,0.73,155.0,37.6,61.4,6.0,151.8,37.0,60.9,No Fertilizer,1,4,254.0,4.015544041450777
Chunya,-8.3,33.695,Sandy Loam,26.36,47.38,0.16,129.7,63.2,11.1,6.1,135.9,59.5,10.5,MOP,1,4,203.99999999999997,2.0202492211838003
Chunya,-7.85,33.17,Sandy Loam,18.8,75.37,0.05,32.0,48.7,37.5,5.6,34.3,50.3,32.3,NPK,1,4,118.2,0.6438631790744467
Chunya,-8.3,33.275,Sandy Loam,24.9,56.43,0.42,142.7,53.3,17.9,6.1,138.1,56.1,18.6,MOP,1,4,213.9,2.6279926335174952
Chunya,-8.39,33.38,Sandy Loam,20.64,88.97,13.8,142.9,27.2,52.3,6.2,140.7,27.2,54.7,No Fertilizer,1,4,222.39999999999998,5.067375886524823
Chunya,-8.03,33.695,Sandy Loam,18.27,70.43,0.0,115.2,32.5,56.6,5.5,122.0,30.7,61.6,No Fertilizer,1,4,204.29999999999998,3.4388059701492537
Chunya,-8.21,33.065,Sandy Loam,22.66,71.22,0.43,126.1,29.5,71.9,6.0,140.2,30.0,66.6,No Fertilizer,1,4,227.5,4.134426229508197
Chunya,-8.3,33.695,Sandy Loam,22.56,60.85,0.0,140.1,17.6,25.8,6.1,153.8,16.7,27.4,NPK,1,4,183.5,7.532258064516128
Chunya,-8.3,33.59,Sandy Loam,19.65,76.13,0.04,123.9,7.5,13.1,6.0,114.3,8.0,13.5,NPK,1,4,144.5,14.576470588235296
Chunya,-8.39,33.59,Sandy Loam,24.98,51.28,0.02,24.0,42.5,11.0,5.9,25.1,43.0,12.6,NPK,1,4,77.5,0.5517241379310345
Chunya,-7.94,32.75,Sandy Loam,20.81,89.42,37.6,90.7,68.9,44.4,6.0,92.9,69.3,41.8,No Fertilizer,1,4,204.00000000000003,1.2975679542203147
Chunya,-8.21,33.275,Sandy Loam,18.72,64.89,0.0,25.6,16.3,92.4,6.1,23.2,15.0,85.5,DAP,1,4,134.3,1.4797687861271676
Chunya,-8.03,33.275,Sandy Loam,21.81,75.27,0.0,73.1,7.2,25.7,5.9,79.3,7.1,24.3,NPK,1,4,106.0,8.914634146341463
Chunya,-8.75,32.75,Sandy Loam,22.42,74.94,3.75,75.2,62.2,24.5,5.9,79.2,55.4,27.6,NPK,1,4,161.9,1.1898734177215189
Chunya,-8.03,33.065,Sandy Loam,23.27,80.59,2.23,20.1,18.7,15.1,5.6,21.2,20.7,14.5,NPK,1,4,53.9,1.0203045685279188
Chunya,-8.3,33.17,Sandy Loam,19.77,76.58,0.0,77.1,59.3,50.2,6.2,69.3,58.8,56.9,Urea,1,4,186.59999999999997,1.2786069651741294
Chunya,-8.66,33.485,Sandy Loam,19.97,65.55,0.0,32.9,51.1,63.4,5.8,28.9,50.5,63.1,Urea,1,4,147.4,0.6314779270633397
Chunya,-8.3,33.695,Sandy Loam,21.31,85.2,14.21,155.2,69.3,60.9,6.1,147.4,66.4,60.0,No Fertilizer,1,4,285.4,2.2076813655761023
Chunya,-8.39,32.96,Sandy Loam,27.27,43.13,0.0,180.5,29.2,80.0,6.4,171.1,31.0,78.3,No Fertilizer,1,4,289.7,5.97682119205298
Chunya,-8.66,33.065,Sandy Loam,22.71,52.0,0.0,21.4,53.3,48.6,6.6,22.3,47.7,46.9,Urea,1,4,123.29999999999998,0.39410681399631675
Chunya,-8.03,33.695,Sandy Loam,21.56,84.27,10.78,195.9,34.7,17.3,5.5,172.4,34.7,17.3,MOP,1,4,247.90000000000003,5.487394957983193
Chunya,-7.94,33.275,Sandy Loam,19.93,54.51,0.01,100.7,42.1,26.1,5.7,98.8,45.6,30.3,MOP,1,4,168.9,2.336426914153132
Chunya,-8.48,33.38,Sandy Loam,22.56,60.85,0.0,64.6,33.6,64.0,6.2,60.9,33.7,61.6,Urea,1,4,162.2,1.867052023121387
Chunya,-7.94,33.485,Sandy Loam,20.5,86.67,11.98,22.9,16.1,57.9,5.7,23.1,16.4,57.5,DAP,1,4,96.9,1.3391812865497075
Chunya,-8.48,33.38,Sandy Loam,25.25,39.75,0.0,93.3,44.8,47.4,6.2,95.1,37.5,50.6,No Fertilizer,1,4,185.5,2.037117903930131
Chunya,-7.85,32.75,Sandy Loam,22.8,75.42,17.27,162.0,41.7,56.4,5.5,145.1,38.9,63.4,No Fertilizer,1,4,260.09999999999997,3.793911007025761
Chunya,-8.48,33.8,Sandy Loam,22.53,78.01,0.62,135.1,57.7,66.0,6.1,130.2,57.5,59.5,No Fertilizer,1,4,258.8,2.301533219761499
Chunya,-8.48,33.065,Sandy Loam,24.75,62.85,7.82,20.4,52.1,86.9,6.3,18.5,52.5,80.0,Urea,1,4,159.4,0.38418079096045193
Chunya,-8.57,33.59,Sandy Loam,15.6,71.02,0.06,22.8,51.0,58.0,5.8,22.4,47.8,55.2,Urea,1,4,131.8,0.43846153846153846
Chunya,-8.75,33.59,Sandy Clay Loam,21.87,78.86,3.11,73.8,12.3,68.0,5.8,78.5,11.5,71.4,DAP,1,3,154.1,5.548872180451127
Chunya,-8.03,33.17,Sandy Loam,25.71,49.37,0.05,57.7,41.1,22.2,5.7,60.2,51.6,26.9,NPK,1,4,121.00000000000001,1.3705463182897863
Chunya,-8.57,32.75,Sandy Loam,18.11,71.55,0.01,49.9,38.7,66.3,6.5,49.5,37.0,63.0,Urea,1,4,154.89999999999998,1.2569269521410578
Chunya,-8.3,32.855,Sandy Loam,23.85,74.15,4.21,55.2,63.1,83.9,6.0,57.8,63.0,81.8,Urea,1,4,202.20000000000002,0.8611544461778472
Chunya,-8.03,33.065,Sandy Loam,20.39,86.58,10.81,135.2,58.8,37.4,5.6,146.6,64.7,38.4,No Fertilizer,1,4,231.4,2.260869565217391
Chunya,-8.3,33.38,Sandy Loam,19.87,73.51,0.0,182.1,8.1,77.1,6.0,168.0,7.6,71.4,SSP,1,4,267.29999999999995,20.01098901098901
Chunya,-8.39,33.17,Sandy Loam,21.48,59.23,0.0,75.9,67.3,70.9,6.0,78.9,58.2,66.9,Urea,1,4,214.1,1.1112737920937044
Chunya,-8.03,32.96,Sandy Loam,23.1,47.89,0.0,165.6,6.7,11.1,5.5,164.0,6.5,11.0,NPK,1,4,183.39999999999998,21.506493506493506
Chunya,-8.75,33.065,Sandy Loam,24.59,73.88,1.81,66.0,30.4,55.0,5.9,64.7,28.2,54.8,Urea,1,4,151.4,2.1019108280254777
Chunya,-8.12,32.96,Sandy Loam,20.16,75.17,0.0,87.2,44.8,17.0,5.6,91.0,39.8,16.9,MOP,1,4,149.0,1.903930131004367
Chunya,-8.66,32.96,Sandy Loam,17.67,63.04,0.0,53.3,13.0,91.4,6.4,48.4,13.8,87.3,DAP,1,4,157.7,3.807142857142857
Chunya,-7.94,33.38,Sandy Loam,22.02,83.62,13.43,109.6,46.3,69.7,5.8,118.9,53.3,74.2,No Fertilizer,1,4,225.59999999999997,2.317124735729387
Chunya,-8.21,32.75,Sandy Loam,21.67,81.65,3.22,179.7,4.8,15.7,6.0,176.4,4.6,15.2,NPK,1,4,200.2,30.982758620689655
Chunya,-7.85,33.275,Sandy Loam,21.44,83.99,3.62,114.5,14.9,15.2,5.5,112.6,15.1,16.2,NPK,1,4,144.6,7.20125786163522
Chunya,-7.85,33.59,Sandy Loam,21.32,54.51,0.0,70.6,38.3,61.2,5.5,70.8,42.3,55.9,Urea,1,4,170.1,1.7964376590330788
Chunya,-8.12,32.855,Sandy Loam,27.0,50.48,0.13,109.2,50.9,36.3,5.6,120.1,51.1,35.0,No Fertilizer,1,4,196.39999999999998,2.1040462427745665
Chunya,-8.3,33.275,Sandy Loam,17.9,70.62,1.74,32.8,67.8,8.5,6.1,30.9,64.5,8.9,NPK,1,4,109.1,0.4767441860465116
Chunya,-8.66,33.485,Sandy Loam,26.72,47.56,0.0,169.5,50.0,51.8,5.8,161.1,50.6,51.5,No Fertilizer,1,4,271.3,3.323529411764706
Chunya,-8.57,32.855,Sandy Loam,19.11,75.37,0.01,91.0,45.7,36.3,6.6,95.5,48.3,38.6,No Fertilizer,1,4,173.0,1.9486081370449677
Chunya,-8.12,32.855,Sandy Loam,23.25,56.22,0.0,90.7,29.6,16.0,5.6,86.4,30.0,14.5,NPK,1,4,136.3,2.9640522875816995
Chunya,-8.57,32.855,Sandy Loam,23.66,39.31,0.0,112.5,4.1,81.7,6.6,109.6,4.1,73.4,SSP,1,4,198.3,22.058823529411764
Chunya,-8.03,32.75,Sandy Loam,19.57,74.64,0.0,105.8,10.3,86.9,5.8,116.2,11.9,82.9,SSP,1,4,203.0,9.362831858407079
Chunya,-8.48,33.065,Sandy Loam,22.88,45.16,0.0,20.9,38.9,77.1,6.3,22.2,39.3,69.6,Urea,1,4,136.89999999999998,0.5238095238095238
Chunya,-8.75,32.855,Sandy Loam,25.07,54.42,0.22,136.1,44.0,75.9,5.9,126.0,48.6,75.1,No Fertilizer,1,4,256.0,3.0244444444444443
Chunya,-7.94,33.275,Sandy Loam,24.61,57.59,0.33,52.2,33.0,25.5,5.7,51.1,31.6,24.2,NPK,1,4,110.7,1.535294117647059
Chunya,-8.57,33.59,Sandy Loam,19.9,63.22,0.13,126.2,46.5,30.6,5.8,131.4,52.2,28.1,MOP,1,4,203.29999999999998,2.656842105263158
Chunya,-7.85,32.75,Sandy Loam,22.44,76.38,4.81,140.8,41.2,23.5,5.5,149.8,38.4,23.5,MOP,1,4,205.5,3.336492890995261
Chunya,-7.94,33.8,Sandy Clay Loam,20.14,88.23,30.55,141.4,8.6,70.6,5.6,146.7,8.9,70.3,SSP,1,3,220.6,14.729166666666668
Chunya,-8.39,32.96,Sandy Loam,21.68,82.62,3.16,100.7,16.0,91.2,6.4,103.9,16.7,85.6,SSP,1,4,207.9,5.923529411764706
Chunya,-8.48,32.96,Sandy Loam,23.44,77.04,2.63,92.6,60.7,69.2,6.3,98.4,59.4,66.2,No Fertilizer,1,4,222.5,1.5008103727714748
Chunya,-7.94,32.96,Sandy Loam,27.23,46.52,0.11,30.1,48.7,75.8,5.4,34.3,51.8,80.0,Apply Lime,1,4,154.60000000000002,0.6056338028169014
Chunya,-8.3,33.8,Sandy Loam,19.55,60.44,0.0,153.1,64.3,50.5,5.8,141.8,63.1,59.7,No Fertilizer,1,4,267.9,2.344563552833078
Chunya,-8.21,33.8,Sandy Loam,20.9,90.24,14.51,60.0,11.2,38.1,5.6,56.1,11.8,38.6,DAP,1,4,109.30000000000001,4.918032786885246
Chunya,-7.94,33.8,Sandy Clay Loam,20.77,85.09,8.07,86.0,66.7,35.6,5.6,94.4,69.4,41.8,No Fertilizer,1,3,188.29999999999998,1.2703101920236337
Chunya,-8.39,33.8,Sandy Loam,20.82,82.07,2.29,58.9,18.3,11.5,6.1,58.3,17.8,12.3,NPK,1,4,88.7,3.0518134715025904
Chunya,-8.66,33.695,Sandy Loam,22.51,76.08,21.48,30.7,4.4,8.1,6.3,32.8,4.8,8.6,NPK,1,4,43.2,5.685185185185185
Chunya,-8.57,33.8,Sandy Clay Loam,22.13,54.94,0.0,114.9,63.6,61.9,6.3,117.0,69.8,64.4,No Fertilizer,1,3,240.4,1.7786377708978331
Chunya,-8.12,33.275,Sandy Loam,25.24,59.16,0.63,18.8,22.9,45.3,6.1,19.2,22.6,42.8,DAP,1,4,87.0,0.7866108786610879
Chunya,-8.66,33.38,Sandy Clay Loam,27.56,42.87,0.0,133.2,48.0,56.2,5.9,137.3,48.1,52.4,No Fertilizer,1,3,237.39999999999998,2.7183673469387752
Chunya,-8.12,32.855,Sandy Loam,23.2,77.3,0.37,73.0,15.8,54.7,5.6,64.0,15.7,52.8,DAP,1,4,143.5,4.345238095238095
Chunya,-8.66,33.8,Sandy Clay Loam,20.9,82.29,10.19,9.7,43.3,30.6,6.5,10.0,42.3,29.3,NPK,1,3,83.6,0.21896162528216703
Chunya,-7.94,33.695,Sandy Clay Loam,20.75,88.35,11.56,91.4,63.9,48.1,5.6,96.9,63.7,46.0,No Fertilizer,1,3,203.4,1.4083204930662558
Chunya,-8.12,32.855,Sandy Loam,19.06,69.9,0.0,17.0,26.2,37.6,5.6,18.0,25.1,45.5,DAP,1,4,80.80000000000001,0.625
Chunya,-8.75,33.8,Sandy Loam,18.21,77.26,0.01,61.1,48.6,38.7,6.4,56.9,48.2,38.6,Urea,1,4,148.4,1.2318548387096775
Chunya,-8.3,32.96,Sandy Loam,22.98,74.14,0.48,115.1,14.1,65.5,6.0,130.2,16.4,74.9,SSP,1,4,194.7,7.622516556291391
Chunya,-8.75,33.59,Sandy Clay Loam,22.57,75.28,6.37,19.6,39.7,45.5,5.8,20.7,45.2,43.9,Urea,1,3,104.80000000000001,0.48157248157248156
Chunya,-8.48,33.485,Sandy Loam,22.91,62.5,0.01,168.2,29.7,48.4,6.0,152.7,26.2,56.7,SSP,1,4,246.29999999999998,5.478827361563518
Chunya,-8.21,32.96,Sandy Loam,21.18,79.55,3.78,10.8,17.9,80.2,5.8,10.6,17.9,81.2,DAP,1,4,108.9,0.5714285714285715
Chunya,-8.48,33.695,Sandy Loam,26.75,50.27,0.31,52.7,26.3,81.8,6.0,52.0,24.7,78.8,DAP,1,4,160.8,1.9304029304029304
Chunya,-7.85,32.75,Sandy Loam,20.04,66.76,0.08,156.2,15.4,74.5,5.5,136.0,15.8,80.8,SSP,1,4,246.1,9.52439024390244
Chunya,-8.03,33.065,Sandy Loam,19.57,54.15,0.0,64.9,63.3,30.6,5.6,63.8,63.5,28.7,NPK,1,4,158.79999999999998,1.0093312597200623
Chunya,-7.94,33.17,Sandy Loam,22.55,80.62,25.03,26.0,29.3,9.3,5.7,27.3,30.2,8.9,NPK,1,4,64.6,0.858085808580858
Chunya,-8.57,32.96,Sandy Loam,25.93,45.17,0.02,69.8,23.7,28.7,7.0,71.2,20.2,27.9,NPK,1,4,122.2,2.825910931174089
Chunya,-8.57,33.065,Sandy Loam,17.88,71.34,0.0,51.5,34.2,30.8,6.7,56.0,33.6,29.4,NPK,1,4,116.5,1.4630681818181817
Chunya,-8.3,33.17,Sandy Loam,21.59,67.1,0.02,166.7,24.2,80.3,6.2,153.3,25.2,82.4,SSP,1,4,271.2,6.615079365079365
Chunya,-8.75,33.695,Sandy Clay Loam,22.14,58.94,0.0,65.8,47.0,61.2,5.9,63.3,53.1,60.5,Urea,1,3,174.0,1.3708333333333333
Chunya,-7.85,33.59,Sandy Loam,17.57,65.6,0.0,155.5,77.5,12.9,5.5,144.1,68.1,12.9,MOP,1,4,245.9,1.980891719745223
Chunya,-8.39,33.17,Sandy Loam,22.76,83.41,23.49,175.3,32.5,17.4,6.0,161.6,32.9,17.4,MOP,1,4,225.20000000000002,5.232835820895523
Chunya,-7.85,33.17,Sandy Loam,21.86,80.98,0.72,81.3,64.0,18.2,5.6,83.7,60.8,19.1,NPK,1,4,163.5,1.2507692307692306
Chunya,-8.48,33.17,Sandy Loam,21.08,83.93,2.79,153.8,43.8,53.8,5.9,164.7,41.3,59.0,No Fertilizer,1,4,251.40000000000003,3.433035714285715
Chunya,-8.12,33.17,Sandy Loam,23.12,78.86,48.51,73.9,13.9,66.2,6.0,74.1,14.4,67.8,DAP,1,4,154.0,4.959731543624161
Chunya,-7.85,33.485,Sandy Loam,19.4,75.35,0.0,163.3,51.9,76.1,5.5,173.9,49.6,78.2,No Fertilizer,1,4,291.3,3.086956521739131
Chunya,-7.94,33.695,Sandy Clay Loam,23.1,51.04,0.01,25.5,36.3,80.6,5.6,25.2,37.9,85.0,Urea,1,3,142.39999999999998,0.6836461126005362
Chunya,-8.48,33.485,Sandy Loam,20.49,86.8,4.01,136.8,43.7,24.3,6.0,126.8,46.9,22.9,MOP,1,4,204.8,3.0604026845637584
Chunya,-8.3,32.96,Sandy Loam,23.79,77.93,7.18,92.8,67.8,29.4,6.0,93.9,62.7,32.0,MOP,1,4,190.0,1.3488372093023255
Chunya,-8.12,33.065,Sandy Loam,20.04,49.52,0.0,76.7,32.7,25.9,5.9,75.9,33.1,26.2,NPK,1,4,135.3,2.2759643916913945
Chunya,-8.75,32.96,Sandy Clay Loam,19.52,80.71,0.53,116.8,65.8,39.1,5.9,117.6,63.5,36.1,No Fertilizer,1,3,221.7,1.748502994011976
Chunya,-8.48,32.96,Sandy Loam,24.9,56.6,0.21,136.9,55.1,88.1,6.3,129.7,53.5,82.8,No Fertilizer,1,4,280.1,2.4402852049910875
Chunya,-8.12,33.38,Sandy Loam,21.28,82.06,8.65,10.2,37.9,58.9,5.9,10.7,36.2,54.3,Urea,1,4,107.0,0.2622107969151671
Chunya,-8.3,33.59,Sandy Loam,20.49,73.82,0.34,32.5,39.0,65.2,6.0,38.4,43.8,68.0,Urea,1,4,136.7,0.8125
Chunya,-7.85,33.065,Sandy Clay Loam,21.1,61.47,2.2,135.5,24.4,49.8,5.5,131.2,25.5,47.2,SSP,1,3,209.7,5.334645669291339
Chunya,-7.94,33.59,Sandy Loam,21.11,87.12,15.48,131.8,67.4,7.8,5.8,123.3,68.9,8.4,MOP,1,4,207.00000000000003,1.9269005847953216
Chunya,-8.75,32.75,Sandy Loam,17.83,73.97,0.14,179.7,45.2,11.2,5.9,174.2,48.0,11.4,MOP,1,4,236.09999999999997,3.889610389610389
Chunya,-8.48,33.8,Sandy Loam,22.14,82.45,6.08,133.1,7.1,50.5,6.1,139.4,6.9,51.2,SSP,1,4,190.7,16.432098765432098
Chunya,-8.21,32.855,Sandy Loam,19.93,73.3,0.0,158.0,27.7,63.7,5.9,171.6,25.6,66.4,SSP,1,4,249.39999999999998,5.505226480836237
Chunya,-8.57,33.17,Sandy Loam,18.21,66.4,0.03,133.9,49.4,23.5,5.8,129.4,45.1,24.1,MOP,1,4,206.8,2.656746031746032
Chunya,-8.21,32.75,Sandy Loam,26.95,37.96,0.01,61.3,7.5,64.3,6.0,60.7,7.7,66.6,DAP,1,4,133.1,7.211764705882352
Chunya,-8.57,32.96,Sandy Loam,19.28,65.02,0.0,27.7,5.7,69.0,7.0,27.9,5.6,74.1,DAP,1,4,102.4,4.134328358208955
Chunya,-8.3,33.8,Sandy Loam,23.65,76.78,7.43,161.1,34.8,43.0,5.8,142.9,33.7,40.6,No Fertilizer,1,4,238.89999999999998,4.5
Chunya,-8.21,33.275,Sandy Loam,19.78,63.61,0.41,111.6,27.1,67.8,6.1,119.5,26.0,68.7,SSP,1,4,206.5,3.97153024911032
Chunya,-8.66,32.75,Sandy Loam,21.33,80.05,3.26,20.5,30.9,40.5,5.9,18.2,32.9,39.9,Urea,1,4,91.9,0.6426332288401254
Chunya,-8.75,32.75,Sandy Loam,21.47,85.05,18.69,71.4,24.1,63.7,5.9,71.2,21.3,63.0,DAP,1,4,159.2,2.8446215139442232
Chunya,-7.94,33.17,Sandy Loam,17.83,69.38,0.2,150.5,15.8,70.4,5.7,172.7,14.9,70.2,SSP,1,4,236.70000000000002,8.958333333333332
Chunya,-8.75,33.17,Sandy Loam,22.58,77.95,5.84,93.9,52.8,89.9,6.1,95.1,49.5,89.3,No Fertilizer,1,4,236.6,1.7453531598513012
Chunya,-8.03,33.8,Sandy Clay Loam,22.58,83.41,0.81,89.2,41.2,34.3,5.7,83.6,38.0,35.0,Urea,1,3,164.7,2.1137440758293837
Chunya,-8.12,32.75,Sandy Loam,24.34,48.62,0.0,85.6,17.9,44.6,6.2,87.8,17.2,40.5,DAP,1,4,148.1,4.529100529100529
Chunya,-8.39,33.695,Sandy Loam,21.04,88.84,18.39,40.8,23.3,21.0,6.1,45.5,25.1,19.9,NPK,1,4,85.1,1.6790123456790123
Chunya,-8.75,33.695,Sandy Clay Loam,20.63,49.53,0.0,71.8,42.6,23.2,5.9,72.7,43.1,23.1,NPK,1,3,137.6,1.6467889908256879
Chunya,-8.75,32.855,Sandy Loam,21.11,55.25,0.0,68.5,7.8,62.2,5.9,72.9,8.8,64.2,DAP,1,4,138.5,7.784090909090908
Chunya,-8.03,33.38,Sandy Loam,19.32,70.44,0.0,19.6,14.1,82.3,5.7,18.9,13.7,83.0,DAP,1,4,116.0,1.2980132450331128
Chunya,-7.94,32.96,Sandy Loam,22.59,81.03,1.48,148.1,8.7,40.3,5.4,140.5,8.8,39.1,Apply Lime,1,4,197.09999999999997,15.268041237113403
Chunya,-8.12,33.38,Sandy Loam,21.76,85.27,8.62,74.8,57.4,23.3,5.9,80.8,57.6,21.1,NPK,1,4,155.5,1.2808219178082192
Chunya,-8.21,32.855,Sandy Loam,18.92,78.29,0.18,142.4,58.2,27.1,5.9,149.8,53.7,29.9,MOP,1,4,227.70000000000002,2.4054054054054053
Chunya,-7.85,33.065,Sandy Clay Loam,23.81,75.2,1.66,162.7,52.0,46.3,5.5,154.6,53.7,44.2,No Fertilizer,1,3,261.0,3.0698113207547166
Chunya,-8.57,33.275,Sandy Loam,19.77,76.58,0.0,43.3,50.4,32.8,5.8,46.0,51.3,30.4,NPK,1,4,126.49999999999999,0.8424124513618677
Chunya,-8.39,33.695,Sandy Loam,23.91,44.87,0.0,112.5,48.3,23.0,6.1,121.8,48.2,25.6,MOP,1,4,183.8,2.2819472616632863
Chunya,-8.48,33.065,Sandy Loam,25.86,61.07,0.64,82.8,30.9,67.0,6.3,90.3,35.5,67.8,No Fertilizer,1,4,180.7,2.595611285266458
Chunya,-8.39,33.38,Sandy Loam,20.25,68.02,0.04,163.6,45.5,6.2,6.2,159.6,46.4,6.7,MOP,1,4,215.29999999999998,3.518279569892473
Chunya,-8.03,32.75,Sandy Loam,21.1,80.42,4.07,47.7,5.4,52.8,5.8,46.7,6.5,51.3,DAP,1,4,105.9,7.453125
Chunya,-7.94,33.275,Sandy Loam,24.66,69.8,0.44,119.2,43.2,70.9,5.7,125.2,45.0,72.7,No Fertilizer,1,4,233.3,2.69683257918552
Chunya,-8.57,33.38,Sandy Loam,18.68,72.15,0.0,113.4,58.7,28.1,6.0,113.3,55.3,28.4,MOP,1,4,200.20000000000002,1.899497487437186
Chunya,-8.03,33.275,Sandy Loam,19.61,75.55,0.41,66.6,38.2,55.0,5.9,60.2,37.0,56.7,Urea,1,4,159.8,1.6989795918367345
Chunya,-7.85,33.695,Sandy Loam,21.31,82.04,10.29,31.0,26.4,65.3,5.5,33.2,27.6,62.2,Urea,1,4,122.69999999999999,1.1313868613138687
Chunya,-8.21,33.59,Sandy Loam,22.52,84.5,6.45,104.3,22.4,62.0,5.7,120.8,22.3,61.0,SSP,1,4,188.7,4.457264957264957
Chunya,-8.03,33.065,Sandy Loam,21.72,80.0,1.93,139.9,42.9,44.2,5.6,135.6,46.4,43.5,No Fertilizer,1,4,227.0,3.1867881548974943
Chunya,-8.3,33.59,Sandy Loam,20.26,78.9,0.05,63.2,49.7,35.5,6.0,63.7,49.7,35.1,Urea,1,4,148.4,1.2465483234714003
Chunya,-8.39,33.275,Sandy Loam,18.22,75.43,0.0,113.7,74.1,79.3,6.1,119.6,61.5,76.2,No Fertilizer,1,4,267.1,1.5139813581890813
Chunya,-8.3,33.17,Sandy Loam,25.9,47.53,0.14,80.7,30.0,68.4,6.2,77.2,26.6,69.7,DAP,1,4,179.10000000000002,2.603225806451613
Chunya,-8.57,33.695,Sandy Loam,26.57,48.41,0.28,139.0,55.0,36.9,6.2,131.2,54.8,33.0,No Fertilizer,1,4,230.9,2.482142857142857
Chunya,-8.12,33.17,Sandy Loam,21.85,82.1,1.2,37.1,41.5,13.4,6.0,43.9,41.0,14.7,NPK,1,4,92.0,0.8729411764705882
Chunya,-8.57,32.855,Sandy Loam,20.93,84.01,2.71,154.0,58.0,10.6,6.6,161.3,62.3,12.0,MOP,1,4,222.6,2.610169491525424
Chunya,-8.03,33.8,Sandy Clay Loam,18.68,72.15,0.0,68.4,36.7,12.2,5.7,58.9,38.8,13.9,NPK,1,3,117.30000000000001,1.8143236074270557
Chunya,-7.94,33.485,Sandy Loam,23.81,47.25,0.0,75.5,39.1,47.0,5.7,72.5,38.2,55.0,Urea,1,4,161.6,1.882793017456359
Chunya,-7.85,33.8,Sandy Loam,17.89,68.19,0.01,20.8,40.6,10.8,5.6,19.9,42.1,10.3,NPK,1,4,72.2,0.5
Chunya,-8.57,33.59,Sandy Loam,22.45,79.88,0.6,31.3,56.8,35.6,5.8,29.0,53.5,34.3,Urea,1,4,123.69999999999999,0.541522491349481
Chunya,-8.12,33.065,Sandy Loam,21.9,81.62,2.83,97.8,75.1,75.1,5.9,97.7,67.7,69.3,No Fertilizer,1,4,247.99999999999997,1.2851511169513798
Chunya,-8.75,32.96,Sandy Clay Loam,23.04,79.36,12.5,58.6,9.1,28.5,5.9,55.5,8.9,30.7,NPK,1,3,96.2,5.801980198019803
Chunya,-7.85,32.855,Sandy Loam,21.02,81.21,11.98,159.7,7.6,73.8,5.5,152.0,7.5,70.1,SSP,1,4,241.09999999999997,18.569767441860463
Chunya,-8.3,33.275,Sandy Loam,17.69,68.22,0.01,13.0,58.1,68.9,6.1,12.5,65.9,68.6,Urea,1,4,140.0,0.21996615905245345
Chunya,-8.39,33.275,Sandy Loam,23.08,78.98,0.15,72.8,41.0,27.0,6.1,74.4,39.0,26.6,NPK,1,4,140.8,1.7333333333333332
Chunya,-8.39,33.695,Sandy Loam,17.19,69.72,0.0,68.2,41.0,70.2,6.1,67.3,44.6,67.2,Urea,1,4,179.4,1.6238095238095238
Chunya,-8.48,33.485,Sandy Loam,18.51,75.96,0.01,12.7,34.8,65.2,6.0,13.3,35.8,68.8,Urea,1,4,112.7,0.3547486033519553
Chunya,-8.03,32.96,Sandy Loam,21.59,80.8,4.52,31.2,10.9,46.5,5.5,31.1,10.2,39.4,DAP,1,4,88.6,2.6218487394957983
Chunya,-8.3,32.96,Sandy Loam,19.37,78.52,1.41,73.7,58.6,25.9,6.0,80.3,54.7,23.7,NPK,1,4,158.20000000000002,1.2365771812080537
Chunya,-8.39,33.275,Sandy Loam,23.41,75.25,1.2,88.6,51.6,47.9,6.1,93.8,53.3,49.8,No Fertilizer,1,4,188.1,1.6844106463878326
Chunya,-8.48,33.065,Sandy Loam,23.95,68.65,21.85,77.2,23.9,77.0,6.3,78.7,24.6,83.4,DAP,1,4,178.1,3.100401606425703
Chunya,-8.12,33.8,Sandy Loam,19.97,70.27,0.0,93.6,23.0,59.4,5.5,100.3,24.2,59.7,SSP,1,4,176.0,3.9
Chunya,-8.03,33.38,Sandy Loam,23.2,52.63,0.0,107.2,54.3,20.8,5.7,111.2,59.3,20.5,MOP,1,4,182.3,1.9385171790235083
Chunya,-8.57,33.275,Sandy Loam,20.16,61.55,0.0,11.6,8.4,68.1,5.8,11.7,8.8,63.4,DAP,1,4,88.1,1.2340425531914894
Chunya,-8.39,32.96,Sandy Loam,25.03,48.15,0.0,91.4,55.1,38.5,6.4,88.9,62.2,41.9,Urea,1,4,185.0,1.629233511586453
Chunya,-8.66,33.485,Sandy Loam,20.2,73.34,0.0,185.3,21.9,56.8,5.8,173.8,20.9,55.7,SSP,1,4,264.0,8.09170305676856
Chunya,-8.75,33.59,Sandy Clay Loam,25.85,41.2,0.0,95.0,44.3,60.4,5.8,98.2,43.1,67.7,No Fertilizer,1,3,199.70000000000002,2.097130242825607
Chunya,-8.75,33.065,Sandy Loam,21.95,83.08,11.73,136.9,68.4,50.8,5.9,125.2,65.8,49.3,No Fertilizer,1,4,256.1,1.972622478386167
Chunya,-8.3,33.59,Sandy Loam,22.17,84.61,3.34,67.2,45.5,73.8,6.0,63.0,48.8,74.4,Urea,1,4,186.5,1.4451612903225808
Chunya,-8.75,32.855,Sandy Loam,26.19,50.12,0.01,146.6,28.7,75.7,5.9,141.6,31.4,66.7,No Fertilizer,1,4,251.0,4.936026936026936
Chunya,-8.39,33.8,Sandy Loam,19.67,80.24,0.02,142.9,49.7,51.4,6.1,141.4,49.5,57.7,No Fertilizer,1,4,244.00000000000003,2.8185404339250493
Chunya,-7.94,33.065,Sandy Loam,20.08,75.28,0.0,100.8,26.8,20.5,5.5,98.6,26.7,18.7,NPK,1,4,148.1,3.6258992805755392
Chunya,-7.94,33.695,Sandy Clay Loam,23.39,73.68,0.74,190.5,22.1,67.1,5.6,175.9,22.3,76.2,SSP,1,3,279.7,8.246753246753245
Chunya,-8.21,33.485,Sandy Loam,20.73,65.68,0.0,34.0,68.4,76.8,5.7,31.3,69.8,84.6,Urea,1,4,179.2,0.48991354466858783
Chunya,-7.85,33.17,Sandy Loam,21.69,79.62,0.42,14.1,60.0,15.5,5.6,12.9,53.6,17.5,NPK,1,4,89.6,0.23114754098360654
Chunya,-8.03,32.75,Sandy Loam,22.59,81.52,2.4,141.3,47.9,47.8,5.8,140.9,46.6,47.0,No Fertilizer,1,4,237.0,2.8895705521472395
Chunya,-7.94,32.75,Sandy Loam,22.11,77.38,0.87,152.9,31.2,25.5,6.0,147.2,27.4,27.7,MOP,1,4,209.6,4.748447204968944
Chunya,-8.12,32.855,Sandy Loam,27.92,40.07,0.06,33.3,7.9,62.8,5.6,30.4,7.2,69.4,DAP,1,4,104.0,3.7415730337078648
Chunya,-8.03,32.96,Sandy Loam,24.13,43.62,0.0,52.7,6.8,67.6,5.5,55.1,6.0,66.6,DAP,1,4,127.1,6.756410256410257
Chunya,-8.21,33.275,Sandy Loam,25.7,52.98,0.93,12.7,37.5,18.4,6.1,13.0,40.6,17.8,NPK,1,4,68.6,0.32987012987012987
Chunya,-8.12,33.17,Sandy Loam,18.53,75.41,0.04,59.9,56.5,79.9,6.0,59.9,54.3,79.7,Urea,1,4,196.3,1.0417391304347825
Chunya,-8.75,33.59,Sandy Clay Loam,22.15,77.27,1.85,150.3,38.3,21.0,5.8,141.4,39.5,21.2,MOP,1,3,209.60000000000002,3.824427480916031
Chunya,-8.03,32.855,Sandy Loam,23.05,73.76,1.44,104.3,52.6,82.3,5.6,98.1,59.5,73.0,No Fertilizer,1,4,239.2,1.9458955223880596
Chunya,-8.75,33.38,Loam,17.78,62.05,0.0,68.1,6.9,44.8,5.8,69.2,6.2,44.4,DAP,1,2,119.8,8.620253164556962
Chunya,-8.21,33.065,Sandy Loam,23.25,56.22,0.0,65.5,27.6,35.5,6.0,73.2,28.2,33.6,Urea,1,4,128.6,2.29020979020979
Chunya,-8.3,33.275,Sandy Loam,23.41,75.25,1.2,10.4,18.2,19.5,6.1,10.2,19.6,19.3,NPK,1,4,48.1,0.5416666666666667
Chunya,-8.48,33.17,Sandy Loam,22.08,59.71,0.0,57.0,32.5,18.5,5.9,61.0,33.5,20.1,NPK,1,4,108.0,1.7014925373134329
Chunya,-8.03,32.75,Sandy Loam,22.76,53.68,0.0,107.4,8.3,64.0,5.8,119.9,8.8,61.6,SSP,1,4,179.7,11.548387096774194
Chunya,-7.94,33.065,Sandy Loam,22.69,56.45,0.0,160.1,63.7,49.8,5.5,175.6,67.0,52.2,No Fertilizer,1,4,273.6,2.4744976816074185
Chunya,-8.75,33.59,Sandy Clay Loam,19.6,75.02,0.09,157.5,18.4,16.2,5.8,154.0,18.7,16.3,NPK,1,3,192.1,8.11855670103093
Chunya,-7.85,32.96,Sandy Loam,19.65,61.1,0.0,15.3,72.7,15.8,5.4,14.0,64.9,15.5,Apply Lime,1,4,103.8,0.20759837177747625
Chunya,-8.57,33.065,Sandy Loam,22.21,84.5,2.44,163.2,30.6,10.4,6.7,162.8,32.1,12.1,MOP,1,4,204.2,5.164556962025316
Chunya,-8.57,32.96,Sandy Loam,21.79,86.5,15.52,145.3,77.1,60.8,7.0,143.1,69.0,68.5,No Fertilizer,1,4,283.2,1.860435339308579
Chunya,-8.48,33.59,Sandy Loam,20.26,75.84,0.0,154.5,43.0,70.0,5.9,142.7,40.6,65.8,No Fertilizer,1,4,267.5,3.5113636363636362
Chunya,-8.39,32.96,Sandy Loam,18.91,58.59,0.01,78.4,67.3,10.4,6.4,87.9,65.4,10.9,NPK,1,4,156.1,1.1478770131771596
Chunya,-7.94,33.275,Sandy Loam,22.02,49.34,0.0,80.5,4.6,50.8,5.7,77.7,4.4,53.1,DAP,1,4,135.89999999999998,14.375000000000002
Chunya,-8.57,33.8,Sandy Clay Loam,24.68,69.04,2.54,61.4,53.4,13.3,6.3,61.5,53.4,13.1,NPK,1,3,128.1,1.1286764705882353
Chunya,-8.21,32.855,Sandy Loam,22.71,80.11,11.6,22.0,69.3,79.7,5.9,21.2,63.6,81.9,Urea,1,4,171.0,0.3129445234708393
Chunya,-8.03,33.38,Sandy Loam,27.46,34.71,0.0,47.1,13.7,84.6,5.7,48.8,13.2,82.2,DAP,1,4,145.39999999999998,3.2040816326530615
Chunya,-7.85,33.17,Sandy Loam,25.6,36.2,0.0,48.9,9.1,64.4,5.6,51.9,10.3,64.7,DAP,1,4,122.4,4.841584158415841
Chunya,-7.85,32.96,Sandy Loam,18.92,78.29,0.18,93.2,32.7,85.0,5.4,92.3,32.0,83.8,Apply Lime,1,4,210.9,2.765578635014837
Chunya,-8.21,33.17,Sandy Loam,23.57,51.01,0.02,152.9,69.2,70.5,5.9,137.1,65.6,74.2,No Fertilizer,1,4,292.6,2.178062678062678
Chunya,-8.75,33.065,Sandy Loam,18.08,76.37,0.09,96.0,39.0,76.6,5.9,90.5,39.8,75.6,No Fertilizer,1,4,211.6,2.4
Chunya,-8.21,33.065,Sandy Loam,24.58,57.51,0.38,19.1,39.2,58.0,6.0,19.8,38.8,53.9,Urea,1,4,116.30000000000001,0.47512437810945274
Chunya,-8.57,33.59,Sandy Loam,23.3,53.42,0.0,156.6,12.7,30.4,5.8,172.8,13.3,31.7,NPK,1,4,199.7,11.430656934306569
Chunya,-8.48,32.96,Sandy Loam,25.23,53.75,0.01,150.2,3.7,25.9,6.3,170.3,4.1,24.3,NPK,1,4,179.79999999999998,31.957446808510635
Chunya,-7.85,32.96,Sandy Loam,22.12,81.05,23.71,156.7,51.2,33.4,5.4,143.5,57.5,33.5,Apply Lime,1,4,241.29999999999998,3.0019157088122603
Chunya,-8.66,33.485,Sandy Loam,22.91,42.07,0.0,166.6,8.7,61.8,5.8,178.5,9.8,58.8,SSP,1,4,237.09999999999997,17.175257731958762
Chunya,-8.21,33.17,Sandy Loam,21.86,63.99,0.0,100.2,48.0,20.7,5.9,102.6,45.8,20.5,MOP,1,4,168.89999999999998,2.0448979591836736
Chunya,-8.66,33.275,Sandy Loam,23.12,72.24,4.26,189.7,53.1,27.7,6.1,173.7,64.4,27.7,MOP,1,4,270.5,3.506469500924214
Chunya,-8.21,33.695,Sandy Loam,18.64,66.21,0.0,20.3,16.9,46.4,5.5,22.9,17.8,45.3,DAP,1,4,83.6,1.1340782122905029
Chunya,-8.66,33.695,Sandy Loam,25.78,50.32,0.02,79.7,45.3,27.7,6.3,72.2,47.9,25.6,NPK,1,4,152.7,1.721382289416847
Chunya,-7.94,33.8,Sandy Clay Loam,21.42,78.28,1.1,47.5,9.0,56.4,5.6,48.3,9.2,55.4,DAP,1,3,112.9,4.75
Chunya,-8.12,33.485,Sandy Loam,21.38,60.26,0.0,39.8,38.1,86.3,5.8,43.3,43.8,83.5,Urea,1,4,164.2,1.0179028132992327
Chunya,-8.21,33.695,Sandy Loam,24.08,71.24,14.91,33.3,15.2,67.1,5.5,33.9,14.8,68.8,DAP,1,4,115.6,2.0555555555555554
Chunya,-8.39,33.695,Sandy Loam,17.86,72.46,0.0,110.0,47.9,68.8,6.1,115.8,52.6,62.0,No Fertilizer,1,4,226.7,2.2494887525562373
Chunya,-8.39,32.96,Sandy Loam,17.34,73.37,0.0,147.2,25.8,57.4,6.4,142.8,23.9,54.9,SSP,1,4,230.4,5.492537313432836
Chunya,-7.94,33.485,Sandy Loam,25.31,46.76,0.0,103.4,33.1,47.2,5.7,108.3,34.6,47.0,No Fertilizer,1,4,183.7,3.032258064516129
Chunya,-8.3,33.695,Sandy Loam,21.9,77.65,0.57,30.3,43.3,21.5,6.1,35.0,43.6,21.7,NPK,1,4,95.1,0.6839729119638827
Chunya,-8.03,33.17,Sandy Loam,25.45,48.31,0.0,145.6,15.3,86.7,5.7,147.9,15.3,81.2,SSP,1,4,247.60000000000002,8.932515337423313
Chunya,-8.03,33.485,Sandy Loam,24.16,57.46,0.0,106.9,53.9,25.7,5.9,118.1,52.9,26.9,MOP,1,4,186.5,1.947176684881603
Chunya,-8.21,32.96,Sandy Loam,25.3,65.24,0.68,77.1,24.0,12.0,5.8,76.0,24.0,13.7,NPK,1,4,113.1,3.0839999999999996
Chunya,-8.12,33.695,Sandy Loam,23.27,49.4,0.0,114.2,46.3,69.4,5.7,124.6,47.7,69.0,No Fertilizer,1,4,229.9,2.414376321353066
Chunya,-8.12,33.695,Sandy Loam,19.22,69.52,0.07,52.3,14.8,22.5,5.7,54.2,14.4,20.8,NPK,1,4,89.6,3.310126582278481
Chunya,-8.03,33.17,Sandy Loam,23.33,74.94,1.68,69.6,51.0,41.4,5.7,68.7,49.4,37.2,Urea,1,4,162.0,1.3384615384615384
Chunya,-8.66,32.96,Sandy Loam,22.07,81.53,1.48,163.5,11.8,8.3,6.4,166.0,12.5,8.4,NPK,1,4,183.60000000000002,12.7734375
Chunya,-8.66,33.695,Sandy Loam,23.66,77.13,1.23,60.4,33.0,17.6,6.3,59.4,32.1,17.5,NPK,1,4,111.0,1.776470588235294
Chunya,-8.66,32.855,Sandy Loam,21.53,81.68,4.35,94.2,22.0,21.3,6.2,89.9,20.3,20.5,NPK,1,4,137.5,4.095652173913043
Chunya,-8.57,33.485,Sandy Loam,24.06,77.43,38.92,148.2,56.0,10.4,6.0,161.3,53.4,10.6,MOP,1,4,214.6,2.5999999999999996
Chunya,-8.48,32.96,Sandy Loam,22.19,78.16,1.39,129.7,22.7,63.4,6.3,130.3,21.3,61.2,SSP,1,4,215.79999999999998,5.472573839662447
Chunya,-8.21,33.59,Sandy Loam,23.51,75.28,33.15,15.8,62.9,75.9,5.7,20.6,62.2,76.3,Urea,1,4,154.60000000000002,0.24726134585289516
Chunya,-7.94,33.17,Sandy Loam,21.46,81.37,4.41,35.6,58.7,40.0,5.7,35.0,62.9,37.4,Urea,1,4,134.3,0.5963149078726968
Chunya,-8.57,32.96,Sandy Loam,17.7,71.77,0.03,11.1,16.0,83.5,7.0,11.3,17.0,79.5,DAP,1,4,110.6,0.6529411764705882
Chunya,-8.48,33.59,Sandy Loam,20.94,83.44,8.14,109.2,45.5,25.3,5.9,117.3,44.5,23.9,MOP,1,4,180.0,2.3483870967741938
Chunya,-8.3,33.38,Sandy Loam,19.5,78.22,4.15,88.0,10.4,32.9,6.0,86.1,9.8,33.3,DAP,1,4,131.3,7.719298245614035
Chunya,-8.75,33.485,Sandy Loam,24.62,53.9,0.0,35.5,35.7,21.2,5.9,32.8,29.8,18.7,NPK,1,4,92.4,0.9673024523160763
Chunya,-8.57,32.96,Sandy Loam,21.68,46.24,0.05,167.1,54.6,60.1,7.0,172.8,51.1,58.1,No Fertilizer,1,4,281.8,3.005395683453237
Chunya,-8.75,33.38,Loam,24.95,40.74,0.0,93.4,43.6,42.0,5.8,100.0,47.5,41.3,No Fertilizer,1,2,179.0,2.094170403587444
Chunya,-8.3,33.485,Sandy Loam,22.23,81.32,0.03,51.7,42.8,54.5,5.8,51.1,45.2,57.5,Urea,1,4,149.0,1.180365296803653
Chunya,-8.3,33.38,Sandy Loam,21.75,82.35,3.75,86.2,26.3,69.5,6.0,95.1,22.6,70.0,SSP,1,4,182.0,3.1575091575091574
Chunya,-7.94,32.75,Sandy Loam,22.17,82.6,3.5,119.7,28.5,52.3,6.0,125.5,28.9,51.8,No Fertilizer,1,4,200.5,4.057627118644068
Chunya,-7.94,33.17,Sandy Loam,22.97,75.35,1.87,24.9,10.8,55.5,5.7,23.0,10.8,58.7,DAP,1,4,91.2,2.1101694915254234
Chunya,-8.03,32.75,Sandy Loam,20.8,67.88,0.0,56.9,48.0,82.8,5.8,56.7,51.5,84.6,Urea,1,4,187.7,1.1612244897959183
Chunya,-7.94,33.065,Sandy Loam,22.46,47.2,0.0,127.8,41.3,30.8,5.5,147.2,37.3,31.1,MOP,1,4,199.9,3.021276595744681
Chunya,-8.57,33.59,Sandy Loam,19.52,80.71,0.53,77.1,52.6,36.3,5.8,88.1,50.8,36.2,Urea,1,4,166.0,1.4384328358208953
Chunya,-8.48,33.485,Sandy Loam,22.8,80.51,0.07,104.1,19.3,58.1,6.0,102.9,20.4,66.3,SSP,1,4,181.5,5.128078817733989
Chunya,-7.94,32.855,Sandy Loam,22.31,83.8,31.35,88.6,23.6,56.8,5.6,83.6,25.4,57.3,DAP,1,4,169.0,3.601626016260162
Chunya,-8.57,33.695,Sandy Loam,21.88,79.76,1.61,15.5,26.6,20.4,6.2,17.5,26.1,21.0,NPK,1,4,62.5,0.5615942028985507
Chunya,-7.94,33.275,Sandy Loam,18.59,64.8,0.0,39.4,5.7,37.5,5.7,38.2,5.7,37.6,DAP,1,4,82.6,5.880597014925373
Chunya,-8.66,32.96,Sandy Loam,21.18,84.52,22.77,93.7,28.1,48.6,6.4,85.7,26.5,45.3,DAP,1,4,170.4,3.2199312714776633
Chunya,-8.66,32.96,Sandy Loam,23.8,75.13,0.31,51.6,59.2,47.2,6.4,45.6,57.0,41.2,Urea,1,4,158.0,0.8571428571428571
Chunya,-8.48,33.8,Sandy Loam,25.49,53.63,0.19,18.9,62.1,22.0,6.1,18.5,63.2,21.0,NPK,1,4,103.0,0.29952456418383516
Chunya,-7.85,33.8,Sandy Loam,23.33,64.07,0.07,158.9,36.7,76.4,5.6,153.4,38.2,83.7,No Fertilizer,1,4,272.0,4.2148541114058355
Chunya,-8.21,33.485,Sandy Loam,25.14,66.53,0.29,150.4,33.7,68.3,5.7,176.8,34.1,70.0,No Fertilizer,1,4,252.40000000000003,4.334293948126801
Chunya,-8.66,33.38,Sandy Clay Loam,16.9,69.72,0.01,166.1,5.8,48.4,5.9,144.8,6.0,46.4,SSP,1,3,220.3,24.426470588235293
Chunya,-8.12,32.96,Sandy Loam,22.18,82.24,8.53,148.9,61.5,65.3,5.6,155.1,62.0,63.1,No Fertilizer,1,4,275.7,2.3824
Chunya,-8.57,32.855,Sandy Loam,20.82,85.55,5.21,47.8,4.9,87.0,6.6,51.1,4.9,81.4,DAP,1,4,139.7,8.101694915254237
Chunya,-8.57,33.065,Sandy Loam,23.19,78.15,1.79,170.2,62.2,17.3,6.7,173.3,66.4,17.4,MOP,1,4,249.7,2.693037974683544
Chunya,-7.85,32.855,Sandy Loam,17.54,77.71,0.01,48.1,37.9,26.3,5.5,43.5,36.3,27.0,NPK,1,4,112.3,1.2365038560411312
Chunya,-8.66,32.855,Sandy Loam,19.19,52.54,0.0,198.3,25.9,57.9,6.2,171.7,26.6,51.6,SSP,1,4,282.1,7.3717472118959115
Chunya,-8.75,33.17,Sandy Loam,23.56,46.6,0.0,180.7,61.2,73.4,6.1,179.1,65.0,73.1,No Fertilizer,1,4,315.29999999999995,2.9051446945337616
Chunya,-8.03,33.485,Sandy Loam,21.48,80.95,4.03,140.1,5.5,8.4,5.9,131.0,5.6,9.0,NPK,1,4,154.0,21.553846153846152
Chunya,-8.39,33.38,Sandy Loam,22.03,89.34,13.4,177.3,43.1,97.8,6.2,176.8,42.4,88.7,No Fertilizer,1,4,318.2,4.020408163265306
Chunya,-8.3,33.065,Sandy Loam,22.8,66.12,0.01,99.1,40.5,39.6,6.1,106.8,40.2,44.2,No Fertilizer,1,4,179.2,2.3879518072289154
Chunya,-8.39,33.275,Sandy Loam,22.13,75.01,0.07,59.7,19.0,27.3,6.1,54.1,18.5,36.2,DAP,1,4,106.0,2.9850000000000003
Chunya,-8.57,33.065,Sandy Loam,17.94,75.83,3.57,80.6,34.3,32.2,6.7,84.3,32.3,30.6,NPK,1,4,147.1,2.28328611898017
Chunya,-8.39,33.59,Sandy Loam,19.48,59.84,0.01,122.8,51.3,22.0,5.9,110.9,47.0,20.6,MOP,1,4,196.1,2.3479923518164436
Chunya,-8.12,33.485,Sandy Loam,22.16,82.51,1.05,24.5,53.0,74.6,5.8,22.4,52.0,72.5,Urea,1,4,152.1,0.4537037037037037
Chunya,-7.85,33.275,Sandy Loam,25.28,63.87,2.72,120.8,3.7,78.4,5.5,115.8,4.0,86.3,SSP,1,4,202.9,25.702127659574465
Chunya,-8.66,32.855,Sandy Loam,20.84,86.67,17.57,199.4,64.6,40.6,6.2,176.8,65.8,40.7,No Fertilizer,1,4,304.6,3.039634146341464
Chunya,-8.12,33.8,Sandy Loam,21.22,87.47,21.71,48.9,13.8,84.3,5.5,42.3,14.9,86.0,DAP,1,4,147.0,3.304054054054054
Chunya,-8.39,33.8,Sandy Loam,22.05,82.69,2.13,143.0,21.7,72.4,6.1,144.7,19.4,75.2,SSP,1,4,237.1,6.299559471365639
Chunya,-8.39,33.8,Sandy Loam,21.74,85.34,15.26,155.0,24.4,51.0,6.1,164.3,21.4,46.4,SSP,1,4,230.4,6.10236220472441
Chunya,-8.57,33.275,Sandy Loam,23.25,74.01,1.37,148.2,6.8,58.0,5.8,170.4,6.5,62.6,SSP,1,4,213.0,19.0
Chunya,-7.94,33.8,Sandy Clay Loam,22.28,81.38,9.55,200.4,12.8,43.5,5.6,173.2,12.1,42.5,SSP,1,3,256.70000000000005,14.521739130434783
Chunya,-8.03,33.59,Sandy Loam,22.48,60.42,0.01,95.6,70.3,57.4,5.7,98.6,69.1,52.9,No Fertilizer,1,4,223.29999999999998,1.3408134642356242
Chunya,-8.57,32.96,Sandy Loam,17.63,74.92,0.04,190.1,25.4,11.2,7.0,176.1,24.8,10.9,NPK,1,4,226.7,7.200757575757576
Chunya,-8.75,33.8,Sandy Loam,20.8,76.33,0.04,131.5,10.3,70.1,6.4,138.7,11.6,64.5,SSP,1,4,211.9,11.63716814159292
Chunya,-8.3,32.96,Sandy Loam,18.6,72.68,0.0,41.5,11.0,10.8,6.0,37.5,11.1,10.4,NPK,1,4,63.3,3.4583333333333335
Chunya,-8.39,33.275,Sandy Loam,24.39,67.25,1.23,86.6,48.3,76.9,6.1,91.1,51.5,74.6,No Fertilizer,1,4,211.79999999999998,1.7565922920892494
Chunya,-8.21,33.17,Sandy Loam,24.19,48.11,0.01,121.1,61.6,77.2,5.9,132.1,60.4,75.3,No Fertilizer,1,4,259.9,1.9345047923322682
Chunya,-8.12,33.485,Sandy Loam,24.65,62.8,1.4,51.3,20.9,27.0,5.8,52.0,21.0,25.9,NPK,1,4,99.19999999999999,2.3424657534246576
Chunya,-8.66,33.17,Sandy Loam,23.84,80.23,2.24,114.5,6.1,32.3,6.3,118.9,5.4,33.2,SSP,1,4,152.89999999999998,16.126760563380284
Chunya,-8.39,33.17,Sandy Loam,21.36,62.8,2.58,128.5,19.9,42.2,6.0,123.3,18.7,46.4,SSP,1,4,190.60000000000002,6.148325358851675
Chunya,-8.57,33.065,Sandy Loam,23.39,83.07,8.13,37.5,7.9,59.9,6.7,37.7,7.7,56.1,DAP,1,4,105.3,4.213483146067415
Chunya,-8.57,33.065,Sandy Loam,21.35,84.24,18.75,110.7,10.6,32.6,6.7,106.1,10.8,30.1,NPK,1,4,153.9,9.543103448275863
Chunya,-8.57,32.75,Sandy Loam,19.26,71.82,0.39,138.3,36.3,56.8,6.5,141.2,32.5,55.8,No Fertilizer,1,4,231.40000000000003,3.7077747989276144
Chunya,-8.39,33.695,Sandy Loam,25.75,45.76,0.04,90.4,19.1,29.8,6.1,94.8,19.2,31.0,NPK,1,4,139.3,4.497512437810945
Chunya,-7.85,33.8,Sandy Loam,25.85,49.87,0.52,11.6,38.9,9.5,5.6,12.1,38.1,10.7,NPK,1,4,60.0,0.2907268170426065
Chunya,-7.94,32.855,Sandy Loam,19.32,70.44,0.0,13.2,20.8,6.2,5.6,11.5,20.7,6.2,NPK,1,4,40.2,0.6055045871559632
Chunya,-8.03,33.695,Sandy Loam,20.4,76.18,0.0,71.8,64.2,13.1,5.5,70.7,66.1,14.5,NPK,1,4,149.1,1.1012269938650305
Chunya,-8.75,33.485,Sandy Loam,21.6,80.41,1.02,144.2,64.0,65.0,5.9,167.5,63.8,72.5,No Fertilizer,1,4,273.2,2.2184615384615385
Chunya,-7.85,33.8,Sandy Loam,21.87,82.75,14.15,47.1,35.7,86.6,5.6,48.9,41.4,86.8,Urea,1,4,169.4,1.2833787465940054
Chunya,-7.85,33.59,Sandy Loam,18.35,74.28,0.01,118.6,24.4,39.6,5.5,117.8,27.4,41.9,No Fertilizer,1,4,182.6,4.669291338582677
Chunya,-8.66,32.855,Sandy Loam,19.52,90.02,8.51,53.9,29.9,50.3,6.2,47.8,29.2,49.1,Urea,1,4,134.1,1.744336569579288
Chunya,-8.3,33.485,Sandy Loam,25.24,59.16,0.63,69.3,34.6,18.1,5.8,64.7,31.2,18.3,NPK,1,4,122.0,1.946629213483146
Chunya,-8.75,33.275,Sandy Loam,19.87,87.42,7.5,144.2,53.3,50.1,6.2,154.2,52.0,52.3,No Fertilizer,1,4,247.6,2.6556169429097607
Chunya,-7.85,32.96,Sandy Loam,18.15,71.08,0.03,156.6,32.1,16.0,5.4,133.9,33.8,18.2,Apply Lime,1,4,204.7,4.731117824773413
Chunya,-7.94,33.065,Sandy Loam,24.67,51.51,0.0,26.2,54.4,53.9,5.5,26.2,60.5,57.3,Urea,1,4,134.5,0.4729241877256318
Chunya,-7.85,33.8,Sandy Loam,23.64,74.98,1.5,90.1,70.0,79.6,5.6,82.9,66.3,84.4,Urea,1,4,239.7,1.2690140845070421
Chunya,-8.39,33.38,Sandy Loam,23.29,59.77,0.0,13.7,25.1,20.5,6.2,15.0,26.2,22.4,NPK,1,4,59.3,0.524904214559387
Chunya,-8.3,32.96,Sandy Loam,23.36,79.53,0.43,76.3,42.9,68.6,6.0,91.8,41.0,70.2,No Fertilizer,1,4,187.79999999999998,1.7380410022779043
Chunya,-8.03,33.38,Sandy Loam,18.93,74.25,0.03,110.5,10.6,7.3,5.7,122.6,10.3,8.0,NPK,1,4,128.4,9.525862068965518
Chunya,-8.21,32.96,Sandy Loam,20.66,84.73,4.41,23.3,17.8,37.1,5.8,30.1,17.2,37.5,DAP,1,4,78.2,1.2393617021276595
Chunya,-7.85,33.38,Sandy Loam,23.67,73.38,2.93,67.8,31.4,15.6,5.8,59.1,31.3,15.3,NPK,1,4,114.79999999999998,2.0925925925925926
Chunya,-8.57,33.065,Sandy Loam,21.67,83.38,4.9,78.8,18.1,33.5,6.7,77.6,17.6,35.6,DAP,1,4,130.4,4.12565445026178
Chunya,-8.39,33.695,Sandy Loam,23.79,79.64,2.37,155.6,61.3,21.2,6.1,166.3,61.9,20.6,MOP,1,4,238.09999999999997,2.4975922953451044
Chunya,-8.75,33.695,Sandy Clay Loam,19.79,68.56,0.0,184.5,13.8,33.8,5.9,178.9,14.4,37.4,SSP,1,3,232.10000000000002,12.466216216216216
Chunya,-7.94,33.8,Sandy Clay Loam,21.5,59.22,0.16,17.9,31.8,37.9,5.6,17.6,34.1,41.1,Urea,1,3,87.6,0.5457317073170732
Chunya,-8.75,33.275,Sandy Loam,22.05,80.91,1.08,145.4,36.6,31.0,6.2,139.4,44.0,31.2,MOP,1,4,213.0,3.867021276595745
Chunya,-8.57,33.275,Sandy Loam,22.91,81.8,71.54,79.4,49.0,64.1,5.8,73.2,49.7,61.2,Urea,1,4,192.5,1.588
Chunya,-7.94,32.855,Sandy Loam,20.22,57.48,0.01,75.2,32.4,88.2,5.6,76.7,29.3,83.2,Urea,1,4,195.8,2.251497005988024
Chunya,-8.75,32.855,Sandy Loam,25.7,46.01,0.0,129.7,64.5,44.1,5.9,138.2,61.4,39.7,No Fertilizer,1,4,238.29999999999998,1.980152671755725
Chunya,-8.75,33.17,Sandy Loam,22.33,79.14,7.77,175.8,42.2,21.6,6.1,166.1,41.5,22.2,MOP,1,4,239.6,4.069444444444445
Chunya,-8.75,33.17,Sandy Loam,19.33,66.4,0.08,181.3,31.3,28.5,6.1,171.7,33.0,28.7,MOP,1,4,241.10000000000002,5.613003095975233
Chunya,-7.85,33.17,Sandy Loam,23.39,76.08,0.68,108.9,9.0,72.1,5.6,108.1,8.4,77.7,SSP,1,4,190.0,10.89
Chunya,-8.03,33.485,Sandy Loam,17.59,73.08,0.01,81.5,34.4,49.3,5.9,70.7,34.7,54.0,Urea,1,4,165.2,2.3022598870056497
Chunya,-8.66,33.065,Sandy Loam,24.62,47.6,0.05,139.5,64.6,44.9,6.6,143.9,58.2,44.2,No Fertilizer,1,4,249.0,2.126524390243903
Chunya,-8.57,33.8,Sandy Clay Loam,24.9,56.6,0.21,49.4,41.5,17.6,6.3,52.7,44.6,18.6,NPK,1,3,108.5,1.1623529411764706
Chunya,-8.66,33.38,Sandy Clay Loam,22.05,80.91,1.08,109.0,55.8,47.6,5.9,105.9,58.9,43.8,No Fertilizer,1,3,212.4,1.9190140845070423
Chunya,-8.12,33.275,Sandy Loam,21.96,80.68,1.58,67.6,34.4,26.4,6.1,71.0,36.6,29.4,NPK,1,4,128.4,1.9096045197740112
Chunya,-8.21,33.59,Sandy Loam,17.46,56.3,0.0,125.8,10.6,88.1,5.7,121.6,11.8,85.2,SSP,1,4,224.5,10.844827586206897
Chunya,-8.03,33.38,Sandy Loam,22.94,81.29,1.81,47.9,4.6,74.6,5.7,50.9,4.9,80.3,DAP,1,4,127.1,8.553571428571429
Chunya,-8.21,32.855,Sandy Loam,25.48,53.72,0.24,41.4,24.2,12.3,5.9,42.6,24.0,13.0,NPK,1,4,77.89999999999999,1.6428571428571428
Chunya,-8.3,33.8,Sandy Loam,20.31,85.47,21.53,188.1,47.6,51.3,5.8,166.1,50.1,49.4,No Fertilizer,1,4,287.0,3.8703703703703702
Chunya,-8.66,32.75,Sandy Loam,19.33,75.51,0.0,26.5,41.0,23.7,5.9,27.3,56.2,24.9,NPK,1,4,91.2,0.6309523809523809
Chunya,-8.75,33.065,Sandy Loam,22.24,56.62,0.0,90.6,25.3,39.0,5.9,96.0,23.5,40.5,SSP,1,4,154.89999999999998,3.4448669201520907
Mbarali,-8.785,33.99,Sandy Loam,18.85,67.11,0.03,51.4,32.4,75.1,6.3,47.5,36.7,79.7,Urea,3,4,158.89999999999998,1.5389221556886228
Mbarali,-8.73,33.81,Sandy Clay Loam,20.49,92.84,12.73,15.4,33.1,56.6,6.1,16.6,31.8,50.3,Urea,3,3,105.1,0.45161290322580644
Mbarali,-8.565,34.23,Clay Loam,16.41,68.29,0.0,15.3,31.2,32.6,6.8,16.1,31.1,34.1,Urea,3,1,79.1,0.47515527950310554
Mbarali,-8.895,33.87,Clay Loam,21.38,87.76,23.72,41.4,22.1,23.5,5.8,39.8,19.3,23.5,NPK,3,1,87.0,1.7922077922077921
Mbarali,-8.62,33.75,Sandy Loam,21.44,74.91,0.33,167.7,13.9,72.2,6.1,157.4,13.0,73.2,SSP,3,4,253.8,11.255033557046978
Mbarali,-8.895,34.35,Sandy Clay Loam,21.65,75.92,2.26,63.0,16.4,59.4,5.8,58.0,17.0,58.5,DAP,3,3,138.8,3.620689655172414
Mbarali,-8.895,33.81,Clay,22.0,81.51,0.14,162.6,7.3,43.4,5.6,171.6,7.7,45.3,SSP,3,0,213.3,19.59036144578313
Mbarali,-8.455,34.11,Clay,19.95,83.35,2.14,113.4,18.9,23.9,6.7,108.9,17.1,24.3,NPK,3,0,156.20000000000002,5.698492462311559
Mbarali,-8.785,34.05,Sandy Loam,18.05,60.1,0.02,81.5,4.1,35.0,6.3,84.2,4.6,34.1,DAP,3,4,120.6,15.980392156862747
Mbarali,-8.565,34.35,Sandy Loam,22.6,74.82,1.84,104.0,46.0,81.4,6.2,108.6,45.4,86.6,No Fertilizer,3,4,231.4,2.2127659574468086
Mbarali,-8.4,34.29,Clay,21.25,83.18,1.56,106.1,24.7,53.5,6.6,97.8,24.9,49.7,SSP,3,0,184.29999999999998,4.1284046692607
Mbarali,-8.4,33.87,Sandy Loam,17.48,56.72,0.0,133.6,66.6,42.9,6.2,139.0,68.2,39.7,No Fertilizer,3,4,243.1,1.9763313609467457
Mbarali,-8.455,34.11,Clay,21.67,79.21,27.43,59.2,17.2,51.9,6.7,58.0,16.8,49.8,DAP,3,0,128.3,3.252747252747253
Mbarali,-8.62,33.75,Sandy Loam,24.41,68.25,2.56,70.8,27.2,71.8,6.1,70.0,26.8,71.4,DAP,3,4,169.8,2.5106382978723403
Mbarali,-8.84,33.87,Sandy Clay Loam,20.77,81.72,1.29,149.9,28.5,27.3,5.9,162.0,27.6,34.6,No Fertilizer,3,3,205.70000000000002,5.08135593220339
Mbarali,-8.675,34.11,Sandy Clay Loam,18.27,75.32,0.04,182.5,4.6,21.6,6.3,170.9,4.6,21.0,NPK,3,3,208.7,32.589285714285715
Mbarali,-8.84,34.29,Sandy Loam,24.51,45.09,0.0,168.1,61.1,53.6,6.0,161.7,59.4,55.1,No Fertilizer,3,4,282.8,2.706924315619968
Mbarali,-8.95,33.81,Sandy Clay Loam,21.59,80.03,0.74,70.0,6.2,60.8,5.7,81.3,6.1,61.9,DAP,3,3,137.0,9.722222222222221
Mbarali,-8.565,33.81,Sandy Clay Loam,24.2,66.35,0.61,145.4,63.0,57.1,6.2,142.7,66.1,65.9,No Fertilizer,3,3,265.5,2.271875
Mbarali,-8.95,34.35,Sandy Clay Loam,20.73,58.53,0.0,86.1,62.9,82.9,5.8,91.0,62.9,80.1,No Fertilizer,3,3,231.9,1.3474178403755868
Mbarali,-8.73,33.93,Sandy Clay Loam,21.37,74.84,0.7,101.8,37.4,33.4,6.2,94.6,39.3,37.2,No Fertilizer,3,3,172.6,2.6510416666666665
Mbarali,-8.73,34.35,Sandy Loam,22.74,53.78,0.0,40.3,37.7,12.4,6.5,44.8,39.9,12.3,NPK,3,4,90.4,1.041343669250646
Mbarali,-8.455,34.23,Clay,21.34,82.18,5.23,107.7,46.0,92.0,7.1,110.5,47.1,86.5,No Fertilizer,3,0,245.7,2.2914893617021277
Mbarali,-8.565,34.35,Sandy Loam,25.21,59.31,0.01,42.7,29.3,41.1,6.2,41.6,29.5,42.5,Urea,3,4,113.1,1.4092409240924093
Mbarali,-8.895,34.17,Sandy Clay Loam,21.7,84.83,2.3,66.6,46.8,63.3,5.9,66.4,46.7,58.4,Urea,3,3,176.7,1.393305439330544
Mbarali,-8.95,34.17,Clay Loam,19.09,50.86,0.0,163.7,7.4,58.7,5.6,155.4,7.0,62.0,SSP,3,1,229.8,19.488095238095237
Mbarali,-8.73,33.81,Sandy Clay Loam,20.11,89.33,7.81,40.4,7.3,54.1,6.1,45.2,7.6,51.9,DAP,3,3,101.8,4.8674698795180715
Mbarali,-8.62,34.17,Sandy Clay Loam,21.81,82.39,5.11,24.7,34.6,21.1,6.6,22.1,34.2,23.2,NPK,3,3,80.4,0.6938202247191011
Mbarali,-8.455,34.29,Clay Loam,22.78,77.6,11.45,22.5,40.6,74.4,6.9,21.7,40.3,69.4,Urea,3,1,137.5,0.5408653846153846
Mbarali,-8.455,34.35,Sandy Loam,18.0,70.11,0.0,186.1,59.9,78.0,6.7,169.9,62.6,73.5,No Fertilizer,3,4,324.0,3.0558292282430215
Mbarali,-8.73,34.11,Sandy Clay Loam,23.12,53.11,0.23,102.1,11.0,54.2,6.3,96.2,10.9,52.4,SSP,3,3,167.3,8.508333333333333
Mbarali,-8.4,33.87,Sandy Loam,24.14,57.91,0.25,79.5,62.4,45.7,6.2,79.6,58.3,47.0,Urea,3,4,187.60000000000002,1.2539432176656151
Mbarali,-8.455,33.75,Sandy Loam,19.24,63.8,0.0,134.6,18.1,14.0,6.2,147.8,17.9,15.6,NPK,3,4,166.7,7.047120418848166
Mbarali,-8.4,34.23,Sandy Loam,17.68,60.76,0.0,146.1,30.5,12.7,6.6,152.1,30.0,13.1,MOP,3,4,189.29999999999998,4.638095238095238
Mbarali,-8.51,34.11,Clay,21.38,81.78,3.41,73.9,23.7,37.2,7.0,66.5,24.9,34.5,DAP,3,0,134.8,2.9919028340080973
Mbarali,-8.95,34.29,Sandy Clay Loam,21.22,81.97,4.42,140.3,34.6,32.4,5.7,127.9,30.4,32.1,MOP,3,3,207.3,3.9410112359550564
Mbarali,-8.62,33.99,Sandy Clay Loam,19.87,66.32,0.03,135.0,13.3,76.7,6.7,141.1,13.9,86.1,SSP,3,3,225.0,9.44055944055944
Mbarali,-8.895,34.17,Sandy Clay Loam,20.0,78.98,0.52,97.4,32.9,66.2,5.9,121.3,37.2,71.8,No Fertilizer,3,3,196.5,2.873156342182891
Mbarali,-8.675,33.93,Sandy Loam,20.28,83.11,0.01,35.2,60.3,66.8,6.6,35.8,56.9,61.4,Urea,3,4,162.3,0.5742251223491028
Mbarali,-8.51,33.81,Sandy Clay Loam,19.25,70.46,0.01,155.7,32.9,51.2,6.6,158.9,33.1,49.5,No Fertilizer,3,3,239.8,4.592920353982301
Mbarali,-8.4,33.87,Sandy Loam,20.21,83.3,15.3,99.9,35.6,18.3,6.2,101.6,36.4,20.1,MOP,3,4,153.8,2.7295081967213117
Mbarali,-8.785,34.23,Sandy Loam,20.98,81.88,30.82,60.2,57.7,77.3,6.5,58.0,60.0,88.2,Urea,3,4,195.2,1.0255536626916524
Mbarali,-8.4,34.23,Sandy Loam,17.46,76.85,0.0,87.3,57.2,35.9,6.6,82.3,50.6,37.5,Urea,3,4,180.4,1.4999999999999998
Mbarali,-8.51,34.11,Clay,19.58,83.59,0.74,17.5,37.3,13.0,7.0,16.4,36.4,15.0,NPK,3,0,67.8,0.45691906005221933
Mbarali,-8.455,33.99,Clay,21.05,81.81,4.83,32.7,21.8,47.0,6.7,31.7,21.0,47.5,DAP,3,0,101.5,1.4342105263157896
Mbarali,-8.565,33.81,Sandy Clay Loam,20.78,54.63,0.0,122.5,63.1,93.0,6.2,140.1,62.4,79.4,No Fertilizer,3,3,278.6,1.9110764430577225
Mbarali,-8.95,33.93,Sandy Clay Loam,19.84,65.32,0.0,9.8,42.9,71.5,5.7,10.0,42.1,80.5,Urea,3,3,124.2,0.2232346241457859
Mbarali,-8.73,34.23,Sandy Loam,21.95,85.22,4.51,93.9,20.4,6.8,6.9,80.8,18.6,6.9,NPK,3,4,121.10000000000001,4.38785046728972
Mbarali,-8.84,33.99,Sandy Clay Loam,20.6,81.45,6.03,101.4,21.4,87.8,5.9,98.8,21.8,80.4,SSP,3,3,210.60000000000002,4.526785714285714
Mbarali,-8.51,33.75,Sandy Loam,22.43,74.89,11.26,19.8,51.2,30.3,6.2,19.3,57.0,28.8,NPK,3,4,101.3,0.3793103448275862
Mbarali,-8.455,34.05,Clay,22.12,75.11,4.39,179.8,7.3,9.2,6.8,175.4,6.9,9.3,NPK,3,0,196.3,21.662650602409638
Mbarali,-8.62,34.29,Sandy Loam,22.35,79.0,21.08,49.8,71.9,76.4,6.2,48.4,69.5,77.2,Urea,3,4,198.10000000000002,0.6831275720164608
Mbarali,-8.455,34.05,Clay,20.65,57.06,0.0,51.4,12.7,72.2,6.8,61.7,12.6,78.6,DAP,3,0,136.3,3.7518248175182483
Mbarali,-8.84,34.23,Sandy Clay Loam,22.76,79.38,1.25,60.6,58.4,55.0,5.9,61.7,56.5,56.1,Urea,3,3,174.0,1.0202020202020203
Mbarali,-8.84,33.87,Sandy Clay Loam,18.91,56.27,0.0,49.0,29.3,55.2,5.9,49.2,30.1,54.3,Urea,3,3,133.5,1.6171617161716172
Mbarali,-8.84,34.05,Sandy Clay Loam,22.78,55.74,0.0,11.2,36.5,80.0,5.8,10.3,36.5,74.3,Urea,3,3,127.7,0.29866666666666664
Mbarali,-8.73,34.17,Sandy Clay Loam,19.36,62.05,0.0,134.4,61.6,68.9,6.3,134.0,62.1,72.1,No Fertilizer,3,3,264.9,2.146964856230032
Mbarali,-8.455,34.05,Clay,18.87,42.96,0.0,154.3,30.0,79.7,6.8,174.4,31.3,80.8,No Fertilizer,3,0,264.0,4.97741935483871
Mbarali,-8.675,33.75,Sandy Clay Loam,18.55,63.36,0.05,49.6,42.8,48.9,6.0,48.1,39.5,52.4,Urea,3,3,141.3,1.132420091324201
Mbarali,-8.95,33.87,Sandy Clay Loam,17.99,69.56,0.03,115.8,6.5,88.7,5.8,122.7,7.3,87.3,SSP,3,3,211.0,15.44
Mbarali,-8.95,33.75,Clay Loam,20.46,94.64,21.45,124.5,4.8,94.6,5.8,136.1,4.2,89.7,SSP,3,1,223.9,21.46551724137931
Mbarali,-8.84,34.29,Sandy Loam,21.63,58.3,0.0,145.2,21.4,16.5,6.0,154.2,20.2,15.8,NPK,3,4,183.1,6.482142857142857
Mbarali,-8.62,33.93,Sandy Clay Loam,21.91,70.94,0.46,85.0,42.8,71.0,6.6,81.8,48.9,77.4,Urea,3,3,198.8,1.9406392694063928
Mbarali,-8.895,33.87,Clay Loam,20.28,83.11,0.01,66.9,11.8,48.5,5.8,61.5,12.0,48.0,DAP,3,1,127.2,5.2265625
Mbarali,-8.455,34.17,Clay,25.05,51.42,0.0,67.5,11.4,36.7,7.0,65.3,11.5,38.6,DAP,3,0,115.60000000000001,5.443548387096774
Mbarali,-8.785,34.29,Sandy Loam,24.9,57.96,0.11,136.9,32.0,61.6,6.2,131.1,31.1,57.5,No Fertilizer,3,4,230.5,4.148484848484848
Mbarali,-8.455,33.75,Sandy Loam,22.47,58.65,0.0,153.8,43.5,10.6,6.2,148.9,46.8,10.7,MOP,3,4,207.9,3.456179775280899
Mbarali,-8.675,34.35,Sandy Loam,18.72,50.68,0.0,41.2,51.1,43.4,6.3,40.9,51.0,48.5,Urea,3,4,135.70000000000002,0.7907869481765836
Mbarali,-8.675,33.99,Sandy Loam,22.23,64.76,0.2,76.6,15.6,77.9,6.5,73.1,15.8,79.2,DAP,3,4,170.1,4.614457831325301
Mbarali,-8.675,33.81,Sandy Clay Loam,17.12,75.56,0.01,135.7,8.8,24.7,6.2,163.3,9.3,23.9,NPK,3,3,169.2,13.846938775510202
Mbarali,-8.51,34.35,Sandy Clay Loam,20.54,79.02,1.04,148.3,62.0,42.5,6.5,147.1,66.1,41.8,No Fertilizer,3,3,252.8,2.353968253968254
Mbarali,-8.73,34.17,Sandy Clay Loam,16.41,69.21,0.0,164.4,22.6,81.9,6.3,177.4,21.2,84.9,SSP,3,3,268.9,6.966101694915254
Mbarali,-8.4,34.11,Clay,17.1,69.19,0.0,149.5,53.2,40.3,6.7,138.2,60.3,42.0,No Fertilizer,3,0,243.0,2.7583025830258303
Mbarali,-8.785,34.17,Sandy Clay Loam,22.35,81.06,3.23,76.1,63.0,33.6,6.3,76.8,61.0,36.1,Urea,3,3,172.7,1.1890625
Mbarali,-8.895,33.87,Clay Loam,20.45,80.18,0.32,110.6,58.1,41.8,5.8,110.4,55.0,43.0,No Fertilizer,3,1,210.5,1.8714043993231808
Mbarali,-8.51,34.17,Clay Loam,20.33,80.35,2.64,109.5,14.9,46.7,6.3,122.4,15.1,49.6,SSP,3,1,171.10000000000002,6.886792452830188
Mbarali,-8.95,33.87,Sandy Clay Loam,24.8,44.32,0.0,25.0,58.5,63.1,5.8,23.3,58.2,59.1,Urea,3,3,146.6,0.42016806722689076
Mbarali,-8.62,34.35,Sandy Loam,17.97,75.14,0.61,107.1,59.2,68.6,5.9,102.6,54.8,73.3,No Fertilizer,3,4,234.9,1.7790697674418603
Mbarali,-8.455,34.35,Sandy Loam,21.51,81.52,5.51,135.7,41.2,44.4,6.7,130.6,43.4,44.0,No Fertilizer,3,4,221.29999999999998,3.21563981042654
Mbarali,-8.675,34.17,Sandy Clay Loam,19.04,70.45,0.03,36.3,25.1,75.0,6.4,38.4,26.3,74.7,DAP,3,3,136.4,1.3908045977011492
Mbarali,-8.895,33.81,Clay,18.83,58.35,0.0,135.0,20.6,54.2,5.6,142.7,21.3,50.8,SSP,3,0,209.8,6.25
Mbarali,-8.62,33.99,Sandy Clay Loam,20.12,86.21,20.51,111.0,13.0,37.1,6.7,109.2,12.0,34.4,SSP,3,3,161.1,7.928571428571429
Mbarali,-8.95,34.35,Sandy Clay Loam,20.86,86.57,22.42,163.5,41.0,64.3,5.8,171.9,37.6,61.3,No Fertilizer,3,3,268.8,3.892857142857143
Mbarali,-8.51,34.35,Sandy Clay Loam,20.55,85.91,6.88,17.7,38.5,67.9,6.5,17.2,42.6,66.3,Urea,3,3,124.10000000000001,0.4481012658227848
Mbarali,-8.84,33.99,Sandy Clay Loam,20.98,82.49,12.29,46.8,29.7,49.0,5.9,55.1,27.7,52.9,Urea,3,3,125.5,1.52442996742671
Mbarali,-8.4,34.05,Clay Loam,22.35,84.84,6.78,108.4,37.4,10.0,6.7,112.3,35.4,10.8,MOP,3,1,155.8,2.822916666666667
Mbarali,-8.73,34.23,Sandy Loam,17.62,63.69,0.0,68.0,31.0,19.1,6.9,60.4,28.0,20.3,NPK,3,4,118.1,2.125
Mbarali,-8.4,33.99,Sandy Loam,21.77,85.45,2.6,135.5,47.6,31.5,6.9,131.5,46.3,30.0,MOP,3,4,214.6,2.788065843621399
Mbarali,-8.785,33.99,Sandy Loam,20.44,85.84,11.48,140.7,63.3,29.9,6.3,139.0,63.5,29.7,MOP,3,4,233.9,2.1881804043545876
Mbarali,-8.84,33.87,Sandy Clay Loam,18.72,50.41,0.01,31.2,16.0,66.4,5.9,27.4,14.8,62.6,DAP,3,3,113.60000000000001,1.8352941176470587
Mbarali,-8.51,34.17,Clay Loam,21.37,80.31,3.55,81.4,30.6,8.1,6.3,97.4,29.2,7.5,MOP,3,1,120.1,2.5759493670886076
Mbarali,-8.62,33.93,Sandy Clay Loam,17.07,62.24,0.0,91.0,15.4,65.9,6.6,96.5,13.3,69.5,SSP,3,3,172.3,5.548780487804878
Mbarali,-8.785,34.35,Sandy Loam,18.33,59.52,0.0,70.7,48.3,28.4,6.2,72.8,45.2,28.3,NPK,3,4,147.4,1.4340770791075053
Mbarali,-8.73,33.81,Sandy Clay Loam,20.18,82.76,2.41,178.7,52.7,32.0,6.1,168.6,52.1,32.0,MOP,3,3,263.4,3.327746741154562
Mbarali,-8.84,33.93,Sandy Loam,19.92,82.27,4.71,159.9,60.1,49.2,6.0,150.7,65.5,50.3,No Fertilizer,3,4,269.2,2.617021276595745
Mbarali,-8.95,34.29,Sandy Clay Loam,20.21,85.77,3.9,120.7,21.5,23.2,5.7,128.5,22.4,24.1,NPK,3,3,165.39999999999998,5.364444444444445
Mbarali,-8.84,34.05,Sandy Clay Loam,18.05,60.1,0.02,140.6,60.0,87.0,5.8,131.4,66.7,80.3,No Fertilizer,3,3,287.6,2.304918032786885
Mbarali,-8.95,34.11,Clay Loam,19.68,58.03,0.0,86.0,8.1,13.2,5.8,88.5,8.2,13.2,NPK,3,1,107.3,9.45054945054945
Mbarali,-8.895,34.35,Sandy Clay Loam,19.72,70.76,0.01,180.7,46.6,43.4,5.8,166.6,43.8,43.3,No Fertilizer,3,3,270.7,3.796218487394958
Mbarali,-8.675,33.93,Sandy Loam,21.97,74.98,0.03,118.8,7.8,73.0,6.6,128.1,7.8,77.4,SSP,3,4,199.6,13.499999999999998
Mbarali,-8.565,34.29,Sandy Clay Loam,19.48,72.83,0.0,132.8,67.5,60.5,5.9,133.9,63.0,57.7,No Fertilizer,3,3,260.8,1.9386861313868615
Mbarali,-8.51,34.17,Clay Loam,22.0,77.55,1.82,151.1,39.9,28.4,6.3,156.5,39.0,30.6,MOP,3,1,219.4,3.6943765281173593
Mbarali,-8.4,34.35,Clay Loam,20.92,70.91,0.0,60.8,46.8,42.7,6.5,56.6,48.2,41.3,Urea,3,1,150.3,1.2719665271966527
Mbarali,-8.95,33.75,Clay Loam,21.66,84.05,21.88,141.8,59.2,67.6,5.8,147.2,58.9,65.4,No Fertilizer,3,1,268.6,2.355481727574751
Mbarali,-8.895,33.87,Clay Loam,20.08,83.64,9.71,43.1,14.4,85.2,5.8,43.2,13.9,87.8,DAP,3,1,142.7,2.7987012987012987
Mbarali,-8.895,34.29,Sandy Clay Loam,19.43,73.69,0.02,71.1,6.6,82.8,5.7,68.7,6.5,81.0,DAP,3,3,160.5,9.355263157894736
Mbarali,-8.95,34.29,Sandy Clay Loam,23.86,62.25,0.4,69.6,62.7,35.2,5.7,67.1,62.0,34.8,Urea,3,3,167.5,1.0926216640502353
Mbarali,-8.95,34.23,Sandy Clay Loam,19.54,77.24,0.0,187.3,23.5,89.6,5.7,176.3,24.8,89.8,SSP,3,3,300.4,7.644897959183674
Mbarali,-8.675,34.17,Sandy Clay Loam,23.52,67.63,0.18,157.9,12.1,6.3,6.4,155.6,12.5,6.3,NPK,3,3,176.3,12.053435114503818
Mbarali,-8.785,34.05,Sandy Loam,16.86,63.02,0.0,125.4,40.4,8.4,6.3,129.2,34.9,8.3,MOP,3,4,174.20000000000002,3.028985507246377
Mbarali,-8.455,33.75,Sandy Loam,20.98,81.35,0.21,130.3,47.2,75.9,6.2,133.6,43.5,75.2,No Fertilizer,3,4,253.4,2.703319502074689
Mbarali,-8.895,34.35,Sandy Clay Loam,20.66,85.29,15.26,105.7,5.4,22.9,5.8,105.6,6.0,22.8,NPK,3,3,134.0,16.515625
Mbarali,-8.84,34.17,Sandy Clay Loam,21.21,87.06,3.01,174.0,18.5,10.2,6.1,171.0,22.1,11.1,NPK,3,3,202.7,8.923076923076923
Mbarali,-8.675,34.05,Sandy Loam,17.33,78.33,0.02,93.4,6.2,25.6,6.9,94.4,6.2,25.9,NPK,3,4,125.20000000000002,12.972222222222223
Mbarali,-8.84,34.35,Sandy Loam,18.55,63.36,0.05,74.8,33.7,42.6,6.1,74.7,31.7,41.8,Urea,3,4,151.1,2.1556195965417864
Mbarali,-8.51,33.87,Sandy Loam,17.37,66.51,0.0,33.7,60.8,67.8,6.7,37.7,63.1,67.4,Urea,3,4,162.3,0.5453074433656958
Mbarali,-8.675,34.29,Sandy Clay Loam,20.92,77.17,0.0,150.4,73.8,62.3,6.2,143.7,68.9,58.4,No Fertilizer,3,3,286.5,2.0106951871657754
Mbarali,-8.62,33.81,Sandy Clay Loam,20.41,87.12,8.07,136.6,46.2,27.1,6.2,134.9,46.0,26.0,MOP,3,3,209.9,2.894067796610169
Mbarali,-8.675,33.87,Sandy Clay Loam,21.94,58.73,0.0,80.6,14.5,45.3,6.2,75.3,14.7,48.3,DAP,3,3,140.39999999999998,5.199999999999999
Mbarali,-8.73,33.87,Sandy Clay Loam,19.96,88.06,10.11,14.3,67.2,82.8,6.2,14.3,63.8,83.8,Urea,3,3,164.3,0.20967741935483872
Mbarali,-8.73,33.99,Sandy Clay Loam,21.83,78.57,1.93,134.1,36.7,72.8,6.1,152.6,38.1,74.5,No Fertilizer,3,3,243.60000000000002,3.5570291777188325
Mbarali,-8.73,33.99,Sandy Clay Loam,22.5,82.56,3.56,11.6,13.9,33.1,6.1,11.9,14.1,33.1,DAP,3,3,58.6,0.7785234899328859
Mbarali,-8.51,34.35,Sandy Clay Loam,25.03,57.85,0.08,127.8,67.9,88.5,6.5,129.6,64.8,88.5,No Fertilizer,3,3,284.2,1.8548621190130623
Mbarali,-8.62,33.87,Sandy Loam,21.18,84.76,0.99,184.0,53.9,68.3,6.4,174.9,54.0,65.5,No Fertilizer,3,4,306.2,3.3515482695810563
Mbarali,-8.84,34.23,Sandy Clay Loam,20.93,81.92,0.75,72.2,59.3,11.4,5.9,84.4,52.3,11.2,NPK,3,3,142.9,1.197346600331675
Mbarali,-8.785,34.23,Sandy Loam,21.66,58.71,0.0,50.1,53.3,9.7,6.5,49.9,50.8,9.0,NPK,3,4,113.10000000000001,0.9226519337016575
Mbarali,-8.51,34.11,Clay,20.64,83.65,2.56,134.5,18.0,20.5,7.0,129.8,17.2,20.1,NPK,3,0,173.0,7.078947368421052
Mbarali,-8.84,33.81,Sandy Clay Loam,17.46,78.64,0.01,142.0,17.9,63.2,5.9,148.9,17.9,67.1,SSP,3,3,223.10000000000002,7.5132275132275135
Mbarali,-8.675,33.75,Sandy Clay Loam,20.99,83.43,7.36,103.4,52.5,20.7,6.0,102.9,49.4,21.4,MOP,3,3,176.6,1.9327102803738319
Mbarali,-8.95,33.99,Sandy Clay Loam,17.46,76.85,0.0,166.7,18.1,51.0,5.7,174.4,18.5,49.0,SSP,3,3,235.79999999999998,8.727748691099475
Mbarali,-8.675,34.11,Sandy Clay Loam,19.4,82.13,14.62,17.8,33.6,12.3,6.3,18.8,33.0,13.8,NPK,3,3,63.7,0.5144508670520231
Mbarali,-8.895,34.05,Clay Loam,18.5,59.46,0.0,93.1,52.0,75.5,5.6,95.8,55.6,83.4,No Fertilizer,3,1,220.6,1.7566037735849056
Mbarali,-8.4,33.93,Sandy Loam,18.04,57.44,0.0,125.6,59.8,34.9,6.2,132.1,55.7,34.9,No Fertilizer,3,4,220.29999999999998,2.0657894736842106
Mbarali,-8.95,33.81,Sandy Clay Loam,17.54,69.33,0.0,164.1,34.6,87.8,5.7,156.6,33.9,82.3,No Fertilizer,3,3,286.5,4.609550561797753
Mbarali,-8.51,34.11,Clay,22.99,62.13,0.0,38.4,64.1,93.2,7.0,40.5,56.3,85.4,Urea,3,0,195.7,0.5898617511520737
Mbarali,-8.675,33.99,Sandy Loam,21.68,79.4,1.77,136.8,69.3,6.4,6.5,146.0,59.3,6.5,MOP,3,4,212.50000000000003,1.9459459459459463
Mbarali,-8.73,34.29,Sandy Loam,16.34,69.17,0.08,116.8,49.7,48.3,7.1,104.0,47.2,45.0,No Fertilizer,3,4,214.8,2.303747534516765
Mbarali,-8.4,33.87,Sandy Loam,21.24,74.82,0.08,82.6,19.2,8.1,6.2,77.4,19.1,8.1,NPK,3,4,109.89999999999999,4.089108910891089
Mbarali,-8.455,34.17,Clay,24.25,60.54,0.15,28.2,20.6,73.5,7.0,32.4,22.1,82.3,DAP,3,0,122.3,1.3055555555555554
Mbarali,-8.51,33.81,Sandy Clay Loam,21.14,80.27,8.43,148.7,26.3,49.5,6.6,157.1,24.8,49.5,SSP,3,3,224.5,5.446886446886446
Mbarali,-8.455,34.11,Clay,23.62,67.08,0.98,37.4,11.9,11.8,6.7,36.7,11.7,12.3,NPK,3,0,61.099999999999994,2.89922480620155
Mbarali,-8.785,34.35,Sandy Loam,18.19,79.45,0.03,64.1,22.9,16.2,6.2,62.7,22.0,15.3,NPK,3,4,103.2,2.6820083682008367
Mbarali,-8.73,33.75,Sandy Clay Loam,22.85,79.08,7.05,53.1,20.0,38.1,6.3,59.3,17.8,38.2,DAP,3,3,111.19999999999999,2.5285714285714285
Mbarali,-8.565,33.75,Sandy Clay Loam,21.19,85.55,9.39,171.0,32.1,77.4,6.1,158.1,34.1,85.0,No Fertilizer,3,3,280.5,5.166163141993957
Mbarali,-8.62,33.99,Sandy Clay Loam,22.82,79.8,2.23,131.5,59.8,57.5,6.7,124.4,64.0,64.2,No Fertilizer,3,3,248.8,2.1628289473684212
Mbarali,-8.73,34.23,Sandy Loam,18.62,73.55,0.0,150.3,10.7,78.8,6.9,145.4,10.9,78.9,SSP,3,4,239.8,12.846153846153848
Mbarali,-8.95,34.23,Sandy Clay Loam,19.0,63.32,0.0,57.6,54.5,30.6,5.7,52.6,51.5,36.8,Urea,3,3,142.7,1.037837837837838
Mbarali,-8.565,33.87,Sandy Clay Loam,21.68,80.58,1.23,119.9,51.3,9.3,6.7,116.2,49.4,9.6,MOP,3,3,180.5,2.292543021032505
Mbarali,-8.455,33.87,Sandy Loam,22.2,79.4,0.95,110.6,9.7,89.3,6.3,107.2,10.3,87.8,SSP,3,4,209.6,10.336448598130842
Mbarali,-8.4,33.87,Sandy Loam,18.67,73.66,0.0,168.1,68.3,6.9,6.2,151.6,64.9,7.4,MOP,3,4,243.29999999999998,2.4256854256854257
Mbarali,-8.675,34.23,Sandy Clay Loam,22.55,70.05,2.95,176.7,38.0,91.6,6.4,164.0,41.5,85.6,No Fertilizer,3,3,306.29999999999995,4.530769230769231
Mbarali,-8.95,34.23,Sandy Clay Loam,18.62,78.37,0.08,11.4,26.4,40.1,5.7,12.1,28.0,37.0,Urea,3,3,77.9,0.416058394160584
Mbarali,-8.895,33.75,Clay,22.06,82.31,2.47,130.1,53.5,6.4,5.8,124.6,53.9,6.8,MOP,3,0,190.0,2.387155963302752
Mbarali,-8.95,34.29,Sandy Clay Loam,19.62,67.49,0.54,17.9,20.2,62.6,5.7,18.8,21.0,63.9,DAP,3,3,100.69999999999999,0.8443396226415094
Mbarali,-8.565,34.29,Sandy Clay Loam,19.71,79.71,0.6,107.0,52.9,94.5,5.9,103.3,49.8,88.4,No Fertilizer,3,3,254.4,1.9851576994434137
Mbarali,-8.95,34.17,Clay Loam,18.66,72.88,0.06,60.9,6.8,87.1,5.6,58.9,6.6,87.1,DAP,3,1,154.8,7.8076923076923075
Mbarali,-8.565,34.05,Sandy Clay Loam,22.03,80.34,0.58,56.1,66.7,17.6,7.0,62.2,59.4,19.5,NPK,3,3,140.4,0.8286558345642541
Mbarali,-8.675,34.35,Sandy Loam,22.28,78.68,2.14,69.4,33.0,21.0,6.3,70.0,33.6,21.2,NPK,3,4,123.4,2.0411764705882356
Mbarali,-8.51,34.11,Clay,22.03,78.99,3.24,117.8,45.6,50.3,7.0,115.6,46.0,53.5,No Fertilizer,3,0,213.7,2.5278969957081543
Mbarali,-8.565,34.05,Sandy Clay Loam,20.03,85.06,6.46,64.7,20.2,64.2,7.0,66.8,18.6,59.5,DAP,3,3,149.10000000000002,3.0518867924528306
Mbarali,-8.51,33.81,Sandy Clay Loam,16.5,72.05,4.63,137.5,48.4,71.0,6.6,134.6,48.7,68.1,No Fertilizer,3,3,256.9,2.7834008097165994
Mbarali,-8.95,34.17,Clay Loam,19.93,77.39,0.0,83.2,60.7,20.7,5.6,78.8,55.0,21.2,NPK,3,1,164.6,1.3484602917341977
Mbarali,-8.785,33.93,Sandy Clay Loam,20.55,83.18,26.41,21.6,36.6,87.4,6.3,21.6,35.2,86.6,Urea,3,3,145.60000000000002,0.574468085106383
Mbarali,-8.565,34.11,Clay,18.68,67.3,0.0,145.5,37.4,54.2,6.0,143.2,44.8,59.7,No Fertilizer,3,0,237.10000000000002,3.7890625
Mbarali,-8.84,33.99,Sandy Clay Loam,20.4,84.61,14.07,64.3,36.9,73.1,5.9,58.6,34.1,77.2,Urea,3,3,174.29999999999998,1.6965699208443272
Mbarali,-8.84,33.87,Sandy Clay Loam,20.36,90.57,10.87,86.3,67.0,57.0,5.9,83.6,63.0,51.4,Urea,3,3,210.3,1.2691176470588235
Mbarali,-8.51,34.17,Clay Loam,17.51,65.04,0.09,128.3,39.3,41.0,6.3,126.5,36.9,40.8,No Fertilizer,3,1,208.60000000000002,3.1836228287841197
Mbarali,-8.62,33.75,Sandy Loam,18.28,82.11,2.01,62.1,51.6,93.8,6.1,66.5,59.6,88.1,Urea,3,4,207.5,1.1806083650190113
Mbarali,-8.895,34.29,Sandy Clay Loam,22.15,82.39,20.26,20.5,54.2,55.8,5.7,19.6,56.9,54.9,Urea,3,3,130.5,0.3713768115942029
Mbarali,-8.675,34.11,Sandy Clay Loam,22.28,63.11,0.0,75.3,29.8,86.1,6.3,73.6,31.1,78.8,Urea,3,3,191.2,2.4448051948051948
Mbarali,-8.4,33.93,Sandy Loam,16.95,68.04,0.0,185.9,18.1,74.0,6.2,170.6,19.2,86.1,SSP,3,4,278.0,9.732984293193716
Mbarali,-8.84,34.11,Sandy Clay Loam,14.87,73.55,1.26,119.5,34.6,61.9,6.3,119.1,30.8,62.7,No Fertilizer,3,3,216.0,3.3567415730337076
Mbarali,-8.62,33.81,Sandy Clay Loam,23.49,74.85,45.44,108.4,58.5,58.1,6.2,124.2,58.5,52.1,No Fertilizer,3,3,225.0,1.8218487394957985
Mbarali,-8.51,34.17,Clay Loam,20.74,86.43,1.44,103.5,19.0,6.7,6.3,117.5,19.0,6.3,NPK,3,1,129.2,5.175
Mbarali,-8.73,33.87,Sandy Clay Loam,17.22,69.94,0.01,46.1,40.1,10.2,6.2,43.8,38.6,9.4,NPK,3,3,96.4,1.121654501216545
Mbarali,-8.51,34.29,Sandy Clay Loam,20.82,86.4,8.78,77.9,59.5,22.9,6.4,81.1,57.2,22.9,NPK,3,3,160.3,1.2876033057851242
Mbarali,-8.95,33.81,Sandy Clay Loam,20.46,67.88,0.02,141.9,20.9,20.8,5.7,137.7,27.3,21.6,MOP,3,3,183.60000000000002,6.479452054794521
Mbarali,-8.73,33.87,Sandy Clay Loam,23.75,73.04,7.47,27.5,44.3,25.4,6.2,27.2,46.4,27.4,NPK,3,3,97.19999999999999,0.6070640176600441
Mbarali,-8.785,34.29,Sandy Loam,20.88,84.02,3.55,56.6,18.2,29.2,6.2,57.2,20.2,31.6,NPK,3,4,104.0,2.947916666666667
Mbarali,-8.565,34.17,Clay,17.84,79.34,1.45,56.6,11.5,38.3,6.5,57.0,11.2,36.2,DAP,3,0,106.39999999999999,4.5280000000000005
Mbarali,-8.95,34.23,Sandy Clay Loam,22.09,53.97,0.01,78.4,55.3,42.8,5.7,83.4,56.4,41.3,Urea,3,3,176.5,1.3925399644760215
Mbarali,-8.84,33.81,Sandy Clay Loam,23.95,58.85,0.12,176.5,10.5,14.2,5.9,176.7,10.5,14.3,NPK,3,3,201.2,15.347826086956522
Mbarali,-8.73,34.29,Sandy Loam,15.54,74.08,4.91,20.6,18.7,9.9,7.1,21.5,21.9,9.6,NPK,3,4,49.199999999999996,1.0456852791878173
Mbarali,-8.785,33.93,Sandy Clay Loam,15.94,66.6,0.08,95.6,59.1,63.2,6.3,98.2,60.4,62.6,No Fertilizer,3,3,217.89999999999998,1.5906821963394342
Mbarali,-8.62,33.75,Sandy Loam,22.4,80.96,28.46,39.6,29.0,54.6,6.1,40.5,26.9,51.1,DAP,3,4,123.19999999999999,1.32
Mbarali,-8.62,34.11,Sandy Clay Loam,20.26,69.04,0.09,172.2,75.0,46.2,6.4,175.0,68.2,43.3,No Fertilizer,3,3,293.4,2.2657894736842104
Mbarali,-8.895,34.17,Sandy Clay Loam,19.29,76.56,0.01,31.2,72.1,54.9,5.9,29.3,68.7,59.3,Urea,3,3,158.2,0.42681258549931606
Mbarali,-8.95,33.87,Sandy Clay Loam,20.85,86.17,32.92,77.9,19.7,77.0,5.8,78.6,21.7,75.5,DAP,3,3,174.60000000000002,3.7632850241545897
Mbarali,-8.895,34.35,Sandy Clay Loam,18.9,56.58,0.0,145.1,7.3,37.0,5.8,135.4,6.7,41.9,SSP,3,3,189.4,17.481927710843372
Mbarali,-8.455,33.93,Sandy Clay Loam,20.63,84.9,19.37,143.7,53.1,60.4,6.6,129.8,50.5,59.9,No Fertilizer,3,3,257.2,2.6561922365988906
Mbarali,-8.895,34.23,Sandy Clay Loam,20.94,53.41,0.0,86.8,33.5,89.7,5.9,81.9,33.8,86.1,Urea,3,3,210.0,2.5159420289855072
Mbarali,-8.62,34.29,Sandy Loam,20.34,64.02,0.14,71.5,9.1,69.5,6.2,68.9,10.6,76.5,DAP,3,4,150.1,7.079207920792079
Mbarali,-8.565,33.81,Sandy Clay Loam,18.59,73.82,0.0,79.4,54.1,40.6,6.2,77.6,50.7,41.8,Urea,3,3,174.1,1.441016333938294
Mbarali,-8.675,33.87,Sandy Clay Loam,22.69,64.4,0.02,58.3,5.8,60.2,6.2,54.9,6.1,60.2,DAP,3,3,124.3,8.573529411764707
Mbarali,-8.73,33.81,Sandy Clay Loam,24.7,57.8,0.02,45.2,62.9,21.2,6.1,44.9,61.4,20.9,NPK,3,3,129.29999999999998,0.7073552425665103
Mbarali,-8.84,33.75,Sandy Clay Loam,17.17,71.95,0.0,98.5,13.2,52.0,5.7,92.1,13.2,53.1,SSP,3,3,163.7,6.93661971830986
Mbarali,-8.455,33.93,Sandy Clay Loam,23.11,52.56,0.01,58.0,13.7,81.2,6.6,55.7,12.4,88.4,DAP,3,3,152.9,3.9455782312925174
Mbarali,-8.73,34.11,Sandy Clay Loam,20.51,83.37,2.59,57.4,15.5,49.4,6.3,58.9,15.6,49.5,DAP,3,3,122.30000000000001,3.4787878787878785
Mbarali,-8.455,34.35,Sandy Loam,21.32,84.69,9.77,129.3,67.3,74.2,6.7,121.6,67.4,83.9,No Fertilizer,3,4,270.8,1.8931185944363107
Mbarali,-8.73,33.93,Sandy Clay Loam,20.6,85.94,3.3,175.8,55.2,39.6,6.2,174.7,49.7,40.2,No Fertilizer,3,3,270.6,3.1281138790035588
Mbarali,-8.675,33.81,Sandy Clay Loam,20.07,50.9,0.0,111.8,54.3,87.1,6.2,112.6,56.9,89.9,No Fertilizer,3,3,253.2,2.0216998191681737
Mbarali,-8.84,33.93,Sandy Loam,18.73,69.02,0.08,22.3,32.0,54.1,6.0,23.1,30.2,54.7,Urea,3,4,108.4,0.6757575757575758
Mbarali,-8.84,34.23,Sandy Clay Loam,20.56,82.36,2.69,23.1,25.8,9.2,5.9,22.8,26.2,9.6,NPK,3,3,58.10000000000001,0.8619402985074627
Mbarali,-8.785,33.93,Sandy Clay Loam,24.24,59.18,0.5,183.7,18.1,49.5,6.3,171.7,19.5,55.3,SSP,3,3,251.29999999999998,9.617801047120418
Mbarali,-8.84,33.87,Sandy Clay Loam,21.74,76.94,0.08,64.3,35.7,28.3,5.9,60.5,35.7,29.1,NPK,3,3,128.3,1.752043596730245
Mbarali,-8.455,33.99,Clay,23.45,62.9,0.0,26.3,42.4,9.3,6.7,25.7,40.4,8.7,NPK,3,0,78.0,0.6059907834101382
Mbarali,-8.84,34.17,Sandy Clay Loam,20.83,86.27,26.34,116.5,50.0,81.6,6.1,111.8,45.7,75.0,No Fertilizer,3,3,248.1,2.284313725490196
Mbarali,-8.565,33.93,Sandy Clay Loam,21.35,83.87,1.89,126.3,23.1,34.1,6.8,116.0,21.0,29.2,NPK,3,3,183.5,5.240663900414937
Mbarali,-8.895,34.17,Sandy Clay Loam,20.28,87.79,2.82,119.0,65.2,81.5,5.9,120.2,66.6,72.9,No Fertilizer,3,3,265.7,1.797583081570997
Mbarali,-8.675,34.35,Sandy Loam,21.01,61.4,0.1,51.1,14.2,27.7,6.3,55.5,15.2,30.2,NPK,3,4,93.0,3.361842105263158
Mbarali,-8.95,34.23,Sandy Clay Loam,22.13,58.98,0.0,13.7,66.2,21.7,5.7,12.6,67.7,22.3,NPK,3,3,101.60000000000001,0.2038690476190476
Mbarali,-8.565,33.99,Clay,22.76,79.85,3.23,167.6,4.6,87.7,6.3,174.1,5.0,87.8,SSP,3,0,259.9,29.92857142857143
Mbarali,-8.95,33.99,Sandy Clay Loam,19.85,52.81,0.0,50.1,35.2,36.2,5.7,52.7,35.8,36.4,Urea,3,3,121.50000000000001,1.3839779005524862
Mbarali,-8.62,34.29,Sandy Loam,22.05,61.88,0.0,109.2,25.4,56.8,6.2,124.9,26.0,56.5,SSP,3,4,191.39999999999998,4.136363636363637
Mbarali,-8.4,34.11,Clay,19.44,78.39,0.11,135.3,35.4,66.9,6.7,130.1,33.6,57.2,No Fertilizer,3,0,237.60000000000002,3.7170329670329676
Mbarali,-8.4,34.11,Clay,17.52,76.81,0.63,100.8,35.2,49.1,6.7,113.7,41.7,53.1,No Fertilizer,3,0,185.1,2.784530386740331
Mbarali,-8.785,34.35,Sandy Loam,21.78,76.87,16.81,59.9,31.1,78.7,6.2,63.2,32.7,82.8,Urea,3,4,169.7,1.866043613707165
Mbarali,-8.675,34.11,Sandy Clay Loam,23.75,67.56,0.07,58.4,29.8,69.9,6.3,56.1,31.4,62.7,Urea,3,3,158.10000000000002,1.896103896103896
Mbarali,-8.565,34.05,Sandy Clay Loam,20.19,82.64,3.03,117.2,56.7,38.2,7.0,111.6,52.4,39.9,No Fertilizer,3,3,212.10000000000002,2.0311958405545925
Mbarali,-8.455,33.75,Sandy Loam,24.84,56.01,0.02,150.1,45.4,80.6,6.2,157.2,49.3,78.4,No Fertilizer,3,4,276.1,3.2349137931034484
Mbarali,-8.62,34.29,Sandy Loam,20.98,85.56,2.23,169.3,59.9,22.7,6.2,170.9,59.0,21.2,MOP,3,4,251.9,2.779967159277504
Mbarali,-8.73,33.99,Sandy Clay Loam,20.59,79.03,0.63,26.3,20.3,53.5,6.1,28.0,20.5,51.7,DAP,3,3,100.1,1.2347417840375587
Mbarali,-8.895,34.29,Sandy Clay Loam,23.16,54.35,0.0,34.9,47.5,87.0,5.7,36.3,44.2,85.8,Urea,3,3,169.4,0.7195876288659794
Mbarali,-8.51,34.29,Sandy Clay Loam,21.13,81.04,3.07,173.8,44.4,62.4,6.4,170.6,42.6,58.5,No Fertilizer,3,3,280.6,3.828193832599119
Mbarali,-8.73,33.81,Sandy Clay Loam,23.55,63.4,0.74,130.5,28.6,70.0,6.1,135.2,28.4,74.6,No Fertilizer,3,3,229.1,4.408783783783783
Mbarali,-8.95,33.81,Sandy Clay Loam,25.15,52.1,0.25,157.4,34.7,58.8,5.7,160.1,36.1,60.9,No Fertilizer,3,3,250.90000000000003,4.408963585434173
Mbarali,-8.455,34.35,Sandy Loam,22.09,58.0,0.27,39.9,21.5,79.4,6.7,44.4,24.7,76.5,DAP,3,4,140.8,1.7733333333333332
Mbarali,-8.675,33.75,Sandy Clay Loam,20.45,83.76,8.26,118.6,13.6,73.0,6.0,109.9,13.4,85.3,SSP,3,3,205.2,8.123287671232877
Mbarali,-8.565,34.23,Clay Loam,20.71,81.64,0.14,133.8,18.8,31.8,6.8,129.2,18.1,28.9,NPK,3,1,184.40000000000003,6.757575757575758
Mbarali,-8.62,33.75,Sandy Loam,22.52,84.34,24.06,132.6,9.8,20.7,6.1,125.6,11.0,20.3,NPK,3,4,163.1,12.277777777777777
Mbarali,-8.4,33.81,Sandy Loam,18.52,75.2,0.06,86.6,44.8,47.2,6.5,79.4,49.1,46.7,Urea,3,4,178.59999999999997,1.8908296943231442
Mbarali,-8.51,34.29,Sandy Clay Loam,24.45,54.52,2.71,11.9,48.4,57.5,6.4,12.6,47.6,65.0,Urea,3,3,117.8,0.24089068825910934
Mbarali,-8.51,34.17,Clay Loam,21.4,87.67,11.37,106.4,68.3,22.8,6.3,109.1,66.7,25.1,MOP,3,1,197.5,1.5353535353535355
Mbarali,-8.51,34.29,Sandy Clay Loam,18.91,81.59,2.97,46.0,48.5,6.2,6.4,53.0,52.2,6.3,NPK,3,3,100.7,0.9292929292929293
Mbarali,-8.455,33.93,Sandy Clay Loam,16.95,68.74,0.0,105.6,7.1,36.8,6.6,86.5,7.4,34.8,DAP,3,3,149.5,13.037037037037036
Mbarali,-8.84,33.81,Sandy Clay Loam,22.31,61.76,0.05,171.0,54.3,74.7,5.9,172.8,62.4,87.4,No Fertilizer,3,3,300.0,3.092224231464738
Mbarali,-8.455,33.99,Clay,20.26,56.72,0.01,83.5,66.8,67.9,6.7,77.8,60.9,64.4,Urea,3,0,218.20000000000002,1.2315634218289087
Mbarali,-8.84,34.17,Sandy Clay Loam,19.06,67.49,0.0,139.5,30.2,38.7,6.1,152.8,33.3,39.7,No Fertilizer,3,3,208.39999999999998,4.471153846153846
Mbarali,-8.73,34.05,Sandy Loam,21.07,85.18,1.3,45.0,44.3,21.8,6.4,42.1,42.7,22.2,NPK,3,4,111.1,0.9933774834437087
Mbarali,-8.73,34.29,Sandy Loam,18.7,79.16,0.02,140.5,68.3,36.5,7.1,124.3,68.4,35.9,No Fertilizer,3,4,245.3,2.0274170274170276
Mbarali,-8.675,34.29,Sandy Clay Loam,23.08,56.19,0.05,175.3,42.7,20.6,6.2,176.1,39.1,20.3,MOP,3,3,238.6,4.011441647597254
Mbarali,-8.895,33.93,Clay Loam,19.6,64.47,0.01,25.4,60.2,14.2,5.7,27.3,63.8,14.9,NPK,3,1,99.8,0.41503267973856206
Mbarali,-8.785,34.29,Sandy Loam,22.11,83.51,19.36,11.3,9.5,85.8,6.2,11.4,9.5,82.2,DAP,3,4,106.6,1.0761904761904764
Mbarali,-8.785,33.99,Sandy Loam,18.75,79.83,0.14,70.7,14.6,75.2,6.3,83.7,16.6,89.8,DAP,3,4,160.5,4.532051282051282
Mbarali,-8.565,34.17,Clay,19.95,83.35,2.14,25.7,28.6,19.2,6.5,25.7,33.1,19.8,NPK,3,0,73.5,0.8682432432432432
Mbarali,-8.675,34.05,Sandy Loam,23.3,66.67,2.64,145.1,44.4,10.7,6.9,137.2,42.6,10.6,MOP,3,4,200.2,3.196035242290749
Mbarali,-8.73,33.81,Sandy Clay Loam,25.24,53.81,0.1,165.1,50.6,32.9,6.1,165.5,57.9,33.7,No Fertilizer,3,3,248.6,3.199612403100775
Mbarali,-8.62,34.17,Sandy Clay Loam,23.47,56.56,0.05,82.1,68.1,39.1,6.6,83.8,69.2,44.8,Urea,3,3,189.29999999999998,1.1881331403762663
Mbarali,-8.675,33.87,Sandy Clay Loam,25.17,53.35,0.22,56.0,31.8,24.4,6.2,54.0,29.7,23.2,NPK,3,3,112.19999999999999,1.707317073170732
Mbarali,-8.84,33.99,Sandy Clay Loam,17.77,76.53,0.07,87.4,7.5,28.6,5.9,83.8,7.1,31.3,NPK,3,3,123.5,10.282352941176471
Mbarali,-8.455,34.11,Clay,18.7,55.3,0.0,117.5,54.2,22.8,6.7,133.0,56.9,22.9,MOP,3,0,194.5,2.128623188405797
Mbarali,-8.565,33.75,Sandy Clay Loam,24.21,61.86,0.54,11.6,39.0,71.8,6.1,11.5,43.9,71.0,Urea,3,3,122.4,0.29
Mbarali,-8.73,34.05,Sandy Loam,21.18,84.76,0.99,129.0,17.7,65.9,6.4,110.2,17.1,65.9,SSP,3,4,212.6,6.898395721925134
Mbarali,-8.62,33.75,Sandy Loam,19.48,90.68,8.15,103.6,40.1,64.2,6.1,114.3,36.7,59.3,No Fertilizer,3,4,207.89999999999998,2.5206812652068122
Mbarali,-8.565,34.35,Sandy Loam,22.41,81.37,30.1,117.7,50.5,38.4,6.2,118.4,53.0,38.5,No Fertilizer,3,4,206.6,2.2854368932038835
Mbarali,-8.895,33.75,Clay,23.11,52.56,0.01,58.1,51.8,84.8,5.8,51.1,54.8,82.4,Urea,3,0,194.7,1.100378787878788
Mbarali,-8.895,34.35,Sandy Clay Loam,21.37,70.98,0.05,141.5,35.6,87.1,5.8,131.4,37.0,87.4,No Fertilizer,3,3,264.2,3.8661202185792347
Mbarali,-8.84,34.35,Sandy Loam,17.2,60.79,0.0,24.6,25.1,21.5,6.1,25.5,24.1,20.6,NPK,3,4,71.2,0.9425287356321839
Mbarali,-8.785,34.35,Sandy Loam,19.59,77.33,0.02,44.5,74.1,27.1,6.2,43.9,68.3,24.7,NPK,3,4,145.7,0.5925432756324901
Mbarali,-8.73,33.93,Sandy Clay Loam,21.62,84.94,47.6,159.1,43.6,50.6,6.2,159.2,47.8,50.2,No Fertilizer,3,3,253.29999999999998,3.5672645739910314
Mbarali,-8.95,34.11,Clay Loam,18.01,65.14,0.0,128.5,27.7,14.4,5.8,135.6,30.9,13.7,MOP,3,1,170.6,4.477351916376307
Mbarali,-8.95,34.23,Sandy Clay Loam,18.81,78.24,0.99,12.3,26.2,47.0,5.7,12.3,22.5,42.7,DAP,3,3,85.5,0.45220588235294124
Mbarali,-8.895,34.17,Sandy Clay Loam,20.94,83.4,2.75,51.2,51.6,60.1,5.9,52.2,52.3,54.9,Urea,3,3,162.9,0.973384030418251
Mbarali,-8.84,33.81,Sandy Clay Loam,20.99,81.73,0.24,46.8,20.3,48.5,5.9,46.4,20.0,49.9,DAP,3,3,115.6,2.197183098591549
Mbarali,-8.455,33.75,Sandy Loam,22.04,76.56,4.67,53.1,14.6,36.2,6.2,56.0,15.3,33.8,DAP,3,4,103.9,3.403846153846154
Mbarali,-8.84,34.05,Sandy Clay Loam,22.28,52.53,0.0,47.4,40.3,52.5,5.8,52.1,39.0,51.6,Urea,3,3,140.2,1.1476997578692494
Mbarali,-8.62,34.35,Sandy Loam,18.26,70.01,0.0,20.6,24.7,93.3,5.9,20.6,23.1,86.5,DAP,3,4,138.6,0.8015564202334631
Mbarali,-8.62,34.35,Sandy Loam,20.0,61.55,0.0,98.6,46.5,24.2,5.9,88.0,45.5,23.3,NPK,3,4,169.29999999999998,2.0757894736842104
Mbarali,-8.95,34.23,Sandy Clay Loam,23.69,67.55,0.55,135.3,13.2,62.2,5.7,134.6,11.8,61.0,SSP,3,3,210.7,9.528169014084508
Mbarali,-8.62,34.17,Sandy Clay Loam,23.87,63.0,0.0,110.5,46.1,9.9,6.6,113.1,47.2,9.6,MOP,3,3,166.5,2.346072186836518
Mbarali,-8.785,33.93,Sandy Clay Loam,21.73,57.78,0.0,131.0,22.3,11.8,6.3,124.4,22.7,11.6,NPK,3,3,165.10000000000002,5.622317596566523
Mbarali,-8.73,34.23,Sandy Loam,18.75,77.76,0.05,23.5,4.1,53.4,6.9,23.8,4.0,52.4,DAP,3,4,81.0,4.6078431372549025
Mbarali,-8.62,33.99,Sandy Clay Loam,17.95,76.77,0.01,194.2,12.8,14.7,6.7,171.8,12.4,14.8,NPK,3,3,221.7,14.07246376811594
Mbarali,-8.62,34.05,Sandy Clay Loam,19.48,72.83,0.0,152.5,66.7,7.7,6.7,152.5,65.6,7.9,MOP,3,3,226.89999999999998,2.2525849335302808
Mbarali,-8.84,33.87,Sandy Clay Loam,18.9,74.4,0.18,154.1,55.7,22.9,5.9,146.9,61.2,20.4,MOP,3,3,232.70000000000002,2.717813051146384
Mbarali,-8.51,34.23,Clay Loam,24.7,49.59,0.01,142.0,19.8,55.2,7.2,149.9,19.4,53.4,SSP,3,1,217.0,6.826923076923077
Mbarali,-8.565,34.23,Clay Loam,22.07,56.79,0.12,174.5,53.9,62.5,6.8,168.6,55.4,65.1,No Fertilizer,3,1,290.9,3.1785063752276868
Mbarali,-8.84,34.35,Sandy Loam,18.85,67.11,0.03,104.5,42.4,22.6,6.1,102.5,44.2,23.0,MOP,3,4,169.5,2.4078341013824884
Mbarali,-8.73,34.23,Sandy Loam,20.45,84.28,6.1,43.9,68.2,66.7,6.9,44.0,68.1,62.1,Urea,3,4,178.8,0.634393063583815
Mbarali,-8.73,34.11,Sandy Clay Loam,22.54,59.79,0.0,110.8,26.7,20.2,6.3,114.9,28.7,21.3,MOP,3,3,157.7,4.0
Mbarali,-8.785,33.75,Sandy Loam,20.93,79.65,9.51,130.2,45.1,51.6,6.1,136.3,49.0,57.5,No Fertilizer,3,4,226.89999999999998,2.8242950108459866
Mbarali,-8.565,34.29,Sandy Clay Loam,24.86,41.1,0.0,138.1,6.7,36.6,5.9,135.4,8.2,40.6,SSP,3,3,181.39999999999998,17.935064935064933
Mbarali,-8.675,33.93,Sandy Loam,22.04,80.77,4.71,103.0,33.8,53.5,6.6,98.6,30.2,60.9,No Fertilizer,3,4,190.3,2.959770114942529
Mbarali,-8.895,34.05,Clay Loam,23.3,49.73,0.0,21.4,70.2,81.4,5.6,21.6,67.6,89.6,Urea,3,1,173.0,0.30056179775280895
Mbarali,-8.785,34.11,Sandy Clay Loam,20.02,89.21,4.23,74.6,39.2,77.8,6.1,73.1,39.6,84.8,Urea,3,3,191.6,1.8557213930348255
Mbarali,-8.785,34.11,Sandy Clay Loam,22.13,74.49,1.7,166.1,21.9,7.0,6.1,166.5,23.0,6.4,NPK,3,3,195.0,7.253275109170306
Mbarali,-8.73,34.05,Sandy Loam,20.33,80.35,2.64,110.1,9.5,80.1,6.4,109.4,11.9,80.4,SSP,3,4,199.7,10.485714285714286
Mbarali,-8.675,34.11,Sandy Clay Loam,20.66,80.65,0.47,100.1,47.9,11.3,6.3,101.5,50.4,11.6,MOP,3,3,159.3,2.0470347648261757
Mbarali,-8.895,34.05,Clay Loam,21.0,58.25,0.01,55.8,48.9,77.4,5.6,55.7,46.6,86.1,Urea,3,1,182.1,1.1182364729458918
Mbarali,-8.565,33.75,Sandy Clay Loam,20.42,86.31,19.5,86.4,30.6,29.4,6.1,72.6,28.7,29.7,NPK,3,3,146.4,2.7341772151898733
Mbarali,-8.62,34.23,Sandy Clay Loam,22.42,79.34,0.03,165.7,69.8,33.5,6.1,162.2,66.8,38.1,No Fertilizer,3,3,269.0,2.3403954802259888
Mbarali,-8.565,34.35,Sandy Loam,20.26,84.81,9.34,128.9,5.5,13.3,6.2,123.3,5.5,13.7,NPK,3,4,147.70000000000002,19.83076923076923
Mbarali,-8.95,33.99,Sandy Clay Loam,19.08,59.27,0.0,148.3,26.2,17.7,5.7,143.9,24.0,15.4,NPK,3,3,192.2,5.452205882352942
Mbarali,-8.895,33.87,Clay Loam,18.34,79.83,0.03,85.6,63.3,70.2,5.8,87.2,64.8,67.0,Urea,3,1,219.09999999999997,1.3312597200622083
Mbarali,-8.62,34.05,Sandy Clay Loam,16.57,63.28,0.0,127.8,27.1,84.1,6.7,117.1,25.2,85.3,SSP,3,3,239.0,4.548042704626334
Mbarali,-8.73,34.11,Sandy Clay Loam,21.7,86.63,20.64,51.2,20.1,60.1,6.3,52.2,20.6,57.3,DAP,3,3,131.4,2.4265402843601898
Mbarali,-8.675,34.23,Sandy Clay Loam,18.16,79.92,0.04,139.5,36.8,63.7,6.4,129.9,39.3,66.1,No Fertilizer,3,3,240.0,3.6904761904761907
Mbarali,-8.51,34.29,Sandy Clay Loam,20.59,58.44,0.0,80.8,54.3,66.1,6.4,82.7,58.4,70.0,Urea,3,3,201.2,1.461121157323689
Mbarali,-8.455,34.17,Clay,22.43,82.64,6.65,79.5,10.0,31.4,7.0,85.2,10.8,28.1,NPK,3,0,120.9,7.2272727272727275
Mbarali,-8.84,34.29,Sandy Loam,23.7,59.59,0.56,123.5,69.3,9.0,6.0,120.4,66.2,9.8,MOP,3,4,201.8,1.7567567567567568
Mbarali,-8.51,33.87,Sandy Loam,18.24,72.51,0.0,156.1,53.5,6.0,6.7,169.2,56.5,6.2,MOP,3,4,215.6,2.8642201834862386
Mbarali,-8.73,34.35,Sandy Loam,24.94,55.89,0.87,21.7,14.8,36.2,6.5,20.9,16.0,35.5,DAP,3,4,72.7,1.3734177215189873
Mbarali,-8.675,33.99,Sandy Loam,17.95,65.14,0.0,137.7,53.5,24.6,6.5,150.2,51.0,26.3,MOP,3,4,215.79999999999998,2.5266055045871556
Mbarali,-8.95,34.35,Sandy Clay Loam,21.18,80.02,3.92,58.4,30.1,11.7,5.8,59.7,29.4,11.2,NPK,3,3,100.2,1.877813504823151
Mbarali,-8.73,34.23,Sandy Loam,21.69,79.64,2.28,76.9,32.6,20.6,6.9,85.5,30.6,21.1,NPK,3,4,130.1,2.2886904761904763
Mbarali,-8.73,33.99,Sandy Clay Loam,20.91,50.93,0.0,16.4,57.7,17.2,6.1,13.7,55.7,16.5,NPK,3,3,91.3,0.2793867120954003
Mbarali,-8.51,34.23,Clay Loam,21.17,65.11,0.0,54.1,64.0,86.2,7.2,61.2,67.5,82.8,Urea,3,1,204.3,0.8323076923076923
Mbarali,-8.62,33.81,Sandy Clay Loam,21.82,80.21,2.36,95.5,12.4,17.5,6.2,95.4,12.4,17.8,NPK,3,3,125.4,7.126865671641791
Mbarali,-8.455,33.87,Sandy Loam,20.39,75.83,0.0,21.1,32.0,57.3,6.3,19.5,31.8,51.2,Urea,3,4,110.4,0.6393939393939394
Mbarali,-8.73,34.05,Sandy Loam,22.01,81.17,10.34,100.3,33.4,53.2,6.4,93.5,35.7,55.8,No Fertilizer,3,4,186.89999999999998,2.9156976744186047
Mbarali,-8.895,34.23,Sandy Clay Loam,21.26,86.39,15.32,177.6,26.6,56.5,5.9,167.6,28.8,51.7,No Fertilizer,3,3,260.7,6.434782608695651
Mbarali,-8.4,34.35,Clay Loam,20.43,87.23,23.27,27.3,26.6,15.5,6.5,27.9,28.0,14.3,NPK,3,1,69.4,0.9891304347826086
Mbarali,-8.785,34.29,Sandy Loam,22.19,80.75,0.87,153.2,8.5,36.8,6.2,140.0,7.4,32.8,NPK,3,4,198.5,16.126315789473683
Mbarali,-8.4,33.75,Sandy Loam,17.69,74.28,0.0,84.7,47.8,10.4,5.9,79.6,49.2,10.3,NPK,3,4,142.9,1.7356557377049182
Mbarali,-8.51,33.87,Sandy Loam,21.51,79.78,3.53,123.2,35.6,37.1,6.7,121.4,32.8,39.2,No Fertilizer,3,4,195.9,3.3661202185792347
Mbarali,-8.84,34.11,Sandy Clay Loam,22.78,77.6,11.45,55.2,16.3,25.0,6.3,54.2,16.9,21.8,NPK,3,3,96.5,3.1907514450867054
Mbarali,-8.455,34.23,Clay,17.33,78.33,0.02,36.3,61.5,51.9,7.1,37.1,57.9,53.2,Urea,3,0,149.7,0.5808
Mbarali,-8.73,34.35,Sandy Loam,26.42,53.84,0.33,34.9,60.6,60.5,6.5,37.3,57.0,64.2,Urea,3,4,156.0,0.5665584415584415
Mbarali,-8.455,33.93,Sandy Clay Loam,21.15,83.78,4.46,23.9,38.5,50.0,6.6,22.0,36.1,50.7,Urea,3,3,112.4,0.6050632911392405
Mbarali,-8.675,34.05,Sandy Loam,24.43,59.12,0.08,45.4,24.3,39.6,6.9,41.6,23.7,42.5,DAP,3,4,109.30000000000001,1.7944664031620552
Mbarali,-8.675,33.87,Sandy Clay Loam,23.78,58.57,0.1,115.3,50.6,40.0,6.2,122.9,46.1,38.5,No Fertilizer,3,3,205.9,2.2344961240310077
Mbarali,-8.455,34.35,Sandy Loam,20.48,87.4,11.56,158.2,23.6,73.5,6.7,159.9,23.0,76.7,SSP,3,4,255.29999999999998,6.430894308943088
Mbarali,-8.895,34.29,Sandy Clay Loam,20.27,85.81,2.19,146.9,21.9,23.9,5.7,148.4,19.6,24.4,NPK,3,3,192.70000000000002,6.4148471615720535
Mbarali,-8.895,34.11,Sandy Clay Loam,24.8,59.68,2.61,126.2,46.3,72.3,6.0,126.5,52.2,67.7,No Fertilizer,3,3,244.8,2.668076109936575
Mbarali,-8.73,33.81,Sandy Clay Loam,21.46,81.87,1.46,28.9,6.8,72.7,6.1,28.8,6.7,69.6,DAP,3,3,108.4,3.705128205128205
Mbarali,-8.895,34.17,Sandy Clay Loam,16.32,51.82,0.0,63.1,10.5,41.3,5.9,59.2,10.3,41.2,DAP,3,3,114.89999999999999,5.48695652173913
Mbarali,-8.62,33.93,Sandy Clay Loam,20.92,85.74,4.74,59.4,4.2,31.3,6.6,62.7,4.4,31.0,NPK,3,3,94.9,11.423076923076922
Mbarali,-8.785,34.17,Sandy Clay Loam,21.39,80.0,1.24,49.4,14.7,45.6,6.3,52.5,14.1,45.5,DAP,3,3,109.69999999999999,3.1464968152866244
Mbarali,-8.455,33.87,Sandy Loam,19.37,82.05,0.88,106.0,7.7,13.4,6.3,97.6,8.6,13.8,NPK,3,4,127.10000000000001,12.183908045977013
Mbarali,-8.95,34.23,Sandy Clay Loam,21.79,65.86,6.24,97.8,66.5,9.9,5.7,101.0,69.7,9.9,MOP,3,3,174.20000000000002,1.448888888888889
Mbarali,-8.84,33.99,Sandy Clay Loam,21.22,84.08,1.56,64.4,19.8,15.9,5.9,70.7,23.1,15.4,NPK,3,3,100.10000000000001,3.0961538461538463
Mbarali,-8.51,34.35,Sandy Clay Loam,21.95,80.49,18.84,67.8,15.4,21.5,6.5,70.1,13.9,21.7,NPK,3,3,104.7,4.134146341463415
Mbarali,-8.84,33.93,Sandy Loam,18.67,73.66,0.0,147.4,19.6,49.8,6.0,150.9,19.9,48.4,SSP,3,4,216.8,7.155339805825243
Mbarali,-8.62,33.75,Sandy Loam,19.85,82.69,8.86,159.9,75.8,72.8,6.1,144.2,65.8,77.3,No Fertilizer,3,4,308.5,2.08203125
Mbarali,-8.565,33.99,Clay,20.45,82.18,1.37,66.4,40.5,24.7,6.3,62.3,38.3,25.8,NPK,3,0,131.6,1.6
Mbarali,-8.565,34.11,Clay,22.58,72.55,0.28,178.6,29.0,80.2,6.0,165.3,28.1,84.6,No Fertilizer,3,0,287.8,5.953333333333333
Mbarali,-8.84,34.05,Sandy Clay Loam,19.12,68.46,0.22,181.8,59.1,82.8,5.8,172.0,61.6,86.2,No Fertilizer,3,3,323.7,3.0249584026622296
Mbarali,-8.895,33.81,Clay,21.31,69.39,0.11,69.9,27.9,94.3,5.6,65.5,30.1,86.5,Urea,3,0,192.10000000000002,2.418685121107267
Mbarali,-8.565,34.23,Clay Loam,20.22,85.37,1.67,66.9,27.1,80.2,6.8,70.3,26.1,76.4,DAP,3,1,174.2,2.380782918149466
Mbarali,-8.785,33.75,Sandy Loam,19.86,94.24,26.53,94.6,17.6,33.8,6.1,96.0,17.7,36.6,SSP,3,4,146.0,5.086021505376343
Mbarali,-8.95,34.17,Clay Loam,17.38,71.1,0.01,158.2,26.2,12.5,5.6,170.0,28.9,12.1,MOP,3,1,196.89999999999998,5.816176470588235
Mbarali,-8.455,34.05,Clay,19.85,84.87,4.07,156.6,22.3,52.3,6.8,159.0,24.9,53.8,SSP,3,0,231.2,6.721030042918454
Mbarali,-8.51,34.23,Clay Loam,20.57,86.05,9.49,28.8,45.4,50.4,7.2,27.4,48.7,52.9,Urea,3,1,124.6,0.6206896551724138
Mbarali,-8.95,33.93,Sandy Clay Loam,21.58,67.11,0.01,77.5,26.1,69.3,5.7,76.8,23.1,77.4,DAP,3,3,172.89999999999998,2.8597785977859775
Mbarali,-8.62,33.87,Sandy Loam,20.07,86.79,32.12,113.6,48.6,95.8,6.4,104.1,42.1,89.7,No Fertilizer,3,4,258.0,2.290322580645161
Mbarali,-8.62,34.23,Sandy Clay Loam,20.1,85.44,39.12,87.9,8.5,44.0,6.1,95.5,8.3,48.7,SSP,3,3,140.4,9.25263157894737
Mbarali,-8.895,33.93,Clay Loam,20.49,62.16,0.0,44.5,16.8,34.9,5.7,43.0,16.6,35.0,DAP,3,1,96.19999999999999,2.5
Mbarali,-8.84,34.17,Sandy Clay Loam,18.04,67.85,0.0,142.4,30.2,20.2,6.1,156.0,30.9,21.6,MOP,3,3,192.79999999999998,4.564102564102565
Mbarali,-8.84,34.05,Sandy Clay Loam,22.89,51.51,0.0,125.9,61.5,6.8,5.8,125.1,65.8,6.4,MOP,3,3,194.20000000000002,2.0144
Mbarali,-8.565,34.11,Clay,21.7,61.29,0.0,160.3,31.7,47.6,6.0,152.4,28.9,48.8,No Fertilizer,3,0,239.6,4.902140672782875
Mbarali,-8.675,33.87,Sandy Clay Loam,22.26,55.09,0.0,153.6,54.1,52.2,6.2,156.0,47.8,52.7,No Fertilizer,3,3,259.9,2.7876588021778583
Mbarali,-8.785,34.35,Sandy Loam,25.24,63.66,1.62,142.5,19.5,74.8,6.2,137.2,20.8,75.3,SSP,3,4,236.8,6.951219512195122
Mbarali,-8.73,34.29,Sandy Loam,20.01,80.18,0.23,79.0,12.3,49.4,7.1,84.7,12.4,48.4,DAP,3,4,140.7,5.93984962406015
Mbarali,-8.95,33.99,Sandy Clay Loam,22.69,79.33,2.87,100.5,7.6,83.1,5.7,113.8,7.9,83.0,SSP,3,3,191.2,11.686046511627907
Mbarali,-8.455,34.05,Clay,22.08,84.54,4.24,38.7,23.4,58.6,6.8,37.3,24.2,58.8,DAP,3,0,120.7,1.586065573770492
Mbarali,-8.785,34.05,Sandy Loam,17.14,71.77,0.0,139.7,15.6,73.8,6.3,124.5,14.4,76.6,SSP,3,4,229.09999999999997,8.415662650602409
Mbarali,-8.785,33.81,Sandy Clay Loam,22.64,79.78,5.92,37.7,14.1,16.4,6.0,40.5,15.5,18.5,NPK,3,3,68.2,2.4966887417218544
Mbarali,-8.4,34.17,Sandy Clay Loam,24.69,65.21,1.82,138.9,56.0,71.8,6.9,128.0,54.2,77.8,No Fertilizer,3,3,266.7,2.436842105263158
Mbarali,-8.455,33.87,Sandy Loam,18.07,75.07,0.11,49.2,5.3,65.9,6.3,49.0,5.0,62.7,DAP,3,4,120.4,7.80952380952381
Mbarali,-8.62,33.93,Sandy Clay Loam,20.19,82.64,3.03,27.2,40.4,19.9,6.6,30.0,40.8,20.3,NPK,3,3,87.5,0.6570048309178744
Mbarali,-8.785,34.05,Sandy Loam,19.57,81.99,0.05,35.1,30.9,20.9,6.3,38.1,29.0,21.9,NPK,3,4,86.9,1.1003134796238245
Mbarali,-8.95,33.93,Sandy Clay Loam,19.91,82.13,3.06,10.4,37.8,75.6,5.7,10.3,37.4,83.8,Urea,3,3,123.79999999999998,0.2680412371134021
Mbarali,-8.565,33.99,Clay,20.07,58.01,0.01,128.4,44.7,7.7,6.3,132.2,41.1,8.7,MOP,3,0,180.8,2.809628008752735
Mbarali,-8.455,34.05,Clay,17.5,71.13,0.06,122.1,22.1,42.6,6.8,134.5,24.7,44.9,SSP,3,0,186.79999999999998,5.285714285714285
Mbarali,-8.84,34.29,Sandy Loam,22.95,60.29,0.16,86.0,22.9,34.3,6.0,97.5,23.5,32.3,NPK,3,4,143.2,3.5983263598326363
Mbarali,-8.565,33.99,Clay,16.46,69.61,0.35,35.2,52.1,59.5,6.3,37.4,52.4,61.9,Urea,3,0,146.8,0.6629001883239172
Mbarali,-8.73,33.75,Sandy Clay Loam,21.34,82.18,5.23,24.5,50.0,78.7,6.3,24.2,61.5,76.5,Urea,3,3,153.2,0.4803921568627451
Mbarali,-8.4,33.75,Sandy Loam,25.03,57.85,0.08,13.2,15.4,34.7,5.9,13.3,16.7,36.3,DAP,3,4,63.300000000000004,0.8048780487804879
Mbarali,-8.455,34.11,Clay,15.97,70.82,0.0,36.8,9.8,43.7,6.7,38.2,10.4,41.9,DAP,3,0,90.3,3.407407407407407
Mbarali,-8.95,33.81,Sandy Clay Loam,19.03,76.15,0.0,163.7,67.5,86.3,5.7,161.4,63.3,88.5,No Fertilizer,3,3,317.5,2.38978102189781
Mbarali,-8.84,34.23,Sandy Clay Loam,22.14,61.89,0.0,54.8,25.8,65.7,5.9,51.1,27.1,71.8,Urea,3,3,146.3,2.044776119402985
Mbarali,-8.84,34.35,Sandy Loam,22.07,80.73,3.07,72.2,38.1,79.8,6.1,70.2,40.4,81.4,Urea,3,4,190.10000000000002,1.8465473145780051
Mbarali,-8.785,34.05,Sandy Loam,23.7,69.96,0.23,27.7,29.3,48.4,6.3,27.9,27.7,42.9,Urea,3,4,105.4,0.9141914191419142
Mbarali,-8.675,33.99,Sandy Loam,21.03,81.49,5.12,50.9,10.9,28.9,6.5,47.8,12.3,25.7,NPK,3,4,90.69999999999999,4.277310924369748
Mbarali,-8.4,34.23,Sandy Loam,20.07,66.46,0.0,91.7,36.7,42.0,6.6,98.3,42.9,40.6,No Fertilizer,3,4,170.4,2.43236074270557
Mbarali,-8.73,34.29,Sandy Loam,19.2,77.8,0.29,111.5,37.7,65.5,7.1,113.3,38.7,66.2,No Fertilizer,3,4,214.7,2.8811369509043927
Mbarali,-8.565,34.05,Sandy Clay Loam,17.98,79.95,0.06,51.0,15.6,15.5,7.0,51.7,17.4,15.2,NPK,3,3,82.1,3.0722891566265056
Mbarali,-8.895,34.17,Sandy Clay Loam,20.73,84.16,3.88,18.1,30.5,29.4,5.9,19.8,33.8,28.7,NPK,3,3,78.0,0.5746031746031747
Mbarali,-8.84,33.93,Sandy Loam,20.55,83.18,26.41,74.2,58.9,9.9,6.0,76.5,56.6,9.9,NPK,3,4,143.0,1.2387312186978299
Mbarali,-8.95,33.81,Sandy Clay Loam,17.42,80.49,0.04,42.6,45.6,43.6,5.7,49.8,43.0,42.3,Urea,3,3,131.8,0.9141630901287554
Mbarali,-8.785,33.81,Sandy Clay Loam,24.03,57.3,0.04,53.7,11.0,76.6,6.0,47.3,10.4,75.5,DAP,3,3,141.3,4.4750000000000005
Mbarali,-8.675,33.81,Sandy Clay Loam,21.06,85.86,10.9,161.8,43.3,7.9,6.2,173.2,40.2,8.1,MOP,3,3,213.00000000000003,3.652370203160271
Mbarali,-8.51,34.29,Sandy Clay Loam,18.26,80.54,0.37,127.5,54.8,57.5,6.4,114.8,50.4,62.7,No Fertilizer,3,3,239.8,2.28494623655914
Mbarali,-8.51,33.87,Sandy Loam,18.31,72.19,0.0,104.9,47.9,81.6,6.7,104.7,56.3,84.3,No Fertilizer,3,4,234.4,2.14519427402863
Mbarali,-8.51,33.87,Sandy Loam,19.04,70.45,0.03,83.9,47.0,27.4,6.7,80.7,45.5,25.9,NPK,3,4,158.3,1.7479166666666668
Mbarali,-8.4,34.05,Clay Loam,20.41,86.56,25.2,80.1,13.6,64.1,6.7,82.9,14.1,64.3,DAP,3,1,157.79999999999998,5.486301369863013
Mbarali,-8.895,34.29,Sandy Clay Loam,18.84,70.6,0.11,103.4,48.2,89.8,5.7,102.0,50.9,87.9,No Fertilizer,3,3,241.40000000000003,2.1016260162601625
Mbarali,-8.73,34.23,Sandy Loam,22.0,64.37,0.17,134.2,50.6,85.1,6.9,128.4,48.7,86.8,No Fertilizer,3,4,269.9,2.6007751937984493
Mbarali,-8.455,33.81,Sandy Loam,24.94,43.58,0.0,135.4,4.9,23.8,6.3,129.4,5.6,25.7,NPK,3,4,164.10000000000002,22.949152542372882
Mbarali,-8.73,34.23,Sandy Loam,17.88,69.95,0.05,41.3,27.4,14.2,6.9,39.2,31.2,14.4,NPK,3,4,82.89999999999999,1.454225352112676
Mbarali,-8.4,33.87,Sandy Loam,16.82,74.95,0.0,92.6,27.1,17.1,6.2,95.0,26.0,18.5,NPK,3,4,136.79999999999998,3.295373665480427
Mbarali,-8.84,33.99,Sandy Clay Loam,23.14,78.64,0.1,77.3,49.8,60.0,5.9,80.0,48.2,65.0,Urea,3,3,187.1,1.5216535433070866
Mbarali,-8.62,34.29,Sandy Loam,20.31,86.7,10.26,140.4,18.4,72.6,6.2,158.0,18.3,67.0,SSP,3,4,231.4,7.237113402061857
Mbarali,-8.895,34.23,Sandy Clay Loam,21.43,86.23,20.96,121.6,40.3,60.8,5.9,117.3,43.0,62.6,No Fertilizer,3,3,222.7,2.944309927360775
Mbarali,-8.455,33.93,Sandy Clay Loam,17.89,71.07,0.0,108.1,67.6,32.5,6.6,100.5,64.3,34.2,No Fertilizer,3,3,208.2,1.5758017492711371
Mbarali,-8.73,33.99,Sandy Clay Loam,25.27,45.86,0.0,33.0,59.4,22.6,6.1,29.6,56.7,20.3,NPK,3,3,115.0,0.5463576158940397
Mbarali,-8.84,33.75,Sandy Clay Loam,25.27,50.61,0.0,115.4,65.2,57.9,5.7,113.0,64.8,54.8,No Fertilizer,3,3,238.50000000000003,1.743202416918429
Mbarali,-8.785,33.87,Sandy Loam,20.73,84.67,7.73,28.3,62.9,45.4,6.0,29.9,68.6,46.6,Urea,3,4,136.6,0.4428794992175274
Mbarali,-8.565,34.29,Sandy Clay Loam,16.48,76.36,1.05,59.3,4.6,69.2,5.9,67.3,4.7,67.2,DAP,3,3,133.1,10.589285714285715
Mbarali,-8.895,34.23,Sandy Clay Loam,18.31,61.13,0.0,36.8,47.7,42.4,5.9,34.3,45.1,43.1,Urea,3,3,126.9,0.7556468172484598
Mbarali,-8.4,34.23,Sandy Loam,22.5,47.45,0.0,111.6,34.2,32.8,6.6,127.7,31.2,34.4,No Fertilizer,3,4,178.60000000000002,3.170454545454545
Mbarali,-8.675,34.11,Sandy Clay Loam,20.22,60.04,0.0,44.0,59.4,31.7,6.3,45.1,60.8,30.7,NPK,3,3,135.1,0.728476821192053
Mbarali,-8.455,33.81,Sandy Loam,23.72,66.56,0.55,75.4,20.3,23.2,6.3,76.6,20.6,23.8,NPK,3,4,118.9,3.539906103286385
Mbarali,-8.4,33.93,Sandy Loam,21.25,86.35,6.65,161.5,68.0,28.5,6.2,162.3,68.7,28.3,MOP,3,4,258.0,2.3405797101449277
Mbarali,-8.84,33.99,Sandy Clay Loam,24.97,47.12,0.02,44.8,45.4,15.0,5.9,44.7,44.5,14.0,NPK,3,3,105.19999999999999,0.9655172413793103
Mbarali,-8.895,34.17,Sandy Clay Loam,20.1,86.78,3.79,97.3,54.1,37.4,5.9,96.3,56.4,35.1,No Fertilizer,3,3,188.8,1.765880217785844
Mbarali,-8.675,33.93,Sandy Loam,22.2,88.0,16.7,67.5,7.7,8.7,6.6,81.3,9.6,9.1,NPK,3,4,83.9,7.7586206896551735
Mbarali,-8.73,34.05,Sandy Loam,22.69,75.8,2.64,13.1,17.5,22.4,6.4,13.1,16.1,21.7,NPK,3,4,53.0,0.7081081081081081
Mbarali,-8.4,33.93,Sandy Loam,22.37,53.23,0.0,122.2,60.8,63.3,6.2,144.8,54.1,68.7,No Fertilizer,3,4,246.3,1.9773462783171523
Mbarali,-8.51,33.87,Sandy Loam,19.68,77.75,0.42,22.9,5.2,34.4,6.7,21.7,5.5,33.3,DAP,3,4,62.5,3.693548387096774
Mbarali,-8.895,34.35,Sandy Clay Loam,21.7,77.77,17.59,87.1,53.6,62.8,5.8,90.6,57.9,62.1,No Fertilizer,3,3,203.5,1.5952380952380951
Mbarali,-8.84,33.87,Sandy Clay Loam,20.31,83.93,2.51,89.4,4.9,68.0,5.9,105.3,4.9,66.2,SSP,3,3,162.3,15.152542372881356
Mbarali,-8.95,34.29,Sandy Clay Loam,18.18,70.37,0.0,110.2,46.7,53.7,5.7,116.8,47.4,54.8,No Fertilizer,3,3,210.60000000000002,2.310272536687631
Mbarali,-8.73,33.87,Sandy Clay Loam,21.51,81.01,10.12,122.0,30.1,99.2,6.2,127.1,28.1,86.5,No Fertilizer,3,3,251.3,3.922829581993569
Mbarali,-8.4,33.93,Sandy Loam,21.7,84.57,1.6,57.5,44.5,7.3,6.2,53.1,44.4,7.8,NPK,3,4,109.3,1.2637362637362637
Mbarali,-8.62,33.99,Sandy Clay Loam,17.23,71.17,0.0,11.9,47.2,72.7,6.7,11.7,49.9,68.0,Urea,3,3,131.8,0.24688796680497924
Mbarali,-8.73,34.23,Sandy Loam,21.41,82.36,1.63,136.2,24.1,80.3,6.9,133.0,26.6,86.5,SSP,3,4,240.59999999999997,5.426294820717131
Mbarali,-8.4,33.87,Sandy Loam,23.62,67.08,0.98,109.4,11.8,81.2,6.2,101.1,11.1,78.4,SSP,3,4,202.4,8.546875
Mbarali,-8.675,34.05,Sandy Loam,25.22,52.64,0.0,151.1,9.0,20.9,6.9,152.1,8.6,20.1,NPK,3,4,181.0,15.11
Mbarali,-8.84,34.11,Sandy Clay Loam,21.36,86.67,9.72,157.5,46.1,33.6,6.3,149.6,42.9,33.5,No Fertilizer,3,3,237.2,3.343949044585987
Mbarali,-8.455,33.81,Sandy Loam,22.41,84.36,43.1,160.7,35.8,19.8,6.3,153.4,38.4,20.5,MOP,3,4,216.3,4.366847826086957
Mbarali,-8.455,33.81,Sandy Loam,21.21,81.95,3.17,84.1,59.8,57.1,6.3,92.5,53.0,56.5,No Fertilizer,3,4,200.99999999999997,1.3832236842105263
Mbarali,-8.895,33.93,Clay Loam,20.46,94.64,21.45,73.6,33.0,67.1,5.7,66.7,37.6,65.8,Urea,3,1,173.7,2.164705882352941
Mbarali,-8.84,33.87,Sandy Clay Loam,19.67,84.43,5.96,130.2,33.5,36.7,5.9,144.6,31.9,32.6,MOP,3,3,200.39999999999998,3.7739130434782604
Mbarali,-8.62,34.35,Sandy Loam,18.78,63.37,0.0,92.3,26.2,48.2,5.9,86.7,30.3,51.3,Urea,3,4,166.7,3.3933823529411766
Mbarali,-8.95,34.05,Sandy Clay Loam,17.24,67.64,0.0,36.8,5.4,61.5,5.7,41.2,5.7,64.0,DAP,3,3,103.69999999999999,5.749999999999999
Mbarali,-8.4,34.35,Clay Loam,19.11,69.99,0.36,161.9,29.0,42.2,6.5,155.3,26.1,41.4,SSP,3,1,233.10000000000002,5.3966666666666665
Mbarali,-8.84,34.11,Sandy Clay Loam,24.72,60.34,1.17,180.9,72.4,76.3,6.3,160.0,68.4,77.7,No Fertilizer,3,3,329.6,2.464577656675749
Mbarali,-8.455,33.93,Sandy Clay Loam,21.97,79.3,1.2,87.9,59.3,70.3,6.6,89.3,61.7,70.8,Urea,3,3,217.5,1.4577114427860698
Mbarali,-8.895,34.29,Sandy Clay Loam,17.42,80.49,0.04,22.5,24.8,12.3,5.7,22.9,25.7,11.4,NPK,3,3,59.599999999999994,0.872093023255814
Mbarali,-8.84,33.81,Sandy Clay Loam,22.1,74.04,0.05,79.2,43.1,46.7,5.9,75.9,42.8,58.2,Urea,3,3,169.0,1.7959183673469388
Mbarali,-8.4,34.23,Sandy Loam,19.29,76.56,0.01,143.2,62.1,24.7,6.6,146.6,59.9,25.8,MOP,3,4,229.99999999999997,2.2694136291600633
Mbarali,-8.675,34.29,Sandy Clay Loam,23.11,74.85,5.49,184.1,36.0,46.4,6.2,163.3,33.1,52.8,No Fertilizer,3,3,266.5,4.975675675675675
Mbarali,-8.95,34.05,Sandy Clay Loam,22.7,55.32,0.26,45.2,5.0,79.1,5.7,44.6,5.2,86.4,DAP,3,3,129.3,7.533333333333334
Mbarali,-8.895,33.75,Clay,21.7,83.31,1.29,20.9,7.9,93.3,5.8,21.4,8.9,79.8,DAP,3,0,122.1,2.3483146067415728
Mbarali,-8.4,33.93,Sandy Loam,20.03,72.93,0.1,153.1,38.1,41.7,6.2,159.1,37.7,40.0,No Fertilizer,3,4,232.89999999999998,3.9156010230179024
Mbarali,-8.95,34.23,Sandy Clay Loam,20.26,69.04,0.09,71.2,65.8,32.5,5.7,76.2,68.0,30.5,NPK,3,3,169.5,1.065868263473054
Mbarali,-8.675,33.93,Sandy Loam,21.01,84.12,4.97,97.6,45.2,25.5,6.6,102.1,49.8,25.7,MOP,3,4,168.3,2.1125541125541125
Mbarali,-8.565,33.99,Clay,22.42,60.29,0.01,170.3,8.9,53.4,6.3,174.6,8.7,50.7,SSP,3,0,232.60000000000002,17.202020202020204
Mbarali,-8.675,34.11,Sandy Clay Loam,20.78,84.68,7.07,20.6,16.3,13.7,6.3,21.3,16.5,15.6,NPK,3,3,50.60000000000001,1.1907514450867052
Mbarali,-8.84,34.11,Sandy Clay Loam,19.85,52.81,0.0,114.7,56.1,55.9,6.3,120.2,54.9,52.1,No Fertilizer,3,3,226.70000000000002,2.008756567425569
Mbarali,-8.95,34.29,Sandy Clay Loam,17.64,73.38,0.03,25.9,55.8,5.8,5.7,22.6,59.5,6.1,NPK,3,3,87.49999999999999,0.45598591549295775
Mbarali,-8.785,33.81,Sandy Clay Loam,22.36,54.83,0.0,68.5,46.3,32.0,6.0,73.8,44.8,33.2,Urea,3,3,146.8,1.448202959830867
Mbarali,-8.785,33.99,Sandy Loam,21.95,78.03,23.09,148.2,42.2,25.3,6.3,146.6,46.5,24.5,MOP,3,4,215.7,3.430555555555555
Mbarali,-8.4,34.17,Sandy Clay Loam,22.76,78.99,3.78,87.2,5.5,89.5,6.9,83.7,5.9,87.6,DAP,3,3,182.2,13.415384615384616
Mbarali,-8.455,34.11,Clay,20.21,46.93,0.0,187.4,57.7,67.5,6.7,179.5,58.7,67.1,No Fertilizer,3,0,312.6,3.192504258943782
Mbarali,-8.675,33.87,Sandy Clay Loam,18.97,81.22,0.09,104.6,62.9,32.0,6.2,105.0,56.0,35.4,No Fertilizer,3,3,199.5,1.6369327073552424
Mbarali,-8.84,34.17,Sandy Clay Loam,22.2,64.82,0.2,63.5,22.3,13.9,6.1,64.6,21.1,13.8,NPK,3,3,99.7,2.725321888412017
Mbarali,-8.565,34.11,Clay,25.78,48.99,0.0,48.9,54.6,52.7,6.0,47.4,50.8,49.4,Urea,3,0,156.2,0.8794964028776978
Mbarali,-8.51,33.99,Clay,21.68,80.51,0.31,70.9,20.0,23.0,7.4,69.6,18.2,23.9,NPK,3,0,113.9,3.3761904761904766
Mbarali,-8.675,34.29,Sandy Clay Loam,18.06,59.64,0.03,72.0,8.3,55.8,6.2,73.3,6.7,51.1,DAP,3,3,136.1,7.741935483870967
Mbarali,-8.4,33.75,Sandy Loam,16.48,68.86,0.15,19.3,17.3,71.5,5.9,21.7,17.3,76.2,DAP,3,4,108.1,1.0546448087431695
Mbarali,-8.895,34.29,Sandy Clay Loam,16.75,69.97,0.0,70.4,17.4,57.8,5.7,72.8,15.8,57.7,DAP,3,3,145.60000000000002,3.8260869565217397
Mbarali,-8.895,34.11,Sandy Clay Loam,18.96,67.7,0.0,81.8,28.2,65.6,6.0,88.9,26.3,59.2,DAP,3,3,175.6,2.8013698630136985
Mbarali,-8.4,34.17,Sandy Clay Loam,18.5,64.08,0.0,126.7,33.8,49.0,6.9,132.9,31.6,51.4,No Fertilizer,3,3,209.5,3.6408045977011496
Mbarali,-8.675,33.99,Sandy Loam,17.19,70.08,0.01,121.9,42.2,90.1,6.5,121.6,37.6,83.9,No Fertilizer,3,4,254.20000000000002,2.821759259259259
Mbarali,-8.565,34.35,Sandy Loam,19.73,88.73,9.42,133.8,34.4,95.9,6.2,130.5,35.5,84.3,No Fertilizer,3,4,264.1,3.779661016949153
Mbarali,-8.84,33.87,Sandy Clay Loam,19.16,57.71,0.0,12.8,21.1,49.7,5.9,11.4,21.9,49.1,DAP,3,3,83.60000000000001,0.5791855203619909
Mbarali,-8.4,34.23,Sandy Loam,18.65,61.08,0.0,45.2,6.1,30.5,6.6,47.0,5.9,31.7,NPK,3,4,81.80000000000001,6.366197183098592
Mbarali,-8.895,33.99,Sandy Clay Loam,21.08,54.74,0.0,129.1,43.4,42.2,5.6,122.5,43.9,44.6,No Fertilizer,3,3,214.7,2.9076576576576576
Mbarali,-8.51,34.05,Clay,22.16,63.44,0.22,94.3,30.8,23.6,6.7,92.3,30.1,21.7,MOP,3,0,148.7,2.9654088050314464
Mbarali,-8.84,34.35,Sandy Loam,22.12,81.19,3.51,11.9,26.3,64.8,6.1,10.9,23.7,59.5,DAP,3,4,103.0,0.4358974358974359
Mbarali,-8.895,34.17,Sandy Clay Loam,20.88,85.51,20.07,152.7,59.2,52.9,5.9,146.8,61.2,48.0,No Fertilizer,3,3,264.79999999999995,2.5365448504983386
Mbarali,-8.73,34.35,Sandy Loam,21.87,82.3,3.36,131.4,52.1,14.6,6.5,141.4,53.3,14.7,MOP,3,4,198.1,2.4745762711864407
Mbarali,-8.895,33.81,Clay,16.83,70.96,0.09,90.8,61.4,24.2,5.6,103.2,60.6,22.6,MOP,3,0,176.39999999999998,1.455128205128205
Mbarali,-8.62,33.81,Sandy Clay Loam,18.25,66.56,0.0,21.8,36.1,46.1,6.2,21.3,36.7,46.3,Urea,3,3,104.0,0.5876010781671159
Mbarali,-8.62,34.11,Sandy Clay Loam,20.87,84.59,0.36,135.1,10.9,75.6,6.4,140.3,12.6,80.6,SSP,3,3,221.6,11.352941176470587
Mbarali,-8.4,33.75,Sandy Loam,18.57,57.89,0.0,101.7,47.9,57.8,5.9,109.2,50.0,53.6,No Fertilizer,3,4,207.39999999999998,2.079754601226994
Mbarali,-8.95,34.29,Sandy Clay Loam,21.87,65.32,0.36,130.3,18.4,70.5,5.7,142.9,17.6,63.2,SSP,3,3,219.20000000000002,6.716494845360826
Mbarali,-8.73,33.75,Sandy Clay Loam,21.63,80.87,3.82,139.3,36.5,32.0,6.3,137.8,33.1,34.5,No Fertilizer,3,3,207.8,3.714666666666667
Mbarali,-8.51,34.29,Sandy Clay Loam,22.15,55.88,0.0,162.0,7.6,50.1,6.4,146.5,8.3,54.0,SSP,3,3,219.7,18.837209302325583
Mbarali,-8.51,33.75,Sandy Loam,19.14,61.17,0.0,95.3,53.7,43.7,6.2,98.1,58.5,43.6,No Fertilizer,3,4,192.7,1.7422303473491771
Mbarali,-8.785,33.99,Sandy Loam,20.06,82.33,2.66,35.3,12.3,65.5,6.3,33.9,12.3,61.4,DAP,3,4,113.1,2.6541353383458643
Mbarali,-8.455,34.17,Clay,18.6,90.79,25.2,123.2,54.4,9.4,7.0,124.1,63.6,10.2,MOP,3,0,187.0,2.223826714801444
Mbarali,-8.895,33.81,Clay,20.93,85.74,4.03,105.1,59.1,48.2,5.6,115.5,61.0,47.4,No Fertilizer,3,0,212.39999999999998,1.7487520798668883
Mbarali,-8.62,33.87,Sandy Loam,17.5,70.31,0.0,143.2,30.5,29.6,6.4,136.2,34.7,30.9,MOP,3,4,203.29999999999998,4.546031746031746
Mbarali,-8.675,34.23,Sandy Clay Loam,22.59,71.59,4.3,35.9,58.2,35.0,6.4,38.9,53.1,33.4,Urea,3,3,129.1,0.6064189189189189
Mbarali,-8.4,34.35,Clay Loam,18.84,61.22,0.0,43.2,42.5,81.9,6.5,43.1,44.9,86.7,Urea,3,1,167.60000000000002,0.9931034482758622
Mbarali,-8.675,33.75,Sandy Clay Loam,23.69,65.68,0.47,157.5,63.6,22.5,6.0,161.4,57.0,21.3,MOP,3,3,243.6,2.4380804953560373
Mbarali,-8.895,34.11,Sandy Clay Loam,19.01,65.07,0.01,146.1,35.0,31.8,6.0,137.5,32.5,32.1,MOP,3,3,212.9,4.058333333333334
Mbarali,-8.675,33.99,Sandy Loam,23.89,62.79,0.55,152.2,53.3,45.6,6.5,164.4,55.9,48.8,No Fertilizer,3,4,251.1,2.8029465930018413
Mbarali,-8.51,34.11,Clay,19.14,67.46,0.03,142.8,31.9,78.8,7.0,139.0,34.5,78.5,No Fertilizer,3,0,253.5,4.340425531914894
Mbarali,-8.4,34.17,Sandy Clay Loam,24.07,59.3,0.0,105.0,65.2,35.4,6.9,111.5,66.1,41.0,No Fertilizer,3,3,205.6,1.5861027190332326
Mbarali,-8.51,33.75,Sandy Loam,19.43,77.83,7.41,116.9,35.8,65.8,6.2,121.2,36.1,68.5,No Fertilizer,3,4,218.5,3.1766304347826093
Mbarali,-8.895,34.29,Sandy Clay Loam,20.46,85.55,15.14,120.1,35.4,79.8,5.7,161.2,34.5,77.9,No Fertilizer,3,3,235.3,3.2994505494505493
Mbarali,-8.675,34.11,Sandy Clay Loam,17.43,78.04,0.01,124.3,52.8,28.1,6.3,108.4,55.8,32.0,MOP,3,3,205.2,2.3104089219330857
Mbarali,-8.95,34.05,Sandy Clay Loam,21.6,84.37,5.49,122.0,61.3,32.0,5.7,117.5,58.2,39.0,No Fertilizer,3,3,215.3,1.9582664526484752
Mbarali,-8.4,33.93,Sandy Loam,24.63,63.41,0.38,34.6,41.4,30.1,6.2,36.6,40.6,36.0,Urea,3,4,106.1,0.8160377358490567
Mbarali,-8.73,34.35,Sandy Loam,20.91,84.53,3.59,83.4,15.5,83.0,6.5,90.6,15.9,76.0,SSP,3,4,181.9,5.054545454545455
Mbarali,-8.675,33.99,Sandy Loam,20.49,92.84,12.73,127.2,33.1,9.7,6.5,131.8,34.9,9.7,MOP,3,4,170.0,3.730205278592375
Mbarali,-8.84,33.75,Sandy Clay Loam,17.58,62.59,0.0,58.9,67.0,30.7,5.7,56.1,67.9,31.9,NPK,3,3,156.6,0.8661764705882353
Mbarali,-8.675,33.99,Sandy Loam,17.73,62.49,0.0,38.5,50.6,67.2,6.5,44.4,53.7,63.1,Urea,3,4,156.3,0.7461240310077519
Mbarali,-8.675,33.75,Sandy Clay Loam,17.0,68.17,0.0,62.7,57.8,52.0,6.0,63.4,57.5,53.5,Urea,3,3,172.5,1.066326530612245
Mbarali,-8.785,33.75,Sandy Loam,20.19,77.94,0.26,57.4,6.2,43.4,6.1,51.1,6.2,42.6,DAP,3,4,107.0,7.972222222222221
Mbarali,-8.455,33.99,Clay,23.75,75.46,1.56,42.8,35.5,51.4,6.7,46.5,34.9,51.4,Urea,3,0,129.7,1.1726027397260272
Mbarali,-8.73,34.29,Sandy Loam,23.44,56.03,0.0,82.7,52.4,21.9,7.1,82.2,46.7,22.6,NPK,3,4,157.0,1.5486891385767791
Mbarali,-8.4,33.93,Sandy Loam,21.53,83.43,4.66,189.7,58.2,43.0,6.2,164.3,58.8,42.2,No Fertilizer,3,4,290.9,3.2043918918918917
Mbarali,-8.51,34.35,Sandy Clay Loam,23.99,65.49,9.4,100.5,7.8,50.7,6.5,96.2,7.3,48.1,SSP,3,3,159.0,11.420454545454545
Mbarali,-8.4,34.11,Clay,20.46,84.58,5.12,42.3,61.2,80.6,6.7,41.9,60.3,81.7,Urea,3,0,184.1,0.680064308681672
Mbarali,-8.95,34.35,Sandy Clay Loam,21.1,80.5,2.93,23.9,39.5,27.0,5.8,23.1,40.2,27.9,NPK,3,3,90.4,0.5901234567901235
Mbarali,-8.895,34.17,Sandy Clay Loam,19.05,61.08,0.0,124.7,16.9,77.0,5.9,128.3,17.0,78.9,SSP,3,3,218.6,6.966480446927375
Mbarali,-8.675,34.05,Sandy Loam,21.55,78.3,11.84,81.9,24.8,50.4,6.9,75.1,24.9,60.1,DAP,3,4,157.1,3.174418604651163
Mbarali,-8.51,34.17,Clay Loam,20.93,79.65,9.51,145.5,23.1,7.9,6.3,149.7,22.6,7.7,NPK,3,1,176.5,6.037344398340249
Mbarali,-8.95,33.93,Sandy Clay Loam,22.18,71.13,1.5,105.4,36.4,61.2,5.7,122.1,39.0,66.9,No Fertilizer,3,3,203.0,2.8181818181818183
Mbarali,-8.4,34.17,Sandy Clay Loam,21.03,84.03,23.18,141.4,6.7,9.4,6.9,145.4,7.4,9.0,NPK,3,3,157.5,18.363636363636363
Mbarali,-8.785,33.75,Sandy Loam,21.1,77.81,0.07,52.4,15.1,89.2,6.1,56.2,14.5,89.8,DAP,3,4,156.7,3.254658385093167
Mbarali,-8.4,34.11,Clay,17.63,59.69,0.0,125.2,61.3,79.9,6.7,127.7,57.6,79.3,No Fertilizer,3,0,266.4,2.009630818619583
Mbarali,-8.73,34.05,Sandy Loam,19.7,73.77,0.0,53.9,13.4,32.5,6.4,54.9,12.8,31.0,NPK,3,4,99.8,3.7430555555555554
Mbarali,-8.51,34.05,Clay,20.6,84.64,8.35,183.9,19.6,25.8,6.7,169.6,19.4,27.6,NPK,3,0,229.3,8.927184466019417
Mbarali,-8.455,33.87,Sandy Loam,22.05,77.97,0.89,123.9,35.7,39.0,6.3,118.2,33.9,38.0,No Fertilizer,3,4,198.60000000000002,3.3760217983651226
Mbarali,-8.73,33.87,Sandy Clay Loam,23.59,65.24,0.68,66.4,40.0,36.6,6.2,65.2,38.1,35.9,Urea,3,3,143.0,1.6195121951219513
Mbarali,-8.785,33.87,Sandy Loam,20.43,78.89,0.01,55.8,57.4,36.8,6.0,55.8,54.4,37.3,Urea,3,4,150.0,0.9554794520547945
Mbarali,-8.785,34.05,Sandy Loam,18.0,70.11,0.0,39.3,31.5,30.6,6.3,42.5,33.5,32.7,NPK,3,4,101.4,1.209230769230769
Mbarali,-8.675,34.35,Sandy Loam,23.13,78.25,2.23,108.5,51.8,60.6,6.3,128.1,56.1,58.2,No Fertilizer,3,4,220.9,2.0549242424242427
Mbarali,-8.84,33.93,Sandy Loam,21.69,79.64,2.28,47.6,43.6,20.8,6.0,47.2,44.8,19.8,NPK,3,4,112.0,1.0672645739910314
Mbarali,-8.84,34.35,Sandy Loam,16.14,78.91,0.04,117.4,11.5,77.7,6.1,111.2,11.5,77.1,SSP,3,4,206.60000000000002,9.392000000000001
Mbarali,-8.84,34.23,Sandy Clay Loam,18.44,66.31,0.0,54.6,14.1,68.7,5.9,55.0,14.3,74.2,DAP,3,3,137.4,3.6158940397350996
Mbarali,-8.95,33.75,Clay Loam,19.24,67.43,0.0,117.9,28.5,44.3,5.8,122.5,32.8,46.0,No Fertilizer,3,1,190.7,3.9966101694915257
Mbarali,-8.455,34.23,Clay,21.77,85.45,2.6,153.4,33.8,77.3,7.1,148.5,30.2,77.6,No Fertilizer,3,0,264.5,4.408045977011494
Mbarali,-8.62,34.17,Sandy Clay Loam,24.69,54.63,0.14,141.4,52.1,28.0,6.6,142.3,53.1,26.8,MOP,3,3,221.5,2.6629001883239174
Mbarali,-8.95,34.17,Clay Loam,24.25,53.04,0.02,155.8,42.8,6.6,5.6,139.3,42.3,7.5,MOP,3,1,205.20000000000002,3.5570776255707766
Mbarali,-8.565,33.81,Sandy Clay Loam,20.13,84.43,28.07,45.5,32.2,55.7,6.2,41.9,29.6,58.0,Urea,3,3,133.4,1.3704819277108433
Mbarali,-8.675,34.29,Sandy Clay Loam,20.08,79.35,0.31,26.7,12.8,43.2,6.2,25.0,15.3,44.5,DAP,3,3,82.7,1.934782608695652
Mbarali,-8.785,33.81,Sandy Clay Loam,21.01,87.11,9.42,135.7,18.3,53.3,6.0,128.8,19.0,53.6,SSP,3,3,207.3,7.031088082901554
Mbarali,-8.455,33.99,Clay,21.17,65.46,0.0,66.1,40.8,74.1,6.7,72.6,42.0,81.5,Urea,3,0,181.0,1.5813397129186602
Mbarali,-8.565,34.11,Clay,22.73,49.51,0.0,87.4,31.2,86.1,6.0,83.5,31.9,87.5,Urea,3,0,204.7,2.7142857142857144
Mbarali,-8.785,34.29,Sandy Loam,23.32,67.77,1.16,15.7,37.5,58.0,6.2,15.3,38.0,59.3,Urea,3,4,111.2,0.40779220779220776
Mbarali,-8.455,33.99,Clay,22.22,77.02,1.2,56.4,16.8,65.1,6.7,54.1,15.3,70.2,DAP,3,0,138.3,3.1685393258426964
Mbarali,-8.565,33.75,Sandy Clay Loam,20.98,79.46,0.4,16.3,50.0,12.9,6.1,15.7,47.8,13.0,NPK,3,3,79.2,0.31960784313725493
Mbarali,-8.4,34.17,Sandy Clay Loam,21.53,81.43,9.42,164.5,64.3,18.8,6.9,159.5,60.3,19.5,MOP,3,3,247.60000000000002,2.5191424196018377
Mbarali,-8.455,34.11,Clay,18.74,64.21,0.0,61.1,21.1,69.9,6.7,51.4,21.0,67.6,DAP,3,0,152.10000000000002,2.764705882352941
Mbarali,-8.51,34.35,Sandy Clay Loam,18.55,63.36,0.05,104.2,32.9,39.6,6.5,104.7,36.4,42.2,No Fertilizer,3,3,176.7,3.073746312684366
Mbarali,-8.73,33.99,Sandy Clay Loam,25.11,54.14,0.0,17.7,58.4,43.7,6.1,16.6,68.4,43.5,Urea,3,3,119.8,0.29797979797979796
Mbarali,-8.4,34.05,Clay Loam,20.26,84.81,9.34,119.3,23.2,30.1,6.7,123.4,26.0,31.9,NPK,3,1,172.6,4.929752066115703
Mbarali,-8.785,34.29,Sandy Loam,22.95,74.74,1.65,68.5,44.4,54.6,6.2,64.9,43.3,57.0,Urea,3,4,167.5,1.5088105726872247
Mbarali,-8.73,34.29,Sandy Loam,18.3,74.16,0.0,173.3,10.0,22.0,7.1,162.6,10.0,21.6,NPK,3,4,205.3,15.754545454545456
Mbarali,-8.895,34.35,Sandy Clay Loam,19.52,56.91,0.0,165.1,43.3,59.6,5.8,161.0,44.0,58.7,No Fertilizer,3,3,268.0,3.7268623024830703
Mbarali,-8.51,34.23,Clay Loam,20.85,88.38,8.67,72.9,9.7,20.0,7.2,65.3,9.9,20.6,NPK,3,1,102.60000000000001,6.813084112149534
Mbarali,-8.785,34.17,Sandy Clay Loam,22.56,58.52,0.02,153.1,76.8,11.1,6.3,163.2,67.3,11.4,MOP,3,3,240.99999999999997,1.967866323907455
Mbarali,-8.62,34.29,Sandy Loam,21.32,76.01,0.77,173.2,48.3,30.3,6.2,179.3,51.2,33.8,No Fertilizer,3,4,251.8,3.5131845841784988
Mbarali,-8.675,33.87,Sandy Clay Loam,19.52,67.31,0.15,152.6,59.7,27.9,6.2,150.3,56.0,25.4,MOP,3,3,240.20000000000002,2.5140032948929156
Mbarali,-8.62,33.93,Sandy Clay Loam,22.59,71.59,4.3,163.1,50.5,84.6,6.6,153.6,50.5,80.7,No Fertilizer,3,3,298.2,3.166990291262136
Mbarali,-8.895,34.17,Sandy Clay Loam,19.43,58.8,0.0,53.0,42.7,11.1,5.9,52.3,42.9,10.6,NPK,3,3,106.8,1.2128146453089244
Mbarali,-8.565,33.87,Sandy Clay Loam,22.12,81.37,15.21,117.8,36.5,18.5,6.7,108.0,33.7,20.8,MOP,3,3,172.8,3.1413333333333333
Mbarali,-8.51,34.29,Sandy Clay Loam,20.86,86.57,22.42,20.4,66.9,49.9,6.4,21.4,60.7,52.1,Urea,3,3,137.20000000000002,0.300441826215022
Mbarali,-8.95,33.81,Sandy Clay Loam,23.13,78.25,2.23,24.0,66.0,45.3,5.7,26.1,67.2,46.4,Urea,3,3,135.3,0.3582089552238806
Mbarali,-8.84,34.17,Sandy Clay Loam,21.68,83.03,4.94,183.7,39.0,8.5,6.1,179.8,36.9,9.9,MOP,3,3,231.2,4.592499999999999
Mbarali,-8.455,34.11,Clay,20.2,79.77,0.0,65.2,67.1,7.0,6.7,65.5,65.5,6.6,NPK,3,0,139.3,0.9574155653450809
Mbarali,-8.455,34.11,Clay,22.47,77.3,16.15,142.4,42.5,98.1,6.7,137.2,42.5,89.0,No Fertilizer,3,0,283.0,3.2735632183908048
Mbarali,-8.675,34.29,Sandy Clay Loam,19.43,77.83,7.41,146.9,40.1,70.2,6.2,147.1,39.5,61.3,No Fertilizer,3,3,257.2,3.5742092457420926
Mbarali,-8.95,34.35,Sandy Clay Loam,17.9,78.03,0.18,152.2,32.4,34.0,5.8,155.9,34.0,36.7,No Fertilizer,3,3,218.6,4.5568862275449105
Mbarali,-8.62,33.93,Sandy Clay Loam,16.74,64.41,0.0,178.7,17.4,45.9,6.6,179.6,17.8,45.5,SSP,3,3,242.0,9.71195652173913
Mbarali,-8.455,34.35,Sandy Loam,20.23,83.12,4.36,51.2,4.1,31.0,6.7,51.1,4.2,28.4,NPK,3,4,86.30000000000001,10.039215686274511
Mbarali,-8.73,33.81,Sandy Clay Loam,24.3,57.53,0.2,16.5,21.2,34.3,6.1,16.9,19.9,35.0,DAP,3,3,72.0,0.7432432432432433
Mbarali,-8.895,34.11,Sandy Clay Loam,22.4,63.85,1.37,78.8,37.4,58.1,6.0,79.9,37.6,60.5,Urea,3,3,174.29999999999998,2.0520833333333335
Mbarali,-8.455,34.23,Clay,20.3,72.4,0.01,31.2,26.4,69.7,7.1,32.1,29.1,80.2,Urea,3,0,127.3,1.1386861313868613
Mbarali,-8.95,33.81,Sandy Clay Loam,23.18,46.54,0.0,14.6,31.9,23.2,5.7,13.8,33.6,21.5,NPK,3,3,69.7,0.44376899696048633
Mbarali,-8.73,33.87,Sandy Clay Loam,21.76,86.49,0.82,72.2,53.3,76.5,6.2,71.3,68.7,76.6,Urea,3,3,202.0,1.3296500920810315
Mbarali,-8.565,34.05,Sandy Clay Loam,21.52,77.79,3.45,165.9,26.2,15.4,7.0,143.2,27.1,16.2,MOP,3,3,207.5,6.099264705882353
Mbarali,-8.4,34.23,Sandy Loam,21.54,86.58,13.63,107.4,33.9,24.5,6.6,106.3,33.8,24.1,MOP,3,4,165.8,3.0773638968481376
Mbarali,-8.675,33.81,Sandy Clay Loam,22.47,79.56,6.39,60.7,12.7,9.2,6.2,63.2,12.8,9.1,NPK,3,3,82.60000000000001,4.43065693430657
Mbarali,-8.84,34.23,Sandy Clay Loam,24.93,61.28,3.88,143.9,8.2,18.0,5.9,121.2,7.2,17.8,NPK,3,3,170.1,15.64130434782609
Mbarali,-8.455,34.35,Sandy Loam,19.04,86.86,2.68,50.9,57.4,81.8,6.7,49.4,55.2,83.1,Urea,3,4,190.1,0.8715753424657534
Mbarali,-8.84,34.17,Sandy Clay Loam,22.11,80.8,1.16,13.3,43.2,49.7,6.1,12.4,41.7,44.6,Urea,3,3,106.2,0.3009049773755656
Mbarali,-8.895,34.11,Sandy Clay Loam,20.39,86.2,9.2,145.7,48.0,12.4,6.0,139.9,54.2,12.5,MOP,3,3,206.1,2.973469387755102
Mbarali,-8.785,34.23,Sandy Loam,19.08,76.71,0.0,121.1,13.5,96.4,6.5,116.0,13.9,86.6,SSP,3,4,231.0,8.351724137931035
Mbarali,-8.895,34.17,Sandy Clay Loam,21.24,82.33,9.54,144.8,40.3,83.0,5.9,139.6,41.7,79.8,No Fertilizer,3,3,268.1,3.506053268765134
Mbarali,-8.565,34.23,Clay Loam,23.18,79.47,6.29,15.3,19.6,71.1,6.8,16.6,20.7,69.4,DAP,3,1,106.0,0.7427184466019418
Mbarali,-8.4,33.81,Sandy Loam,20.51,76.92,0.0,156.2,18.0,83.7,6.5,152.3,19.1,84.4,SSP,3,4,257.9,8.221052631578948
Mbarali,-8.95,34.17,Clay Loam,22.0,78.64,1.71,104.6,4.2,26.2,5.6,115.3,4.8,24.5,NPK,3,1,135.0,20.115384615384613
Mbarali,-8.95,33.75,Clay Loam,24.99,66.05,0.42,104.5,11.5,76.9,5.8,105.8,12.6,76.3,SSP,3,1,192.9,8.36
Mbarali,-8.51,34.11,Clay,22.05,81.01,0.68,110.3,25.9,59.8,7.0,116.2,24.4,64.0,SSP,3,0,196.0,4.100371747211896
Mbarali,-8.73,33.87,Sandy Clay Loam,20.33,86.85,5.31,160.9,11.6,73.7,6.2,157.0,11.7,79.1,SSP,3,3,246.2,12.76984126984127
Mbarali,-8.565,34.35,Sandy Loam,24.65,58.5,0.0,112.3,66.6,75.1,6.2,109.8,69.1,72.9,No Fertilizer,3,4,253.99999999999997,1.6612426035502958
Mbarali,-8.62,34.05,Sandy Clay Loam,17.17,71.95,0.0,112.4,24.4,32.9,6.7,108.8,24.4,35.1,SSP,3,3,169.70000000000002,4.425196850393701
Mbarali,-8.51,34.35,Sandy Clay Loam,19.66,86.27,18.19,182.0,13.6,70.7,6.5,178.4,12.6,71.0,SSP,3,3,266.3,12.465753424657535
Mbarali,-8.785,34.35,Sandy Loam,20.61,88.85,15.93,132.8,17.1,30.1,6.2,138.6,17.1,28.0,NPK,3,4,180.0,7.337016574585635
Mbarali,-8.455,33.75,Sandy Loam,17.77,68.21,0.0,83.6,44.4,34.3,6.2,85.2,42.8,33.6,Urea,3,4,162.3,1.8414096916299558
Mbarali,-8.675,33.93,Sandy Loam,23.51,59.19,2.92,138.6,7.7,14.3,6.6,130.3,8.2,15.1,NPK,3,4,160.6,15.931034482758621
Mbarali,-8.785,33.93,Sandy Clay Loam,19.17,68.73,0.0,81.9,58.3,92.9,6.3,76.2,60.9,84.5,Urea,3,3,233.1,1.3811129848229344
Mbarali,-8.785,33.93,Sandy Clay Loam,22.8,81.63,0.5,45.0,69.1,31.6,6.3,48.9,67.5,30.4,NPK,3,3,145.7,0.6419400855920114
Mbarali,-8.62,33.99,Sandy Clay Loam,22.62,66.52,0.25,99.5,23.0,53.3,6.7,111.5,20.3,49.7,SSP,3,3,175.8,4.145833333333333
Mbarali,-8.73,34.23,Sandy Loam,22.91,56.0,0.02,159.3,37.1,32.7,6.9,167.8,33.7,38.9,No Fertilizer,3,4,229.10000000000002,4.181102362204725
Mbarali,-8.785,34.11,Sandy Clay Loam,19.52,56.91,0.0,180.2,5.7,88.6,6.1,168.0,5.5,86.6,SSP,3,3,274.5,26.8955223880597
Mbarali,-8.62,33.81,Sandy Clay Loam,21.47,63.45,0.02,73.9,46.8,36.2,6.2,68.1,46.3,34.1,Urea,3,3,156.9,1.5460251046025106
Mbarali,-8.785,33.99,Sandy Loam,17.52,76.81,0.63,93.3,34.4,79.9,6.3,99.7,31.3,71.4,No Fertilizer,3,4,207.6,2.635593220338983
Mbarali,-8.455,34.23,Clay,19.59,76.11,0.0,47.0,23.0,69.9,7.1,46.0,21.8,77.9,DAP,3,0,139.9,1.9583333333333333
Mbarali,-8.73,33.87,Sandy Clay Loam,17.45,71.15,0.05,202.3,14.8,46.2,6.2,179.3,17.7,42.6,SSP,3,3,263.3,12.80379746835443
Mbarali,-8.895,34.35,Sandy Clay Loam,21.16,89.13,9.17,181.9,43.7,42.1,5.8,176.8,47.2,37.8,No Fertilizer,3,3,267.70000000000005,4.069351230425056
Mbarali,-8.73,34.05,Sandy Loam,22.1,79.52,1.84,132.4,32.2,59.1,6.4,120.4,31.5,68.8,No Fertilizer,3,4,223.70000000000002,3.9879518072289155
Mbarali,-8.785,33.93,Sandy Clay Loam,21.11,83.05,3.15,157.0,13.9,85.5,6.3,146.8,15.9,82.7,SSP,3,3,256.4,10.536912751677852
Mbarali,-8.785,33.75,Sandy Loam,20.63,82.88,2.41,123.2,46.4,72.4,6.1,131.6,49.5,69.4,No Fertilizer,3,4,242.0,2.59915611814346
Mbarali,-8.95,34.29,Sandy Clay Loam,18.4,52.4,0.0,109.4,39.3,24.5,5.7,110.8,41.3,25.1,MOP,3,3,173.2,2.714640198511167
Mbarali,-8.565,34.29,Sandy Clay Loam,22.32,75.11,0.23,19.1,59.6,77.9,5.9,19.1,60.7,80.6,Urea,3,3,156.60000000000002,0.3151815181518152
Mbarali,-8.675,33.75,Sandy Clay Loam,23.44,71.99,2.65,87.9,11.5,40.4,6.0,87.3,11.8,38.6,DAP,3,3,139.8,7.032
Mbarali,-8.84,33.87,Sandy Clay Loam,21.68,52.38,0.0,132.7,54.7,52.1,5.9,124.7,55.9,54.4,No Fertilizer,3,3,239.49999999999997,2.382405745062836
Mbarali,-8.675,33.99,Sandy Loam,17.52,65.97,0.0,128.8,51.3,74.7,6.5,125.2,48.5,75.8,No Fertilizer,3,4,254.8,2.4627151051625242
Mbarali,-8.62,34.17,Sandy Clay Loam,20.07,87.6,2.42,58.3,11.4,23.1,6.6,73.4,11.6,21.8,NPK,3,3,92.80000000000001,4.701612903225806
Mbarali,-8.675,33.99,Sandy Loam,18.09,78.58,0.21,154.5,48.5,80.7,6.5,170.1,49.9,71.9,No Fertilizer,3,4,283.7,3.121212121212121
Mbarali,-8.95,33.75,Clay Loam,22.38,51.11,0.0,32.6,30.0,58.2,5.8,38.5,33.1,56.1,Urea,3,1,120.80000000000001,1.0516129032258066
Mbarali,-8.565,34.29,Sandy Clay Loam,20.83,87.04,10.57,96.2,71.1,81.8,5.9,95.1,66.4,81.0,No Fertilizer,3,3,249.10000000000002,1.3342579750346741
Mbarali,-8.95,33.75,Clay Loam,22.07,74.86,9.6,129.6,12.7,19.7,5.8,127.5,13.3,20.4,NPK,3,1,161.99999999999997,9.459854014598541
Mbarali,-8.95,33.81,Sandy Clay Loam,21.03,87.31,18.23,131.1,42.9,38.4,5.7,128.5,46.4,41.3,No Fertilizer,3,3,212.4,2.9863325740318905
Mbarali,-8.62,33.87,Sandy Loam,18.84,73.01,0.0,112.2,29.6,81.9,6.4,120.3,29.2,76.0,No Fertilizer,3,4,223.70000000000002,3.6666666666666665
Mbarali,-8.73,34.35,Sandy Loam,22.45,61.22,0.0,59.5,63.5,7.5,6.5,56.8,67.1,7.6,NPK,3,4,130.5,0.9224806201550387
Mbarali,-8.62,33.87,Sandy Loam,17.33,69.73,0.01,38.4,24.8,16.7,6.4,36.6,25.8,15.4,NPK,3,4,79.9,1.4883720930232558
Mbarali,-8.565,34.29,Sandy Clay Loam,23.55,63.4,0.74,107.7,68.7,87.1,5.9,118.1,67.5,89.2,No Fertilizer,3,3,263.5,1.54519368723099
Mbarali,-8.51,34.29,Sandy Clay Loam,16.12,71.95,0.04,100.4,62.0,28.2,6.4,111.9,63.5,29.6,MOP,3,3,190.6,1.5936507936507938
Mbarali,-8.51,34.29,Sandy Clay Loam,20.07,87.6,2.42,40.5,25.4,90.5,6.4,40.5,21.8,87.9,DAP,3,3,156.4,1.5340909090909092
Mbarali,-8.895,34.29,Sandy Clay Loam,18.99,73.42,0.0,146.2,56.7,21.2,5.7,129.9,57.0,21.3,MOP,3,3,224.09999999999997,2.5337954939341416
Mbarali,-8.95,34.05,Sandy Clay Loam,18.7,55.3,0.0,97.8,72.7,33.3,5.7,87.4,69.7,36.3,Urea,3,3,203.8,1.327001356852103
Mbarali,-8.455,34.23,Clay,18.79,71.3,0.71,128.4,17.9,78.0,7.1,123.5,20.7,69.2,SSP,3,0,224.3,6.793650793650794
Mbarali,-8.565,34.29,Sandy Clay Loam,20.06,87.7,0.86,144.6,30.8,58.6,5.9,152.4,32.8,61.3,No Fertilizer,3,3,234.0,4.547169811320755
Mbarali,-8.62,33.93,Sandy Clay Loam,21.68,79.4,1.77,41.3,35.4,58.4,6.6,38.9,38.3,54.8,Urea,3,3,135.1,1.1346153846153846
Mbarali,-8.84,34.35,Sandy Loam,20.95,83.27,0.01,12.8,21.9,53.5,6.1,13.3,23.5,50.5,DAP,3,4,88.2,0.5589519650655023
Mbarali,-8.95,34.05,Sandy Clay Loam,20.26,77.57,0.01,134.8,5.2,70.1,5.7,142.4,5.0,76.8,SSP,3,3,210.1,21.741935483870968
Mbarali,-8.455,33.81,Sandy Loam,22.5,63.61,0.05,96.6,19.9,23.9,6.3,113.6,18.5,25.7,NPK,3,4,140.4,4.62200956937799
Mbarali,-8.455,34.11,Clay,20.27,85.81,2.19,129.9,23.2,42.3,6.7,128.9,22.6,43.2,SSP,3,0,195.39999999999998,5.367768595041323
Mbarali,-8.84,34.29,Sandy Loam,17.34,68.68,0.0,145.8,32.7,17.9,6.0,152.5,33.3,19.1,MOP,3,4,196.4,4.326409495548962
Mbarali,-8.95,33.87,Sandy Clay Loam,22.17,73.65,1.74,147.5,14.6,62.8,5.8,146.5,15.3,56.1,SSP,3,3,224.89999999999998,9.455128205128206
Mbarali,-8.84,33.93,Sandy Loam,19.94,84.5,12.25,145.5,66.4,26.7,6.0,173.4,61.6,27.0,MOP,3,4,238.6,2.158753709198813
Mbarali,-8.4,33.75,Sandy Loam,21.38,82.3,8.66,102.3,57.8,36.2,5.9,101.1,50.5,34.0,No Fertilizer,3,4,196.3,1.739795918367347
Mbarali,-8.675,33.99,Sandy Loam,14.38,67.3,0.16,77.2,9.7,47.2,6.5,93.0,9.6,45.6,SSP,3,4,134.10000000000002,7.214953271028038
Mbarali,-8.51,34.23,Clay Loam,21.68,83.03,4.94,84.3,50.0,8.4,7.2,78.3,46.9,8.2,NPK,3,1,142.70000000000002,1.6529411764705881
Mbarali,-8.895,33.93,Clay Loam,23.44,71.99,2.65,37.4,48.3,13.8,5.7,36.1,47.1,13.7,NPK,3,1,99.49999999999999,0.7586206896551724
Mbarali,-8.51,34.35,Sandy Clay Loam,21.08,82.37,2.83,105.2,70.7,69.1,6.5,107.3,67.1,63.6,No Fertilizer,3,3,245.0,1.4672245467224547
Mbarali,-8.4,33.93,Sandy Loam,24.18,62.62,0.89,59.3,3.9,39.6,6.2,57.1,4.2,42.0,DAP,3,4,102.8,12.102040816326529
Mbarali,-8.51,34.23,Clay Loam,23.14,64.7,0.27,155.2,19.7,88.1,7.2,166.6,20.4,78.6,SSP,3,1,263.0,7.4975845410628015
Mbarali,-8.62,33.87,Sandy Loam,21.21,81.95,3.17,109.7,67.0,58.6,6.4,109.1,65.2,64.4,No Fertilizer,3,4,235.29999999999998,1.613235294117647
Mbarali,-8.565,33.75,Sandy Clay Loam,22.95,77.58,0.38,116.9,71.1,7.0,6.1,110.8,65.5,6.7,MOP,3,3,195.0,1.621359223300971
Mbarali,-8.565,34.29,Sandy Clay Loam,19.29,52.92,0.0,55.1,48.6,52.1,5.9,70.3,51.6,57.8,Urea,3,3,155.8,1.1108870967741935
Mbarali,-8.62,33.93,Sandy Clay Loam,20.26,84.81,9.34,18.2,46.8,13.6,6.6,18.8,54.5,13.9,NPK,3,3,78.6,0.3807531380753138
Mbarali,-8.4,33.93,Sandy Loam,16.78,71.87,0.0,15.4,9.7,72.1,6.2,15.4,10.0,71.6,DAP,3,4,97.19999999999999,1.4392523364485983
Mbarali,-8.62,34.05,Sandy Clay Loam,20.9,83.29,4.92,80.8,40.6,86.2,6.7,82.0,37.9,89.3,Urea,3,3,207.60000000000002,1.942307692307692
Mbarali,-8.84,33.93,Sandy Loam,19.96,91.2,12.62,26.9,17.1,50.0,6.0,24.4,19.3,50.6,DAP,3,4,94.0,1.4861878453038673
Mbarali,-8.95,33.93,Sandy Clay Loam,25.54,48.43,0.06,104.3,14.6,57.2,5.7,113.2,16.0,63.4,SSP,3,3,176.1,6.685897435897436
Mbarali,-8.62,34.29,Sandy Loam,19.62,67.49,0.54,152.8,58.1,24.1,6.2,159.8,57.5,25.9,MOP,3,4,235.0,2.5854483925549916
Mbarali,-8.51,33.93,Clay,23.32,49.55,0.0,138.6,12.8,44.2,7.5,160.1,12.9,42.8,SSP,3,0,195.60000000000002,10.043478260869565
Mbarali,-8.785,34.35,Sandy Loam,20.38,83.59,2.22,134.9,36.4,78.1,6.2,122.0,34.9,77.9,No Fertilizer,3,4,249.4,3.6069518716577544
Mbarali,-8.84,34.23,Sandy Clay Loam,22.85,75.19,1.09,45.1,60.3,19.1,5.9,45.9,65.9,20.1,NPK,3,3,124.5,0.735725938009788
Mbarali,-8.95,34.29,Sandy Clay Loam,21.28,89.26,3.46,151.9,15.9,30.9,5.7,156.7,16.3,28.3,NPK,3,3,198.70000000000002,8.988165680473374
Mbarali,-8.62,34.29,Sandy Loam,21.28,65.31,0.0,160.0,74.3,39.7,6.2,160.6,68.5,43.4,No Fertilizer,3,4,274.0,2.1248339973439574
Mbarali,-8.785,34.17,Sandy Clay Loam,18.25,61.62,0.01,45.4,63.8,64.2,6.3,43.4,69.6,65.8,Urea,3,3,173.39999999999998,0.7006172839506173
Mbarali,-8.675,33.93,Sandy Loam,20.42,83.41,15.77,138.7,44.9,36.2,6.6,135.4,40.7,37.6,No Fertilizer,3,4,219.8,3.0217864923747273
Mbarali,-8.675,34.35,Sandy Loam,22.21,81.28,2.35,69.6,14.1,87.5,6.3,58.7,15.2,83.9,DAP,3,4,171.2,4.6092715231788075
Mbarali,-8.73,34.11,Sandy Clay Loam,18.17,76.75,0.0,151.1,26.3,14.0,6.3,146.4,24.9,13.9,NPK,3,3,191.4,5.534798534798535
Mbarali,-8.675,33.93,Sandy Loam,25.48,61.28,2.42,173.7,31.2,36.9,6.6,179.5,32.0,37.1,No Fertilizer,3,4,241.79999999999998,5.394409937888198
Mbarali,-8.895,34.05,Clay Loam,20.59,89.85,40.11,14.5,22.5,57.1,5.6,15.1,24.4,65.6,DAP,3,1,94.1,0.6170212765957447
Mbarali,-8.84,34.11,Sandy Clay Loam,21.72,84.47,8.03,158.1,21.7,26.5,6.3,162.6,22.5,25.0,NPK,3,3,206.29999999999998,6.964757709251101
Mbarali,-8.95,34.35,Sandy Clay Loam,22.48,54.29,0.0,103.7,70.8,60.2,5.8,115.8,68.2,61.1,No Fertilizer,3,3,234.7,1.444289693593315
Mbarali,-8.73,33.93,Sandy Clay Loam,22.5,63.61,0.05,176.0,14.1,20.0,6.2,175.5,14.1,19.8,NPK,3,3,210.1,11.655629139072849
Mbarali,-8.51,34.35,Sandy Clay Loam,25.66,53.18,0.02,93.9,56.5,10.1,6.5,89.1,52.4,10.7,NPK,3,3,160.5,1.6330434782608696
Mbarali,-8.62,34.17,Sandy Clay Loam,20.16,81.37,0.21,147.4,4.4,15.1,6.6,154.1,4.0,16.2,NPK,3,3,166.9,27.296296296296294
Mbarali,-8.785,34.23,Sandy Loam,24.41,62.61,2.67,19.4,39.8,92.9,6.5,20.6,43.3,84.1,Urea,3,4,152.1,0.47549019607843135
Mbarali,-8.73,33.87,Sandy Clay Loam,21.62,51.37,0.0,74.1,58.8,45.8,6.2,67.0,64.5,52.3,Urea,3,3,178.7,1.2391304347826086
Mbarali,-8.95,34.35,Sandy Clay Loam,15.91,73.66,0.01,19.3,20.9,67.5,5.8,21.4,23.0,72.9,DAP,3,3,107.7,0.8812785388127855
Mbarali,-8.895,33.93,Clay Loam,20.16,82.04,0.08,150.4,15.2,37.5,5.7,175.8,16.2,33.9,SSP,3,1,203.1,9.283950617283951
Mbarali,-8.675,34.11,Sandy Clay Loam,24.89,57.9,1.53,136.9,50.6,58.3,6.3,148.9,47.0,55.8,No Fertilizer,3,3,245.8,2.6531007751937983
Mbarali,-8.62,33.93,Sandy Clay Loam,21.87,57.86,0.0,138.2,53.0,46.5,6.6,154.9,51.0,47.6,No Fertilizer,3,3,237.7,2.559259259259259
Mbarali,-8.675,33.87,Sandy Clay Loam,24.07,50.19,0.0,174.0,47.5,92.9,6.2,169.5,49.4,85.4,No Fertilizer,3,3,314.4,3.5876288659793816
Mbarali,-8.95,33.93,Sandy Clay Loam,21.11,84.04,2.37,23.8,25.1,70.9,5.7,24.5,25.1,68.8,DAP,3,3,119.80000000000001,0.9118773946360152
Mbarali,-8.565,34.35,Sandy Loam,21.72,84.35,13.58,74.4,22.7,68.5,6.2,75.6,20.6,67.4,DAP,3,4,165.60000000000002,3.139240506329114
Mbarali,-8.73,33.87,Sandy Clay Loam,19.73,81.03,1.81,23.9,76.1,10.0,6.2,22.1,67.1,9.9,NPK,3,3,110.0,0.3099870298313878
Mbarali,-8.95,34.11,Clay Loam,18.34,79.83,0.03,43.6,66.1,53.9,5.8,45.8,64.9,52.2,Urea,3,1,163.6,0.6497764530551416
Mbarali,-8.73,33.87,Sandy Clay Loam,20.55,86.9,20.4,51.7,27.8,46.8,6.2,49.0,34.2,45.2,Urea,3,3,126.3,1.7951388888888888
Mbarali,-8.675,34.11,Sandy Clay Loam,18.56,69.57,0.0,99.2,61.1,96.8,6.3,89.7,59.8,83.9,Urea,3,3,257.1,1.5974235104669887
Mbarali,-8.62,33.87,Sandy Loam,25.11,56.9,0.65,53.9,36.1,27.2,6.4,55.7,33.9,27.6,NPK,3,4,117.2,1.4528301886792452
Mbarali,-8.455,34.11,Clay,24.86,52.14,0.1,28.6,32.5,28.3,6.7,27.2,32.0,28.7,NPK,3,0,89.4,0.8537313432835821
Mbarali,-8.4,33.75,Sandy Loam,19.77,69.11,0.0,37.8,15.1,37.0,5.9,38.5,14.3,40.6,DAP,3,4,89.9,2.3478260869565215
Mbarali,-8.785,34.11,Sandy Clay Loam,21.52,64.22,0.39,37.3,32.9,26.3,6.1,35.0,32.1,26.4,NPK,3,3,96.49999999999999,1.1002949852507373
Mbarali,-8.62,33.87,Sandy Loam,20.31,81.46,6.28,156.1,36.1,19.0,6.4,175.4,39.5,16.9,MOP,3,4,211.2,4.2075471698113205
Mbarali,-8.51,34.23,Clay Loam,18.57,74.58,0.05,123.1,5.1,83.4,7.2,139.1,5.5,78.0,SSP,3,1,211.6,20.18032786885246
Mbarali,-8.455,33.75,Sandy Loam,21.19,77.69,23.8,169.7,32.6,50.9,6.2,174.5,33.3,52.9,No Fertilizer,3,4,253.2,5.050595238095237
Mbarali,-8.95,34.23,Sandy Clay Loam,19.49,88.73,3.03,79.5,59.7,78.5,5.7,84.8,55.6,78.4,Urea,3,3,217.7,1.3097199341021417
Mbarali,-8.455,34.17,Clay,25.48,45.95,0.0,55.2,46.3,68.9,7.0,57.3,48.9,75.8,Urea,3,0,170.4,1.1670190274841439
Mbarali,-8.84,34.23,Sandy Clay Loam,20.51,86.11,21.51,143.5,47.4,27.7,5.9,145.7,45.9,29.7,MOP,3,3,218.6,2.9648760330578514
Mbarali,-8.95,33.99,Sandy Clay Loam,24.89,59.16,1.1,68.8,65.4,52.6,5.7,65.5,64.0,52.0,Urea,3,3,186.79999999999998,1.0361445783132528
Mbarali,-8.455,33.99,Clay,19.1,58.9,0.0,59.2,5.8,12.5,6.7,60.9,5.2,13.0,NPK,3,0,77.5,8.705882352941178
Mbarali,-8.51,34.17,Clay Loam,22.31,78.72,1.41,46.7,40.6,76.8,6.3,49.5,40.8,82.9,Urea,3,1,164.10000000000002,1.122596153846154
Mbarali,-8.84,34.11,Sandy Clay Loam,19.87,78.92,0.15,31.3,49.1,41.3,6.3,32.0,56.0,40.0,Urea,3,3,121.7,0.624750499001996
Mbarali,-8.895,33.93,Clay Loam,24.56,51.7,0.73,50.7,41.5,38.8,5.7,53.6,39.7,39.1,Urea,3,1,131.0,1.1929411764705884
Mbarali,-8.84,34.23,Sandy Clay Loam,21.97,57.2,0.05,65.8,29.2,28.0,5.9,70.4,25.4,31.4,NPK,3,3,123.0,2.1788079470198674
Mbarali,-8.675,33.87,Sandy Clay Loam,23.95,56.27,0.07,110.5,13.6,38.2,6.2,124.6,13.0,44.7,SSP,3,3,162.3,7.568493150684931
Mbarali,-8.895,33.81,Clay,18.68,73.94,0.0,20.7,59.1,26.1,5.6,20.6,62.6,27.1,NPK,3,0,105.9,0.3444259567387687
Mbarali,-8.73,34.23,Sandy Loam,19.82,60.36,0.0,44.0,32.4,33.3,6.9,45.8,35.1,37.5,Urea,3,4,109.7,1.3173652694610778
Mbarali,-8.4,33.99,Sandy Loam,22.1,58.42,0.28,157.5,57.8,63.6,6.9,147.5,62.0,73.2,No Fertilizer,3,4,278.90000000000003,2.678571428571429
Mbarali,-8.565,33.75,Sandy Clay Loam,19.94,66.34,0.0,31.4,48.6,82.1,6.1,35.0,42.7,76.1,Urea,3,3,162.1,0.6330645161290323
Mbarali,-8.455,33.81,Sandy Loam,20.6,89.69,21.1,65.7,47.4,31.3,6.3,68.2,48.5,31.6,NPK,3,4,144.4,1.3574380165289257
Mbarali,-8.95,34.23,Sandy Clay Loam,20.36,84.07,4.61,176.9,54.4,44.6,5.7,157.0,57.1,45.4,No Fertilizer,3,3,275.90000000000003,3.193140794223827
Mbarali,-8.51,34.11,Clay,19.9,80.9,5.29,33.9,47.0,78.4,7.0,36.3,47.5,79.4,Urea,3,0,159.3,0.7062499999999999
Mbarali,-8.51,34.11,Clay,18.81,63.03,0.0,23.7,29.6,9.6,7.0,24.1,30.3,10.4,NPK,3,0,62.9,0.7745098039215685
Mbarali,-8.95,34.05,Sandy Clay Loam,21.3,87.08,9.08,84.5,42.1,83.0,5.7,92.4,37.9,80.7,No Fertilizer,3,3,209.6,1.9605568445475638
Mbarali,-8.455,33.87,Sandy Loam,23.09,64.24,0.29,55.6,53.0,24.2,6.3,61.4,57.0,24.4,NPK,3,4,132.79999999999998,1.0296296296296297
Mbarali,-8.895,34.29,Sandy Clay Loam,21.53,74.4,1.74,117.2,31.0,59.7,5.7,105.8,28.7,63.0,No Fertilizer,3,3,207.89999999999998,3.6625
Mbarali,-8.62,34.35,Sandy Loam,21.15,81.63,2.27,148.4,29.9,52.6,5.9,146.6,29.6,54.9,No Fertilizer,3,4,230.9,4.802588996763754
Mbarali,-8.4,34.11,Clay,23.87,57.36,0.11,33.6,11.2,47.9,6.7,33.3,10.3,52.4,DAP,3,0,92.69999999999999,2.754098360655738
Mbarali,-8.73,34.05,Sandy Loam,21.79,85.57,4.87,95.8,71.5,76.0,6.4,108.7,64.4,78.2,No Fertilizer,3,4,243.3,1.3213793103448275
Mbarali,-8.675,34.17,Sandy Clay Loam,20.45,89.0,21.1,98.3,10.1,14.3,6.4,95.9,10.0,14.5,NPK,3,3,122.69999999999999,8.855855855855856
Mbarali,-8.785,33.75,Sandy Loam,20.51,88.0,12.08,37.3,45.8,34.1,6.1,34.5,46.8,35.2,Urea,3,4,117.19999999999999,0.797008547008547
Mbarali,-8.84,33.99,Sandy Clay Loam,20.37,65.17,0.0,125.4,31.4,51.4,5.9,116.1,31.3,51.2,No Fertilizer,3,3,208.20000000000002,3.8703703703703707
Mbarali,-8.51,33.93,Clay,22.22,76.5,2.41,59.2,30.6,73.7,7.5,56.5,30.8,74.1,Urea,3,0,163.5,1.8734177215189873
Mbarali,-8.62,33.75,Sandy Loam,17.43,78.04,0.01,85.6,43.2,24.6,6.1,92.9,48.9,24.2,MOP,3,4,153.4,1.936651583710407
Mbarali,-8.73,33.75,Sandy Clay Loam,24.03,48.1,0.0,24.5,9.3,78.3,6.3,24.0,8.4,73.4,DAP,3,3,112.1,2.378640776699029
Mbarali,-8.675,33.87,Sandy Clay Loam,20.99,82.4,16.86,92.2,43.9,41.2,6.2,88.1,43.2,39.6,Urea,3,3,177.3,2.0534521158129175
Mbarali,-8.51,33.99,Clay,20.1,83.35,5.18,54.3,50.5,23.3,7.4,62.1,55.0,21.9,NPK,3,0,128.1,1.054368932038835
Mbarali,-8.455,33.87,Sandy Loam,18.16,79.92,0.04,138.0,50.2,65.6,6.3,149.8,58.7,69.8,No Fertilizer,3,4,253.79999999999998,2.6953125
Mbarali,-8.4,34.29,Clay,17.38,69.71,0.0,20.9,12.8,13.2,6.6,19.7,15.3,13.6,NPK,3,0,46.900000000000006,1.5144927536231882
Mbarali,-8.95,33.75,Clay Loam,17.49,71.39,0.0,86.1,66.6,51.5,5.8,81.2,63.2,49.2,Urea,3,1,204.2,1.2736686390532546
Mbarali,-8.51,34.35,Sandy Clay Loam,18.93,64.52,0.02,78.4,45.3,11.9,6.5,87.9,47.3,11.4,NPK,3,3,135.6,1.6933045356371492
Mbarali,-8.73,33.93,Sandy Clay Loam,25.3,46.37,0.0,140.7,60.2,34.2,6.2,133.3,62.2,35.9,No Fertilizer,3,3,235.09999999999997,2.299019607843137
Mbarali,-8.73,33.75,Sandy Clay Loam,22.41,84.36,43.1,108.3,37.3,58.9,6.3,107.6,36.0,56.5,No Fertilizer,3,3,204.5,2.8276762402088775
Mbarali,-8.675,33.93,Sandy Loam,21.62,79.79,0.81,130.2,38.3,49.2,6.6,123.4,39.8,52.7,No Fertilizer,3,4,217.7,3.312977099236641
Mbarali,-8.62,33.99,Sandy Clay Loam,20.08,83.64,9.71,135.8,67.1,41.3,6.7,142.1,64.7,40.0,No Fertilizer,3,3,244.2,1.994126284875184
Mbarali,-8.62,33.81,Sandy Clay Loam,20.11,72.99,0.0,163.6,63.8,42.0,6.2,156.6,63.4,42.0,No Fertilizer,3,3,269.4,2.5246913580246915
Busokelo,-9.125,33.475,Sandy Clay Loam,11.88,70.49,0.0,67.1,33.4,22.6,5.6,63.4,33.6,25.0,NPK,0,3,123.1,1.9505813953488371
Busokelo,-9.075,33.425,Clay Loam,18.9,80.47,0.13,99.0,19.7,42.9,5.9,101.5,22.1,44.3,SSP,0,1,161.6,4.782608695652174
Busokelo,-8.925,33.6,Clay Loam,16.88,65.69,0.0,153.0,28.2,99.2,5.7,152.8,29.9,86.1,No Fertilizer,0,1,280.4,5.239726027397261
Busokelo,-8.9,33.625,Sandy Clay Loam,19.25,82.73,0.81,170.1,30.8,78.5,5.9,178.2,29.6,77.4,No Fertilizer,0,3,279.4,5.349056603773585
Busokelo,-8.975,33.6,Sandy Clay Loam,17.31,86.59,7.82,179.9,21.8,21.1,5.8,161.2,22.9,18.2,NPK,0,3,222.8,7.890350877192983
Busokelo,-9.125,33.45,Sandy Clay Loam,17.38,71.21,0.0,72.5,23.6,7.6,5.4,73.1,21.7,8.5,Apply Lime,0,3,103.69999999999999,2.947154471544715
Busokelo,-9.0,33.4,Sandy Clay Loam,18.79,89.31,35.96,40.4,70.8,88.9,5.7,43.2,60.8,84.4,Urea,0,3,200.1,0.5626740947075209
Busokelo,-9.125,33.65,Sandy Clay Loam,19.4,79.53,4.39,88.5,9.0,41.3,5.7,93.2,8.6,50.2,SSP,0,3,138.8,8.85
Busokelo,-9.125,33.425,Sandy Clay Loam,12.93,78.3,0.0,137.3,53.8,51.2,5.8,136.1,48.7,51.2,No Fertilizer,0,3,242.3,2.5054744525547448
Busokelo,-8.925,33.55,Sandy Clay Loam,16.96,65.81,0.0,98.7,16.2,74.7,5.8,93.7,15.4,71.6,SSP,0,3,189.60000000000002,5.738372093023256
Busokelo,-8.925,33.4,Sandy Clay Loam,19.42,72.4,1.56,83.5,25.7,34.3,5.9,92.1,26.7,32.4,NPK,0,3,143.5,3.1273408239700373
Busokelo,-9.075,33.525,Loam,17.29,73.27,0.31,172.2,8.2,43.9,5.7,152.5,8.1,46.5,SSP,0,2,224.29999999999998,18.717391304347828
Busokelo,-8.9,33.45,Sandy Clay Loam,13.23,73.23,0.0,73.0,24.9,93.7,5.8,71.4,21.8,87.4,DAP,0,3,191.60000000000002,2.8185328185328187
Busokelo,-9.05,33.475,Sandy Clay Loam,15.21,72.7,0.0,161.3,52.7,60.1,5.7,156.2,54.7,62.5,No Fertilizer,0,3,274.1,3.003724394785847
Busokelo,-8.925,33.55,Sandy Clay Loam,14.77,71.48,0.0,78.6,57.9,18.7,5.8,79.2,62.4,18.9,NPK,0,3,155.2,1.33446519524618
Busokelo,-9.0,33.4,Sandy Clay Loam,17.06,64.81,0.0,65.9,17.1,16.7,5.7,65.8,18.6,17.2,NPK,0,3,99.7,3.6408839779005526
Busokelo,-9.1,33.45,Sandy Clay Loam,17.61,83.53,19.23,86.3,34.1,21.3,5.7,87.2,34.6,23.2,NPK,0,3,141.70000000000002,2.4586894586894585
Busokelo,-9.025,33.55,Clay Loam,17.83,87.9,10.84,149.6,32.6,78.1,5.4,139.6,35.0,70.4,Apply Lime,0,1,260.29999999999995,4.452380952380952
Busokelo,-9.1,33.625,Clay Loam,17.77,86.62,12.43,31.4,68.9,30.9,5.6,31.4,61.7,30.8,NPK,0,1,131.20000000000002,0.4492131616595135
Busokelo,-9.15,33.425,Clay Loam,17.43,79.12,0.38,45.7,55.2,8.4,5.5,43.4,54.3,7.8,NPK,0,1,109.30000000000001,0.8131672597864769
Busokelo,-8.975,33.65,Clay Loam,14.76,87.27,2.26,166.5,40.4,91.5,5.5,171.7,37.9,85.3,No Fertilizer,0,1,298.4,4.021739130434783
Busokelo,-8.975,33.425,Sandy Clay Loam,17.52,87.74,15.4,40.4,47.3,18.9,5.8,39.8,48.3,20.3,NPK,0,3,106.6,0.8364389233954451
Busokelo,-8.975,33.65,Clay Loam,15.6,82.78,0.01,100.5,55.1,7.4,5.5,106.5,59.9,6.8,MOP,0,1,163.0,1.7914438502673797
Busokelo,-8.9,33.45,Sandy Clay Loam,18.62,70.12,0.0,117.7,4.2,26.8,5.8,108.5,4.6,25.9,NPK,0,3,148.70000000000002,22.634615384615383
Busokelo,-9.1,33.45,Sandy Clay Loam,19.14,61.89,0.0,87.8,28.6,23.9,5.7,93.2,30.6,25.7,MOP,0,3,140.3,2.966216216216216
Busokelo,-8.9,33.5,Loam,18.17,70.01,0.0,116.9,65.4,42.8,6.0,119.6,63.9,41.4,No Fertilizer,0,2,225.10000000000002,1.7605421686746987
Busokelo,-9.125,33.575,Sandy Clay Loam,14.91,82.93,0.0,48.0,54.8,77.3,5.6,49.1,52.9,83.3,Urea,0,3,180.1,0.8602150537634409
Busokelo,-9.15,33.575,Sandy Loam,17.82,77.08,13.79,101.4,41.5,88.8,5.6,104.0,39.8,79.9,No Fertilizer,0,4,231.7,2.385882352941177
Busokelo,-9.05,33.425,Clay Loam,16.96,86.13,13.28,77.0,34.9,46.9,6.2,73.3,39.0,44.4,Urea,0,1,158.8,2.1448467966573816
Busokelo,-9.0,33.575,Clay Loam,21.18,70.43,0.0,119.8,27.0,40.3,5.4,122.5,27.0,40.5,Apply Lime,0,1,187.10000000000002,4.2785714285714285
Busokelo,-8.925,33.625,Clay Loam,16.51,89.19,1.7,37.3,35.6,57.3,6.0,34.0,38.4,52.6,Urea,0,1,130.2,1.0191256830601092
Busokelo,-8.925,33.65,Clay Loam,17.48,86.98,4.54,100.9,48.6,23.5,5.9,107.0,47.3,26.5,MOP,0,1,173.0,2.034274193548387
Busokelo,-9.075,33.6,Clay Loam,10.94,82.78,0.01,42.0,32.7,9.8,5.6,41.5,31.6,10.4,NPK,0,1,84.5,1.2462908011869436
Busokelo,-9.05,33.55,Sandy Clay Loam,19.0,76.26,1.18,54.3,46.9,83.4,5.5,57.4,51.1,84.9,Urea,0,3,184.6,1.1336116910229646
Busokelo,-8.9,33.6,Sandy Clay Loam,17.16,89.37,4.56,48.6,65.0,25.1,5.8,47.2,60.8,21.7,NPK,0,3,138.7,0.7363636363636363
Busokelo,-8.9,33.6,Sandy Clay Loam,13.45,75.77,0.0,41.0,16.5,21.0,5.8,41.1,14.2,22.7,NPK,0,3,78.5,2.342857142857143
Busokelo,-8.95,33.55,Sandy Clay Loam,14.41,75.07,0.0,148.7,35.8,40.2,5.9,150.4,33.8,45.7,No Fertilizer,0,3,224.7,4.040760869565218
Busokelo,-9.15,33.625,Clay Loam,14.62,80.38,0.0,63.4,30.6,42.5,5.3,58.6,30.9,47.3,Apply Lime,0,1,136.5,2.0063291139240507
Busokelo,-9.0,33.5,Sandy Clay Loam,15.58,81.89,0.0,159.9,48.3,8.0,5.5,167.6,49.4,7.5,MOP,0,3,216.2,3.243407707910751
Busokelo,-9.125,33.575,Sandy Clay Loam,18.91,59.89,0.0,182.1,20.2,17.7,5.6,174.9,20.5,18.4,NPK,0,3,219.99999999999997,8.589622641509434
Busokelo,-9.025,33.475,Clay Loam,13.09,80.51,0.0,101.3,43.8,37.3,5.6,107.1,46.3,37.8,No Fertilizer,0,1,182.39999999999998,2.2611607142857144
Busokelo,-8.95,33.425,Sandy Clay Loam,19.02,73.52,3.69,34.6,63.0,66.8,5.9,34.3,61.9,63.4,Urea,0,3,164.39999999999998,0.540625
Busokelo,-8.9,33.45,Sandy Clay Loam,13.07,81.04,0.15,67.5,29.1,24.9,5.8,73.7,31.6,25.2,NPK,0,3,121.5,2.2425249169435215
Busokelo,-9.15,33.65,Clay Loam,17.72,90.49,37.99,138.9,55.6,42.1,5.4,145.6,64.1,41.5,Apply Lime,0,1,236.6,2.454063604240283
Busokelo,-9.05,33.65,Clay Loam,18.12,73.34,0.16,72.0,70.6,54.8,5.4,72.5,69.5,52.8,Apply Lime,0,1,197.39999999999998,1.005586592178771
Busokelo,-8.95,33.55,Sandy Clay Loam,17.22,87.95,19.47,27.9,11.0,78.2,5.9,24.8,11.0,80.6,DAP,0,3,117.1,2.3249999999999997
Busokelo,-9.075,33.625,Clay Loam,17.38,66.99,0.0,105.4,18.6,33.0,5.4,104.7,19.4,33.4,Apply Lime,0,1,157.0,5.377551020408164
Busokelo,-9.1,33.45,Sandy Clay Loam,17.18,89.83,12.38,171.5,60.7,17.5,5.7,153.7,66.7,17.2,MOP,0,3,249.7,2.779578606158833
Busokelo,-9.15,33.475,Sandy Clay Loam,13.44,81.46,0.03,147.5,68.6,50.0,5.5,145.3,67.2,47.1,No Fertilizer,0,3,266.1,2.1192528735632186
Busokelo,-9.05,33.6,Sandy Clay Loam,18.26,85.12,0.64,38.7,9.7,64.9,5.6,39.8,10.4,68.7,DAP,0,3,113.30000000000001,3.6168224299065423
Busokelo,-9.1,33.5,Sandy Clay Loam,17.14,87.05,3.89,137.8,4.9,12.0,5.7,124.4,5.0,15.2,NPK,0,3,154.70000000000002,23.35593220338983
Busokelo,-8.95,33.4,Sandy Clay Loam,17.3,60.44,0.0,48.9,16.4,43.7,5.8,47.5,14.6,41.7,DAP,0,3,109.0,2.810344827586207
Busokelo,-8.925,33.525,Sandy Clay Loam,15.38,86.12,0.12,45.0,72.9,8.0,5.6,47.1,69.7,7.5,NPK,0,3,125.9,0.6089309878213802
Busokelo,-9.0,33.625,Clay Loam,13.77,75.03,0.0,163.8,14.4,8.9,5.6,158.6,15.9,8.8,NPK,0,1,187.10000000000002,10.636363636363637
Busokelo,-8.925,33.4,Sandy Clay Loam,19.74,75.77,0.96,51.4,33.9,47.4,5.9,52.4,37.2,46.6,Urea,0,3,132.7,1.472779369627507
Busokelo,-8.925,33.525,Sandy Clay Loam,14.31,82.48,0.02,47.1,60.6,29.8,5.6,54.8,60.0,31.0,NPK,0,3,137.5,0.7646103896103896
Busokelo,-9.1,33.525,Sandy Clay Loam,14.74,78.17,0.0,10.8,4.8,79.7,5.8,10.1,5.3,77.0,DAP,0,3,95.30000000000001,1.8620689655172415
Busokelo,-8.925,33.575,Sandy Clay Loam,12.71,80.32,0.76,170.1,37.7,60.0,5.9,158.0,43.9,56.6,No Fertilizer,0,3,267.8,4.395348837209302
Busokelo,-9.05,33.575,Sandy Clay Loam,19.99,71.37,0.01,163.4,23.1,44.3,5.4,144.7,22.3,44.1,Apply Lime,0,3,230.8,6.780082987551867
Busokelo,-8.925,33.525,Sandy Clay Loam,17.48,82.15,0.39,120.1,62.3,47.3,5.6,116.6,60.9,40.3,No Fertilizer,0,3,229.7,1.8973143759873619
Busokelo,-9.025,33.4,Sandy Clay Loam,16.92,88.71,2.55,135.2,23.4,42.5,5.8,137.5,22.7,47.8,SSP,0,3,201.1,5.5409836065573765
Busokelo,-9.15,33.45,Clay Loam,17.87,92.09,33.05,37.9,50.2,9.5,5.5,35.8,49.3,9.4,NPK,0,1,97.6,0.7402343749999999
Busokelo,-9.15,33.4,Sandy Clay Loam,18.1,79.6,1.06,93.1,48.3,74.3,5.8,87.9,48.5,81.0,Urea,0,3,215.7,1.8884381338742393
Busokelo,-9.1,33.625,Clay Loam,18.06,89.22,18.12,77.7,17.8,95.4,5.6,69.7,18.6,89.9,DAP,0,1,190.9,4.132978723404255
Busokelo,-9.1,33.6,Clay Loam,17.64,61.63,0.0,25.9,6.5,18.9,5.4,25.9,6.3,21.2,Apply Lime,0,1,51.3,3.453333333333333
Busokelo,-9.025,33.65,Clay Loam,18.01,69.86,0.0,91.6,34.3,14.6,5.3,92.6,31.0,16.1,Apply Lime,0,1,140.5,2.594900849858357
Busokelo,-9.05,33.6,Sandy Clay Loam,17.58,87.26,0.76,158.2,22.3,17.3,5.6,166.5,23.1,18.1,NPK,0,3,197.8,6.78969957081545
Busokelo,-8.9,33.525,Sandy Loam,13.53,67.63,0.0,17.4,53.3,62.7,6.0,16.8,57.4,61.5,Urea,0,4,133.39999999999998,0.32044198895027626
Busokelo,-8.925,33.5,Loam,12.79,80.43,0.02,53.1,52.3,59.0,5.8,59.5,56.8,61.6,Urea,0,2,164.4,0.9962476547842403
Busokelo,-8.975,33.425,Sandy Clay Loam,16.86,69.15,0.0,47.7,32.1,74.1,5.8,45.3,34.2,77.2,Urea,0,3,153.9,1.4410876132930515
Busokelo,-9.025,33.5,Clay Loam,17.59,91.08,24.96,52.6,44.7,68.3,5.5,50.5,44.0,69.2,Urea,0,1,165.60000000000002,1.1509846827133479
Busokelo,-9.025,33.425,Sandy Clay Loam,14.8,81.03,0.1,171.2,37.3,43.0,6.0,164.4,43.9,43.8,No Fertilizer,0,3,251.5,4.469973890339426
Busokelo,-8.95,33.65,Clay Loam,18.31,86.2,13.1,90.4,60.4,63.5,5.9,89.6,58.6,57.5,Urea,0,1,214.3,1.472312703583062
Busokelo,-9.05,33.575,Sandy Clay Loam,17.08,83.78,0.0,98.9,33.5,66.9,5.4,89.3,32.1,63.8,Apply Lime,0,3,199.3,2.8666666666666667
Busokelo,-8.9,33.55,Loam,17.27,69.69,0.0,147.8,19.4,48.0,6.1,139.3,22.2,49.1,SSP,0,2,215.20000000000002,7.245098039215687
Busokelo,-9.075,33.575,Clay Loam,13.71,76.64,0.0,34.7,20.0,52.7,5.8,36.3,21.5,46.0,DAP,0,1,107.4,1.6523809523809525
Busokelo,-9.125,33.45,Sandy Clay Loam,14.89,65.98,0.0,89.0,39.6,62.3,5.4,92.8,39.4,60.2,Apply Lime,0,3,190.89999999999998,2.1921182266009853
Busokelo,-8.95,33.575,Clay Loam,11.17,74.94,0.0,78.0,33.3,49.2,5.9,83.1,33.6,52.8,Urea,0,1,160.5,2.274052478134111
Busokelo,-9.15,33.45,Clay Loam,16.94,89.92,21.23,115.8,34.3,61.2,5.5,111.5,33.0,60.1,No Fertilizer,0,1,211.3,3.2804532577903687
Busokelo,-9.0,33.65,Sandy Clay Loam,16.71,89.07,14.37,167.3,9.9,59.6,5.7,179.9,10.0,57.5,SSP,0,3,236.8,15.34862385321101
Busokelo,-8.925,33.65,Clay Loam,17.68,84.81,9.0,151.5,56.0,63.2,5.9,140.8,51.4,66.4,No Fertilizer,0,1,270.7,2.6578947368421053
Busokelo,-9.025,33.575,Clay Loam,15.29,92.11,3.37,84.8,17.7,55.6,5.3,77.6,18.1,60.0,Apply Lime,0,1,158.1,4.53475935828877
Busokelo,-9.125,33.425,Sandy Clay Loam,18.02,75.81,0.18,141.4,15.8,50.0,5.8,150.7,17.0,49.7,SSP,0,3,207.20000000000002,8.416666666666666
Busokelo,-9.0,33.5,Sandy Clay Loam,17.85,80.57,6.21,38.5,28.9,61.7,5.5,39.0,31.2,63.3,Urea,0,3,129.10000000000002,1.2876254180602007
Busokelo,-9.15,33.65,Clay Loam,16.59,89.08,25.94,15.2,20.0,48.3,5.4,15.2,19.0,43.8,Apply Lime,0,1,83.5,0.7238095238095238
Busokelo,-8.95,33.65,Clay Loam,17.06,87.51,1.95,47.5,42.6,27.7,5.9,44.8,42.5,26.3,NPK,0,1,117.8,1.0894495412844036
Busokelo,-9.1,33.5,Sandy Clay Loam,15.8,81.32,0.16,75.5,29.8,5.8,5.7,67.9,28.5,6.1,NPK,0,3,111.1,2.4512987012987013
Busokelo,-9.15,33.425,Clay Loam,17.02,82.38,0.1,85.4,35.1,54.6,5.5,96.8,33.6,53.0,No Fertilizer,0,1,175.1,2.365650969529086
Busokelo,-9.0,33.475,Clay Loam,19.54,69.36,0.0,112.0,33.9,60.5,5.8,114.6,39.5,55.6,No Fertilizer,0,1,206.4,3.209169054441261
Busokelo,-8.95,33.575,Clay Loam,17.3,88.66,0.87,161.7,16.0,79.1,5.9,164.8,17.4,87.7,SSP,0,1,256.79999999999995,9.511764705882353
Busokelo,-9.15,33.6,Sandy Clay Loam,11.77,82.26,0.0,87.2,13.3,33.8,5.6,96.7,14.3,36.4,SSP,0,3,134.3,6.0979020979020975
Busokelo,-9.125,33.65,Sandy Clay Loam,17.94,88.31,16.1,92.0,58.6,39.1,5.7,95.2,62.1,39.1,No Fertilizer,0,3,189.7,1.5436241610738255
Busokelo,-9.025,33.475,Clay Loam,12.79,80.43,0.02,19.1,31.7,23.0,5.6,18.5,32.6,23.0,NPK,0,1,73.8,0.5840978593272171
Busokelo,-9.0,33.475,Clay Loam,17.51,95.53,56.7,15.6,33.4,11.9,5.8,15.9,31.2,11.9,NPK,0,1,60.9,0.4534883720930233
Busokelo,-9.075,33.65,Clay Loam,17.17,86.57,57.2,92.5,6.9,69.4,5.5,103.7,6.4,70.9,SSP,0,1,168.8,11.708860759493671
Busokelo,-9.05,33.425,Clay Loam,16.57,82.62,0.53,101.5,36.1,26.4,6.2,84.5,36.9,27.0,NPK,0,1,164.0,2.7358490566037736
Busokelo,-9.1,33.475,Sandy Clay Loam,12.47,82.09,0.0,155.5,39.9,58.7,6.0,152.7,40.6,57.1,No Fertilizer,0,3,254.10000000000002,3.801955990220049
Busokelo,-9.15,33.625,Clay Loam,18.0,73.31,0.06,37.6,38.9,68.8,5.3,37.3,40.9,63.8,Apply Lime,0,1,145.3,0.9423558897243108
Busokelo,-9.1,33.525,Sandy Clay Loam,16.64,92.65,1.48,13.2,51.0,44.0,5.8,14.2,50.7,45.6,Urea,0,3,108.2,0.25384615384615383
Busokelo,-9.05,33.5,Sandy Clay Loam,17.07,88.48,23.25,87.9,15.9,93.2,5.7,86.3,15.7,79.6,DAP,0,3,197.0,5.201183431952663
Busokelo,-9.15,33.55,Sandy Clay Loam,16.68,91.01,1.3,49.8,21.8,49.2,5.8,50.4,20.6,43.3,DAP,0,3,120.8,2.1842105263157894
Busokelo,-8.975,33.625,Clay Loam,15.5,77.69,0.0,16.0,60.7,32.7,5.6,18.4,57.5,29.9,NPK,0,1,109.4,0.2593192868719611
Busokelo,-9.075,33.525,Loam,16.68,82.86,0.06,123.2,55.8,84.8,5.7,133.2,66.5,81.3,No Fertilizer,0,2,263.8,2.1690140845070425
Busokelo,-8.95,33.575,Clay Loam,16.83,87.42,6.12,30.6,12.8,89.4,5.9,29.0,13.0,78.4,DAP,0,1,132.8,2.217391304347826
Busokelo,-8.9,33.65,Sandy Clay Loam,13.39,78.71,0.0,128.8,40.4,19.4,5.8,113.4,36.8,19.8,MOP,0,3,188.60000000000002,3.1111111111111116
Busokelo,-9.15,33.4,Sandy Clay Loam,18.89,81.91,54.85,59.3,17.6,7.7,5.8,57.8,18.1,8.2,NPK,0,3,84.60000000000001,3.188172043010752
Busokelo,-9.125,33.45,Sandy Clay Loam,16.96,78.87,0.28,42.5,8.6,13.1,5.4,39.5,8.0,13.6,Apply Lime,0,3,64.2,4.427083333333334
Busokelo,-9.125,33.625,Clay Loam,17.85,89.53,53.55,73.7,24.9,28.0,5.2,74.6,25.5,30.1,Apply Lime,0,1,126.6,2.845559845559846
Busokelo,-9.15,33.625,Clay Loam,18.43,84.88,23.39,145.4,13.6,88.4,5.3,146.2,13.5,87.7,Apply Lime,0,1,247.4,9.958904109589042
Busokelo,-9.125,33.65,Sandy Clay Loam,18.02,69.73,0.0,82.5,46.8,54.0,5.7,76.7,50.9,52.9,Urea,0,3,183.3,1.7259414225941423
Busokelo,-9.15,33.6,Sandy Clay Loam,18.11,86.97,5.19,153.7,36.2,37.9,5.6,137.6,39.2,37.4,No Fertilizer,0,3,227.79999999999998,4.131720430107526
Busokelo,-9.1,33.575,Sandy Loam,18.43,82.07,2.16,34.2,14.2,80.6,5.6,31.3,13.5,80.7,DAP,0,4,129.0,2.2500000000000004
Busokelo,-9.15,33.5,Sandy Clay Loam,17.07,66.03,0.0,130.8,4.9,44.5,5.8,141.4,4.6,44.1,SSP,0,3,180.20000000000002,22.16949152542373
Busokelo,-8.9,33.575,Clay Loam,15.87,85.17,0.71,50.0,57.4,36.4,5.9,50.3,57.3,32.5,NPK,0,1,143.8,0.8561643835616438
Busokelo,-8.9,33.65,Sandy Clay Loam,19.15,77.2,3.73,127.6,14.3,88.8,5.8,125.2,15.6,85.1,SSP,0,3,230.7,8.33986928104575
Busokelo,-9.025,33.525,Sandy Clay Loam,14.26,80.5,0.0,104.3,44.1,82.4,5.4,106.2,44.0,77.4,Apply Lime,0,3,230.8,2.3126385809312637
Busokelo,-9.1,33.65,Sandy Clay Loam,16.43,84.28,0.03,172.5,28.5,77.9,5.6,168.0,26.2,76.9,SSP,0,3,278.9,5.8474576271186445
Busokelo,-8.95,33.45,Sandy Clay Loam,15.9,85.66,0.25,80.2,47.8,43.5,5.7,75.8,42.6,49.0,Urea,0,3,171.5,1.6434426229508199
Busokelo,-9.025,33.625,Clay Loam,15.92,92.51,9.93,22.7,24.3,63.1,5.6,21.2,24.8,72.3,DAP,0,1,110.1,0.8972332015810276
Busokelo,-9.0,33.425,Sandy Clay Loam,18.36,72.25,0.0,14.8,8.6,24.1,5.7,13.3,9.7,21.1,NPK,0,3,47.5,1.5416666666666667
Busokelo,-9.025,33.45,Clay,15.47,88.2,7.32,147.1,19.8,52.1,5.8,150.6,18.7,54.2,SSP,0,0,219.0,7.072115384615384
Busokelo,-9.025,33.55,Clay Loam,18.37,82.63,14.07,89.7,16.1,84.8,5.4,99.2,16.4,88.6,Apply Lime,0,1,190.60000000000002,5.245614035087719
Busokelo,-9.05,33.45,Clay Loam,16.52,77.51,0.24,145.3,34.4,31.0,5.5,141.8,32.2,30.4,MOP,0,1,210.70000000000002,4.1045197740113
Busokelo,-8.95,33.65,Clay Loam,14.94,74.98,0.0,56.4,48.4,75.5,5.9,49.9,47.4,72.7,Urea,0,1,180.3,1.1417004048582995
Busokelo,-9.125,33.525,Sandy Clay Loam,15.64,61.75,0.0,66.4,20.1,49.4,5.7,68.7,21.4,47.2,DAP,0,3,135.9,3.146919431279621
Busokelo,-9.0,33.45,Clay Loam,17.19,86.28,4.97,15.8,4.8,10.5,5.9,15.1,4.8,9.3,NPK,0,1,31.1,2.724137931034483
Busokelo,-9.1,33.6,Clay Loam,18.11,85.2,37.47,181.9,41.8,77.5,5.4,173.5,38.2,70.1,Apply Lime,0,1,301.2,4.25
Busokelo,-9.075,33.6,Clay Loam,16.23,92.19,13.02,125.2,43.5,19.0,5.6,123.5,44.0,20.2,MOP,0,1,187.7,2.8134831460674157
Busokelo,-8.95,33.55,Sandy Clay Loam,11.65,84.29,0.03,168.7,62.7,63.0,5.9,168.6,67.5,59.0,No Fertilizer,0,3,294.4,2.6483516483516483
Busokelo,-9.1,33.425,Sandy Clay Loam,17.85,89.53,53.55,51.6,38.1,12.8,5.9,55.1,42.9,13.2,NPK,0,3,102.5,1.319693094629156
Busokelo,-9.025,33.4,Sandy Clay Loam,17.67,64.45,0.0,95.7,33.2,84.7,5.8,113.9,35.1,85.5,No Fertilizer,0,3,213.60000000000002,2.7982456140350878
Busokelo,-9.05,33.5,Sandy Clay Loam,16.23,92.19,13.02,115.6,40.6,28.2,5.7,125.3,41.8,30.5,MOP,0,3,184.39999999999998,2.7788461538461537
Busokelo,-9.025,33.575,Clay Loam,17.97,87.12,10.77,62.2,69.0,22.1,5.3,64.0,65.2,25.0,Apply Lime,0,1,153.29999999999998,0.8885714285714286
Busokelo,-8.925,33.4,Sandy Clay Loam,18.12,67.09,0.06,166.0,54.1,16.8,5.9,154.2,58.7,16.8,MOP,0,3,236.9,3.012704174228675
Busokelo,-8.9,33.475,Loam,17.84,85.75,8.77,169.8,28.1,79.7,6.0,171.0,25.3,85.5,SSP,0,2,277.6,5.835051546391752
Busokelo,-8.975,33.625,Clay Loam,18.75,76.13,0.26,154.6,17.8,70.1,5.6,160.4,19.7,65.8,SSP,0,1,242.5,8.223404255319148
Busokelo,-8.975,33.4,Loam,13.78,80.72,0.0,127.2,24.8,67.0,5.9,135.6,21.3,68.3,SSP,0,2,219.0,4.930232558139535
Busokelo,-9.025,33.5,Clay Loam,17.65,56.76,0.0,59.8,41.8,49.0,5.5,57.2,37.3,47.9,Urea,0,1,150.6,1.397196261682243
Busokelo,-9.05,33.625,Clay Loam,13.51,76.11,0.0,63.4,53.6,50.3,5.6,57.9,53.1,45.9,Urea,0,1,167.3,1.161172161172161
Busokelo,-8.9,33.45,Sandy Clay Loam,16.87,70.59,0.0,186.7,32.9,13.7,5.8,173.8,37.2,15.2,MOP,0,3,233.29999999999998,5.507374631268436
Busokelo,-8.925,33.575,Sandy Clay Loam,17.68,87.89,12.02,12.2,8.4,50.3,5.9,11.7,8.5,53.0,DAP,0,3,70.9,1.297872340425532
Busokelo,-8.95,33.425,Sandy Clay Loam,17.36,86.05,16.65,118.1,50.4,27.1,5.9,131.7,51.8,26.7,MOP,0,3,195.6,2.2976653696498053
Busokelo,-8.925,33.55,Sandy Clay Loam,18.98,77.51,1.6,126.9,52.1,90.0,5.8,130.1,57.2,88.1,No Fertilizer,0,3,269.0,2.389830508474576
Busokelo,-9.15,33.575,Sandy Loam,18.06,89.22,18.12,131.6,23.6,78.5,5.6,115.9,23.1,72.9,SSP,0,4,233.7,5.3495934959349585
Busokelo,-9.075,33.65,Clay Loam,17.51,91.11,26.73,192.3,45.1,43.2,5.5,178.3,47.8,40.7,No Fertilizer,0,1,280.6,4.171366594360087
Busokelo,-9.0,33.5,Sandy Clay Loam,18.11,59.09,0.0,56.2,30.5,18.8,5.5,63.0,32.2,18.7,NPK,0,3,105.5,1.7841269841269842
Busokelo,-9.15,33.625,Clay Loam,15.7,80.15,0.02,67.5,61.8,73.5,5.3,67.8,62.7,72.0,Apply Lime,0,1,202.8,1.0748407643312103
Busokelo,-9.05,33.6,Sandy Clay Loam,17.71,86.78,8.48,24.0,57.4,16.6,5.6,23.4,59.8,16.3,NPK,0,3,98.0,0.4109589041095891
Busokelo,-9.15,33.6,Sandy Clay Loam,18.09,87.92,5.48,80.7,44.3,19.7,5.6,85.3,38.7,21.9,NPK,0,3,144.7,1.7814569536423843
Busokelo,-8.975,33.45,Sandy Clay Loam,18.53,83.49,7.08,45.6,47.8,23.5,5.8,54.4,49.6,23.8,NPK,0,3,116.9,0.9344262295081968
Busokelo,-8.925,33.45,Sandy Clay Loam,16.97,91.01,13.63,68.8,64.2,53.7,5.9,68.4,62.3,52.8,Urea,0,3,186.7,1.0552147239263803
Busokelo,-8.9,33.45,Sandy Clay Loam,14.16,77.78,0.0,143.5,37.1,74.4,5.8,151.9,36.7,72.1,No Fertilizer,0,3,255.0,3.7664041994750654
Busokelo,-9.025,33.6,Sandy Clay Loam,16.08,73.52,0.03,159.8,25.3,30.3,5.6,169.0,24.7,32.4,NPK,0,3,215.40000000000003,6.076045627376426
Busokelo,-9.05,33.4,Clay Loam,15.17,73.7,0.0,40.5,55.4,11.9,6.0,41.6,53.7,13.1,NPK,0,1,107.80000000000001,0.7180851063829787
Busokelo,-8.975,33.525,Clay Loam,14.36,66.33,0.0,72.6,19.7,44.3,5.7,73.3,18.5,45.0,DAP,0,1,136.6,3.5072463768115942
Busokelo,-8.95,33.625,Clay Loam,17.99,80.81,4.53,167.8,30.2,78.3,5.7,167.9,29.6,68.8,No Fertilizer,0,1,276.3,5.378205128205129
Busokelo,-9.05,33.45,Clay Loam,16.88,68.52,0.0,19.2,62.1,23.2,5.5,20.5,61.1,24.6,NPK,0,1,104.5,0.3042789223454833
Busokelo,-9.15,33.425,Clay Loam,16.96,87.58,10.48,25.3,52.0,26.5,5.5,25.7,51.8,24.5,NPK,0,1,103.8,0.47735849056603774
Busokelo,-8.95,33.55,Sandy Clay Loam,18.54,81.89,13.52,33.0,30.4,95.1,5.9,37.7,30.7,85.6,Urea,0,3,158.5,1.0509554140127388
Busokelo,-9.025,33.65,Clay Loam,14.33,77.73,0.0,113.6,17.0,86.4,5.3,111.2,18.2,86.1,Apply Lime,0,1,217.0,6.311111111111111
Busokelo,-8.95,33.55,Sandy Clay Loam,18.39,71.92,0.14,28.5,27.4,85.0,5.9,35.6,27.5,89.2,Urea,0,3,140.9,1.0035211267605635
Busokelo,-8.975,33.525,Clay Loam,16.16,91.99,15.55,171.0,23.1,76.5,5.7,174.6,22.8,73.8,SSP,0,1,270.6,7.095435684647303
Busokelo,-8.95,33.425,Sandy Clay Loam,17.68,86.47,49.51,91.5,16.1,22.1,5.9,85.9,15.6,21.8,NPK,0,3,129.7,5.3508771929824555
Busokelo,-9.15,33.575,Sandy Loam,16.84,87.7,2.75,88.2,53.7,22.4,5.6,95.3,53.1,23.8,MOP,0,4,164.3,1.6124314442413163
Busokelo,-9.075,33.475,Sandy Clay Loam,16.86,84.25,19.45,54.5,20.3,33.0,5.7,51.9,20.6,34.6,DAP,0,3,107.8,2.5586854460093895
Busokelo,-8.975,33.55,Sandy Clay Loam,18.15,83.22,10.67,97.3,33.8,33.8,5.5,90.1,34.0,32.7,MOP,0,3,164.89999999999998,2.795977011494253
Busokelo,-9.1,33.5,Sandy Clay Loam,16.47,93.7,3.83,94.2,28.3,92.0,5.7,122.5,29.5,86.3,No Fertilizer,0,3,214.5,3.2150170648464163
Busokelo,-9.1,33.45,Sandy Clay Loam,19.88,63.37,0.0,136.2,70.3,70.6,5.7,137.7,68.8,72.3,No Fertilizer,0,3,277.1,1.9102384291725105
Busokelo,-8.95,33.575,Clay Loam,15.32,83.66,0.2,110.3,29.4,66.5,5.9,138.2,29.8,66.8,No Fertilizer,0,1,206.2,3.6282894736842106
Busokelo,-9.0,33.4,Sandy Clay Loam,18.01,80.4,1.28,107.3,9.4,22.6,5.7,108.2,9.3,21.6,NPK,0,3,139.3,10.317307692307692
Busokelo,-9.125,33.625,Clay Loam,16.37,95.34,19.31,163.7,10.6,81.4,5.2,163.7,9.9,82.4,Apply Lime,0,1,255.7,14.11206896551724
Busokelo,-9.025,33.55,Clay Loam,16.44,92.78,9.55,123.1,40.9,74.0,5.4,149.0,43.0,75.5,Apply Lime,0,1,238.0,2.9379474940334127
Busokelo,-8.9,33.475,Loam,12.53,80.78,0.0,157.4,45.4,18.7,6.0,138.7,43.6,19.7,MOP,0,2,221.5,3.392241379310345
Busokelo,-9.1,33.55,Loam,11.61,77.32,0.0,19.8,31.7,74.9,5.8,19.5,31.6,79.2,Urea,0,2,126.4,0.6055045871559632
Busokelo,-9.0,33.425,Sandy Clay Loam,18.29,80.98,3.18,10.5,37.1,34.3,5.7,11.2,32.5,28.9,NPK,0,3,81.9,0.2755905511811024
Busokelo,-8.95,33.575,Clay Loam,15.34,82.88,0.09,50.8,7.4,12.6,5.9,46.1,7.6,12.8,NPK,0,1,70.8,6.0476190476190474
Busokelo,-9.125,33.4,Clay Loam,17.73,83.97,10.63,107.4,39.9,67.0,5.9,122.8,38.1,61.2,No Fertilizer,0,1,214.3,2.625916870415648
Busokelo,-9.075,33.5,Sandy Clay Loam,18.48,84.53,5.2,73.0,37.4,68.1,5.8,79.9,37.3,60.9,Urea,0,3,178.5,1.9010416666666667
Busokelo,-9.05,33.45,Clay Loam,17.12,87.94,0.68,65.8,12.5,13.8,5.5,78.4,13.9,14.0,NPK,0,1,92.1,4.874074074074074
Busokelo,-9.075,33.625,Clay Loam,16.87,87.98,6.27,180.6,10.5,33.6,5.4,160.4,10.9,32.8,Apply Lime,0,1,224.7,15.704347826086956
Busokelo,-9.125,33.65,Sandy Clay Loam,13.79,78.87,0.0,166.0,12.9,90.0,5.7,162.2,12.2,89.4,SSP,0,3,268.9,11.942446043165468
Busokelo,-9.15,33.6,Sandy Clay Loam,19.4,72.59,0.05,172.2,10.3,55.9,5.6,164.6,10.7,63.0,SSP,0,3,238.4,15.238938053097343
Busokelo,-9.1,33.425,Sandy Clay Loam,17.87,91.18,16.38,64.7,37.4,60.0,5.9,63.4,44.2,67.3,Urea,0,3,162.1,1.6848958333333335
Busokelo,-9.05,33.625,Clay Loam,18.66,72.75,0.0,132.6,16.9,24.0,5.6,127.5,17.0,23.9,NPK,0,1,173.5,7.407821229050279
Busokelo,-9.075,33.475,Sandy Clay Loam,12.8,78.92,0.0,56.5,19.0,12.2,5.7,56.2,20.6,12.6,NPK,0,3,87.7,2.825
Busokelo,-9.0,33.4,Sandy Clay Loam,15.79,75.43,0.0,43.2,15.6,33.1,5.7,42.4,15.5,29.3,NPK,0,3,91.9,2.602409638554217
Busokelo,-9.0,33.55,Sandy Clay Loam,14.43,82.17,0.14,41.7,74.5,26.5,5.4,41.4,67.2,26.9,Apply Lime,0,3,142.7,0.552317880794702
Busokelo,-9.125,33.575,Sandy Clay Loam,17.76,87.99,5.44,65.3,63.7,29.2,5.6,68.2,60.4,25.7,NPK,0,3,158.2,1.0092735703245748
Busokelo,-9.025,33.425,Sandy Clay Loam,15.3,83.4,0.31,82.8,21.3,21.5,6.0,83.1,19.2,22.2,NPK,0,3,125.6,3.7130044843049324
Busokelo,-9.15,33.45,Clay Loam,15.12,86.51,26.56,154.2,24.6,61.5,5.5,151.3,25.6,54.3,SSP,0,1,240.29999999999998,6.023437499999999
Busokelo,-8.925,33.65,Clay Loam,11.54,80.51,0.09,30.6,17.7,34.8,5.9,30.4,17.9,33.6,DAP,0,1,83.1,1.6363636363636365
Busokelo,-9.125,33.6,Sandy Clay Loam,17.77,86.62,12.43,121.0,33.8,77.9,5.4,134.9,36.5,74.9,Apply Lime,0,3,232.70000000000002,3.477011494252874
Busokelo,-9.0,33.625,Clay Loam,16.51,75.26,0.0,90.9,5.0,20.7,5.6,100.3,5.3,21.5,NPK,0,1,116.60000000000001,15.15
Busokelo,-8.975,33.425,Sandy Clay Loam,13.57,85.11,0.56,63.4,45.2,46.8,5.8,59.0,48.3,45.0,Urea,0,3,155.39999999999998,1.3722943722943721
Busokelo,-9.025,33.45,Clay,17.1,90.27,8.44,91.8,35.0,8.0,5.8,93.8,38.5,7.1,MOP,0,0,134.8,2.55
Busokelo,-9.05,33.425,Clay Loam,16.09,84.74,1.82,63.5,69.4,46.0,6.2,61.0,63.3,46.5,Urea,0,1,178.9,0.9019886363636362
Busokelo,-9.1,33.4,Sandy Clay Loam,19.15,83.62,16.58,102.8,12.7,10.4,6.0,111.3,14.8,10.7,NPK,0,3,125.9,7.5036496350364965
Busokelo,-8.925,33.475,Sandy Loam,18.63,82.79,15.35,75.1,62.5,86.6,6.0,83.8,57.1,88.1,Urea,0,4,224.2,1.1826771653543307
Busokelo,-8.925,33.475,Sandy Loam,17.22,87.05,16.29,35.7,61.2,80.6,6.0,37.9,56.3,72.4,Urea,0,4,177.5,0.5739549839228296
Busokelo,-9.05,33.55,Sandy Clay Loam,16.99,84.19,2.21,29.4,12.8,50.0,5.5,29.8,12.4,47.2,DAP,0,3,92.2,2.1304347826086953
Busokelo,-9.15,33.6,Sandy Clay Loam,13.22,81.05,0.0,98.1,27.9,14.6,5.6,102.9,30.3,13.3,MOP,0,3,140.6,3.394463667820069
Busokelo,-8.925,33.4,Sandy Clay Loam,17.78,86.07,16.25,178.2,13.5,57.0,5.9,163.4,15.2,55.8,SSP,0,3,248.7,12.289655172413791
Busokelo,-9.1,33.525,Sandy Clay Loam,15.05,83.64,0.26,69.3,20.0,69.9,5.8,68.5,20.8,69.7,DAP,0,3,159.2,3.3
Busokelo,-9.1,33.6,Clay Loam,13.01,83.55,0.09,152.0,22.3,22.7,5.4,134.6,21.4,22.0,Apply Lime,0,1,197.0,6.523605150214592
Busokelo,-9.075,33.475,Sandy Clay Loam,16.45,65.35,0.0,125.4,40.7,57.8,5.7,122.0,40.7,53.7,No Fertilizer,0,3,223.90000000000003,3.0071942446043165
Busokelo,-9.1,33.45,Sandy Clay Loam,17.7,83.48,29.14,139.9,28.9,73.1,5.7,168.4,31.2,74.4,No Fertilizer,0,3,241.9,4.678929765886288
Busokelo,-8.925,33.5,Loam,18.17,82.25,5.25,160.6,71.9,77.3,5.8,149.6,66.6,70.5,No Fertilizer,0,2,309.8,2.203017832647462
Busokelo,-9.1,33.575,Sandy Loam,13.14,78.17,0.0,95.1,13.8,75.3,5.6,106.3,12.3,73.5,SSP,0,4,184.2,6.4256756756756745
Busokelo,-8.975,33.475,Sandy Clay Loam,19.93,70.44,0.1,123.7,67.2,66.4,5.8,121.7,68.3,79.9,No Fertilizer,0,3,257.3,1.813782991202346
Busokelo,-9.125,33.575,Sandy Clay Loam,14.83,72.7,0.0,153.9,19.4,90.0,5.6,162.7,19.2,84.8,SSP,0,3,263.3,7.544117647058824
Busokelo,-9.1,33.475,Sandy Clay Loam,15.9,77.79,0.0,89.6,49.2,36.5,6.0,77.9,55.0,40.1,Urea,0,3,175.3,1.784860557768924
Busokelo,-9.025,33.65,Clay Loam,18.97,74.23,1.46,72.2,25.6,57.0,5.3,65.6,26.4,53.8,Apply Lime,0,1,154.8,2.7142857142857144
Busokelo,-9.0,33.625,Clay Loam,17.5,88.42,6.33,11.2,13.9,77.0,5.6,11.8,13.4,72.4,DAP,0,1,102.1,0.7516778523489932
Busokelo,-9.15,33.5,Sandy Clay Loam,12.04,66.15,0.0,149.2,62.1,66.1,5.8,150.5,60.6,64.6,No Fertilizer,0,3,277.4,2.364500792393027
Busokelo,-9.0,33.625,Clay Loam,19.13,71.53,2.32,148.7,23.5,93.0,5.6,146.2,24.4,89.6,SSP,0,1,265.2,6.06938775510204
Busokelo,-8.9,33.55,Loam,12.22,76.13,0.0,29.4,46.6,7.7,6.1,27.8,47.5,7.1,NPK,0,2,83.7,0.6176470588235293
Busokelo,-8.9,33.55,Loam,14.66,66.07,0.0,108.3,40.1,34.6,6.1,108.1,41.4,35.8,No Fertilizer,0,2,183.0,2.6350364963503647
Busokelo,-9.075,33.65,Clay Loam,15.0,67.87,0.0,82.5,34.5,31.3,5.5,88.9,35.1,29.6,NPK,0,1,148.3,2.323943661971831
Busokelo,-9.025,33.55,Clay Loam,19.03,70.6,0.25,28.7,37.8,30.3,5.4,30.2,36.7,28.0,Apply Lime,0,1,96.8,0.7396907216494846
Busokelo,-8.975,33.525,Clay Loam,18.88,78.51,0.48,176.6,45.1,27.7,5.7,176.7,52.3,24.7,MOP,0,1,249.39999999999998,3.8308026030368763
Busokelo,-8.975,33.5,Clay Loam,17.33,87.85,49.06,50.5,9.7,60.5,5.8,46.5,9.8,65.6,DAP,0,1,120.7,4.719626168224299
Busokelo,-9.05,33.475,Sandy Clay Loam,13.25,82.05,0.0,22.1,49.3,13.5,5.7,21.4,48.1,13.1,NPK,0,3,84.9,0.43936381709741557
Busokelo,-9.05,33.5,Sandy Clay Loam,17.58,85.9,3.08,105.1,60.6,63.7,5.7,111.1,63.1,68.3,No Fertilizer,0,3,229.39999999999998,1.706168831168831
Busokelo,-9.125,33.625,Clay Loam,15.34,71.58,0.0,141.8,7.6,59.7,5.2,135.6,7.8,64.2,Apply Lime,0,1,209.10000000000002,16.48837209302326
Busokelo,-8.95,33.575,Clay Loam,14.3,79.19,0.0,15.1,12.9,27.7,5.9,15.5,13.3,27.1,NPK,0,1,55.7,1.0863309352517985
Busokelo,-9.05,33.425,Clay Loam,15.91,83.6,0.63,129.6,49.6,27.4,6.2,122.0,51.3,27.2,MOP,0,1,206.6,2.561264822134387
Busokelo,-9.15,33.425,Clay Loam,15.24,74.98,0.03,118.3,32.9,63.5,5.5,100.5,32.9,58.8,No Fertilizer,0,1,214.7,3.489675516224189
Busokelo,-8.925,33.65,Clay Loam,14.51,72.6,0.0,26.9,30.9,68.3,5.9,27.6,30.6,70.0,Urea,0,1,126.1,0.8432601880877743
Busokelo,-9.025,33.4,Sandy Clay Loam,17.67,83.98,6.59,41.5,11.1,78.9,5.8,39.3,13.0,79.6,DAP,0,3,131.5,3.4297520661157024
Busokelo,-8.975,33.6,Sandy Clay Loam,17.27,68.08,0.0,101.0,39.2,78.7,5.8,106.6,37.4,77.6,No Fertilizer,0,3,218.89999999999998,2.5124378109452734
Busokelo,-9.0,33.4,Sandy Clay Loam,15.19,82.47,0.0,59.9,12.1,81.8,5.7,60.4,12.4,87.1,DAP,0,3,153.8,4.572519083969466
Busokelo,-8.9,33.425,Sandy Clay Loam,19.23,83.84,4.68,169.9,40.3,52.1,5.9,169.5,35.5,54.8,No Fertilizer,0,3,262.3,4.113801452784504
Busokelo,-9.075,33.5,Sandy Clay Loam,18.32,87.69,21.61,147.2,49.9,88.8,5.8,149.2,54.4,82.3,No Fertilizer,0,3,285.9,2.891944990176817
Busokelo,-8.95,33.625,Clay Loam,16.94,86.92,60.23,207.8,19.8,71.1,5.7,177.2,21.0,73.9,SSP,0,1,298.70000000000005,9.990384615384615
Busokelo,-9.075,33.625,Clay Loam,17.28,89.86,8.81,53.0,35.2,87.9,5.4,54.1,35.7,81.2,Apply Lime,0,1,176.10000000000002,1.4640883977900552
Busokelo,-8.925,33.475,Sandy Loam,16.03,65.23,0.0,182.0,71.5,7.3,6.0,174.9,69.5,7.0,MOP,0,4,260.8,2.510344827586207
Busokelo,-9.1,33.425,Sandy Clay Loam,14.2,82.52,0.24,72.1,42.6,77.7,5.9,83.3,49.3,87.1,Urea,0,3,192.39999999999998,1.653669724770642
Busokelo,-8.925,33.5,Loam,18.5,74.05,0.73,71.2,56.1,47.5,5.8,69.1,59.5,45.8,Urea,0,2,174.8,1.2469352014010509
Busokelo,-9.1,33.575,Sandy Loam,18.55,89.61,1.15,20.0,32.7,75.7,5.6,18.6,31.4,73.0,Urea,0,4,128.4,0.5934718100890207
Busokelo,-9.05,33.525,Sandy Clay Loam,16.56,84.29,0.31,18.3,51.0,17.2,5.6,19.0,54.7,16.7,NPK,0,3,86.5,0.35192307692307695
Busokelo,-9.05,33.625,Clay Loam,17.87,62.92,0.0,105.2,7.3,38.9,5.6,127.6,6.7,39.3,SSP,0,1,151.4,12.674698795180722
Busokelo,-9.025,33.625,Clay Loam,20.55,74.43,2.34,87.6,11.7,26.9,5.6,87.8,12.1,28.8,NPK,0,1,126.19999999999999,6.897637795275591
Busokelo,-8.95,33.625,Clay Loam,12.38,78.38,0.0,48.6,16.3,33.4,5.7,48.5,17.4,30.5,NPK,0,1,98.30000000000001,2.8092485549132946
Busokelo,-8.975,33.575,Sandy Clay Loam,16.35,84.02,3.13,120.2,31.8,16.2,5.6,114.4,30.5,16.4,MOP,0,3,168.2,3.664634146341464
Busokelo,-9.025,33.525,Sandy Clay Loam,19.72,80.58,5.14,60.4,66.6,69.1,5.4,53.0,59.8,73.7,Apply Lime,0,3,196.1,0.893491124260355
Busokelo,-8.925,33.4,Sandy Clay Loam,17.5,84.35,17.99,105.3,27.6,7.0,5.9,108.2,26.9,6.8,NPK,0,3,139.9,3.6818181818181817
Busokelo,-8.95,33.625,Clay Loam,18.51,85.79,10.05,66.8,51.4,30.6,5.7,71.1,47.2,32.3,NPK,0,1,148.79999999999998,1.2748091603053435
Busokelo,-9.05,33.425,Clay Loam,14.25,81.89,1.35,137.8,56.8,19.3,6.2,150.0,50.8,20.7,MOP,0,1,213.90000000000003,2.3840830449826993
Busokelo,-9.0,33.575,Clay Loam,17.06,90.0,5.27,151.6,39.9,54.0,5.4,149.5,42.7,55.5,Apply Lime,0,1,245.5,3.706601466992665
Busokelo,-9.025,33.45,Clay,17.38,68.28,0.0,94.2,29.4,26.1,5.8,91.1,27.6,27.4,MOP,0,0,149.7,3.098684210526316
Busokelo,-9.1,33.5,Sandy Clay Loam,18.36,83.71,24.79,67.0,37.6,26.0,5.7,69.6,42.1,27.8,NPK,0,3,130.6,1.7357512953367875
Busokelo,-8.925,33.55,Sandy Clay Loam,17.51,66.41,0.0,75.5,27.4,49.7,5.8,71.6,26.6,47.0,DAP,0,3,152.60000000000002,2.6584507042253525
Busokelo,-8.975,33.4,Loam,16.92,87.53,3.92,151.8,9.5,60.3,5.9,147.0,9.5,60.8,SSP,0,2,221.60000000000002,14.457142857142859
Busokelo,-9.05,33.525,Sandy Clay Loam,18.22,80.74,9.78,66.0,75.6,17.6,5.6,65.8,69.5,16.2,NPK,0,3,159.2,0.8616187989556137
Busokelo,-9.0,33.4,Sandy Clay Loam,18.17,70.01,0.0,42.7,13.4,19.5,5.7,45.5,12.4,20.7,NPK,0,3,75.6,2.965277777777778
Busokelo,-8.975,33.65,Clay Loam,13.16,83.69,0.0,23.6,9.1,23.5,5.5,24.4,8.8,26.8,NPK,0,1,56.2,2.336633663366337
Busokelo,-9.125,33.4,Clay Loam,18.54,85.5,63.41,74.1,63.3,88.7,5.9,89.3,62.0,87.8,Urea,0,1,226.09999999999997,1.1524105754276828
Busokelo,-9.125,33.65,Sandy Clay Loam,17.57,79.53,1.94,93.5,24.8,44.5,5.7,92.0,23.9,39.4,SSP,0,3,162.8,3.6240310077519378
Busokelo,-9.1,33.65,Sandy Clay Loam,18.77,80.93,9.05,153.2,47.1,58.4,5.6,153.0,46.9,56.3,No Fertilizer,0,3,258.7,3.1850311850311845
Busokelo,-9.075,33.65,Clay Loam,19.51,78.17,2.73,48.2,25.6,32.2,5.5,47.6,25.7,26.3,NPK,0,1,106.00000000000001,1.8120300751879699
Busokelo,-9.05,33.475,Sandy Clay Loam,15.64,85.83,0.48,77.4,32.8,48.3,5.7,74.8,29.8,47.2,Urea,0,3,158.5,2.2899408284023672
Busokelo,-9.15,33.55,Sandy Clay Loam,17.47,87.97,9.01,151.4,23.6,12.4,5.8,147.4,21.3,12.2,NPK,0,3,187.4,6.154471544715447
Busokelo,-9.15,33.6,Sandy Clay Loam,16.93,71.43,0.0,148.9,26.4,7.6,5.6,150.0,26.6,8.9,NPK,0,3,182.9,5.434306569343066
Busokelo,-9.125,33.575,Sandy Clay Loam,19.16,80.66,0.97,75.6,31.6,46.7,5.6,75.4,31.1,45.4,Urea,0,3,153.89999999999998,2.3190184049079754
Busokelo,-9.1,33.425,Sandy Clay Loam,13.16,73.27,0.0,79.4,51.8,40.0,5.9,88.1,51.5,39.5,Urea,0,3,171.2,1.503787878787879
Busokelo,-9.0,33.65,Sandy Clay Loam,14.98,86.48,0.08,59.0,33.5,17.0,5.7,61.6,37.8,17.5,NPK,0,3,109.5,1.710144927536232
Busokelo,-9.0,33.65,Sandy Clay Loam,12.81,82.27,0.19,169.1,64.7,63.1,5.7,168.5,66.3,63.8,No Fertilizer,0,3,296.90000000000003,2.573820395738204
Busokelo,-9.15,33.6,Sandy Clay Loam,18.63,75.4,0.0,28.6,7.5,89.0,5.6,30.2,6.8,89.4,DAP,0,3,125.1,3.364705882352941
Busokelo,-8.95,33.65,Clay Loam,17.47,90.64,12.68,178.9,35.2,38.7,5.9,168.7,37.2,39.2,No Fertilizer,0,1,252.8,4.941988950276243
Busokelo,-9.1,33.65,Sandy Clay Loam,17.13,84.02,2.67,120.4,48.9,67.0,5.6,126.3,42.6,58.5,No Fertilizer,0,3,236.3,2.4128256513026054
Busokelo,-9.0,33.575,Clay Loam,18.51,73.04,0.07,101.9,70.0,84.6,5.4,100.4,64.7,86.9,Apply Lime,0,1,256.5,1.435211267605634
Busokelo,-9.075,33.475,Sandy Clay Loam,13.85,71.65,0.0,15.7,7.4,76.7,5.7,15.6,7.2,75.8,DAP,0,3,99.80000000000001,1.8690476190476188
Busokelo,-9.05,33.6,Sandy Clay Loam,18.2,82.4,9.03,95.6,43.5,43.7,5.6,90.9,41.9,44.9,No Fertilizer,0,3,182.8,2.148314606741573
Busokelo,-9.0,33.5,Sandy Clay Loam,16.32,90.26,19.02,84.3,56.5,71.7,5.5,79.3,60.3,67.9,Urea,0,3,212.5,1.4660869565217391
Busokelo,-9.0,33.525,Clay Loam,15.22,81.99,0.02,39.2,19.6,17.0,5.4,37.4,20.0,16.8,Apply Lime,0,1,75.80000000000001,1.9029126213592233
Busokelo,-9.1,33.45,Sandy Clay Loam,18.79,89.31,35.96,103.7,68.1,48.1,5.7,121.6,61.8,49.0,No Fertilizer,0,3,219.9,1.5007235890014474
Busokelo,-8.95,33.6,Sandy Clay Loam,19.77,69.07,0.18,189.7,5.0,25.5,6.0,175.1,5.3,29.4,NPK,0,3,220.2,31.616666666666664
Busokelo,-9.125,33.525,Sandy Clay Loam,17.73,84.87,27.87,116.9,56.2,19.9,5.7,105.6,52.3,19.5,MOP,0,3,193.00000000000003,2.0437062937062938
Busokelo,-8.975,33.6,Sandy Clay Loam,18.17,79.94,5.48,127.1,59.3,40.9,5.8,131.5,65.6,41.8,No Fertilizer,0,3,227.29999999999998,2.1077943615257047
Busokelo,-9.025,33.55,Clay Loam,20.55,74.43,2.34,22.0,43.4,16.9,5.4,21.6,47.4,17.0,Apply Lime,0,1,82.30000000000001,0.4954954954954955
Busokelo,-9.05,33.55,Sandy Clay Loam,17.9,81.58,1.15,76.0,37.4,59.4,5.5,81.0,33.0,64.7,Urea,0,3,172.8,1.9791666666666667
Busokelo,-9.075,33.4,Clay Loam,13.11,85.06,0.49,25.7,7.0,48.8,6.0,29.8,7.0,44.3,DAP,0,1,81.5,3.2125
Busokelo,-8.975,33.625,Clay Loam,16.93,88.7,5.45,108.3,62.3,53.7,5.6,114.2,64.7,50.6,No Fertilizer,0,1,224.3,1.7109004739336493
Busokelo,-9.025,33.475,Clay Loam,18.9,74.95,0.73,163.1,38.4,20.1,5.6,169.5,35.0,18.3,MOP,0,1,221.6,4.1395939086294415
Busokelo,-9.125,33.525,Sandy Clay Loam,18.14,82.64,22.19,119.5,6.4,19.2,5.7,122.5,5.9,17.7,NPK,0,3,145.1,16.14864864864865
Busokelo,-9.075,33.55,Sandy Clay Loam,18.09,75.76,0.16,21.5,52.7,57.3,5.8,23.1,49.5,55.0,Urea,0,3,131.5,0.4003724394785847
Busokelo,-9.075,33.55,Sandy Clay Loam,17.07,93.84,31.13,66.7,34.4,81.6,5.8,70.3,35.8,88.7,Urea,0,3,182.7,1.8841807909604522
Busokelo,-9.05,33.6,Sandy Clay Loam,18.07,85.31,0.13,103.5,12.0,15.9,5.6,103.6,12.2,14.1,NPK,0,3,131.4,7.961538461538462
Busokelo,-8.975,33.4,Loam,20.42,66.79,0.0,74.3,18.5,28.1,5.9,78.5,18.1,30.0,NPK,0,2,120.9,3.81025641025641
Busokelo,-9.0,33.6,Clay Loam,13.32,78.09,0.0,157.5,8.7,77.5,5.6,151.7,8.3,79.0,SSP,0,1,243.7,16.23711340206186
Busokelo,-9.05,33.525,Sandy Clay Loam,20.15,66.69,0.0,155.6,40.4,12.7,5.6,148.5,41.9,12.1,MOP,0,3,208.7,3.758454106280193
Busokelo,-8.975,33.575,Sandy Clay Loam,16.62,83.94,0.04,133.0,45.6,83.8,5.6,114.0,45.1,79.6,No Fertilizer,0,3,262.4,2.854077253218884
Busokelo,-8.975,33.65,Clay Loam,13.74,76.31,0.0,79.3,38.1,52.0,5.5,73.5,37.4,50.0,Urea,0,1,169.4,2.0281329923273654
Busokelo,-9.15,33.5,Sandy Clay Loam,18.5,81.42,3.02,54.3,63.1,39.2,5.8,53.4,57.9,40.3,Urea,0,3,156.60000000000002,0.8471138845553823
Busokelo,-9.125,33.45,Sandy Clay Loam,17.27,88.11,16.34,26.8,64.0,30.7,5.4,28.0,60.8,32.0,Apply Lime,0,3,121.5,0.4123076923076923
Busokelo,-9.0,33.525,Clay Loam,17.84,86.0,13.98,71.8,39.9,36.5,5.4,70.3,44.6,31.0,Apply Lime,0,1,148.2,1.7555012224938875
Busokelo,-9.05,33.55,Sandy Clay Loam,14.21,80.9,0.0,82.1,4.8,31.6,5.5,80.2,4.8,31.7,NPK,0,3,118.5,14.155172413793103
Busokelo,-9.025,33.6,Sandy Clay Loam,17.11,88.01,3.7,120.4,46.6,79.4,5.6,124.9,49.9,80.3,No Fertilizer,0,3,246.4,2.5294117647058822
Busokelo,-8.95,33.625,Clay Loam,17.54,66.98,0.0,128.6,32.8,63.5,5.7,121.9,31.6,66.8,No Fertilizer,0,1,224.89999999999998,3.804733727810651
Busokelo,-8.925,33.575,Sandy Clay Loam,18.31,86.2,13.1,19.8,44.0,63.3,5.9,21.9,41.3,62.3,Urea,0,3,127.1,0.44
Busokelo,-9.1,33.625,Clay Loam,18.32,85.59,24.22,75.9,47.2,74.1,5.6,77.2,46.8,73.1,Urea,0,1,197.2,1.5746887966804979
Busokelo,-8.95,33.45,Sandy Clay Loam,18.56,73.74,0.19,42.5,26.6,27.6,5.7,40.9,27.1,27.6,NPK,0,3,96.69999999999999,1.539855072463768
Busokelo,-9.05,33.65,Clay Loam,17.11,67.11,0.0,35.9,64.8,59.5,5.4,36.7,64.5,57.9,Apply Lime,0,1,160.2,0.5455927051671733
Busokelo,-9.025,33.5,Clay Loam,18.34,67.38,5.87,148.5,13.0,50.2,5.5,150.6,12.8,44.6,SSP,0,1,211.7,10.607142857142858
Busokelo,-9.15,33.65,Clay Loam,13.66,82.49,0.03,17.0,46.2,68.7,5.4,17.1,48.3,71.7,Apply Lime,0,1,131.9,0.3601694915254237
Busokelo,-9.05,33.6,Sandy Clay Loam,18.11,59.09,0.0,76.5,3.9,32.1,5.6,81.3,4.3,32.0,NPK,0,3,112.5,15.612244897959183
Busokelo,-9.05,33.5,Sandy Clay Loam,16.37,69.97,0.0,41.8,55.7,57.3,5.7,38.6,65.0,60.0,Urea,0,3,154.8,0.7372134038800705
Busokelo,-8.95,33.6,Sandy Clay Loam,14.21,80.8,0.0,148.1,12.4,81.8,6.0,159.5,11.4,80.1,SSP,0,3,242.3,11.052238805970148
Busokelo,-9.0,33.425,Sandy Clay Loam,14.94,87.71,1.19,107.0,10.6,38.2,5.7,104.7,10.3,39.8,SSP,0,3,155.8,9.224137931034482
Busokelo,-8.925,33.45,Sandy Clay Loam,18.78,75.33,1.98,50.8,26.6,11.2,5.9,49.3,26.0,11.6,NPK,0,3,88.60000000000001,1.8405797101449273
Busokelo,-9.05,33.525,Sandy Clay Loam,19.23,71.05,0.06,89.1,31.2,44.3,5.6,95.4,28.7,49.3,No Fertilizer,0,3,164.6,2.7670807453416146
Busokelo,-8.9,33.4,Sandy Clay Loam,18.16,90.72,20.39,135.0,16.5,35.3,5.8,134.4,18.1,35.1,SSP,0,3,186.8,7.714285714285714
Busokelo,-9.125,33.6,Sandy Clay Loam,16.89,89.36,13.31,161.9,37.4,64.3,5.4,172.9,42.6,62.5,Apply Lime,0,3,263.6,4.216145833333334
Busokelo,-9.075,33.525,Loam,15.52,73.85,0.0,52.1,34.1,97.1,5.7,47.5,33.2,85.9,Urea,0,2,183.3,1.4843304843304843
Busokelo,-9.125,33.625,Clay Loam,18.7,80.68,8.92,147.8,6.4,48.3,5.2,160.7,6.3,46.8,Apply Lime,0,1,202.5,19.972972972972972
Busokelo,-8.95,33.45,Sandy Clay Loam,17.91,87.04,9.75,161.1,22.1,43.7,5.7,168.8,25.1,45.2,SSP,0,3,226.89999999999998,6.974025974025973
Busokelo,-9.1,33.55,Loam,17.37,69.82,0.0,151.6,58.9,55.2,5.8,165.8,57.5,61.0,No Fertilizer,0,2,265.7,2.5308848080133557
Busokelo,-8.925,33.6,Clay Loam,16.54,69.04,0.01,106.8,48.1,13.4,5.7,118.0,49.5,14.7,MOP,0,1,168.3,2.175152749490835
Busokelo,-9.05,33.65,Clay Loam,18.53,85.39,4.94,130.1,48.9,24.8,5.4,117.1,51.8,27.3,Apply Lime,0,1,203.8,2.6072144288577155
Busokelo,-8.925,33.475,Sandy Loam,16.6,89.76,5.11,81.5,48.9,94.1,6.0,78.5,50.1,83.2,Urea,0,4,224.5,1.6332665330661322
Busokelo,-9.025,33.525,Sandy Clay Loam,17.05,89.06,7.54,139.3,20.3,63.5,5.4,137.9,24.5,62.3,Apply Lime,0,3,223.10000000000002,6.539906103286385
Busokelo,-9.025,33.45,Clay,17.88,86.54,34.3,95.7,10.1,6.8,5.8,100.3,10.6,7.1,NPK,0,0,112.6,8.621621621621623
Busokelo,-9.0,33.4,Sandy Clay Loam,19.14,75.91,1.44,133.1,20.9,21.6,5.7,125.2,22.0,23.2,NPK,0,3,175.6,6.077625570776256
Busokelo,-8.925,33.65,Clay Loam,15.44,79.47,0.01,78.1,61.2,59.6,5.9,82.8,58.9,63.4,Urea,0,1,198.9,1.255627009646302
Busokelo,-9.1,33.475,Sandy Clay Loam,17.33,88.12,15.32,141.8,68.0,67.2,6.0,134.4,68.7,70.2,No Fertilizer,0,3,277.0,2.055072463768116
Busokelo,-9.05,33.425,Clay Loam,17.2,89.52,8.7,141.0,38.2,83.6,6.2,150.2,36.6,76.5,No Fertilizer,0,1,262.79999999999995,3.596938775510204
Busokelo,-9.125,33.575,Sandy Clay Loam,13.56,79.79,0.2,33.3,3.8,30.5,5.6,34.9,4.6,30.5,NPK,0,3,67.6,6.9375
Busokelo,-9.0,33.475,Clay Loam,18.71,82.07,1.99,159.6,12.5,75.7,5.8,151.6,13.2,84.2,SSP,0,1,247.8,11.822222222222221
Busokelo,-9.075,33.575,Clay Loam,16.41,92.82,32.35,108.0,26.2,60.9,5.8,101.9,25.3,52.4,SSP,0,1,195.1,3.9705882352941178
Busokelo,-8.925,33.45,Sandy Clay Loam,14.32,80.25,0.07,160.0,41.3,59.4,5.9,153.6,42.2,64.5,No Fertilizer,0,3,260.7,3.7825059101654848
Busokelo,-9.15,33.6,Sandy Clay Loam,17.68,86.47,49.51,77.2,9.5,53.8,5.6,83.3,9.0,56.1,DAP,0,3,140.5,7.352380952380953
Busokelo,-9.1,33.5,Sandy Clay Loam,16.97,91.01,13.63,72.1,57.9,17.8,5.7,74.4,66.3,16.3,NPK,0,3,147.8,1.2241086587436332
Busokelo,-9.125,33.55,Sandy Clay Loam,16.06,66.6,0.0,167.4,29.5,89.4,5.7,165.6,28.1,86.9,No Fertilizer,0,3,286.3,5.488524590163935
Busokelo,-8.975,33.5,Clay Loam,15.45,85.27,0.45,49.6,61.4,15.8,5.8,52.7,64.2,16.3,NPK,0,1,126.8,0.7948717948717949
Busokelo,-8.975,33.55,Sandy Clay Loam,16.96,86.13,13.28,168.2,52.7,25.0,5.5,153.5,55.5,27.4,MOP,0,3,245.89999999999998,3.132216014897579
Busokelo,-8.925,33.525,Sandy Clay Loam,19.11,80.14,10.35,76.8,57.6,69.3,5.6,92.3,53.9,74.3,No Fertilizer,0,3,203.7,1.310580204778157
Busokelo,-8.9,33.4,Sandy Clay Loam,13.23,85.48,0.69,92.1,47.6,54.3,5.8,97.4,44.0,58.0,No Fertilizer,0,3,194.0,1.8950617283950615
Busokelo,-9.1,33.525,Sandy Clay Loam,17.99,80.48,0.29,60.2,48.7,76.4,5.8,62.4,45.4,76.4,Urea,0,3,185.3,1.2112676056338028
Busokelo,-9.125,33.425,Sandy Clay Loam,17.89,85.69,5.51,86.0,52.7,50.0,5.8,107.4,46.1,49.3,No Fertilizer,0,3,188.7,1.6014897579143388
Busokelo,-8.975,33.6,Sandy Clay Loam,16.96,87.93,10.79,58.9,49.5,37.3,5.8,65.3,45.5,37.7,Urea,0,3,145.7,1.1663366336633663
Busokelo,-9.075,33.4,Clay Loam,17.24,68.58,0.0,17.4,38.3,83.2,6.0,16.7,40.5,83.4,Urea,0,1,138.9,0.44274809160305345
Busokelo,-9.15,33.575,Sandy Loam,14.98,86.48,0.08,56.4,69.8,8.4,5.6,56.2,69.1,9.0,NPK,0,4,134.6,0.7966101694915254
Busokelo,-8.925,33.525,Sandy Clay Loam,17.65,86.77,4.07,12.3,51.0,79.5,5.6,11.1,52.3,77.9,Urea,0,3,142.8,0.23653846153846156
Busokelo,-8.95,33.6,Sandy Clay Loam,18.09,90.74,146.08,195.4,63.1,27.7,6.0,176.3,55.3,25.4,MOP,0,3,286.2,3.0483619344773794
Busokelo,-9.15,33.475,Sandy Clay Loam,18.7,80.68,8.92,179.5,66.3,76.4,5.5,174.2,61.6,77.3,No Fertilizer,0,3,322.20000000000005,2.6671619613670137
Busokelo,-9.0,33.45,Clay Loam,11.96,82.72,0.06,78.9,18.0,17.5,5.9,77.2,18.2,17.7,NPK,0,1,114.4,4.152631578947369
Busokelo,-9.0,33.6,Clay Loam,17.96,83.2,3.25,134.4,10.1,55.1,5.6,133.8,9.5,54.7,SSP,0,1,199.6,12.108108108108109
Busokelo,-9.125,33.475,Sandy Clay Loam,16.34,92.45,6.48,56.0,32.8,86.9,5.6,68.8,35.9,80.6,Urea,0,3,175.7,1.656804733727811
Busokelo,-9.1,33.575,Sandy Loam,19.6,62.31,0.3,112.0,38.6,42.9,5.6,124.1,37.9,45.8,No Fertilizer,0,4,193.5,2.8282828282828283
Busokelo,-9.1,33.525,Sandy Clay Loam,16.06,82.28,0.07,148.0,54.9,75.7,5.8,146.9,58.7,68.7,No Fertilizer,0,3,278.6,2.6475849731663685
Busokelo,-8.975,33.55,Sandy Clay Loam,15.49,74.46,0.0,178.3,29.4,75.8,5.5,170.9,33.3,73.6,No Fertilizer,0,3,283.5,5.865131578947369
Busokelo,-9.025,33.45,Clay,18.21,84.13,24.64,79.6,44.0,68.0,5.8,78.0,41.7,67.9,Urea,0,0,191.6,1.7688888888888887
Busokelo,-9.075,33.65,Clay Loam,12.72,76.63,0.0,134.2,41.3,90.8,5.5,143.2,38.8,83.7,No Fertilizer,0,1,266.3,3.1725768321513
Busokelo,-9.05,33.625,Clay Loam,17.68,84.92,0.33,58.8,6.7,39.9,5.6,55.2,6.5,43.5,DAP,0,1,105.4,7.636363636363636
Busokelo,-9.15,33.5,Sandy Clay Loam,16.62,85.63,0.28,196.9,44.0,21.3,5.8,178.4,44.6,20.5,MOP,0,3,262.2,4.375555555555556
Busokelo,-9.075,33.625,Clay Loam,16.75,67.57,0.0,15.3,53.5,10.3,5.4,14.4,58.7,10.0,Apply Lime,0,1,79.1,0.28073394495412846
Busokelo,-9.0,33.425,Sandy Clay Loam,17.65,86.76,15.84,120.4,13.2,25.0,5.7,112.6,14.4,26.7,NPK,0,3,158.6,8.47887323943662
Busokelo,-9.125,33.45,Sandy Clay Loam,18.31,72.94,0.5,117.3,40.3,18.6,5.4,122.1,43.2,18.0,Apply Lime,0,3,176.2,2.8401937046004844
Busokelo,-9.025,33.5,Clay Loam,12.35,77.73,0.0,136.5,42.5,53.9,5.5,127.0,43.2,52.9,No Fertilizer,0,1,232.9,3.1379310344827585
Busokelo,-9.0,33.475,Clay Loam,17.97,87.12,10.77,30.8,16.0,21.3,5.8,30.5,14.8,21.5,NPK,0,1,68.1,1.811764705882353
Busokelo,-9.075,33.525,Loam,16.78,70.29,0.0,175.6,13.1,9.8,5.7,169.6,12.1,9.3,NPK,0,2,198.5,12.453900709219859
Busokelo,-9.15,33.475,Sandy Clay Loam,18.22,77.22,0.08,41.8,60.8,8.7,5.5,40.8,68.7,9.0,NPK,0,3,111.3,0.6763754045307443
Busokelo,-8.975,33.5,Clay Loam,19.09,75.79,0.57,114.9,28.5,77.3,5.8,115.9,30.0,75.9,No Fertilizer,0,1,220.7,3.8949152542372882
Busokelo,-8.925,33.525,Sandy Clay Loam,12.39,75.61,0.0,45.0,18.1,55.2,5.6,47.9,19.0,55.7,DAP,0,3,118.30000000000001,2.3560209424083767
Busokelo,-9.1,33.625,Clay Loam,13.09,80.29,1.06,61.9,12.6,34.5,5.6,62.2,15.3,36.1,DAP,0,1,109.0,4.551470588235294
Busokelo,-8.975,33.5,Clay Loam,17.76,85.34,3.4,110.0,50.0,84.0,5.8,102.9,48.1,81.1,No Fertilizer,0,1,244.0,2.156862745098039
Busokelo,-9.05,33.4,Clay Loam,16.69,66.86,0.0,78.4,43.5,11.7,6.0,80.9,44.2,11.9,NPK,0,1,133.6,1.761797752808989
Busokelo,-8.9,33.4,Sandy Clay Loam,19.8,74.5,0.35,39.6,46.1,79.2,5.8,37.2,46.5,88.3,Urea,0,3,164.9,0.8407643312101911
Busokelo,-8.925,33.55,Sandy Clay Loam,17.66,89.02,7.1,41.1,10.7,50.5,5.8,39.1,9.8,57.8,DAP,0,3,102.3,3.512820512820513
Busokelo,-9.15,33.425,Clay Loam,11.76,83.07,5.51,79.4,63.4,22.6,5.5,81.1,63.0,21.4,NPK,0,1,165.4,1.2329192546583851
Busokelo,-9.1,33.6,Clay Loam,18.52,68.13,0.0,152.2,28.8,57.7,5.4,138.7,29.7,63.0,Apply Lime,0,1,238.7,5.10738255033557
Busokelo,-9.1,33.65,Sandy Clay Loam,17.35,87.96,6.88,158.6,25.7,71.5,5.6,162.7,24.7,70.1,SSP,0,3,255.79999999999998,5.940074906367041
Busokelo,-9.075,33.525,Loam,17.01,73.42,0.24,26.9,37.1,42.2,5.7,24.3,34.5,42.1,Urea,0,2,106.2,0.706036745406824
Busokelo,-9.025,33.5,Clay Loam,17.1,90.27,8.44,79.2,30.4,76.4,5.5,76.8,29.7,78.4,Urea,0,1,186.0,2.5222929936305736
Busokelo,-8.9,33.6,Sandy Clay Loam,16.47,75.8,0.12,27.0,63.9,21.2,5.8,27.0,61.0,18.7,NPK,0,3,112.10000000000001,0.4160246533127889
Busokelo,-9.05,33.625,Clay Loam,17.6,88.38,5.25,12.0,64.7,29.8,5.6,12.8,65.3,29.4,NPK,0,1,106.5,0.182648401826484
Busokelo,-8.975,33.525,Clay Loam,13.51,76.11,0.0,121.7,23.9,14.6,5.7,122.5,24.0,13.9,NPK,0,1,160.2,4.887550200803213
Busokelo,-9.125,33.575,Sandy Clay Loam,18.17,85.43,11.04,110.8,61.5,24.2,5.6,112.4,61.0,23.7,MOP,0,3,196.5,1.7728
Busokelo,-9.1,33.475,Sandy Clay Loam,18.7,86.97,5.97,34.4,52.7,25.6,6.0,37.7,55.6,26.1,NPK,0,3,112.69999999999999,0.6405959031657356
Busokelo,-9.15,33.425,Clay Loam,15.59,81.74,0.03,49.0,62.8,83.0,5.5,49.7,65.4,83.1,Urea,0,1,194.8,0.768025078369906
Busokelo,-9.075,33.425,Clay Loam,14.43,78.91,0.0,13.2,22.2,13.8,5.9,14.0,20.2,12.6,NPK,0,1,49.2,0.5689655172413793
Busokelo,-9.025,33.425,Sandy Clay Loam,17.07,87.38,16.27,158.2,48.0,45.1,6.0,151.9,42.1,41.9,No Fertilizer,0,3,251.29999999999998,3.228571428571428
Busokelo,-8.95,33.625,Clay Loam,16.76,84.36,0.22,191.8,24.6,57.7,5.7,175.7,22.1,50.7,SSP,0,1,274.1,7.4921875
Busokelo,-8.95,33.45,Sandy Clay Loam,13.77,75.03,0.0,30.2,53.0,82.8,5.7,33.0,58.4,81.5,Urea,0,3,166.0,0.5592592592592592
Busokelo,-8.95,33.45,Sandy Clay Loam,12.79,87.42,2.18,55.3,3.9,84.3,5.7,49.4,4.4,89.8,DAP,0,3,143.5,11.285714285714285
Busokelo,-8.9,33.525,Sandy Loam,15.93,83.7,0.0,156.2,37.8,67.1,6.0,157.6,41.3,69.3,No Fertilizer,0,4,261.1,4.025773195876289
Busokelo,-9.125,33.625,Clay Loam,18.13,68.91,0.08,156.1,26.6,80.3,5.2,167.5,26.4,87.5,Apply Lime,0,1,263.0,5.6557971014492745
Busokelo,-9.05,33.6,Sandy Clay Loam,17.66,89.05,7.42,85.7,20.3,76.0,5.6,81.3,25.3,72.1,DAP,0,3,182.0,4.023474178403756
Busokelo,-8.925,33.425,Loam,18.64,87.18,8.39,18.0,44.6,83.3,6.5,18.6,46.6,86.9,Urea,0,2,145.9,0.39473684210526316
Busokelo,-9.05,33.6,Sandy Clay Loam,16.02,74.51,8.23,16.6,66.1,51.4,5.6,16.7,60.2,65.4,Urea,0,3,134.1,0.24739195230998515
Busokelo,-8.9,33.45,Sandy Clay Loam,20.38,67.58,0.15,104.5,47.2,14.9,5.8,107.6,44.2,12.7,MOP,0,3,166.6,2.16804979253112
Busokelo,-9.1,33.5,Sandy Clay Loam,16.99,92.91,21.23,72.4,58.2,38.2,5.7,76.8,60.3,39.8,Urea,0,3,168.8,1.222972972972973
Busokelo,-9.0,33.625,Clay Loam,12.43,69.75,0.0,15.6,20.8,57.9,5.6,14.9,21.5,60.3,DAP,0,1,94.3,0.7155963302752293
Busokelo,-9.125,33.6,Sandy Clay Loam,16.68,82.86,0.06,107.0,39.8,39.6,5.4,109.2,38.3,35.5,Apply Lime,0,3,186.4,2.622549019607843
Busokelo,-8.925,33.475,Sandy Loam,14.17,81.69,0.02,10.7,35.9,26.5,6.0,11.9,33.7,29.0,NPK,0,4,73.1,0.28997289972899726
Busokelo,-9.05,33.5,Sandy Clay Loam,17.42,87.81,17.73,149.4,4.6,58.8,5.7,143.9,4.8,54.5,SSP,0,3,212.8,26.67857142857143
Busokelo,-9.1,33.4,Sandy Clay Loam,13.47,80.69,0.37,56.9,40.1,80.9,6.0,62.1,40.7,84.4,Urea,0,3,177.9,1.3844282238442822
Busokelo,-9.075,33.45,Clay Loam,13.37,79.15,0.17,15.5,45.8,8.1,5.7,16.8,47.7,8.9,NPK,0,1,69.39999999999999,0.33119658119658124
Busokelo,-8.975,33.625,Clay Loam,18.56,73.74,0.19,119.2,39.1,79.0,5.6,110.0,43.1,70.6,No Fertilizer,0,1,237.3,2.972568578553616
Busokelo,-9.125,33.6,Sandy Clay Loam,15.91,64.13,0.0,71.1,51.8,71.0,5.4,77.6,52.6,66.7,Apply Lime,0,3,193.89999999999998,1.346590909090909
Busokelo,-8.9,33.6,Sandy Clay Loam,17.01,84.55,0.26,147.1,40.8,92.6,5.8,175.5,41.7,87.0,No Fertilizer,0,3,280.5,3.5191387559808613
Busokelo,-9.025,33.55,Clay Loam,17.64,91.65,17.89,107.0,7.7,86.3,5.4,102.5,8.4,84.2,Apply Lime,0,1,201.0,12.298850574712645
Busokelo,-8.925,33.425,Loam,16.45,89.9,27.47,55.6,12.2,73.0,6.5,56.8,11.7,70.0,DAP,0,2,140.8,4.212121212121213
Busokelo,-8.9,33.475,Loam,13.24,81.55,0.0,128.6,44.8,45.4,6.0,130.6,43.4,49.7,No Fertilizer,0,2,218.79999999999998,2.8078602620087336
Busokelo,-9.1,33.5,Sandy Clay Loam,15.77,79.02,0.0,54.9,23.2,23.3,5.7,56.2,22.1,23.2,NPK,0,3,101.39999999999999,2.268595041322314
Busokelo,-9.125,33.575,Sandy Clay Loam,17.26,85.68,14.46,166.4,8.8,48.4,5.6,163.7,9.3,51.8,SSP,0,3,223.60000000000002,16.979591836734695
Busokelo,-9.025,33.475,Clay Loam,16.84,90.81,6.59,69.8,27.9,63.5,5.6,73.7,32.4,70.3,Urea,0,1,161.2,2.41522491349481
Busokelo,-9.05,33.525,Sandy Clay Loam,13.9,83.67,3.27,114.2,41.9,83.6,5.6,103.5,40.6,81.2,No Fertilizer,0,3,239.7,2.6620046620046622
Busokelo,-8.9,33.475,Loam,11.43,72.03,0.0,16.7,24.5,78.2,6.0,18.6,25.7,72.3,DAP,0,2,119.4,0.6549019607843137
Busokelo,-8.95,33.45,Sandy Clay Loam,15.54,75.05,0.0,85.0,48.3,21.8,5.7,82.4,51.5,22.4,NPK,0,3,155.10000000000002,1.7241379310344829
Busokelo,-9.125,33.65,Sandy Clay Loam,16.44,88.23,0.4,158.3,42.4,55.5,5.7,151.5,46.5,56.4,No Fertilizer,0,3,256.20000000000005,3.6474654377880187
Busokelo,-9.1,33.45,Sandy Clay Loam,11.74,84.09,0.0,139.1,25.5,31.2,5.7,147.0,26.0,33.9,SSP,0,3,195.79999999999998,5.249056603773584
Busokelo,-9.15,33.625,Clay Loam,19.21,82.38,3.87,44.7,59.8,6.8,5.3,48.1,53.8,6.8,Apply Lime,0,1,111.3,0.7351973684210528
Busokelo,-9.05,33.45,Clay Loam,17.52,76.03,7.34,51.9,45.2,24.0,5.5,48.4,46.8,22.8,NPK,0,1,121.1,1.1233766233766234
Busokelo,-8.9,33.475,Loam,12.87,79.49,0.09,138.6,42.6,16.4,6.0,148.9,46.1,15.5,MOP,0,2,197.6,3.1788990825688073
Busokelo,-9.0,33.5,Sandy Clay Loam,16.72,85.84,17.04,161.0,42.4,79.7,5.5,168.2,40.5,76.8,No Fertilizer,0,3,283.1,3.709677419354839
Busokelo,-9.05,33.6,Sandy Clay Loam,13.8,78.19,0.0,27.8,4.8,26.5,5.6,26.2,4.8,27.7,NPK,0,3,59.1,4.793103448275862
Busokelo,-8.9,33.45,Sandy Clay Loam,18.61,89.5,6.46,86.7,42.6,28.6,5.8,86.5,50.0,29.9,NPK,0,3,157.9,1.988532110091743
Busokelo,-9.025,33.525,Sandy Clay Loam,17.07,88.48,23.25,58.9,30.2,91.5,5.4,67.4,28.8,86.6,Apply Lime,0,3,180.6,1.8878205128205128
Busokelo,-9.1,33.55,Loam,16.36,84.54,2.38,177.3,76.1,40.0,5.8,158.0,66.2,37.8,No Fertilizer,0,2,293.4,2.2996108949416345
Busokelo,-8.925,33.425,Loam,12.38,79.64,0.0,23.3,47.4,6.7,6.5,24.2,58.0,6.8,NPK,0,2,77.4,0.48140495867768596
Busokelo,-8.925,33.425,Loam,18.4,82.53,33.56,44.6,39.1,29.0,6.5,45.9,42.8,29.8,NPK,0,2,112.7,1.112219451371571
Busokelo,-9.125,33.475,Sandy Clay Loam,10.66,82.94,0.02,140.4,16.5,17.3,5.6,137.9,20.6,16.0,NPK,0,3,174.20000000000002,8.022857142857143
Busokelo,-9.1,33.45,Sandy Clay Loam,14.41,75.07,0.0,19.5,17.4,14.3,5.7,18.7,17.4,14.6,NPK,0,3,51.2,1.0597826086956523
Busokelo,-9.0,33.65,Sandy Clay Loam,14.43,84.55,0.0,106.6,28.3,13.2,5.7,93.7,26.5,12.5,NPK,0,3,148.1,3.6382252559726957
Busokelo,-9.15,33.525,Sandy Clay Loam,17.16,88.45,5.88,75.3,35.7,55.3,5.7,85.2,35.5,55.8,Urea,0,3,166.3,2.0517711171662123
Busokelo,-8.9,33.65,Sandy Clay Loam,18.47,87.76,4.85,70.7,25.8,20.3,5.8,66.8,23.5,21.9,NPK,0,3,116.8,2.6380597014925375
Busokelo,-9.1,33.55,Loam,17.78,89.01,1.64,81.1,40.2,40.4,5.8,77.1,38.0,36.3,Urea,0,2,161.7,1.9684466019417473
Busokelo,-8.925,33.475,Sandy Loam,16.08,83.88,1.31,99.1,16.7,79.1,6.0,100.1,14.9,78.4,SSP,0,4,194.89999999999998,5.598870056497175
Busokelo,-9.125,33.625,Clay Loam,15.74,84.62,0.0,39.5,74.1,39.6,5.2,37.4,68.5,41.6,Apply Lime,0,1,153.2,0.525965379494008
Busokelo,-9.1,33.425,Sandy Clay Loam,13.38,84.18,0.15,114.3,10.8,74.8,5.9,107.2,11.1,82.9,SSP,0,3,199.89999999999998,9.6864406779661
Busokelo,-8.9,33.6,Sandy Clay Loam,17.92,62.02,0.0,132.7,65.8,43.5,5.8,146.9,65.5,47.8,No Fertilizer,0,3,242.0,1.9865269461077844
Busokelo,-9.025,33.625,Clay Loam,14.29,81.94,0.0,156.3,60.4,38.5,5.6,139.2,64.3,39.5,No Fertilizer,0,1,255.20000000000002,2.5456026058631926
Busokelo,-9.15,33.525,Sandy Clay Loam,17.84,80.27,3.72,32.2,38.0,78.3,5.7,36.2,38.7,69.0,Urea,0,3,148.5,0.8256410256410257
Busokelo,-9.125,33.4,Clay Loam,18.75,66.28,0.0,32.6,52.1,11.6,5.9,35.4,51.8,12.1,NPK,0,1,96.3,0.6139359698681732
Busokelo,-8.9,33.475,Loam,16.64,94.48,20.5,54.6,32.6,14.9,6.0,55.6,32.8,13.5,NPK,0,2,102.10000000000001,1.625
Busokelo,-9.15,33.6,Sandy Clay Loam,16.82,84.4,5.65,81.0,49.9,60.2,5.6,71.4,45.6,60.8,Urea,0,3,191.10000000000002,1.5913555992141455
Busokelo,-9.025,33.475,Clay Loam,18.7,86.25,5.38,77.7,25.9,43.0,5.6,79.4,26.5,46.9,DAP,0,1,146.6,2.888475836431227
Busokelo,-8.975,33.5,Clay Loam,18.89,75.18,6.78,125.3,22.3,70.0,5.8,125.5,23.9,72.4,SSP,0,1,217.6,5.377682403433476
Busokelo,-9.025,33.55,Clay Loam,17.21,86.95,2.91,21.6,39.6,75.5,5.4,19.6,42.2,83.0,Apply Lime,0,1,136.7,0.5320197044334976
Busokelo,-9.1,33.55,Loam,12.97,78.02,0.0,15.6,38.6,36.3,5.8,15.9,36.9,38.6,Urea,0,2,90.5,0.3939393939393939
Busokelo,-9.15,33.625,Clay Loam,17.64,86.14,1.54,70.3,38.1,52.6,5.3,76.6,42.2,56.1,Apply Lime,0,1,161.0,1.7979539641943734
Busokelo,-9.075,33.425,Clay Loam,19.3,71.28,0.14,124.8,22.6,41.7,5.9,128.5,22.9,48.1,SSP,0,1,189.10000000000002,5.288135593220338
Busokelo,-9.075,33.5,Sandy Clay Loam,14.18,81.49,0.0,47.0,30.8,97.8,5.8,42.9,28.2,88.5,Urea,0,3,175.6,1.4779874213836477
Busokelo,-8.9,33.575,Clay Loam,17.89,89.01,14.5,119.6,9.7,76.9,5.9,119.1,9.5,75.8,SSP,0,1,206.2,11.177570093457945
Busokelo,-9.025,33.45,Clay,18.94,86.25,2.32,61.5,7.4,78.6,5.8,54.2,7.5,82.6,DAP,0,0,147.5,7.321428571428571
Busokelo,-8.9,33.525,Sandy Loam,16.62,89.67,3.23,168.9,20.7,27.8,6.0,160.6,20.7,27.4,NPK,0,4,217.4,7.783410138248849
Busokelo,-9.1,33.575,Sandy Loam,18.48,84.53,5.2,154.9,8.3,66.7,5.6,162.3,8.9,70.9,SSP,0,4,229.90000000000003,16.655913978494624
Busokelo,-8.975,33.55,Sandy Clay Loam,15.66,84.16,1.32,60.8,10.2,23.0,5.5,60.5,10.8,28.3,NPK,0,3,94.0,5.428571428571429
Busokelo,-8.95,33.5,Sandy Clay Loam,16.7,76.44,0.36,46.2,56.9,28.4,5.8,49.1,57.7,23.5,NPK,0,3,131.5,0.7979274611398964
Busokelo,-9.025,33.625,Clay Loam,18.59,86.45,21.22,76.2,6.7,86.5,5.6,79.9,6.6,85.3,DAP,0,1,169.4,9.896103896103897
Busokelo,-8.9,33.4,Sandy Clay Loam,17.02,89.81,21.82,66.8,50.6,7.3,5.8,50.9,47.5,7.6,NPK,0,3,124.7,1.2945736434108526
Busokelo,-9.125,33.625,Clay Loam,17.67,85.25,3.1,133.2,22.1,75.3,5.2,124.3,22.0,87.1,Apply Lime,0,1,230.59999999999997,5.766233766233765
Busokelo,-9.125,33.55,Sandy Clay Loam,14.29,76.43,0.0,159.5,67.3,16.6,5.7,150.4,61.5,18.5,MOP,0,3,243.4,2.335285505124451
Busokelo,-8.9,33.575,Clay Loam,16.45,91.28,9.95,119.0,40.1,83.5,5.9,124.4,36.0,74.8,No Fertilizer,0,1,242.6,2.895377128953771
Busokelo,-9.025,33.5,Clay Loam,16.33,68.51,0.0,166.6,25.5,32.2,5.5,150.1,24.2,29.2,NPK,0,1,224.3,6.286792452830189
Busokelo,-8.975,33.65,Clay Loam,16.56,83.64,19.12,83.5,41.4,37.3,5.5,77.5,38.2,35.5,Urea,0,1,162.2,1.9693396226415094
Busokelo,-9.1,33.45,Sandy Clay Loam,15.07,76.78,0.01,41.4,27.2,22.3,5.7,36.6,29.2,24.2,NPK,0,3,90.89999999999999,1.4680851063829787
Busokelo,-8.9,33.6,Sandy Clay Loam,14.57,80.9,0.02,152.8,37.9,61.0,5.8,135.5,41.2,55.2,No Fertilizer,0,3,251.70000000000002,3.9280205655527
Busokelo,-9.125,33.5,Sandy Clay Loam,13.39,83.89,0.0,63.9,12.0,36.3,5.7,71.3,11.6,35.2,DAP,0,3,112.2,4.915384615384616
Busokelo,-8.95,33.525,Sandy Clay Loam,12.7,83.17,0.56,114.5,63.2,64.0,5.9,124.1,69.8,61.2,No Fertilizer,0,3,241.7,1.7834890965732086
Busokelo,-9.1,33.65,Sandy Clay Loam,16.41,84.04,0.3,52.1,31.4,7.5,5.6,56.0,32.1,7.3,NPK,0,3,91.0,1.6080246913580247
Busokelo,-9.125,33.575,Sandy Clay Loam,13.38,84.18,0.15,22.2,28.4,10.2,5.6,23.8,27.0,11.4,NPK,0,3,60.8,0.7551020408163266
Busokelo,-9.05,33.65,Clay Loam,14.36,79.04,0.0,182.8,55.9,13.2,5.4,178.7,50.9,14.4,Apply Lime,0,1,251.9,3.2126537785588756
Busokelo,-9.125,33.425,Sandy Clay Loam,17.39,87.28,4.13,35.1,27.5,39.7,5.8,36.6,28.0,41.2,Urea,0,3,102.30000000000001,1.231578947368421
Busokelo,-9.0,33.425,Sandy Clay Loam,16.04,78.53,0.0,203.9,56.3,77.8,5.7,178.0,59.0,74.4,No Fertilizer,0,3,338.0,3.55846422338569
Busokelo,-9.0,33.55,Sandy Clay Loam,12.25,75.84,0.0,199.6,34.7,72.8,5.4,176.1,34.0,80.6,Apply Lime,0,3,307.1,5.591036414565826
Busokelo,-9.15,33.625,Clay Loam,12.06,80.18,0.28,144.9,47.6,26.2,5.3,144.9,51.5,26.6,Apply Lime,0,1,218.7,2.9814814814814814
Busokelo,-9.025,33.4,Sandy Clay Loam,17.14,68.37,0.0,138.8,11.0,53.6,5.8,122.1,11.1,54.2,SSP,0,3,203.4,11.566666666666668
Busokelo,-9.05,33.4,Clay Loam,17.91,86.22,7.42,119.5,59.8,74.5,6.0,108.2,59.8,70.5,No Fertilizer,0,1,253.8,1.9654605263157896
Busokelo,-8.925,33.45,Sandy Clay Loam,16.49,90.74,17.48,152.3,52.5,31.7,5.9,157.2,52.6,30.3,MOP,0,3,236.5,2.846728971962617
Busokelo,-8.95,33.625,Clay Loam,16.64,68.42,0.05,50.9,18.1,37.5,5.7,59.2,18.0,40.4,DAP,0,1,106.5,2.664921465968586
Busokelo,-8.95,33.4,Sandy Clay Loam,17.33,88.12,15.32,88.1,12.8,55.1,5.8,89.5,13.6,50.0,DAP,0,3,156.0,6.384057971014492
Busokelo,-9.075,33.5,Sandy Clay Loam,12.34,82.33,0.05,110.1,23.6,15.9,5.8,115.3,24.9,17.3,NPK,0,3,149.6,4.47560975609756
Busokelo,-8.925,33.575,Sandy Clay Loam,18.43,88.24,28.18,81.1,64.8,8.8,5.9,79.9,68.4,8.2,NPK,0,3,154.7,1.2325227963525835
Busokelo,-9.125,33.425,Sandy Clay Loam,13.42,82.38,0.38,83.2,18.6,18.1,5.8,82.7,21.0,18.8,NPK,0,3,119.9,4.244897959183674
Busokelo,-9.0,33.45,Clay Loam,17.7,84.72,1.34,66.4,34.9,59.3,5.9,66.1,34.1,58.7,Urea,0,1,160.60000000000002,1.8495821727019501
Busokelo,-9.025,33.6,Sandy Clay Loam,16.35,90.23,12.11,109.8,6.4,12.4,5.6,105.9,6.0,12.2,NPK,0,3,128.6,14.837837837837837
Busokelo,-8.9,33.65,Sandy Clay Loam,13.85,83.11,0.0,141.5,31.9,22.2,5.8,154.6,30.2,21.9,MOP,0,3,195.6,4.300911854103344
Busokelo,-9.125,33.55,Sandy Clay Loam,16.94,87.64,6.28,45.5,40.9,36.0,5.7,44.3,41.7,34.4,Urea,0,3,122.4,1.0859188544152745
Busokelo,-9.05,33.65,Clay Loam,16.54,87.74,2.45,163.7,63.1,12.9,5.4,168.9,66.9,12.5,Apply Lime,0,1,239.7,2.5538221528861156
Busokelo,-9.025,33.5,Clay Loam,18.7,66.61,0.0,128.9,40.1,23.3,5.5,127.1,38.1,22.1,MOP,0,1,192.3,3.1362530413625302
Busokelo,-8.95,33.55,Sandy Clay Loam,13.85,75.65,0.0,160.0,60.7,85.2,5.9,150.0,58.1,82.5,No Fertilizer,0,3,305.9,2.593192868719611
Busokelo,-8.9,33.575,Clay Loam,16.59,89.55,7.86,95.6,40.7,6.9,5.9,104.6,40.1,7.6,MOP,0,1,143.20000000000002,2.2925659472422057
Busokelo,-8.95,33.4,Sandy Clay Loam,14.83,81.53,0.1,139.7,7.5,62.0,5.8,142.5,6.7,60.9,SSP,0,3,209.2,16.435294117647057
Busokelo,-9.125,33.625,Clay Loam,18.12,73.34,0.16,12.6,24.7,36.8,5.2,12.8,24.8,38.3,Apply Lime,0,1,74.1,0.490272373540856
Busokelo,-9.025,33.55,Clay Loam,18.12,63.01,0.0,143.8,41.2,57.6,5.4,149.1,42.0,62.5,Apply Lime,0,1,242.6,3.4075829383886256
Busokelo,-9.15,33.525,Sandy Clay Loam,14.71,78.41,0.0,17.9,64.9,54.3,5.7,16.8,66.7,55.5,Urea,0,3,137.10000000000002,0.2716236722306525
Busokelo,-8.9,33.475,Loam,18.5,74.05,0.73,153.2,54.1,25.1,6.0,161.3,60.7,24.8,MOP,0,2,232.39999999999998,2.780399274047187
Busokelo,-8.9,33.4,Sandy Clay Loam,15.29,92.11,3.37,171.7,20.0,78.5,5.8,178.6,19.1,77.2,SSP,0,3,270.2,8.176190476190476
Busokelo,-8.925,33.55,Sandy Clay Loam,12.47,82.09,0.0,57.0,18.4,50.8,5.8,60.0,18.5,47.3,DAP,0,3,126.2,2.9381443298969074
Busokelo,-9.025,33.5,Clay Loam,17.86,88.7,1.83,49.3,17.9,82.0,5.5,45.8,17.3,75.1,DAP,0,1,149.2,2.6084656084656084
Busokelo,-9.025,33.5,Clay Loam,16.1,92.08,23.04,135.3,73.3,41.0,5.5,140.1,64.9,40.1,No Fertilizer,0,1,249.60000000000002,1.8209959623149397
Busokelo,-9.025,33.4,Sandy Clay Loam,13.99,71.95,0.0,54.7,58.6,91.9,5.8,53.0,60.3,88.7,Urea,0,3,205.20000000000002,0.9177852348993288
Busokelo,-9.075,33.4,Clay Loam,14.85,72.53,0.0,178.9,46.1,71.2,6.0,157.1,55.1,70.7,No Fertilizer,0,1,296.2,3.798301486199575
Busokelo,-8.925,33.5,Loam,14.71,78.41,0.0,27.3,30.9,91.8,5.8,27.5,29.9,87.1,Urea,0,2,150.0,0.8557993730407524
Busokelo,-9.05,33.625,Clay Loam,19.09,74.57,0.94,33.9,37.7,50.9,5.6,31.4,37.3,49.2,Urea,0,1,122.5,0.8759689922480619
Busokelo,-8.9,33.475,Loam,16.9,89.36,12.7,197.1,32.9,45.6,6.0,176.5,34.6,45.8,No Fertilizer,0,2,275.6,5.814159292035399
Busokelo,-8.95,33.65,Clay Loam,16.89,69.27,1.35,133.5,21.3,79.9,5.9,124.6,20.7,69.5,SSP,0,1,234.70000000000002,5.986547085201794
Busokelo,-8.9,33.55,Loam,19.54,67.22,0.0,153.8,39.4,76.9,6.1,154.0,37.3,79.9,No Fertilizer,0,2,270.1,3.806930693069307
Busokelo,-9.15,33.65,Clay Loam,19.56,66.34,0.0,68.1,5.6,95.8,5.4,65.1,6.0,87.0,Apply Lime,0,1,169.5,10.318181818181818
Busokelo,-9.125,33.575,Sandy Clay Loam,12.98,79.12,0.0,113.7,12.4,30.1,5.6,125.0,12.7,33.3,SSP,0,3,156.20000000000002,8.485074626865671
Busokelo,-9.025,33.525,Sandy Clay Loam,16.97,91.01,13.63,105.0,69.0,77.3,5.4,111.0,62.5,73.1,Apply Lime,0,3,251.3,1.5
Busokelo,-8.95,33.575,Clay Loam,13.78,80.72,0.0,107.8,50.9,26.1,5.9,112.5,53.6,23.7,MOP,0,1,184.79999999999998,2.077071290944123
Busokelo,-9.15,33.475,Sandy Clay Loam,17.18,90.03,3.74,145.8,32.1,44.9,5.5,126.0,31.9,51.8,No Fertilizer,0,3,222.8,4.404833836858006
Busokelo,-8.9,33.575,Clay Loam,15.4,74.15,0.0,101.7,31.1,21.3,5.9,107.8,38.1,21.1,MOP,0,1,154.10000000000002,3.1682242990654204
Busokelo,-9.075,33.4,Clay Loam,16.66,85.53,19.3,78.1,25.5,36.9,6.0,82.9,28.4,35.2,Urea,0,1,140.5,2.9471698113207543
Busokelo,-8.9,33.55,Loam,18.21,87.53,2.38,52.7,53.5,85.7,6.1,56.9,52.9,84.2,Urea,0,2,191.9,0.9669724770642202
Busokelo,-9.05,33.525,Sandy Clay Loam,14.23,71.72,0.0,146.2,60.5,18.8,5.6,140.7,55.8,18.3,MOP,0,3,225.5,2.3772357723577233
Busokelo,-8.95,33.525,Sandy Clay Loam,18.64,86.68,21.1,49.0,49.2,59.7,5.9,48.5,54.4,59.1,Urea,0,3,157.9,0.9760956175298804
Busokelo,-8.925,33.45,Sandy Clay Loam,13.3,78.78,0.0,137.4,52.0,51.5,5.9,127.7,51.7,55.8,No Fertilizer,0,3,240.9,2.5924528301886793
Busokelo,-9.05,33.45,Clay Loam,16.69,66.86,0.0,52.0,17.0,18.8,5.5,49.7,17.5,16.1,NPK,0,1,87.8,2.888888888888889
Busokelo,-9.075,33.45,Clay Loam,18.34,85.62,6.15,105.1,28.1,32.2,5.7,116.3,26.3,33.4,SSP,0,1,165.39999999999998,3.6116838487972505
Busokelo,-9.075,33.525,Loam,13.39,77.59,0.0,129.3,32.0,54.9,5.7,137.0,35.0,53.3,No Fertilizer,0,2,216.20000000000002,3.9181818181818184
Busokelo,-9.025,33.65,Clay Loam,17.99,80.81,4.53,51.7,26.6,20.7,5.3,47.2,25.8,21.7,Apply Lime,0,1,99.00000000000001,1.8731884057971016
Busokelo,-9.1,33.475,Sandy Clay Loam,16.62,92.56,27.24,19.9,51.4,61.6,6.0,20.2,53.8,73.3,Urea,0,3,132.9,0.3797709923664122
Busokelo,-9.1,33.65,Sandy Clay Loam,16.03,81.06,0.09,34.9,26.1,82.0,5.6,32.3,25.7,87.7,DAP,0,3,143.0,1.2878228782287822
Busokelo,-9.1,33.6,Clay Loam,19.3,70.35,2.21,111.8,13.2,21.6,5.4,113.0,13.1,24.0,Apply Lime,0,1,146.6,7.873239436619719
Busokelo,-9.15,33.4,Sandy Clay Loam,13.77,83.14,0.0,143.9,29.8,23.4,5.8,154.4,30.3,21.7,MOP,0,3,197.10000000000002,4.672077922077922
Busokelo,-8.925,33.6,Clay Loam,18.33,83.91,1.19,17.3,71.0,42.3,5.7,17.6,68.7,44.2,Urea,0,1,130.6,0.24027777777777778
Busokelo,-9.0,33.575,Clay Loam,16.39,72.09,2.16,125.7,19.0,66.3,5.4,134.8,18.9,68.8,Apply Lime,0,1,211.0,6.285
Busokelo,-9.15,33.575,Sandy Loam,18.15,83.06,46.74,65.3,44.0,27.4,5.6,68.0,44.4,29.7,NPK,0,4,136.7,1.451111111111111
Busokelo,-8.975,33.425,Sandy Clay Loam,16.08,92.03,60.81,92.6,31.8,7.7,5.8,91.3,32.6,7.7,MOP,0,3,132.1,2.823170731707317
Busokelo,-9.025,33.625,Clay Loam,17.76,85.34,3.4,173.9,8.7,48.9,5.6,167.9,8.7,51.5,SSP,0,1,231.5,17.927835051546392
Busokelo,-9.075,33.425,Clay Loam,18.52,68.13,0.0,59.0,36.8,92.4,5.9,66.4,36.2,86.4,Urea,0,1,188.2,1.560846560846561
Busokelo,-8.925,33.5,Loam,13.47,81.45,0.03,89.0,46.9,39.7,5.8,89.1,50.3,38.9,Urea,0,2,175.60000000000002,1.8580375782881002
Busokelo,-8.975,33.55,Sandy Clay Loam,17.69,78.64,13.49,11.8,36.9,39.6,5.5,12.3,37.9,41.3,Urea,0,3,88.30000000000001,0.3113456464379947
Busokelo,-9.075,33.625,Clay Loam,12.25,79.93,0.01,22.8,57.0,92.6,5.4,23.9,61.6,87.4,Apply Lime,0,1,172.39999999999998,0.3931034482758621
Busokelo,-8.925,33.5,Loam,16.78,73.71,0.0,54.5,23.0,64.4,5.8,54.0,23.1,64.3,DAP,0,2,141.9,2.2708333333333335
Busokelo,-8.975,33.4,Loam,17.15,86.97,6.1,14.2,9.3,66.5,5.9,14.7,9.7,66.4,DAP,0,2,90.0,1.378640776699029
Busokelo,-8.9,33.575,Clay Loam,18.11,59.09,0.0,128.7,69.4,47.8,5.9,117.3,65.8,53.3,No Fertilizer,0,1,245.89999999999998,1.8281249999999998
Busokelo,-8.925,33.55,Sandy Clay Loam,16.83,87.42,6.12,89.3,30.3,87.4,5.8,82.5,29.0,87.9,Urea,0,3,207.0,2.8530351437699677
Busokelo,-8.95,33.65,Clay Loam,18.89,76.22,2.11,111.7,39.3,65.3,5.9,103.2,42.0,63.9,No Fertilizer,0,1,216.3,2.771712158808933
Busokelo,-9.05,33.5,Sandy Clay Loam,14.18,81.49,0.0,38.3,56.3,88.8,5.7,39.7,56.3,81.2,Urea,0,3,183.39999999999998,0.6684118673647469
Busokelo,-9.1,33.4,Sandy Clay Loam,18.95,86.01,13.07,56.2,26.5,61.3,6.0,60.3,25.4,64.7,DAP,0,3,144.0,2.043636363636364
Busokelo,-9.075,33.625,Clay Loam,17.1,89.0,1.22,123.6,50.6,78.6,5.4,122.9,51.3,67.7,Apply Lime,0,1,252.79999999999998,2.395348837209302
Busokelo,-9.05,33.425,Clay Loam,18.39,74.14,0.02,172.3,12.3,31.6,6.2,174.1,12.9,30.4,NPK,0,1,216.20000000000002,12.954887218045114
Busokelo,-9.0,33.575,Clay Loam,13.5,79.9,0.0,17.8,21.4,28.1,5.4,18.6,23.2,31.5,Apply Lime,0,1,67.30000000000001,0.7946428571428572
Busokelo,-9.05,33.45,Clay Loam,16.59,89.08,25.94,148.1,14.4,67.5,5.5,161.4,13.6,71.8,SSP,0,1,230.0,9.616883116883116
Busokelo,-9.15,33.425,Clay Loam,16.97,87.03,21.07,107.8,61.2,34.0,5.5,108.1,57.5,30.9,MOP,0,1,203.0,1.733118971061093
Busokelo,-8.95,33.6,Sandy Clay Loam,12.62,83.07,0.15,102.9,18.4,57.9,6.0,105.9,18.7,53.3,SSP,0,3,179.20000000000002,5.304123711340207
Busokelo,-9.075,33.575,Clay Loam,14.99,66.89,0.0,99.6,54.1,27.0,5.8,95.0,51.3,26.9,MOP,0,1,180.7,1.807622504537205
Busokelo,-9.0,33.625,Clay Loam,18.37,85.62,6.04,22.8,52.5,75.4,5.6,21.8,66.3,74.6,Urea,0,1,150.7,0.4261682242990654
Busokelo,-9.025,33.45,Clay,18.86,64.72,0.0,27.2,42.4,14.0,5.8,25.3,38.8,15.3,NPK,0,0,83.6,0.6267281105990783
Busokelo,-9.0,33.475,Clay Loam,13.26,77.62,0.55,102.3,39.2,82.7,5.8,112.2,39.6,75.7,No Fertilizer,0,1,224.2,2.544776119402985
Busokelo,-9.125,33.575,Sandy Clay Loam,16.94,87.64,6.28,69.9,34.8,52.7,5.6,68.0,34.4,56.6,Urea,0,3,157.4,1.9525139664804472
Busokelo,-8.975,33.6,Sandy Clay Loam,13.55,70.75,0.01,157.5,24.9,23.0,5.8,165.9,25.5,21.7,NPK,0,3,205.4,6.081081081081082
Busokelo,-8.975,33.45,Sandy Clay Loam,18.15,86.9,5.85,72.4,38.9,56.4,5.8,79.1,35.4,51.5,Urea,0,3,167.70000000000002,1.8145363408521304
Busokelo,-9.1,33.575,Sandy Loam,15.95,82.58,0.09,33.3,40.5,29.8,5.6,34.4,43.8,29.7,NPK,0,4,103.6,0.8024096385542168
Busokelo,-8.925,33.6,Clay Loam,17.68,87.44,16.96,141.3,76.2,35.4,5.7,131.5,69.1,33.2,No Fertilizer,0,1,252.9,1.8303108808290156
Busokelo,-8.925,33.55,Sandy Clay Loam,17.43,86.71,9.69,58.3,67.7,40.1,5.8,59.9,65.9,35.5,Urea,0,3,166.1,0.8486171761280931
Busokelo,-8.925,33.55,Sandy Clay Loam,17.53,88.34,14.57,110.2,63.6,11.5,5.8,99.3,60.9,11.3,MOP,0,3,185.3,1.7058823529411766
Busokelo,-9.025,33.625,Clay Loam,15.04,74.08,0.0,133.6,61.2,87.7,5.6,128.6,62.7,88.8,No Fertilizer,0,1,282.5,2.147909967845659
Busokelo,-9.15,33.65,Clay Loam,18.58,90.43,3.66,158.5,31.7,8.6,5.4,163.0,34.9,8.6,Apply Lime,0,1,198.79999999999998,4.847094801223241
Busokelo,-9.0,33.475,Clay Loam,13.4,81.49,0.0,156.4,50.5,58.4,5.8,144.7,47.4,61.6,No Fertilizer,0,1,265.3,3.036893203883495
Busokelo,-8.925,33.65,Clay Loam,19.89,69.66,0.0,128.9,64.4,35.2,5.9,125.0,63.1,37.2,No Fertilizer,0,1,228.5,1.970948012232416
Busokelo,-8.95,33.625,Clay Loam,18.99,70.85,0.0,117.3,32.8,62.1,5.7,125.5,29.9,60.3,No Fertilizer,0,1,212.2,3.470414201183432
Busokelo,-9.125,33.55,Sandy Clay Loam,17.35,85.86,46.02,193.0,66.6,35.5,5.7,170.8,67.5,35.9,No Fertilizer,0,3,295.1,2.8550295857988166
Busokelo,-8.975,33.525,Clay Loam,18.11,87.4,15.37,61.4,30.5,64.0,5.7,60.3,31.4,62.6,Urea,0,1,155.9,1.9492063492063492
Busokelo,-8.95,33.65,Clay Loam,13.99,64.03,0.0,10.2,47.9,60.2,5.9,10.2,43.7,67.3,Urea,0,1,118.3,0.2085889570552147
Busokelo,-8.95,33.6,Sandy Clay Loam,16.95,87.65,0.87,52.9,57.7,63.6,6.0,56.2,50.8,64.0,Urea,0,3,174.2,0.9011925042589437
Busokelo,-9.025,33.5,Clay Loam,11.77,80.39,3.58,50.9,66.8,16.7,5.5,47.0,66.7,15.6,NPK,0,1,134.39999999999998,0.7507374631268436
Busokelo,-8.9,33.6,Sandy Clay Loam,18.05,87.09,8.56,126.9,19.1,56.4,5.8,122.5,20.1,61.2,SSP,0,3,202.4,6.313432835820896
Busokelo,-9.025,33.425,Sandy Clay Loam,16.78,84.65,1.34,122.9,56.3,29.6,6.0,117.7,53.2,29.5,MOP,0,3,208.79999999999998,2.1448516579406633
Busokelo,-9.1,33.6,Clay Loam,17.54,70.87,0.0,106.9,37.7,7.3,5.4,110.9,38.4,8.4,Apply Lime,0,1,151.90000000000003,2.7622739018087854
Busokelo,-8.925,33.65,Clay Loam,13.79,78.87,0.0,13.5,22.6,37.1,5.9,12.8,21.7,40.8,DAP,0,1,73.2,0.5720338983050847
Busokelo,-9.1,33.575,Sandy Loam,12.65,77.05,0.0,142.4,54.3,44.8,5.6,133.9,55.3,42.4,No Fertilizer,0,4,241.5,2.5750452079566006
Busokelo,-9.125,33.55,Sandy Clay Loam,17.48,86.93,0.74,62.0,44.9,44.3,5.7,65.0,40.4,45.2,Urea,0,3,151.2,1.3507625272331154
Busokelo,-9.075,33.65,Clay Loam,17.36,86.02,3.95,110.9,45.3,73.5,5.5,123.1,47.6,65.2,No Fertilizer,0,1,229.7,2.39524838012959
Busokelo,-9.075,33.6,Clay Loam,17.17,85.52,2.76,108.9,26.2,32.9,5.6,104.6,25.3,31.9,NPK,0,1,168.0,4.0036764705882355
Busokelo,-8.9,33.425,Sandy Clay Loam,15.34,82.7,0.0,60.7,34.5,33.7,5.9,68.3,35.8,32.5,NPK,0,3,128.9,1.7098591549295776
Busokelo,-8.925,33.4,Sandy Clay Loam,17.28,87.92,31.82,33.2,43.9,10.3,5.9,32.9,44.7,11.1,NPK,0,3,87.39999999999999,0.7394209354120268
Busokelo,-9.15,33.575,Sandy Loam,17.32,89.49,4.26,25.2,29.8,62.0,5.6,26.1,30.7,63.7,Urea,0,4,117.0,0.8181818181818181
Busokelo,-9.15,33.4,Sandy Clay Loam,15.03,82.81,0.0,164.3,18.0,50.9,5.8,151.4,17.1,53.7,SSP,0,3,233.20000000000002,8.647368421052633
Busokelo,-8.95,33.55,Sandy Clay Loam,17.04,86.66,12.89,161.6,71.8,32.7,5.9,166.1,67.5,35.4,No Fertilizer,0,3,266.09999999999997,2.21978021978022
Busokelo,-9.05,33.45,Clay Loam,17.8,79.51,1.3,129.8,39.2,68.3,5.5,120.5,37.8,65.2,No Fertilizer,0,1,237.3,3.228855721393035
Busokelo,-8.975,33.65,Clay Loam,16.41,84.04,0.3,26.6,52.0,54.2,5.5,27.6,52.4,51.1,Urea,0,1,132.8,0.5018867924528302
Busokelo,-9.0,33.525,Clay Loam,13.3,80.13,0.07,83.8,31.4,46.7,5.4,78.3,31.1,45.4,Apply Lime,0,1,161.89999999999998,2.5864197530864197
Busokelo,-9.125,33.575,Sandy Clay Loam,18.42,90.93,21.99,153.2,29.2,46.1,5.6,133.9,27.4,49.0,No Fertilizer,0,3,228.49999999999997,5.072847682119205
Busokelo,-9.15,33.425,Clay Loam,13.47,81.45,0.03,131.9,32.9,60.8,5.5,142.6,30.9,59.5,No Fertilizer,0,1,225.60000000000002,3.890855457227139
Busokelo,-9.025,33.475,Clay Loam,18.14,66.13,0.02,30.7,25.2,53.2,5.6,30.1,31.0,61.4,Urea,0,1,109.1,1.1717557251908397
Busokelo,-9.075,33.475,Sandy Clay Loam,18.81,81.02,4.45,11.9,39.2,33.1,5.7,10.0,39.9,30.3,NPK,0,3,84.2,0.2960199004975124
Busokelo,-9.05,33.525,Sandy Clay Loam,11.57,82.58,0.17,131.7,39.2,16.2,5.6,131.1,39.9,17.8,MOP,0,3,187.09999999999997,3.276119402985074
Busokelo,-9.0,33.5,Sandy Clay Loam,16.88,61.63,0.0,70.9,38.5,17.7,5.5,70.6,36.8,19.2,NPK,0,3,127.10000000000001,1.7949367088607597
Busokelo,-9.05,33.6,Sandy Clay Loam,16.83,78.21,0.06,56.2,12.8,60.2,5.6,53.3,12.9,59.7,DAP,0,3,129.2,4.072463768115942
Busokelo,-9.075,33.55,Sandy Clay Loam,13.98,82.54,0.1,12.2,38.6,80.5,5.8,12.2,36.7,79.3,Urea,0,3,131.3,0.30808080808080807
Busokelo,-9.0,33.425,Sandy Clay Loam,13.07,71.74,0.0,89.7,14.0,40.2,5.7,101.9,15.2,40.4,SSP,0,3,143.9,5.98
Busokelo,-9.075,33.5,Sandy Clay Loam,18.64,78.22,0.36,167.0,12.5,18.7,5.8,154.7,12.3,20.2,NPK,0,3,198.2,12.37037037037037
Busokelo,-8.925,33.6,Clay Loam,19.88,63.37,0.0,148.6,69.7,75.1,5.7,172.8,65.6,69.6,No Fertilizer,0,1,293.4,2.101838755304102
Busokelo,-9.05,33.45,Clay Loam,18.39,84.55,3.3,103.1,39.4,67.0,5.5,106.2,43.9,75.9,No Fertilizer,0,1,209.5,2.551980198019802
Busokelo,-8.975,33.625,Clay Loam,18.5,81.42,3.02,105.7,55.9,71.7,5.6,97.5,47.5,80.0,No Fertilizer,0,1,233.3,1.8576449912126538
Busokelo,-9.125,33.65,Sandy Clay Loam,19.95,69.49,0.01,23.8,33.1,56.5,5.7,24.5,30.5,57.0,Urea,0,3,113.4,0.6979472140762464
Busokelo,-9.15,33.4,Sandy Clay Loam,12.49,72.46,0.0,98.3,64.0,71.4,5.8,103.3,64.0,78.3,No Fertilizer,0,3,233.70000000000002,1.5123076923076924
Busokelo,-9.075,33.4,Clay Loam,17.35,71.63,0.13,79.2,43.4,7.9,6.0,74.6,46.1,7.3,NPK,0,1,130.5,1.783783783783784
Busokelo,-9.15,33.625,Clay Loam,18.69,82.94,7.87,106.5,54.1,13.8,5.3,113.2,54.8,15.0,Apply Lime,0,1,174.4,1.9328493647912885
Busokelo,-8.975,33.625,Clay Loam,19.75,60.83,0.0,69.6,28.5,15.3,5.6,76.1,28.3,13.8,NPK,0,1,113.39999999999999,2.3593220338983047
Busokelo,-9.025,33.4,Sandy Clay Loam,18.63,87.1,3.75,51.8,69.4,70.6,5.8,50.9,67.4,65.9,Urea,0,3,191.8,0.7357954545454545
Busokelo,-9.1,33.45,Sandy Clay Loam,17.8,83.47,4.32,25.8,64.3,12.9,5.7,26.1,58.2,11.8,NPK,0,3,103.0,0.3950995405819296
Busokelo,-9.025,33.5,Clay Loam,12.51,80.02,0.0,58.0,58.3,54.0,5.5,63.5,60.4,47.7,Urea,0,1,170.3,0.9780775716694773
Busokelo,-9.075,33.5,Sandy Clay Loam,13.18,82.38,0.0,27.6,16.0,46.0,5.8,26.4,15.4,45.7,DAP,0,3,89.6,1.6235294117647059
Busokelo,-9.075,33.475,Sandy Clay Loam,17.32,89.71,47.45,41.4,19.9,29.8,5.7,40.1,21.9,32.1,NPK,0,3,91.1,1.9808612440191389
Busokelo,-9.15,33.4,Sandy Clay Loam,16.57,83.7,0.04,173.4,22.2,78.5,5.8,177.8,22.9,79.1,SSP,0,3,274.1,7.474137931034483
Busokelo,-9.15,33.425,Clay Loam,13.85,75.65,0.0,83.8,22.5,19.5,5.5,85.5,21.9,20.3,NPK,0,1,125.8,3.5659574468085107
Busokelo,-8.9,33.4,Sandy Clay Loam,12.42,73.99,0.03,103.7,63.4,33.8,5.8,100.4,60.5,35.6,No Fertilizer,0,3,200.89999999999998,1.6102484472049687
Busokelo,-9.075,33.475,Sandy Clay Loam,18.84,67.12,0.06,171.7,5.8,71.8,5.7,158.5,6.1,71.0,SSP,0,3,249.3,25.25
Busokelo,-9.0,33.45,Clay Loam,17.98,86.87,13.19,175.7,8.7,8.4,5.9,179.2,9.0,8.6,NPK,0,1,192.79999999999998,18.11340206185567
Busokelo,-9.05,33.65,Clay Loam,16.68,67.02,0.0,114.1,24.3,59.2,5.4,109.1,22.1,62.5,Apply Lime,0,1,197.60000000000002,4.5098814229249005
Busokelo,-9.0,33.45,Clay Loam,13.57,84.67,0.77,154.0,18.6,73.3,5.9,148.1,17.2,74.6,SSP,0,1,245.89999999999998,7.857142857142857
Busokelo,-8.975,33.625,Clay Loam,15.03,82.81,0.0,69.6,19.6,87.6,5.6,65.6,19.3,84.3,DAP,0,1,176.79999999999998,3.3786407766990285
Busokelo,-8.95,33.625,Clay Loam,13.23,78.06,0.0,62.1,47.8,84.9,5.7,62.0,56.7,79.6,Urea,0,1,194.8,1.2725409836065575
Busokelo,-8.95,33.625,Clay Loam,18.52,65.88,0.0,73.4,48.4,29.1,5.7,78.5,41.2,32.8,NPK,0,1,150.9,1.4858299595141702
Busokelo,-9.125,33.625,Clay Loam,17.51,86.46,16.62,120.3,4.4,54.1,5.2,124.3,4.4,55.3,Apply Lime,0,1,178.8,22.277777777777775
Busokelo,-9.15,33.525,Sandy Clay Loam,16.1,91.37,34.45,129.0,31.6,12.4,5.7,126.0,32.3,12.5,MOP,0,3,173.0,3.957055214723926
Busokelo,-8.925,33.6,Clay Loam,16.99,86.03,7.79,71.7,29.8,25.4,5.7,63.6,30.9,27.7,NPK,0,1,126.9,2.327922077922078
Busokelo,-8.975,33.625,Clay Loam,14.88,68.28,0.01,31.5,11.8,13.8,5.6,32.6,11.5,13.9,NPK,0,1,57.099999999999994,2.4609375
Busokelo,-9.0,33.475,Clay Loam,17.84,79.33,3.69,124.1,49.9,32.8,5.8,117.5,48.6,32.5,MOP,0,1,206.8,2.4381139489194497
Busokelo,-9.1,33.65,Sandy Clay Loam,12.11,78.19,0.0,31.1,53.7,82.4,5.6,31.8,50.3,79.5,Urea,0,3,167.20000000000002,0.5685557586837294
Busokelo,-9.15,33.525,Sandy Clay Loam,16.29,70.98,0.0,109.2,48.2,35.4,5.7,108.3,51.6,35.2,No Fertilizer,0,3,192.8,2.219512195121951
Busokelo,-8.925,33.425,Loam,18.43,88.04,2.48,141.4,50.9,49.9,6.5,127.9,52.1,53.2,No Fertilizer,0,2,242.20000000000002,2.7244701348747595
Busokelo,-8.925,33.55,Sandy Clay Loam,17.63,81.18,2.8,136.0,4.6,48.4,5.8,129.1,4.0,42.4,SSP,0,3,189.0,24.28571428571429
Busokelo,-9.1,33.625,Clay Loam,16.93,87.56,10.39,126.1,68.0,47.1,5.6,138.1,67.0,44.5,No Fertilizer,0,1,241.2,1.8275362318840578
Busokelo,-9.15,33.45,Clay Loam,19.79,79.95,4.85,152.0,57.0,90.8,5.5,158.4,57.7,87.4,No Fertilizer,0,1,299.8,2.6206896551724137
Busokelo,-9.1,33.475,Sandy Clay Loam,17.25,66.57,0.0,103.3,59.5,33.0,6.0,95.0,63.7,30.9,MOP,0,3,195.8,1.7074380165289256
Busokelo,-9.125,33.475,Sandy Clay Loam,15.8,68.03,0.0,135.5,5.2,59.7,5.6,134.1,5.0,58.7,SSP,0,3,200.39999999999998,21.85483870967742
Busokelo,-8.95,33.65,Clay Loam,17.35,85.03,7.48,106.0,70.4,45.0,5.9,115.3,65.6,41.3,No Fertilizer,0,1,221.4,1.4845938375350138
Busokelo,-9.05,33.425,Clay Loam,14.21,78.59,0.0,39.3,61.0,11.2,6.2,41.7,57.4,11.1,NPK,0,1,111.5,0.6338709677419354
Busokelo,-8.925,33.425,Loam,14.58,85.62,1.96,15.1,58.2,47.1,6.5,14.4,59.3,47.1,Urea,0,2,120.4,0.25506756756756754
Busokelo,-9.1,33.475,Sandy Clay Loam,16.97,85.94,0.59,62.4,10.4,77.6,6.0,58.4,10.2,74.3,DAP,0,3,150.39999999999998,5.473684210526316
Busokelo,-8.9,33.475,Loam,15.85,84.67,0.02,85.4,58.9,15.9,6.0,85.3,52.8,14.3,NPK,0,2,160.20000000000002,1.4257095158597664
Busokelo,-8.95,33.6,Sandy Clay Loam,17.26,86.54,6.11,134.8,72.4,13.1,6.0,114.9,67.4,11.8,MOP,0,3,220.3,1.8365122615803815
Busokelo,-9.0,33.45,Clay Loam,18.51,85.79,10.05,163.4,46.1,19.7,5.9,154.5,48.8,18.9,MOP,0,1,229.2,3.4692144373673037
Busokelo,-8.975,33.4,Loam,15.32,89.11,4.39,42.6,34.2,72.7,5.9,43.4,41.7,70.2,Urea,0,2,149.5,1.2102272727272727
Busokelo,-8.975,33.625,Clay Loam,12.89,80.14,0.0,29.6,67.8,70.1,5.6,31.3,66.4,66.8,Urea,0,1,167.5,0.4302325581395349
Busokelo,-9.0,33.475,Clay Loam,16.43,83.62,0.0,161.9,35.1,57.1,5.8,173.8,33.2,53.5,No Fertilizer,0,1,254.1,4.484764542936288
Busokelo,-8.9,33.475,Loam,15.74,84.62,0.0,29.0,40.2,49.5,6.0,28.4,43.6,45.3,Urea,0,2,118.7,0.703883495145631
Busokelo,-9.025,33.475,Clay Loam,17.35,92.13,31.32,88.2,35.4,79.3,5.6,91.3,35.4,80.6,No Fertilizer,0,1,202.89999999999998,2.4230769230769234
Busokelo,-9.0,33.525,Clay Loam,11.95,80.12,0.0,122.4,64.4,76.9,5.4,109.5,65.6,70.4,Apply Lime,0,1,263.70000000000005,1.8715596330275228
Busokelo,-9.025,33.65,Clay Loam,12.92,80.01,0.0,112.5,9.1,76.0,5.3,102.0,9.0,74.2,Apply Lime,0,1,197.6,11.138613861386139
Busokelo,-9.0,33.625,Clay Loam,18.95,82.02,0.09,25.7,35.7,77.7,5.6,24.6,37.1,74.3,Urea,0,1,139.10000000000002,0.7002724795640326
Busokelo,-8.95,33.475,Sandy Clay Loam,18.32,86.61,33.51,18.1,53.8,65.8,6.0,19.7,49.3,60.0,Urea,0,3,137.7,0.3302919708029198
Busokelo,-9.075,33.65,Clay Loam,16.84,67.05,0.0,26.6,56.8,46.8,5.5,27.9,56.3,44.5,Urea,0,1,130.2,0.46020761245674746
Busokelo,-9.1,33.6,Clay Loam,18.77,87.54,5.15,119.2,39.9,83.7,5.4,109.5,42.5,78.6,Apply Lime,0,1,242.8,2.9144254278728607
Busokelo,-9.15,33.625,Clay Loam,17.71,87.45,5.26,98.5,68.1,81.5,5.3,102.5,64.0,83.8,Apply Lime,0,1,248.1,1.4254703328509408
Busokelo,-9.0,33.625,Clay Loam,14.05,61.25,0.0,53.6,60.3,8.8,5.6,49.7,66.2,8.0,NPK,0,1,122.7,0.8743882544861339
Busokelo,-9.075,33.575,Clay Loam,14.85,77.53,0.0,122.4,9.0,10.8,5.8,118.4,8.2,10.3,NPK,0,1,142.20000000000002,12.24
Busokelo,-9.15,33.475,Sandy Clay Loam,15.65,74.11,5.38,150.0,32.7,87.3,5.5,149.4,30.6,86.5,No Fertilizer,0,3,270.0,4.451038575667655
Busokelo,-9.125,33.525,Sandy Clay Loam,14.95,74.41,0.0,16.2,6.1,31.5,5.7,17.1,5.5,29.3,NPK,0,3,53.8,2.2816901408450705
Busokelo,-9.0,33.45,Clay Loam,13.91,85.25,0.12,94.1,25.5,93.7,5.9,94.7,25.7,79.4,SSP,0,1,213.3,3.550943396226415
Busokelo,-9.025,33.55,Clay Loam,16.76,89.11,21.45,128.9,38.1,35.5,5.4,127.2,39.4,38.7,Apply Lime,0,1,202.5,3.296675191815857
Busokelo,-9.15,33.6,Sandy Clay Loam,19.03,86.9,5.55,56.7,64.5,15.1,5.6,52.9,64.1,16.0,NPK,0,3,136.3,0.8656488549618321
Busokelo,-9.125,33.65,Sandy Clay Loam,15.58,89.71,9.44,58.5,59.5,15.2,5.7,62.3,59.9,12.8,NPK,0,3,133.2,0.9669421487603306
Busokelo,-9.1,33.55,Loam,14.07,73.92,0.0,112.2,11.8,19.7,5.8,114.3,12.4,19.1,NPK,0,2,143.7,8.765625
Busokelo,-9.15,33.65,Clay Loam,16.19,93.17,30.49,163.2,9.7,27.4,5.4,162.6,10.1,27.0,Apply Lime,0,1,200.29999999999998,15.25233644859813
Busokelo,-9.05,33.475,Sandy Clay Loam,19.3,76.03,2.54,154.5,41.8,46.7,5.7,147.7,42.9,47.0,No Fertilizer,0,3,243.0,3.6098130841121496
Busokelo,-8.95,33.65,Clay Loam,18.17,85.67,2.26,102.2,35.9,70.4,5.9,109.1,39.1,64.9,No Fertilizer,0,1,208.5,2.769647696476965
Busokelo,-9.0,33.575,Clay Loam,17.47,75.26,0.62,121.8,22.6,105.1,5.4,134.1,21.6,88.9,Apply Lime,0,1,249.5,5.1610169491525415
Busokelo,-9.075,33.6,Clay Loam,17.41,90.93,28.08,75.4,63.1,41.1,5.6,72.0,63.4,43.1,Urea,0,1,179.6,1.1762870514820594
Busokelo,-9.05,33.45,Clay Loam,16.71,61.23,0.0,106.3,63.8,49.2,5.5,119.0,65.2,49.5,No Fertilizer,0,1,219.3,1.6404320987654322
Busokelo,-9.15,33.65,Clay Loam,17.06,64.81,0.0,97.3,28.2,48.6,5.4,89.3,30.6,49.8,Apply Lime,0,1,174.1,3.3321917808219177
Busokelo,-9.125,33.475,Sandy Clay Loam,17.5,76.54,0.06,41.8,57.7,53.9,5.6,42.3,62.8,51.3,Urea,0,3,153.4,0.7120954003407154
Busokelo,-9.025,33.55,Clay Loam,13.45,80.03,0.0,115.3,33.3,53.7,5.4,129.3,29.3,49.5,Apply Lime,0,1,202.3,3.361516034985423
Busokelo,-9.0,33.475,Clay Loam,19.72,70.02,0.02,101.1,50.3,7.5,5.8,104.6,52.6,6.7,MOP,0,1,158.89999999999998,1.9707602339181287
Busokelo,-9.025,33.45,Clay,13.64,82.9,0.0,72.8,36.9,6.5,5.8,71.0,35.4,6.1,NPK,0,0,116.19999999999999,1.920844327176781
Busokelo,-9.15,33.475,Sandy Clay Loam,13.31,84.54,0.96,158.8,12.2,16.7,5.5,164.9,12.1,14.2,NPK,0,3,187.7,12.030303030303031
Busokelo,-8.975,33.65,Clay Loam,19.89,69.66,0.0,13.6,52.6,13.9,5.5,13.6,65.2,14.5,NPK,0,1,80.10000000000001,0.2537313432835821
Busokelo,-9.05,33.45,Clay Loam,17.27,65.76,0.0,67.0,38.2,61.4,5.5,63.7,34.0,65.2,Urea,0,1,166.6,1.7091836734693877
Busokelo,-9.15,33.55,Sandy Clay Loam,17.71,71.05,0.22,19.4,55.0,25.6,5.8,19.7,52.5,23.2,NPK,0,3,100.0,0.3464285714285714
Busokelo,-9.05,33.45,Clay Loam,16.22,85.79,0.83,131.1,26.7,81.9,5.5,140.3,28.2,81.2,No Fertilizer,0,1,239.7,4.7328519855595665
Busokelo,-9.025,33.475,Clay Loam,15.8,83.79,0.0,126.7,5.2,75.9,5.6,129.4,5.2,84.0,SSP,0,1,207.8,20.43548387096774
Busokelo,-8.925,33.55,Sandy Clay Loam,11.6,79.84,0.0,72.9,9.8,86.0,5.8,66.3,10.6,88.0,DAP,0,3,168.7,6.75
Busokelo,-9.05,33.55,Sandy Clay Loam,18.12,82.99,2.39,139.6,41.4,86.4,5.5,124.9,36.8,84.9,No Fertilizer,0,3,267.4,3.292452830188679
Busokelo,-9.05,33.625,Clay Loam,13.61,75.32,0.0,66.4,46.4,27.5,5.6,77.3,49.5,28.8,NPK,0,1,140.3,1.4008438818565403
Busokelo,-9.15,33.525,Sandy Clay Loam,18.51,69.04,0.0,149.1,25.1,45.4,5.7,138.6,26.1,48.8,SSP,0,3,219.6,5.712643678160919
Busokelo,-8.95,33.55,Sandy Clay Loam,18.86,74.34,0.23,88.7,47.4,20.4,5.9,87.2,49.9,20.7,NPK,0,3,156.5,1.8326446280991737
Busokelo,-9.1,33.55,Loam,17.13,86.69,4.18,85.3,50.4,68.2,5.8,80.1,50.1,73.7,Urea,0,2,203.89999999999998,1.6595330739299612
Busokelo,-8.95,33.6,Sandy Clay Loam,13.3,81.64,0.0,162.4,55.3,84.2,6.0,168.9,50.5,80.6,No Fertilizer,0,3,301.9,2.8845470692717585
Busokelo,-8.925,33.4,Sandy Clay Loam,18.79,81.38,10.51,46.1,41.1,67.0,5.9,52.6,36.5,77.5,Urea,0,3,154.2,1.0950118764845607
Busokelo,-9.15,33.6,Sandy Clay Loam,17.7,87.92,0.96,31.7,62.6,42.7,5.6,30.5,64.4,42.4,Urea,0,3,137.0,0.49842767295597484
Busokelo,-8.925,33.575,Sandy Clay Loam,16.65,82.44,0.0,102.2,37.2,72.3,5.9,109.4,36.3,69.7,No Fertilizer,0,3,211.7,2.675392670157068
Busokelo,-9.1,33.6,Clay Loam,18.54,66.37,0.0,157.8,33.9,14.1,5.4,174.8,33.7,14.2,Apply Lime,0,1,205.8,4.521489971346705
Busokelo,-9.15,33.5,Sandy Clay Loam,13.05,74.45,0.01,67.4,16.0,10.1,5.8,74.2,17.2,9.4,NPK,0,3,93.5,3.9647058823529413
Busokelo,-8.925,33.5,Loam,17.61,72.36,0.0,21.4,28.4,62.6,5.8,20.5,24.3,69.3,DAP,0,2,112.4,0.7278911564625851
Busokelo,-8.95,33.575,Clay Loam,16.97,88.94,3.14,68.3,7.4,39.7,5.9,67.7,6.8,41.7,DAP,0,1,115.4,8.13095238095238
Busokelo,-9.125,33.475,Sandy Clay Loam,15.25,81.55,0.0,101.3,46.4,87.6,5.6,96.0,45.8,89.6,No Fertilizer,0,3,235.29999999999998,2.1371308016877637
Busokelo,-8.95,33.55,Sandy Clay Loam,17.42,90.72,5.68,39.3,22.7,14.9,5.9,37.5,20.4,14.2,NPK,0,3,76.9,1.6582278481012658
Busokelo,-9.1,33.6,Clay Loam,13.99,82.23,0.02,118.3,26.1,79.1,5.4,121.9,24.1,77.9,Apply Lime,0,1,223.5,4.365313653136531
Busokelo,-9.025,33.45,Clay,12.97,80.03,0.95,178.7,55.2,53.3,5.8,179.6,54.9,46.3,No Fertilizer,0,0,287.2,3.1797153024911027
Busokelo,-9.125,33.425,Sandy Clay Loam,19.03,86.9,5.55,83.7,26.2,71.2,5.8,86.8,25.6,75.5,DAP,0,3,181.10000000000002,3.0772058823529416
Busokelo,-9.05,33.6,Sandy Clay Loam,16.31,85.32,0.05,69.3,22.1,67.4,5.6,70.3,20.0,74.6,DAP,0,3,158.8,2.9999999999999996
Busokelo,-8.9,33.5,Loam,18.18,84.41,56.76,72.8,14.2,93.3,6.0,78.1,15.2,82.9,DAP,0,2,180.3,4.7894736842105265
Busokelo,-9.075,33.55,Sandy Clay Loam,14.3,79.19,0.0,30.4,61.6,27.9,5.8,29.6,55.1,31.0,NPK,0,3,119.9,0.48562300319488816
Busokelo,-8.925,33.45,Sandy Clay Loam,18.17,70.01,0.0,172.2,12.4,89.9,5.9,160.2,12.6,85.8,SSP,0,3,274.5,12.850746268656716
Busokelo,-9.025,33.475,Clay Loam,16.95,84.42,5.39,75.9,37.6,17.5,5.6,80.5,33.9,18.7,NPK,0,1,131.0,1.9663212435233162
Busokelo,-8.975,33.4,Loam,17.65,79.74,0.65,82.6,37.4,11.0,5.9,75.8,37.5,12.9,NPK,0,2,131.0,2.1510416666666665
Busokelo,-9.05,33.475,Sandy Clay Loam,16.45,91.32,104.72,123.1,50.5,41.1,5.7,122.1,49.4,42.3,No Fertilizer,0,3,214.7,2.3902912621359222
Busokelo,-9.05,33.4,Clay Loam,18.37,77.52,30.18,86.6,45.7,80.3,6.0,85.1,45.8,75.6,Urea,0,1,212.60000000000002,1.8543897216274088
Busokelo,-9.0,33.45,Clay Loam,17.35,85.03,7.48,105.9,55.4,41.9,5.9,120.2,57.5,45.8,No Fertilizer,0,1,203.20000000000002,1.8776595744680853
Busokelo,-9.125,33.625,Clay Loam,17.26,88.54,4.35,17.9,6.8,78.7,5.2,20.4,7.0,75.7,Apply Lime,0,1,103.4,2.2948717948717947
Busokelo,-9.0,33.65,Sandy Clay Loam,11.78,86.68,8.73,149.8,25.8,70.9,5.7,148.3,23.6,67.3,SSP,0,3,246.50000000000003,5.589552238805971
Busokelo,-8.9,33.55,Loam,11.76,83.07,5.51,179.3,18.8,21.5,6.1,169.9,22.5,23.6,NPK,0,2,219.60000000000002,9.055555555555555
Busokelo,-9.05,33.525,Sandy Clay Loam,13.01,66.06,0.0,114.6,12.5,84.3,5.6,120.3,13.6,85.7,SSP,0,3,211.39999999999998,8.488888888888889
Busokelo,-9.025,33.575,Clay Loam,17.42,84.77,0.23,192.4,21.9,12.3,5.3,172.3,23.1,11.1,Apply Lime,0,1,226.60000000000002,8.401746724890831
Busokelo,-9.075,33.4,Clay Loam,13.13,82.29,0.05,37.6,22.6,85.2,6.0,35.7,24.4,81.5,DAP,0,1,145.4,1.5932203389830508
Busokelo,-9.1,33.5,Sandy Clay Loam,15.8,81.32,0.16,85.4,42.5,31.0,5.7,91.2,38.4,31.6,MOP,0,3,158.9,1.963218390804598
Busokelo,-9.0,33.5,Sandy Clay Loam,18.6,86.53,0.0,112.5,52.0,49.4,5.5,112.3,47.8,48.0,No Fertilizer,0,3,213.9,2.1226415094339623
Busokelo,-9.0,33.4,Sandy Clay Loam,15.29,77.51,0.51,127.8,30.4,39.5,5.7,108.9,29.2,41.5,No Fertilizer,0,3,197.7,4.070063694267516
Busokelo,-9.05,33.4,Clay Loam,15.92,85.98,0.64,71.4,49.2,22.0,6.0,78.2,51.5,20.4,NPK,0,1,142.60000000000002,1.4223107569721116
Busokelo,-9.025,33.45,Clay,18.66,72.75,0.0,70.0,28.6,38.9,5.8,67.5,26.2,36.1,DAP,0,0,137.5,2.364864864864865
Busokelo,-8.95,33.5,Sandy Clay Loam,18.21,73.08,0.04,30.8,20.6,22.4,5.8,31.6,23.2,22.2,NPK,0,3,73.80000000000001,1.4259259259259258
Busokelo,-8.925,33.45,Sandy Clay Loam,17.72,84.81,1.85,80.4,45.7,23.5,5.9,76.6,39.7,23.1,NPK,0,3,149.60000000000002,1.7216274089935761
Busokelo,-8.9,33.625,Sandy Clay Loam,16.02,76.53,0.01,41.0,5.3,20.2,5.9,37.7,5.6,21.7,NPK,0,3,66.5,6.507936507936508
Busokelo,-9.15,33.4,Sandy Clay Loam,17.62,88.98,12.11,131.2,9.1,42.6,5.8,134.8,9.3,47.1,SSP,0,3,182.89999999999998,12.99009900990099
Busokelo,-8.95,33.65,Clay Loam,19.07,84.05,6.07,49.1,30.6,71.1,5.9,45.5,31.6,73.0,Urea,0,1,150.8,1.5537974683544304
Busokelo,-8.95,33.475,Sandy Clay Loam,13.62,79.5,0.24,23.1,61.3,53.5,6.0,20.0,66.2,53.8,Urea,0,3,137.9,0.3707865168539326
Rungwe,-9.085,33.53,Sandy Clay Loam,19.54,67.22,0.0,104.4,58.6,87.1,5.8,103.9,51.6,81.0,No Fertilizer,6,3,250.1,1.7516778523489933
Rungwe,-9.05,33.81,Clay Loam,17.07,91.33,6.98,117.3,10.4,63.3,5.6,111.2,9.8,59.5,SSP,6,1,191.0,10.289473684210526
Rungwe,-9.4,33.45,Clay Loam,12.65,77.05,0.0,151.7,64.9,64.7,5.2,158.2,59.9,63.9,Apply Lime,6,1,281.3,2.301972685887708
Rungwe,-9.225,33.57,Sandy Clay Loam,18.31,75.87,0.76,108.2,47.8,67.3,5.8,108.1,52.3,62.1,No Fertilizer,6,3,223.3,2.2172131147540988
Rungwe,-9.26,33.57,Sandy Clay Loam,19.16,80.66,0.97,67.9,44.9,40.9,5.5,68.7,44.3,43.8,Urea,6,3,153.70000000000002,1.479302832244009
Rungwe,-9.26,33.45,Clay Loam,12.95,82.64,0.34,154.7,60.3,68.7,5.3,146.5,58.1,63.9,Apply Lime,6,1,283.7,2.523654159869494
Rungwe,-9.19,33.85,Sandy Clay Loam,18.97,79.37,5.26,110.4,31.3,11.2,5.2,101.8,30.7,11.9,Apply Lime,6,3,152.9,3.4179566563467496
Rungwe,-9.12,33.85,Sandy Clay Loam,17.1,94.56,20.24,23.3,17.1,85.0,5.6,23.5,18.6,78.2,DAP,6,3,125.4,1.287292817679558
Rungwe,-9.12,33.61,Sandy Clay Loam,14.03,83.67,3.62,117.6,40.6,71.3,5.3,106.2,37.8,71.3,Apply Lime,6,3,229.5,2.8269230769230766
Rungwe,-9.12,33.57,Sandy Clay Loam,14.1,75.6,0.0,182.0,40.6,22.9,5.5,164.4,40.2,26.6,MOP,6,3,245.5,4.375
Rungwe,-9.26,33.45,Clay Loam,17.12,92.14,21.82,82.0,36.9,74.1,5.3,77.4,39.5,70.5,Apply Lime,6,1,193.0,2.163588390501319
Rungwe,-9.19,33.45,Clay Loam,12.97,78.83,0.05,58.2,35.9,7.5,5.4,60.4,41.3,7.1,Apply Lime,6,1,101.6,1.5772357723577237
Rungwe,-9.33,33.61,Sandy Clay Loam,14.33,79.67,1.34,32.9,69.4,23.5,5.5,34.4,66.6,24.2,NPK,6,3,125.80000000000001,0.4673295454545454
Rungwe,-9.295,33.45,Clay Loam,19.5,73.7,0.06,33.7,74.4,11.2,5.5,35.7,63.5,11.5,NPK,6,1,119.30000000000001,0.4469496021220159
Rungwe,-9.225,33.73,Sandy Clay Loam,16.72,89.55,24.67,89.1,57.4,70.7,5.9,83.6,61.8,71.5,Urea,6,3,217.2,1.5256849315068493
Rungwe,-9.26,33.65,Sandy Clay Loam,16.49,77.49,0.48,101.8,57.6,60.1,5.6,111.3,56.9,69.5,No Fertilizer,6,3,219.5,1.7372013651877132
Rungwe,-9.05,33.69,Clay Loam,17.19,91.05,34.39,24.8,71.4,62.0,5.5,23.7,66.3,74.3,Urea,6,1,158.2,0.34254143646408836
Rungwe,-9.085,33.53,Sandy Clay Loam,17.71,71.05,0.22,156.9,9.6,7.0,5.8,169.7,10.5,6.4,NPK,6,3,173.5,14.801886792452832
Rungwe,-9.225,33.53,Sandy Clay Loam,17.99,80.81,4.53,146.3,20.8,45.3,5.7,138.4,21.5,48.1,SSP,6,3,212.40000000000003,6.711009174311927
Rungwe,-9.4,33.65,Sandy Clay Loam,17.07,88.48,23.25,109.9,34.5,73.7,5.5,109.7,36.7,65.2,No Fertilizer,6,3,218.10000000000002,3.0957746478873243
Rungwe,-9.12,33.73,Clay Loam,14.24,82.44,0.0,164.9,64.0,20.9,5.4,150.8,59.9,19.1,Apply Lime,6,1,249.8,2.536923076923077
Rungwe,-9.33,33.69,Sandy Clay Loam,17.86,72.98,0.0,25.5,40.8,67.2,5.6,23.6,37.3,60.6,Urea,6,3,133.5,0.6100478468899522
Rungwe,-9.365,33.81,Sandy Clay Loam,12.6,75.21,0.0,100.2,54.0,12.5,5.5,91.1,53.4,13.1,MOP,6,3,166.7,1.8218181818181818
Rungwe,-9.4,33.77,Sandy Clay Loam,16.93,86.68,0.75,129.1,12.4,18.8,5.5,117.1,13.2,21.2,NPK,6,3,160.3,9.634328358208954
Rungwe,-9.085,33.49,Sandy Clay Loam,12.29,79.13,0.01,152.4,20.0,42.5,5.7,150.9,20.7,46.0,SSP,6,3,214.9,7.257142857142857
Rungwe,-9.155,33.45,Sandy Clay Loam,16.97,87.03,21.07,131.6,50.0,59.0,5.4,143.2,52.3,60.9,Apply Lime,6,3,240.6,2.580392156862745
Rungwe,-9.05,33.61,Sandy Clay Loam,13.2,73.65,0.01,52.9,13.9,15.2,5.6,57.1,14.9,18.3,NPK,6,3,82.0,3.5503355704697985
Rungwe,-9.26,33.77,Sandy Clay Loam,14.75,80.39,0.0,145.1,27.0,20.8,5.5,169.9,27.2,21.6,MOP,6,3,192.9,5.182142857142857
Rungwe,-9.365,33.49,Clay Loam,16.13,85.37,5.15,28.8,22.3,22.8,5.3,31.1,21.5,23.2,Apply Lime,6,1,73.9,1.2360515021459226
Rungwe,-9.225,33.53,Sandy Clay Loam,12.67,68.11,0.0,159.5,28.0,23.7,5.7,158.8,27.1,26.1,MOP,6,3,211.2,5.5
Rungwe,-9.12,33.69,Sandy Clay Loam,14.57,85.86,0.03,168.2,50.7,23.2,5.4,175.1,50.7,25.0,Apply Lime,6,3,242.09999999999997,3.2533849129593806
Rungwe,-9.33,33.77,Sandy Clay Loam,16.62,79.25,1.82,39.6,28.4,38.6,5.5,40.1,28.3,39.2,Urea,6,3,106.6,1.3469387755102042
Rungwe,-9.365,33.57,Sandy Clay Loam,18.58,71.1,0.0,137.3,40.4,62.4,5.6,132.8,40.6,60.9,No Fertilizer,6,3,240.10000000000002,3.3164251207729474
Rungwe,-9.085,33.61,Clay Loam,18.41,85.05,10.15,16.5,9.6,40.1,5.4,16.8,10.6,42.8,Apply Lime,6,1,66.2,1.5566037735849056
Rungwe,-9.4,33.61,Sandy Clay Loam,17.27,92.97,5.97,72.7,57.8,72.6,5.4,78.9,57.1,71.2,Apply Lime,6,3,203.1,1.2363945578231295
Rungwe,-9.33,33.77,Sandy Clay Loam,16.75,76.73,1.28,97.4,27.3,67.1,5.5,97.8,28.4,66.4,No Fertilizer,6,3,191.8,3.441696113074205
Rungwe,-9.085,33.73,Clay Loam,15.88,75.58,0.0,101.9,42.4,16.7,5.5,108.7,46.8,16.6,MOP,6,1,161.0,2.3479262672811063
Rungwe,-9.4,33.77,Sandy Clay Loam,15.34,82.7,0.0,165.9,53.2,9.6,5.5,169.1,51.9,10.1,MOP,6,3,228.70000000000002,3.0608856088560885
Rungwe,-9.085,33.45,Clay Loam,13.23,85.29,0.0,136.0,17.1,72.3,5.8,124.3,17.8,79.7,SSP,6,1,225.39999999999998,7.513812154696132
Rungwe,-9.12,33.77,Sandy Clay Loam,14.83,73.31,0.0,90.1,63.4,14.2,5.5,91.8,62.4,12.7,MOP,6,3,167.7,1.3990683229813663
Rungwe,-9.12,33.69,Sandy Clay Loam,20.08,67.33,0.06,165.9,47.3,19.3,5.4,147.6,44.7,18.5,Apply Lime,6,3,232.5,3.4347826086956523
Rungwe,-9.19,33.53,Sandy Clay Loam,12.36,81.83,0.04,188.8,30.1,8.4,5.7,171.6,32.3,7.9,MOP,6,3,227.3,6.070739549839228
Rungwe,-9.4,33.85,Sandy Clay Loam,16.02,74.51,8.23,13.2,16.1,58.4,5.7,13.8,16.0,58.8,DAP,6,3,87.7,0.7719298245614034
Rungwe,-9.295,33.69,Sandy Clay Loam,17.52,86.06,0.43,163.3,57.8,54.3,5.6,177.0,66.2,54.9,No Fertilizer,6,3,275.40000000000003,2.777210884353742
Rungwe,-9.19,33.53,Sandy Clay Loam,17.11,89.56,28.97,24.6,59.6,92.0,5.7,24.6,53.8,88.9,Urea,6,3,176.2,0.40594059405940597
Rungwe,-9.225,33.69,Sandy Clay Loam,19.05,86.69,37.01,160.4,16.0,70.2,5.8,148.4,17.7,80.5,SSP,6,3,246.60000000000002,9.435294117647059
Rungwe,-9.26,33.53,Sandy Clay Loam,19.05,86.69,37.01,55.7,25.3,37.3,5.6,57.7,26.3,40.5,DAP,6,3,118.3,2.11787072243346
Rungwe,-9.4,33.69,Sandy Clay Loam,17.66,72.68,0.0,34.5,62.8,35.1,5.5,32.5,57.4,37.2,Urea,6,3,132.4,0.5407523510971787
Rungwe,-9.26,33.53,Sandy Clay Loam,18.63,83.49,46.01,91.9,49.1,30.0,5.6,84.8,49.9,30.9,NPK,6,3,171.0,1.8343313373253494
Rungwe,-9.155,33.85,Sandy Clay Loam,19.23,71.05,0.06,113.0,50.0,17.6,5.5,119.5,54.5,18.8,MOP,6,3,180.6,2.215686274509804
Rungwe,-9.4,33.57,Sandy Clay Loam,14.91,81.65,0.07,71.2,34.8,18.0,5.6,74.8,33.1,17.6,NPK,6,3,124.0,1.9888268156424584
Rungwe,-9.225,33.53,Sandy Clay Loam,16.73,94.72,13.9,20.2,53.8,17.2,5.7,19.3,51.3,17.1,NPK,6,3,91.2,0.3686131386861314
Rungwe,-9.365,33.65,Sandy Clay Loam,19.68,82.36,1.52,113.1,28.2,17.1,5.6,111.9,29.5,15.6,MOP,6,3,158.39999999999998,3.8732876712328768
Rungwe,-9.19,33.57,Sandy Clay Loam,18.48,80.48,1.81,155.6,17.3,30.7,5.7,163.4,17.9,26.2,NPK,6,3,203.6,8.502732240437158
Rungwe,-9.365,33.57,Sandy Clay Loam,17.72,90.94,10.27,73.3,44.4,29.0,5.6,75.1,45.8,31.8,NPK,6,3,146.7,1.6145374449339207
Rungwe,-9.4,33.85,Sandy Clay Loam,13.2,79.21,0.0,46.5,67.4,87.7,5.7,46.8,68.4,86.8,Urea,6,3,201.60000000000002,0.6798245614035087
Rungwe,-9.26,33.53,Sandy Clay Loam,16.96,85.39,3.51,75.9,21.3,55.1,5.6,85.2,24.5,54.6,DAP,6,3,152.3,3.4035874439461886
Rungwe,-9.295,33.77,Clay Loam,13.5,78.35,0.0,19.2,34.0,88.9,5.6,18.2,34.4,89.0,Urea,6,1,142.10000000000002,0.5485714285714286
Rungwe,-9.19,33.73,Sandy Clay Loam,15.35,86.78,0.0,144.5,54.5,34.5,5.7,149.5,48.5,37.3,No Fertilizer,6,3,233.5,2.6036036036036037
Rungwe,-9.12,33.85,Sandy Clay Loam,18.61,64.37,0.0,121.2,37.2,41.6,5.6,150.5,39.7,44.4,No Fertilizer,6,3,200.0,3.1727748691099475
Rungwe,-9.26,33.57,Sandy Clay Loam,19.64,59.8,0.0,109.8,57.2,33.8,5.5,110.0,59.7,33.3,No Fertilizer,6,3,200.8,1.8865979381443299
Rungwe,-9.12,33.85,Sandy Clay Loam,14.4,80.51,0.01,66.4,49.8,19.9,5.6,70.0,54.3,21.4,NPK,6,3,136.1,1.3070866141732285
Rungwe,-9.225,33.69,Sandy Clay Loam,15.81,85.1,0.01,163.2,8.2,18.2,5.8,146.0,7.8,18.0,NPK,6,3,189.59999999999997,17.73913043478261
Rungwe,-9.225,33.57,Sandy Clay Loam,16.17,71.31,0.0,100.0,75.8,83.9,5.8,104.3,69.9,85.4,No Fertilizer,6,3,259.70000000000005,1.3020833333333335
Rungwe,-9.26,33.69,Sandy Clay Loam,15.66,86.83,0.71,138.9,58.1,89.8,5.6,150.4,53.7,88.9,No Fertilizer,6,3,286.8,2.350253807106599
Rungwe,-9.33,33.57,Sandy Clay Loam,14.21,78.59,0.0,121.5,55.7,9.1,5.5,117.3,61.0,9.8,MOP,6,3,186.29999999999998,2.142857142857143
Rungwe,-9.085,33.69,Clay Loam,13.04,83.94,0.0,136.7,48.6,18.8,5.6,143.3,47.0,18.6,MOP,6,1,204.1,2.756048387096774
Rungwe,-9.225,33.57,Sandy Clay Loam,18.88,71.82,0.04,105.7,66.6,39.0,5.8,111.8,60.5,41.6,No Fertilizer,6,3,211.3,1.5636094674556216
Rungwe,-9.295,33.73,Sandy Clay Loam,14.28,81.18,0.09,83.3,11.8,21.9,5.5,80.4,11.4,21.7,NPK,6,3,117.0,6.507812499999999
Rungwe,-9.19,33.81,Sandy Clay Loam,17.35,92.13,31.32,160.3,27.9,40.0,5.5,172.9,27.0,36.6,No Fertilizer,6,3,228.20000000000002,5.546712802768167
Rungwe,-9.4,33.81,Sandy Clay Loam,13.12,85.39,0.0,91.6,59.8,17.2,5.6,102.0,61.8,16.8,MOP,6,3,168.59999999999997,1.506578947368421
Rungwe,-9.33,33.77,Sandy Clay Loam,16.1,91.37,34.45,126.5,17.6,45.3,5.5,112.9,17.3,44.3,SSP,6,3,189.39999999999998,6.801075268817204
Rungwe,-9.295,33.85,Sandy Clay Loam,13.78,81.24,0.16,49.4,10.0,30.5,5.6,47.5,9.2,28.8,NPK,6,3,89.9,4.490909090909091
Rungwe,-9.12,33.57,Sandy Clay Loam,13.35,83.47,0.02,114.2,57.3,32.1,5.5,116.4,56.0,35.6,No Fertilizer,6,3,203.6,1.9588336192109779
Rungwe,-9.19,33.81,Sandy Clay Loam,13.01,75.77,0.04,107.1,54.0,15.6,5.5,107.2,59.1,13.9,MOP,6,3,176.7,1.9472727272727273
Rungwe,-9.225,33.85,Sandy Clay Loam,16.98,94.55,6.11,42.9,14.3,38.9,5.7,41.4,14.7,42.0,DAP,6,3,96.1,2.803921568627451
Rungwe,-9.4,33.57,Sandy Clay Loam,17.45,86.97,17.37,21.5,65.5,94.0,5.6,20.1,60.4,88.6,Urea,6,3,181.0,0.3233082706766917
Rungwe,-9.19,33.65,Sandy Clay Loam,17.92,89.54,9.09,106.8,50.4,35.4,5.6,112.7,49.3,33.6,No Fertilizer,6,3,192.6,2.077821011673152
Rungwe,-9.05,33.57,Sandy Clay Loam,19.43,79.54,1.42,143.4,38.6,74.6,5.6,139.8,38.3,79.6,No Fertilizer,6,3,256.6,3.621212121212121
Rungwe,-9.19,33.57,Sandy Clay Loam,16.68,82.01,1.54,95.5,56.5,82.3,5.7,99.0,58.8,76.8,No Fertilizer,6,3,234.3,1.6608695652173913
Rungwe,-9.155,33.81,Sandy Clay Loam,15.22,66.97,0.0,47.9,34.3,89.0,5.7,48.6,31.7,86.0,Urea,6,3,171.2,1.3569405099150142
Rungwe,-9.155,33.45,Sandy Clay Loam,17.13,91.83,12.06,124.7,18.8,81.9,5.4,123.3,16.8,72.4,Apply Lime,6,3,225.4,6.297979797979798
Rungwe,-9.19,33.53,Sandy Clay Loam,17.95,87.96,14.48,23.6,24.8,62.2,5.7,23.6,22.8,61.4,DAP,6,3,110.60000000000001,0.9147286821705427
Rungwe,-9.12,33.77,Sandy Clay Loam,18.71,87.45,36.56,89.5,41.1,77.4,5.5,85.1,37.3,78.0,Urea,6,3,208.0,2.1258907363420425
Rungwe,-9.05,33.57,Sandy Clay Loam,18.21,89.57,12.88,39.1,38.1,11.9,5.6,37.8,39.1,12.4,NPK,6,3,89.10000000000001,1.0
Rungwe,-9.19,33.61,Sandy Clay Loam,14.12,80.54,0.0,37.0,55.2,39.4,5.6,41.4,57.2,44.9,Urea,6,3,131.6,0.6583629893238434
Rungwe,-9.365,33.57,Sandy Clay Loam,16.85,87.51,6.98,40.2,55.6,87.1,5.6,44.4,56.2,89.1,Urea,6,3,182.9,0.7102473498233216
Rungwe,-9.085,33.53,Sandy Clay Loam,17.35,84.19,0.0,73.8,42.5,69.3,5.8,75.7,42.4,70.6,Urea,6,3,185.6,1.6965517241379309
Rungwe,-9.225,33.61,Sandy Clay Loam,17.63,76.85,3.11,21.1,61.1,88.4,5.5,18.7,55.5,86.8,Urea,6,3,170.60000000000002,0.3397745571658615
Rungwe,-9.05,33.45,Clay Loam,19.67,71.6,1.25,73.0,18.0,64.4,5.5,77.6,16.7,71.5,DAP,6,1,155.4,3.8421052631578947
Rungwe,-9.33,33.57,Sandy Clay Loam,14.12,78.34,0.0,95.6,7.6,78.2,5.5,97.0,7.3,79.5,SSP,6,3,181.39999999999998,11.116279069767442
Rungwe,-9.4,33.53,Clay Loam,18.32,74.43,0.0,88.7,55.5,68.0,5.1,92.2,61.7,65.3,Apply Lime,6,1,212.2,1.569911504424779
Rungwe,-9.33,33.81,Sandy Clay Loam,17.66,88.56,3.34,72.2,7.9,73.2,5.5,75.1,9.0,69.9,DAP,6,3,153.3,8.112359550561798
Rungwe,-9.085,33.69,Clay Loam,18.97,76.04,1.97,154.6,20.6,43.4,5.6,152.7,20.3,49.9,SSP,6,1,218.6,7.1574074074074066
Rungwe,-9.085,33.49,Sandy Clay Loam,16.25,91.67,5.08,38.1,53.0,87.8,5.7,34.7,49.9,83.6,Urea,6,3,178.89999999999998,0.7055555555555556
Rungwe,-9.4,33.65,Sandy Clay Loam,18.75,60.62,0.0,99.0,30.9,74.0,5.5,96.0,31.0,75.3,No Fertilizer,6,3,203.9,3.103448275862069
Rungwe,-9.33,33.85,Sandy Clay Loam,16.86,74.12,0.0,19.4,70.1,75.9,5.4,20.5,61.8,76.9,Apply Lime,6,3,165.4,0.27285513361462727
Rungwe,-9.4,33.49,Clay Loam,15.4,74.15,0.0,26.4,21.9,52.2,5.2,22.1,23.7,62.5,Apply Lime,6,1,100.5,1.1528384279475983
Rungwe,-9.19,33.57,Sandy Clay Loam,18.75,80.26,14.69,108.1,4.4,34.9,5.7,107.6,4.8,31.6,NPK,6,3,147.4,20.018518518518515
Rungwe,-9.085,33.77,Sandy Clay Loam,17.31,87.49,4.1,101.9,22.7,9.1,5.6,106.2,23.8,9.0,NPK,6,3,133.70000000000002,4.29957805907173
Rungwe,-9.4,33.65,Sandy Clay Loam,18.66,72.45,0.0,175.0,40.1,75.5,5.5,159.3,42.2,84.6,No Fertilizer,6,3,290.6,4.257907542579075
Rungwe,-9.365,33.81,Sandy Clay Loam,11.59,69.16,0.0,101.4,29.9,56.7,5.5,104.8,28.8,55.2,No Fertilizer,6,3,188.0,3.2815533980582527
Rungwe,-9.12,33.81,Sandy Clay Loam,15.74,82.44,0.04,193.3,38.1,31.8,5.7,173.2,39.3,31.0,MOP,6,3,263.2,4.943734015345268
Rungwe,-9.12,33.81,Sandy Clay Loam,17.05,71.81,0.0,17.2,55.2,20.1,5.7,18.3,61.9,18.5,NPK,6,3,92.5,0.3060498220640569
Rungwe,-9.155,33.81,Sandy Clay Loam,17.54,85.48,0.32,29.3,68.2,74.0,5.7,26.7,64.2,75.7,Urea,6,3,171.5,0.4234104046242774
Rungwe,-9.19,33.53,Sandy Clay Loam,14.5,80.01,0.0,17.7,18.9,76.3,5.7,17.5,21.6,76.3,DAP,6,3,112.89999999999999,0.8894472361809046
Rungwe,-9.26,33.85,Sandy Clay Loam,16.88,76.08,0.19,45.2,31.9,71.1,5.6,41.5,34.5,74.4,Urea,6,3,148.2,1.3738601823708207
Rungwe,-9.155,33.81,Sandy Clay Loam,12.34,81.05,0.22,115.6,35.7,62.7,5.7,102.0,40.2,60.2,No Fertilizer,6,3,214.0,3.149863760217983
Rungwe,-9.4,33.45,Clay Loam,17.31,86.59,7.82,110.3,67.6,34.7,5.2,119.7,66.6,36.7,Apply Lime,6,1,212.59999999999997,1.6078717201166182
Rungwe,-9.155,33.81,Sandy Clay Loam,16.88,90.82,50.91,19.3,70.8,29.6,5.7,17.7,69.9,31.5,NPK,6,3,119.69999999999999,0.26880222841225626
Rungwe,-9.26,33.65,Sandy Clay Loam,16.68,91.01,1.3,154.0,22.2,6.7,5.6,170.8,19.5,6.7,NPK,6,3,182.89999999999998,6.637931034482759
Rungwe,-9.33,33.69,Sandy Clay Loam,19.28,78.15,0.01,141.9,55.3,69.5,5.6,153.2,52.0,76.0,No Fertilizer,6,3,266.7,2.5204262877442276
Rungwe,-9.225,33.61,Sandy Clay Loam,15.8,83.79,0.0,57.0,31.9,14.8,5.5,60.4,29.0,13.3,NPK,6,3,103.7,1.7325227963525838
Rungwe,-9.19,33.73,Sandy Clay Loam,20.01,67.39,0.56,23.9,4.6,66.9,5.7,23.1,4.5,59.0,DAP,6,3,95.4,4.267857142857143
Rungwe,-9.225,33.61,Sandy Clay Loam,13.01,79.03,0.0,39.0,4.3,46.8,5.5,38.9,4.6,48.3,DAP,6,3,90.1,7.358490566037736
Rungwe,-9.33,33.53,Clay Loam,13.29,80.21,0.09,31.2,34.7,45.4,5.5,31.6,34.4,50.2,Urea,6,1,111.30000000000001,0.8739495798319327
Rungwe,-9.225,33.45,Sandy Clay Loam,17.04,88.32,1.96,31.3,37.7,85.8,5.4,31.0,36.2,83.8,Apply Lime,6,3,154.8,0.8087855297157622
Rungwe,-9.155,33.81,Sandy Clay Loam,17.19,74.82,0.0,102.2,5.8,8.4,5.7,98.2,5.5,8.7,NPK,6,3,116.4,15.029411764705884
Rungwe,-9.4,33.81,Sandy Clay Loam,14.76,87.27,2.26,54.2,47.7,76.8,5.6,51.8,49.3,71.0,Urea,6,3,178.7,1.1129363449691991
Rungwe,-9.295,33.45,Clay Loam,15.69,81.05,0.58,76.3,24.2,9.8,5.5,70.9,23.4,10.4,NPK,6,1,110.3,3.0277777777777777
Rungwe,-9.4,33.45,Clay Loam,15.99,61.52,0.0,200.9,38.3,9.6,5.2,178.2,41.0,9.2,Apply Lime,6,1,248.79999999999998,5.111959287531807
Rungwe,-9.295,33.57,Sandy Clay Loam,14.4,85.63,0.68,126.1,22.1,42.4,5.5,126.3,23.9,42.1,SSP,6,3,190.6,5.458874458874458
Rungwe,-9.365,33.85,Sandy Clay Loam,17.3,82.87,12.71,165.1,13.9,10.8,5.6,171.3,15.0,11.3,NPK,6,3,189.8,11.080536912751677
Rungwe,-9.26,33.53,Sandy Clay Loam,17.69,89.0,14.26,35.7,30.9,73.5,5.6,34.2,30.9,72.3,Urea,6,3,140.1,1.1191222570532917
Rungwe,-9.085,33.77,Sandy Clay Loam,18.3,80.96,1.79,69.0,17.7,53.6,5.6,75.0,19.3,50.5,DAP,6,3,140.3,3.6898395721925135
Rungwe,-9.295,33.61,Sandy Clay Loam,11.26,66.48,0.0,99.3,38.1,8.5,5.5,104.3,39.3,8.4,MOP,6,3,145.9,2.539641943734015
Rungwe,-9.19,33.49,Sandy Clay Loam,18.1,92.72,15.27,24.7,18.2,9.5,5.6,23.0,17.1,9.4,NPK,6,3,52.4,1.2864583333333333
Rungwe,-9.295,33.69,Sandy Clay Loam,10.97,73.9,0.0,10.6,34.8,54.0,5.6,10.7,37.6,57.5,Urea,6,3,99.4,0.29608938547486036
Rungwe,-9.26,33.77,Sandy Clay Loam,19.95,69.49,0.01,113.5,13.9,79.6,5.5,124.0,14.4,73.7,SSP,6,3,207.0,7.61744966442953
Rungwe,-9.19,33.61,Sandy Clay Loam,18.94,79.77,7.3,106.7,48.5,45.9,5.6,119.1,48.3,42.8,No Fertilizer,6,3,201.1,2.1555555555555554
Rungwe,-9.19,33.53,Sandy Clay Loam,13.35,72.87,0.0,80.1,54.7,51.1,5.7,79.8,53.8,52.6,Urea,6,3,185.9,1.438061041292639
Rungwe,-9.12,33.77,Sandy Clay Loam,18.58,85.48,27.88,100.7,10.9,72.5,5.5,93.2,11.3,73.2,SSP,6,3,184.10000000000002,8.46218487394958
Rungwe,-9.295,33.57,Sandy Clay Loam,13.43,72.86,0.0,87.0,36.8,63.0,5.5,80.6,34.9,57.3,Urea,6,3,186.8,2.301587301587302
Rungwe,-9.225,33.57,Sandy Clay Loam,18.09,89.56,9.46,14.2,9.0,22.9,5.8,14.1,8.7,24.9,NPK,6,3,46.099999999999994,1.42
Rungwe,-9.295,33.85,Sandy Clay Loam,19.09,73.5,0.04,76.4,46.9,59.9,5.6,67.0,43.5,57.5,Urea,6,3,183.20000000000002,1.594989561586639
Rungwe,-9.12,33.85,Sandy Clay Loam,14.02,80.17,0.04,39.8,21.3,56.5,5.6,40.1,21.5,58.8,DAP,6,3,117.6,1.7847533632286994
Rungwe,-9.19,33.65,Sandy Clay Loam,17.73,83.97,10.63,26.5,37.4,76.1,5.6,26.7,38.8,67.7,Urea,6,3,140.0,0.6901041666666667
Rungwe,-9.155,33.85,Sandy Clay Loam,19.08,85.29,1.12,141.6,36.3,58.4,5.5,172.6,38.2,58.2,No Fertilizer,6,3,236.29999999999998,3.796246648793566
Rungwe,-9.26,33.53,Sandy Clay Loam,17.81,89.02,21.22,108.4,66.4,95.1,5.6,111.9,65.0,87.4,No Fertilizer,6,3,269.9,1.6083086053412463
Rungwe,-9.12,33.69,Sandy Clay Loam,18.99,75.86,0.0,141.9,39.2,21.4,5.4,133.9,40.2,22.6,Apply Lime,6,3,202.50000000000003,3.529850746268657
Rungwe,-9.4,33.45,Clay Loam,16.5,66.68,0.06,70.6,40.8,78.4,5.2,63.6,42.5,85.9,Apply Lime,6,1,189.8,1.6889952153110048
Rungwe,-9.4,33.73,Sandy Clay Loam,16.95,90.16,14.64,72.4,29.6,50.4,5.5,76.8,30.5,51.2,Urea,6,3,152.4,2.366013071895425
Rungwe,-9.155,33.65,Clay Loam,13.65,75.69,0.0,51.9,63.5,63.6,5.4,50.3,66.6,62.4,Apply Lime,6,1,179.0,0.8046511627906977
Rungwe,-9.085,33.45,Clay Loam,18.66,72.75,0.0,28.4,56.1,13.8,5.8,26.5,55.3,14.4,NPK,6,1,98.3,0.4973730297723292
Rungwe,-9.365,33.73,Sandy Clay Loam,18.82,72.28,0.61,40.5,20.6,40.0,5.7,40.4,22.8,38.0,DAP,6,3,101.1,1.8749999999999998
Rungwe,-9.295,33.77,Clay Loam,15.9,78.28,0.0,122.3,61.0,69.6,5.6,145.6,59.7,70.6,No Fertilizer,6,1,252.9,1.9725806451612902
Rungwe,-9.365,33.69,Sandy Clay Loam,14.8,71.39,0.0,127.3,34.1,55.9,5.5,125.2,32.5,65.4,No Fertilizer,6,3,217.3,3.6267806267806266
Rungwe,-9.33,33.73,Sandy Clay Loam,14.53,76.26,0.09,108.5,56.3,9.7,5.6,103.0,58.7,9.4,MOP,6,3,174.5,1.893542757417103
Rungwe,-9.085,33.85,Sandy Clay Loam,17.21,91.52,4.62,84.7,66.2,48.7,5.6,90.8,58.3,51.9,No Fertilizer,6,3,199.60000000000002,1.2604166666666667
Rungwe,-9.33,33.77,Sandy Clay Loam,16.81,87.66,12.55,163.8,16.5,13.1,5.5,166.8,16.5,13.4,NPK,6,3,193.4,9.360000000000001
Rungwe,-9.225,33.49,Sandy Clay Loam,17.55,86.66,11.8,20.6,44.8,99.4,5.6,22.4,50.3,89.7,Urea,6,3,164.8,0.44978165938864634
Rungwe,-9.05,33.77,Clay Loam,18.08,72.65,0.0,47.3,22.7,91.5,5.5,57.7,23.2,81.4,DAP,6,1,161.5,1.9957805907172994
Rungwe,-9.05,33.49,Sandy Clay Loam,13.69,74.55,0.0,74.5,23.7,7.5,5.6,69.5,23.6,7.8,NPK,6,3,105.7,3.016194331983806
Rungwe,-9.155,33.77,Sandy Clay Loam,18.86,89.91,9.0,143.0,24.3,81.3,5.7,143.0,23.6,78.1,SSP,6,3,248.60000000000002,5.6521739130434785
Rungwe,-9.26,33.53,Sandy Clay Loam,13.82,82.22,0.0,198.7,51.0,80.0,5.6,178.7,51.9,83.2,No Fertilizer,6,3,329.7,3.821153846153846
Rungwe,-9.4,33.49,Clay Loam,19.68,82.36,1.52,54.0,17.8,35.0,5.2,50.9,19.2,35.7,Apply Lime,6,1,106.8,2.872340425531915
Rungwe,-9.4,33.49,Clay Loam,17.62,79.37,2.63,154.7,3.7,63.6,5.2,158.6,4.1,66.4,Apply Lime,6,1,221.99999999999997,32.91489361702127
Rungwe,-9.365,33.69,Sandy Clay Loam,18.3,88.15,17.18,150.3,48.9,37.9,5.5,151.2,51.2,43.1,No Fertilizer,6,3,237.10000000000002,3.0120240480961926
Rungwe,-9.26,33.49,Sandy Clay Loam,17.99,81.69,5.05,50.1,14.7,61.4,5.5,48.2,15.3,61.0,DAP,6,3,126.19999999999999,3.191082802547771
Rungwe,-9.085,33.85,Sandy Clay Loam,15.08,68.76,0.0,83.2,10.0,35.3,5.6,77.9,10.9,34.6,DAP,6,3,128.5,7.5636363636363635
Rungwe,-9.19,33.57,Sandy Clay Loam,17.98,80.87,5.44,81.4,18.7,31.5,5.7,79.6,19.7,33.1,DAP,6,3,131.60000000000002,4.131979695431473
Rungwe,-9.4,33.85,Sandy Clay Loam,15.22,66.97,0.0,189.9,30.4,44.8,5.7,176.3,29.1,41.7,No Fertilizer,6,3,265.1,6.047770700636943
Rungwe,-9.225,33.81,Clay Loam,17.67,64.45,0.0,39.9,39.5,17.7,5.5,40.8,35.4,18.2,NPK,6,1,97.10000000000001,0.9851851851851852
Rungwe,-9.085,33.69,Clay Loam,16.66,91.48,13.94,135.7,7.3,72.4,5.6,145.9,6.9,75.8,SSP,6,1,215.4,16.34939759036144
Rungwe,-9.085,33.69,Clay Loam,18.73,85.72,0.73,66.5,74.3,36.6,5.6,66.8,68.1,35.3,Urea,6,1,177.4,0.8831341301460823
Rungwe,-9.085,33.77,Sandy Clay Loam,13.75,73.38,0.0,136.2,54.8,35.3,5.6,134.2,51.3,39.6,No Fertilizer,6,3,226.3,2.4408602150537635
Rungwe,-9.33,33.73,Sandy Clay Loam,14.37,82.14,0.42,74.6,26.8,86.2,5.6,81.4,25.3,81.1,DAP,6,3,187.6,2.6834532374100717
Rungwe,-9.12,33.81,Sandy Clay Loam,17.95,78.11,1.38,98.2,24.4,46.4,5.7,108.3,25.0,47.7,SSP,6,3,169.0,3.866141732283465
Rungwe,-9.155,33.53,Sandy Clay Loam,18.42,85.57,0.11,156.3,33.9,55.3,5.8,151.5,33.6,51.7,No Fertilizer,6,3,245.5,4.478510028653296
Rungwe,-9.365,33.73,Sandy Clay Loam,18.49,82.41,1.62,142.5,44.0,94.1,5.7,146.7,45.3,86.3,No Fertilizer,6,3,280.6,3.1666666666666665
Rungwe,-9.19,33.57,Sandy Clay Loam,17.13,84.02,2.67,155.5,13.5,84.1,5.7,157.3,13.7,80.5,SSP,6,3,253.1,10.724137931034482
Rungwe,-9.225,33.53,Sandy Clay Loam,18.58,71.1,0.0,19.6,16.5,19.1,5.7,20.1,16.5,20.2,NPK,6,3,55.2,1.12
Rungwe,-9.19,33.81,Sandy Clay Loam,16.78,85.71,9.18,141.2,63.8,41.7,5.5,127.6,60.7,45.8,No Fertilizer,6,3,246.7,2.1790123456790123
Rungwe,-9.295,33.73,Sandy Clay Loam,13.37,82.64,1.09,36.8,21.5,78.8,5.5,33.8,20.9,87.6,DAP,6,3,137.1,1.6355555555555554
Rungwe,-9.12,33.77,Sandy Clay Loam,18.14,72.7,0.0,73.7,28.8,40.2,5.5,80.7,29.1,37.3,Urea,6,3,142.7,2.4731543624161074
Rungwe,-9.295,33.57,Sandy Clay Loam,16.39,86.34,0.51,99.4,61.7,36.9,5.5,103.3,61.5,37.2,No Fertilizer,6,3,198.00000000000003,1.5853269537480064
Rungwe,-9.365,33.85,Sandy Clay Loam,20.5,66.79,0.01,83.1,49.2,21.4,5.6,78.5,47.8,22.4,NPK,6,3,153.70000000000002,1.6553784860557768
Rungwe,-9.225,33.49,Sandy Clay Loam,18.64,86.68,53.35,102.5,27.8,15.5,5.6,98.3,26.6,15.6,NPK,6,3,145.8,3.5590277777777777
Rungwe,-9.295,33.61,Sandy Clay Loam,17.21,87.62,8.74,178.9,43.9,73.3,5.5,179.4,49.1,68.2,No Fertilizer,6,3,296.1,3.984409799554566
Rungwe,-9.26,33.61,Sandy Clay Loam,17.79,84.38,25.05,30.4,4.9,74.5,5.6,33.0,5.3,70.7,DAP,6,3,109.8,5.1525423728813555
Rungwe,-9.12,33.85,Sandy Clay Loam,13.51,81.59,0.0,118.9,56.6,90.1,5.6,124.8,52.6,87.4,No Fertilizer,6,3,265.6,2.064236111111111
Rungwe,-9.085,33.69,Clay Loam,14.38,69.47,0.0,74.5,36.0,74.1,5.6,77.3,36.1,71.0,Urea,6,1,184.6,2.0135135135135136
Rungwe,-9.05,33.73,Clay Loam,17.7,71.83,0.0,33.2,56.0,26.8,5.4,32.6,57.7,26.4,Apply Lime,6,1,116.0,0.5824561403508772
Rungwe,-9.155,33.45,Sandy Clay Loam,17.32,92.84,21.58,41.4,65.8,9.6,5.4,37.0,67.0,9.4,Apply Lime,6,3,116.79999999999998,0.6197604790419162
Rungwe,-9.085,33.61,Clay Loam,20.03,75.47,4.38,163.1,63.9,90.2,5.4,171.4,65.1,88.8,Apply Lime,6,1,317.2,2.513097072419106
Rungwe,-9.295,33.81,Sandy Clay Loam,17.65,86.76,15.84,148.1,66.5,34.6,5.7,159.5,64.0,34.6,No Fertilizer,6,3,249.2,2.194074074074074
Rungwe,-9.155,33.69,Sandy Clay Loam,19.91,76.12,0.79,162.9,34.9,33.9,5.5,164.2,37.8,32.2,MOP,6,3,231.70000000000002,4.537604456824513
Rungwe,-9.225,33.85,Sandy Clay Loam,18.36,90.46,23.78,191.5,27.8,84.2,5.7,178.6,27.8,82.1,No Fertilizer,6,3,303.5,6.649305555555555
Rungwe,-9.085,33.61,Clay Loam,18.09,75.33,0.07,40.8,35.3,51.7,5.4,45.4,34.7,55.1,Apply Lime,6,1,127.8,1.1239669421487604
Rungwe,-9.225,33.81,Clay Loam,17.41,88.35,7.02,77.6,50.9,24.9,5.5,70.4,49.5,24.0,NPK,6,1,153.4,1.4951830443159921
Rungwe,-9.155,33.49,Sandy Clay Loam,15.89,77.3,0.01,122.3,63.3,82.1,5.6,123.8,62.3,80.7,No Fertilizer,6,3,267.7,1.902021772939347
Rungwe,-9.4,33.73,Sandy Clay Loam,16.53,66.5,0.0,87.5,18.3,93.3,5.5,92.2,17.7,89.4,SSP,6,3,199.1,4.533678756476684
Rungwe,-9.19,33.73,Sandy Clay Loam,18.45,86.02,6.86,72.0,62.0,13.2,5.7,81.1,64.6,13.3,NPK,6,3,147.2,1.1428571428571428
Rungwe,-9.085,33.77,Sandy Clay Loam,14.27,83.2,0.0,74.3,54.0,82.9,5.6,70.8,57.8,78.4,Urea,6,3,211.20000000000002,1.3509090909090908
Rungwe,-9.4,33.45,Clay Loam,17.69,87.77,11.47,109.6,80.4,38.6,5.2,110.9,68.6,38.8,Apply Lime,6,1,228.6,1.3464373464373462
Rungwe,-9.33,33.77,Sandy Clay Loam,17.9,81.58,1.15,109.1,60.8,52.6,5.5,107.9,62.1,50.0,No Fertilizer,6,3,222.49999999999997,1.7653721682847896
Rungwe,-9.33,33.85,Sandy Clay Loam,13.13,73.8,0.0,35.1,22.2,80.2,5.4,37.4,22.5,82.8,Apply Lime,6,3,137.5,1.5129310344827587
Rungwe,-9.295,33.49,Sandy Clay Loam,18.34,67.38,5.87,88.2,11.5,85.4,5.5,90.2,11.0,87.8,SSP,6,3,185.10000000000002,7.056
Rungwe,-9.33,33.57,Sandy Clay Loam,17.7,80.31,0.07,100.5,12.7,29.2,5.5,104.1,11.4,28.0,NPK,6,3,142.4,7.335766423357665
Rungwe,-9.295,33.65,Sandy Clay Loam,19.29,71.07,0.22,106.2,22.3,23.3,5.7,106.9,23.2,23.9,NPK,6,3,151.8,4.55793991416309
Rungwe,-9.365,33.73,Sandy Clay Loam,18.91,84.93,18.88,43.6,41.4,14.7,5.7,45.7,44.5,12.8,NPK,6,3,99.7,1.028301886792453
Rungwe,-9.085,33.53,Sandy Clay Loam,20.11,78.08,0.99,121.6,52.1,55.3,5.8,136.2,57.1,53.2,No Fertilizer,6,3,229.0,2.2900188323917137
Rungwe,-9.12,33.65,Sandy Clay Loam,18.03,83.39,5.37,17.0,70.4,7.2,5.7,14.3,63.4,7.1,NPK,6,3,94.60000000000001,0.23809523809523808
Rungwe,-9.26,33.65,Sandy Clay Loam,15.08,75.04,0.05,63.6,41.9,42.9,5.6,70.3,45.2,40.6,Urea,6,3,148.4,1.4825174825174825
Rungwe,-9.05,33.69,Clay Loam,17.19,86.94,5.65,144.4,4.4,11.8,5.5,142.6,4.4,12.2,NPK,6,1,160.60000000000002,26.74074074074074
Rungwe,-9.295,33.45,Clay Loam,17.24,90.73,41.96,92.7,15.2,42.6,5.5,105.9,16.3,40.0,SSP,6,1,150.5,5.722222222222222
Rungwe,-9.05,33.73,Clay Loam,17.74,91.46,17.73,46.8,9.5,9.9,5.4,54.4,10.6,9.4,Apply Lime,6,1,66.2,4.457142857142857
Rungwe,-9.4,33.57,Sandy Clay Loam,16.81,91.96,20.99,129.0,27.4,82.8,5.6,128.1,28.0,76.2,No Fertilizer,6,3,239.2,4.542253521126761
Rungwe,-9.12,33.73,Clay Loam,17.59,91.08,24.96,107.8,34.7,22.9,5.4,106.5,37.1,23.6,Apply Lime,6,1,165.4,3.0196078431372544
Rungwe,-9.295,33.53,Clay Loam,18.54,66.37,0.0,158.2,6.5,30.7,5.6,145.4,6.9,33.6,SSP,6,1,195.39999999999998,21.09333333333333
Rungwe,-9.26,33.53,Sandy Clay Loam,15.61,77.94,0.0,138.7,30.8,75.7,5.6,135.0,27.0,79.1,No Fertilizer,6,3,245.2,4.361635220125786
Rungwe,-9.4,33.85,Sandy Clay Loam,17.88,82.87,28.18,112.5,16.3,67.3,5.7,113.7,15.8,68.7,SSP,6,3,196.10000000000002,6.502890173410404
Rungwe,-9.05,33.69,Clay Loam,16.54,85.99,3.27,86.8,49.8,27.2,5.5,93.0,46.7,24.4,MOP,6,1,163.79999999999998,1.7086614173228347
Rungwe,-9.12,33.85,Sandy Clay Loam,13.82,82.22,0.0,36.1,36.6,13.9,5.6,32.6,34.6,12.0,NPK,6,3,86.60000000000001,0.9601063829787234
Rungwe,-9.05,33.57,Sandy Clay Loam,12.21,81.08,0.1,58.0,36.4,67.7,5.6,54.4,36.7,66.1,Urea,6,3,162.10000000000002,1.5508021390374331
Rungwe,-9.26,33.81,Sandy Clay Loam,18.11,87.09,1.55,74.2,31.2,38.8,5.4,81.2,32.2,38.8,Apply Lime,6,3,144.2,2.3043478260869565
Rungwe,-9.085,33.61,Clay Loam,17.14,89.9,5.84,112.2,68.3,68.6,5.4,111.9,67.1,70.4,Apply Lime,6,1,249.1,1.619047619047619
Rungwe,-9.295,33.45,Clay Loam,13.46,82.49,0.92,98.3,18.4,45.9,5.5,97.3,18.2,43.4,SSP,6,1,162.6,5.067010309278351
Rungwe,-9.225,33.45,Sandy Clay Loam,13.18,82.38,0.0,57.6,36.6,40.4,5.4,59.0,38.1,35.1,Apply Lime,6,3,134.6,1.5319148936170213
Rungwe,-9.225,33.65,Sandy Clay Loam,19.07,83.28,7.1,11.7,53.1,49.4,5.7,11.1,52.6,43.9,Urea,6,3,114.19999999999999,0.21626617375231053
Rungwe,-9.225,33.61,Sandy Clay Loam,12.97,75.52,0.0,99.9,38.7,74.4,5.5,94.4,40.8,68.9,No Fertilizer,6,3,213.00000000000003,2.5163727959697733
Rungwe,-9.33,33.45,Clay Loam,16.94,87.69,11.88,57.8,64.5,88.2,5.2,58.6,65.3,81.8,Apply Lime,6,1,210.5,0.8824427480916031
Rungwe,-9.225,33.61,Sandy Clay Loam,13.94,80.32,0.0,132.2,28.3,10.8,5.5,134.9,28.9,10.2,MOP,6,3,171.3,4.511945392491467
Rungwe,-9.05,33.57,Sandy Clay Loam,17.87,84.32,0.22,15.5,31.5,49.9,5.6,14.1,34.6,50.0,Urea,6,3,96.9,0.47692307692307695
Rungwe,-9.4,33.65,Sandy Clay Loam,20.18,69.08,0.0,116.6,8.2,8.3,5.5,109.4,9.8,8.8,NPK,6,3,133.1,12.673913043478262
Rungwe,-9.225,33.69,Sandy Clay Loam,17.45,87.69,8.55,170.9,41.3,45.3,5.8,170.1,44.2,45.3,No Fertilizer,6,3,257.5,4.040189125295509
Rungwe,-9.365,33.81,Sandy Clay Loam,14.78,79.69,0.57,35.1,25.9,82.7,5.5,39.6,23.0,80.4,DAP,6,3,143.7,1.304832713754647
Rungwe,-9.12,33.45,Clay Loam,18.46,85.04,16.1,92.4,14.3,32.7,5.4,90.2,14.6,36.4,Apply Lime,6,1,139.4,6.03921568627451
Rungwe,-9.05,33.73,Clay Loam,17.65,75.56,0.0,26.8,42.1,83.4,5.4,25.5,39.9,84.3,Apply Lime,6,1,152.3,0.6218097447795824
Rungwe,-9.12,33.69,Sandy Clay Loam,13.38,82.6,0.47,93.9,33.3,55.6,5.4,116.4,39.1,59.0,Apply Lime,6,3,182.8,2.7376093294460646
Rungwe,-9.225,33.61,Sandy Clay Loam,15.37,84.99,0.22,105.4,8.4,90.5,5.5,103.6,9.0,84.5,SSP,6,3,204.3,11.212765957446809
Rungwe,-9.26,33.45,Clay Loam,13.81,74.12,0.0,76.9,45.3,66.9,5.3,79.3,50.1,69.6,Apply Lime,6,1,189.10000000000002,1.6609071274298057
Rungwe,-9.26,33.85,Sandy Clay Loam,15.08,79.86,0.0,97.1,44.5,15.0,5.6,98.6,45.2,14.7,MOP,6,3,156.6,2.134065934065934
Rungwe,-9.05,33.85,Sandy Clay Loam,17.24,71.54,0.07,152.1,19.3,24.2,5.7,162.4,16.5,25.4,NPK,6,3,195.6,7.4926108374384235
Rungwe,-9.225,33.77,Sandy Clay Loam,12.22,82.55,0.0,42.9,36.1,43.5,5.5,43.4,35.0,39.1,Urea,6,3,122.5,1.1563342318059298
Rungwe,-9.19,33.53,Sandy Clay Loam,19.54,69.36,0.0,15.2,57.7,17.9,5.7,13.8,51.5,20.3,NPK,6,3,90.80000000000001,0.25894378194207834
Rungwe,-9.365,33.49,Clay Loam,17.71,71.05,0.22,151.6,38.2,49.2,5.3,156.5,38.9,47.6,Apply Lime,6,1,239.0,3.8673469387755097
Rungwe,-9.085,33.73,Clay Loam,17.47,88.15,1.45,115.4,33.0,41.5,5.5,108.1,30.1,45.6,No Fertilizer,6,1,189.9,3.394117647058824
Rungwe,-9.295,33.61,Sandy Clay Loam,11.88,70.49,0.0,152.3,28.9,83.2,5.5,161.4,25.3,86.3,SSP,6,3,264.40000000000003,5.093645484949834
Rungwe,-9.12,33.45,Clay Loam,12.82,78.55,0.01,117.4,43.9,43.0,5.4,111.5,44.3,42.4,Apply Lime,6,1,204.3,2.6146993318485525
Rungwe,-9.12,33.81,Sandy Clay Loam,14.86,78.34,0.0,147.7,63.5,73.3,5.7,147.7,66.0,72.0,No Fertilizer,6,3,284.5,2.289922480620155
Rungwe,-9.365,33.69,Sandy Clay Loam,19.13,70.27,2.48,85.1,43.9,86.5,5.5,83.0,48.3,85.1,Urea,6,3,215.5,1.8953229398663696
Rungwe,-9.225,33.45,Sandy Clay Loam,17.81,88.56,1.23,137.5,8.7,80.5,5.4,137.5,8.9,79.7,Apply Lime,6,3,226.7,14.175257731958764
Rungwe,-9.4,33.81,Sandy Clay Loam,11.72,78.57,0.0,172.6,34.6,22.5,5.6,165.2,34.4,23.5,MOP,6,3,229.7,4.848314606741573
Rungwe,-9.155,33.85,Sandy Clay Loam,13.47,79.45,0.08,88.0,71.7,47.1,5.5,107.3,62.8,47.7,No Fertilizer,6,3,206.79999999999998,1.2104539202200826
Rungwe,-9.05,33.45,Clay Loam,17.64,91.65,17.89,36.7,9.3,35.3,5.5,40.7,10.2,35.2,DAP,6,1,81.3,3.563106796116505
Rungwe,-9.19,33.49,Sandy Clay Loam,15.38,82.2,0.0,57.3,69.6,40.1,5.6,55.7,69.3,39.6,Urea,6,3,167.0,0.811614730878187
Rungwe,-9.365,33.49,Clay Loam,15.75,73.52,0.0,37.5,58.2,36.1,5.3,43.8,66.6,36.3,Apply Lime,6,1,131.8,0.6334459459459459
Rungwe,-9.26,33.85,Sandy Clay Loam,18.5,81.46,3.77,50.0,8.9,79.3,5.6,52.0,9.2,75.4,DAP,6,3,138.2,5.05050505050505
Rungwe,-9.365,33.73,Sandy Clay Loam,17.42,92.66,20.78,61.9,67.0,44.3,5.7,62.1,65.6,44.0,Urea,6,3,173.2,0.9102941176470588
Rungwe,-9.33,33.85,Sandy Clay Loam,14.66,64.74,0.0,98.3,29.0,50.7,5.4,104.4,28.0,50.0,Apply Lime,6,3,178.0,3.2766666666666664
Rungwe,-9.12,33.65,Sandy Clay Loam,19.16,64.86,0.12,104.6,62.2,86.2,5.7,110.0,59.8,88.5,No Fertilizer,6,3,253.0,1.6550632911392404
Rungwe,-9.365,33.61,Sandy Clay Loam,19.77,60.97,0.0,84.1,32.5,10.2,5.6,82.5,31.6,11.0,NPK,6,3,126.8,2.5104477611940297
Rungwe,-9.05,33.77,Clay Loam,18.21,87.83,0.98,122.7,34.4,47.5,5.5,114.6,33.1,47.0,No Fertilizer,6,1,204.6,3.4661016949152543
Rungwe,-9.19,33.69,Sandy Clay Loam,11.72,78.57,0.0,22.3,46.0,77.0,5.6,23.9,45.9,71.0,Urea,6,3,145.3,0.474468085106383
Rungwe,-9.33,33.53,Clay Loam,14.05,61.25,0.0,23.9,51.1,19.3,5.5,24.9,55.1,18.7,NPK,6,1,94.3,0.4587332053742802
Rungwe,-9.225,33.61,Sandy Clay Loam,18.16,87.67,4.41,37.2,5.4,54.1,5.5,39.2,6.2,57.4,DAP,6,3,96.7,5.8125
Rungwe,-9.05,33.73,Clay Loam,12.63,81.3,0.17,81.5,41.5,27.6,5.4,98.1,43.1,26.1,Apply Lime,6,1,150.6,1.9176470588235295
Rungwe,-9.365,33.69,Sandy Clay Loam,18.15,88.51,8.09,46.8,16.2,77.0,5.5,46.4,16.3,78.9,DAP,6,3,140.0,2.7209302325581395
Rungwe,-9.365,33.81,Sandy Clay Loam,17.67,73.37,0.21,62.0,29.2,35.2,5.5,58.2,26.8,33.5,DAP,6,3,126.4,2.052980132450331
Rungwe,-9.05,33.45,Clay Loam,16.1,88.33,1.76,83.6,26.8,32.8,5.5,78.1,27.0,33.6,Urea,6,1,143.2,3.007194244604316
Rungwe,-9.225,33.81,Clay Loam,13.09,81.96,14.47,139.0,34.5,57.6,5.5,148.0,35.0,56.2,No Fertilizer,6,1,231.1,3.915492957746479
Rungwe,-9.12,33.61,Sandy Clay Loam,16.61,86.06,0.49,11.3,26.8,20.6,5.3,12.4,26.1,21.4,Apply Lime,6,3,58.7,0.4064748201438849
Rungwe,-9.155,33.69,Sandy Clay Loam,16.02,74.51,8.23,120.6,10.9,28.9,5.5,120.4,11.1,29.9,NPK,6,3,160.4,10.134453781512605
Rungwe,-9.33,33.73,Sandy Clay Loam,13.96,78.36,0.02,130.9,14.4,36.5,5.6,123.7,13.6,41.0,SSP,6,3,181.8,8.5
Rungwe,-9.05,33.65,Clay Loam,18.19,88.2,10.79,147.4,7.1,37.0,5.4,145.8,6.2,35.7,Apply Lime,6,1,191.5,18.19753086419753
Rungwe,-9.225,33.53,Sandy Clay Loam,16.54,87.54,19.62,172.0,40.4,51.4,5.7,168.6,35.0,50.1,No Fertilizer,6,3,263.8,4.154589371980676
Rungwe,-9.05,33.73,Clay Loam,17.0,86.83,4.06,14.5,67.4,58.1,5.4,13.4,67.0,56.4,Apply Lime,6,1,140.0,0.21198830409356723
Rungwe,-9.19,33.85,Sandy Clay Loam,16.75,88.93,5.46,34.3,11.9,54.6,5.2,36.1,11.6,53.6,Apply Lime,6,3,100.8,2.6589147286821704
Rungwe,-9.295,33.61,Sandy Clay Loam,19.23,77.53,3.54,158.2,73.8,57.7,5.5,160.6,66.5,61.0,No Fertilizer,6,3,289.7,2.1149732620320854
Rungwe,-9.295,33.49,Sandy Clay Loam,13.96,80.93,0.0,98.0,51.9,34.0,5.5,87.9,52.4,31.9,NPK,6,3,183.9,1.8525519848771268
Rungwe,-9.4,33.81,Sandy Clay Loam,14.12,76.46,0.01,104.5,48.3,17.8,5.6,106.0,46.1,16.6,MOP,6,3,170.60000000000002,2.1196754563894524
Rungwe,-9.33,33.69,Sandy Clay Loam,16.58,61.15,0.0,111.8,42.9,66.1,5.6,122.7,46.6,69.9,No Fertilizer,6,3,220.79999999999998,2.5466970387243735
Rungwe,-9.225,33.69,Sandy Clay Loam,18.58,90.43,3.66,119.6,57.3,80.4,5.8,125.4,58.6,77.5,No Fertilizer,6,3,257.29999999999995,2.0514579759862777
Rungwe,-9.155,33.61,Sandy Clay Loam,13.3,76.57,0.0,157.3,12.0,29.3,5.4,168.4,11.1,27.6,Apply Lime,6,3,198.60000000000002,12.100000000000001
Rungwe,-9.225,33.57,Sandy Clay Loam,18.26,86.28,3.44,184.0,35.4,38.9,5.8,179.5,37.3,40.2,No Fertilizer,6,3,258.3,5.054945054945055
Rungwe,-9.33,33.53,Clay Loam,18.96,79.48,28.79,124.1,49.6,46.9,5.5,132.4,50.0,47.9,No Fertilizer,6,1,220.6,2.452569169960474
Rungwe,-9.4,33.77,Sandy Clay Loam,17.3,89.84,28.15,59.9,38.0,52.7,5.5,58.8,42.7,50.8,Urea,6,3,150.60000000000002,1.5358974358974358
Rungwe,-9.365,33.45,Sandy Clay Loam,13.44,81.46,0.03,151.3,67.2,54.9,5.2,159.6,59.0,61.4,Apply Lime,6,3,273.4,2.2184750733137832
Rungwe,-9.4,33.65,Sandy Clay Loam,17.07,90.61,2.84,15.6,9.5,8.8,5.5,18.4,8.8,9.5,NPK,6,3,33.900000000000006,1.4857142857142858
Rungwe,-9.225,33.81,Clay Loam,16.31,81.89,0.03,50.3,50.2,62.0,5.5,49.3,49.6,66.6,Urea,6,1,162.5,0.9824218749999999
Rungwe,-9.05,33.77,Clay Loam,13.41,79.83,0.05,164.2,40.6,9.8,5.5,162.6,39.2,11.2,MOP,6,1,214.6,3.947115384615384
Rungwe,-9.33,33.49,Sandy Clay Loam,17.85,80.57,6.21,55.5,29.8,48.8,5.3,53.6,29.0,45.3,Apply Lime,6,3,134.1,1.801948051948052
Rungwe,-9.365,33.81,Sandy Clay Loam,13.16,82.49,12.3,45.3,29.0,65.0,5.5,47.5,26.5,75.5,DAP,6,3,139.3,1.51
Rungwe,-9.085,33.57,Loam,19.25,74.08,0.26,31.7,43.3,45.0,5.8,33.5,45.0,43.9,Urea,6,2,120.0,0.7155756207674944
Rungwe,-9.33,33.69,Sandy Clay Loam,15.56,80.59,0.94,160.4,66.0,19.6,5.6,156.0,62.8,18.5,MOP,6,3,246.0,2.3940298507462687
Rungwe,-9.05,33.57,Sandy Clay Loam,18.47,88.69,16.25,105.1,39.5,86.9,5.6,95.0,36.7,88.7,No Fertilizer,6,3,231.5,2.5950617283950614
Rungwe,-9.365,33.57,Sandy Clay Loam,15.32,89.11,4.39,124.8,63.4,76.9,5.6,124.7,58.4,80.7,No Fertilizer,6,3,265.1,1.9378881987577639
Rungwe,-9.33,33.53,Clay Loam,14.18,76.6,0.46,52.1,25.7,71.9,5.5,50.6,30.5,70.8,Urea,6,1,149.7,1.951310861423221
Rungwe,-9.05,33.57,Sandy Clay Loam,12.5,80.81,0.0,135.7,10.3,40.6,5.6,138.9,10.8,40.6,SSP,6,3,186.6,12.008849557522122
Rungwe,-9.295,33.81,Sandy Clay Loam,14.31,77.86,0.0,124.2,7.5,22.9,5.7,139.2,8.1,21.4,NPK,6,3,154.6,14.611764705882353
Rungwe,-9.085,33.69,Clay Loam,14.64,75.81,0.04,67.4,7.5,69.4,5.6,63.1,7.4,85.1,DAP,6,1,144.3,7.929411764705883
Rungwe,-9.085,33.49,Sandy Clay Loam,12.95,82.64,0.34,84.9,25.0,47.5,5.7,79.8,29.1,50.7,Urea,6,3,157.4,3.2653846153846158
Rungwe,-9.33,33.69,Sandy Clay Loam,14.57,82.32,0.0,47.9,22.5,80.6,5.6,45.6,26.3,77.6,DAP,6,3,151.0,2.0382978723404253
Rungwe,-9.225,33.65,Sandy Clay Loam,17.12,70.82,0.0,173.8,59.2,34.9,5.7,176.0,51.4,34.7,No Fertilizer,6,3,267.9,2.8870431893687707
Rungwe,-9.05,33.53,Sandy Clay Loam,12.14,80.66,0.0,124.8,55.3,36.0,5.7,119.8,53.0,34.2,No Fertilizer,6,3,216.1,2.216696269982238
Rungwe,-9.26,33.77,Sandy Clay Loam,15.99,61.52,0.0,179.4,7.4,90.4,5.5,168.9,7.4,88.8,SSP,6,3,277.20000000000005,21.357142857142858
Rungwe,-9.19,33.61,Sandy Clay Loam,17.07,91.33,6.98,68.6,19.1,49.4,5.6,61.6,18.6,49.8,DAP,6,3,137.1,3.412935323383084
Rungwe,-9.05,33.57,Sandy Clay Loam,17.38,69.41,0.01,152.8,22.3,17.4,5.6,142.9,22.1,17.8,NPK,6,3,192.50000000000003,6.55793991416309
Rungwe,-9.26,33.53,Sandy Clay Loam,17.3,87.12,3.62,140.8,42.9,28.4,5.6,140.2,40.1,24.5,MOP,6,3,212.10000000000002,3.2072892938496587
Rungwe,-9.085,33.49,Sandy Clay Loam,17.93,83.71,3.11,115.9,12.9,51.5,5.7,127.6,13.5,46.5,SSP,6,3,180.3,8.338129496402878
Rungwe,-9.4,33.81,Sandy Clay Loam,12.58,78.52,0.0,176.1,13.0,9.9,5.6,174.2,12.8,9.6,NPK,6,3,199.0,12.578571428571427
Rungwe,-9.365,33.85,Sandy Clay Loam,15.52,73.85,0.0,78.3,67.3,45.1,5.6,76.9,66.3,44.9,Urea,6,3,190.7,1.1464128843338215
Rungwe,-9.12,33.53,Sandy Clay Loam,18.49,75.03,0.31,33.8,52.9,42.7,5.7,32.2,57.1,41.2,Urea,6,3,129.39999999999998,0.6270871985157699
Rungwe,-9.05,33.57,Sandy Clay Loam,12.22,73.06,0.0,136.0,17.3,75.6,5.6,124.2,15.9,71.5,SSP,6,3,228.9,7.431693989071038
Rungwe,-9.26,33.65,Sandy Clay Loam,15.28,83.0,0.21,133.1,29.9,36.9,5.6,134.0,30.8,35.8,No Fertilizer,6,3,199.9,4.307443365695793
Rungwe,-9.225,33.57,Sandy Clay Loam,18.56,73.74,0.19,123.6,29.4,83.9,5.8,107.8,27.5,88.5,No Fertilizer,6,3,236.9,4.065789473684211
Rungwe,-9.365,33.73,Sandy Clay Loam,16.1,88.33,1.76,39.6,56.7,23.8,5.7,45.2,56.2,21.2,NPK,6,3,120.10000000000001,0.6863084922010398
Rungwe,-9.33,33.61,Sandy Clay Loam,12.62,71.4,0.0,98.6,42.0,56.6,5.5,95.8,37.7,55.6,No Fertilizer,6,3,197.2,2.2930232558139534
Rungwe,-9.05,33.85,Sandy Clay Loam,18.97,86.28,7.16,59.5,11.5,15.4,5.7,63.1,12.4,13.5,NPK,6,3,86.4,4.76
Rungwe,-9.26,33.81,Sandy Clay Loam,19.75,60.83,0.0,71.6,48.8,68.5,5.4,82.7,52.8,67.6,Apply Lime,6,3,188.89999999999998,1.4377510040160641
Rungwe,-9.4,33.65,Sandy Clay Loam,17.76,85.34,3.4,118.0,28.3,88.0,5.5,119.7,30.2,89.6,No Fertilizer,6,3,234.3,4.027303754266211
Rungwe,-9.225,33.69,Sandy Clay Loam,17.49,85.11,0.59,122.7,21.6,82.1,5.8,136.7,21.4,74.8,SSP,6,3,226.4,5.429203539823009
Rungwe,-9.295,33.49,Sandy Clay Loam,15.61,72.7,0.0,48.9,31.9,53.8,5.5,49.5,28.8,52.7,Urea,6,3,134.6,1.486322188449848
Rungwe,-9.155,33.81,Sandy Clay Loam,16.78,85.71,9.18,79.1,41.0,47.2,5.7,78.9,36.9,46.7,Urea,6,3,167.3,1.8833333333333333
Rungwe,-9.295,33.53,Clay Loam,17.91,87.04,9.75,60.1,22.3,69.7,5.6,55.8,26.6,76.1,DAP,6,1,152.10000000000002,2.5793991416309012
Rungwe,-9.33,33.45,Clay Loam,15.75,87.06,0.0,39.1,20.3,88.5,5.2,43.8,20.0,84.6,Apply Lime,6,1,147.9,1.835680751173709
Rungwe,-9.26,33.61,Sandy Clay Loam,17.46,70.54,0.01,152.3,23.5,86.0,5.6,143.2,30.3,89.1,No Fertilizer,6,3,261.8,6.216326530612245
Rungwe,-9.085,33.57,Loam,16.0,76.66,0.03,165.7,5.6,38.1,5.8,164.6,5.3,39.3,SSP,6,2,209.39999999999998,25.106060606060606
Rungwe,-9.365,33.77,Sandy Clay Loam,16.36,72.43,0.11,78.2,59.3,86.2,5.6,72.9,55.0,89.2,Urea,6,3,223.7,1.296849087893864
Rungwe,-9.19,33.81,Sandy Clay Loam,17.18,86.5,38.02,133.6,15.2,19.7,5.5,137.7,15.3,19.1,NPK,6,3,168.49999999999997,8.246913580246913
Rungwe,-9.26,33.77,Sandy Clay Loam,13.53,80.97,0.0,147.3,6.9,24.4,5.5,162.5,6.9,27.3,NPK,6,3,178.60000000000002,18.645569620253166
Rungwe,-9.33,33.61,Sandy Clay Loam,17.97,82.59,0.86,140.7,47.4,13.3,5.5,153.8,47.1,13.5,MOP,6,3,201.4,2.9070247933884295
Rungwe,-9.05,33.53,Sandy Clay Loam,18.84,89.62,9.0,37.4,52.1,30.8,5.7,41.1,55.1,28.8,NPK,6,3,120.3,0.7043314500941619
Rungwe,-9.085,33.49,Sandy Clay Loam,17.2,89.52,8.7,178.3,59.5,64.4,5.7,172.6,57.7,70.5,No Fertilizer,6,3,302.20000000000005,2.947107438016529
Rungwe,-9.26,33.77,Sandy Clay Loam,14.03,85.74,1.59,81.7,36.0,78.6,5.5,74.0,36.6,77.6,Urea,6,3,196.3,2.208108108108108
Rungwe,-9.365,33.81,Sandy Clay Loam,18.39,75.81,0.0,65.0,18.7,68.3,5.5,67.7,17.6,71.4,DAP,6,3,152.0,3.299492385786802
Rungwe,-9.05,33.65,Clay Loam,17.51,88.45,8.25,21.5,52.2,57.3,5.4,20.6,52.7,59.0,Apply Lime,6,1,131.0,0.4041353383458646
Rungwe,-9.12,33.53,Sandy Clay Loam,15.9,68.05,0.0,82.8,47.2,54.9,5.7,92.6,50.2,49.2,No Fertilizer,6,3,184.9,1.7178423236514522
Rungwe,-9.12,33.53,Sandy Clay Loam,17.13,91.03,31.44,28.9,18.1,58.0,5.7,28.5,20.3,65.5,DAP,6,3,105.0,1.5130890052356019
Rungwe,-9.12,33.81,Sandy Clay Loam,14.57,74.75,0.0,54.7,55.3,40.9,5.7,52.3,63.6,38.8,Urea,6,3,150.9,0.9715808170515099
Rungwe,-9.365,33.77,Sandy Clay Loam,15.03,80.51,0.0,57.4,11.9,74.1,5.6,63.9,10.9,76.7,DAP,6,3,143.39999999999998,4.449612403100775
Rungwe,-9.4,33.49,Clay Loam,17.32,92.84,21.58,145.4,66.7,60.6,5.2,147.5,68.9,62.9,Apply Lime,6,1,272.70000000000005,2.1477104874446087
Rungwe,-9.05,33.45,Clay Loam,14.13,79.04,0.0,166.8,62.2,59.6,5.5,158.8,60.8,64.6,No Fertilizer,6,1,288.6,2.6392405063291138
Rungwe,-9.19,33.57,Sandy Clay Loam,19.27,75.68,0.13,48.8,55.6,53.7,5.7,61.4,49.4,51.0,Urea,6,3,158.10000000000002,0.862190812720848
Rungwe,-9.05,33.77,Clay Loam,15.72,85.04,0.3,170.6,63.4,79.3,5.5,156.0,66.0,80.4,No Fertilizer,6,1,313.3,2.6490683229813663
Rungwe,-9.33,33.57,Sandy Clay Loam,17.46,87.07,7.8,159.6,49.4,26.6,5.5,155.7,51.7,27.2,MOP,6,3,235.6,3.1666666666666665
Rungwe,-9.155,33.65,Clay Loam,17.36,76.43,3.5,147.0,16.4,38.3,5.4,140.0,16.6,38.0,Apply Lime,6,1,201.7,8.448275862068966
Rungwe,-9.26,33.81,Sandy Clay Loam,12.62,71.4,0.0,33.9,33.3,70.5,5.4,34.9,33.2,71.3,Apply Lime,6,3,137.7,0.9883381924198251
Rungwe,-9.05,33.77,Clay Loam,14.13,84.55,0.53,112.0,9.9,40.8,5.5,127.4,8.7,47.4,SSP,6,1,162.7,10.275229357798164
Rungwe,-9.225,33.61,Sandy Clay Loam,15.59,82.1,0.0,177.0,33.0,77.9,5.5,170.7,29.7,80.7,No Fertilizer,6,3,287.9,5.205882352941177
Rungwe,-9.295,33.65,Sandy Clay Loam,17.92,86.17,3.66,125.3,55.2,37.3,5.7,126.0,52.9,35.1,No Fertilizer,6,3,217.8,2.2295373665480427
Rungwe,-9.33,33.85,Sandy Clay Loam,13.5,79.9,0.0,66.5,32.5,33.1,5.4,66.4,29.5,37.0,Apply Lime,6,3,132.1,1.9850746268656716
Rungwe,-9.33,33.77,Sandy Clay Loam,18.49,75.03,0.31,102.3,25.5,74.5,5.5,95.1,25.8,80.7,SSP,6,3,202.3,3.860377358490566
Rungwe,-9.4,33.49,Clay Loam,14.07,83.12,0.0,126.2,44.2,43.7,5.2,119.8,43.3,45.0,Apply Lime,6,1,214.10000000000002,2.7920353982300883
Rungwe,-9.365,33.73,Sandy Clay Loam,12.36,81.83,0.04,109.8,60.3,46.8,5.7,96.8,61.6,49.4,No Fertilizer,6,3,216.89999999999998,1.7911908646003263
Rungwe,-9.085,33.69,Clay Loam,13.9,85.2,0.33,30.7,6.5,33.9,5.6,30.4,7.1,34.0,DAP,6,1,71.1,4.093333333333333
Rungwe,-9.26,33.45,Clay Loam,17.76,85.54,3.72,60.0,31.9,27.0,5.3,63.1,29.4,29.2,Apply Lime,6,1,118.9,1.8237082066869301
Rungwe,-9.155,33.61,Sandy Clay Loam,18.07,86.52,7.85,144.5,15.0,59.4,5.4,146.4,14.4,61.1,Apply Lime,6,3,218.9,9.03125
Rungwe,-9.33,33.81,Sandy Clay Loam,18.37,89.5,1.96,161.0,50.0,16.0,5.5,156.4,49.9,16.1,MOP,6,3,227.0,3.156862745098039
Rungwe,-9.085,33.65,Clay Loam,18.03,83.39,5.37,35.7,11.0,83.5,5.5,33.3,11.0,79.9,DAP,6,1,130.2,2.975
Rungwe,-9.155,33.61,Sandy Clay Loam,16.79,85.34,1.15,154.3,42.8,77.7,5.4,171.9,47.9,71.5,Apply Lime,6,3,274.8,3.522831050228311
Rungwe,-9.4,33.57,Sandy Clay Loam,14.62,82.62,0.11,65.9,21.3,21.6,5.6,65.9,22.9,22.0,NPK,6,3,108.80000000000001,2.955156950672646
Rungwe,-9.295,33.65,Sandy Clay Loam,17.68,84.92,0.33,136.4,17.5,72.8,5.7,122.6,17.1,64.3,SSP,6,3,226.7,7.372972972972973
Rungwe,-9.085,33.49,Sandy Clay Loam,15.94,65.82,0.0,135.5,63.4,55.9,5.7,137.8,65.8,56.6,No Fertilizer,6,3,254.8,2.104037267080745
Rungwe,-9.19,33.49,Sandy Clay Loam,16.86,74.12,0.0,157.7,5.1,22.7,5.6,148.0,5.2,21.5,NPK,6,3,185.49999999999997,25.852459016393443
Rungwe,-9.365,33.57,Sandy Clay Loam,18.21,85.97,20.29,176.7,32.7,32.9,5.6,170.8,32.9,28.9,MOP,6,3,242.29999999999998,5.243323442136497
Rungwe,-9.05,33.73,Clay Loam,17.11,67.96,0.0,67.4,5.2,40.7,5.4,63.2,5.4,40.4,Apply Lime,6,1,113.30000000000001,10.870967741935484
Rungwe,-9.4,33.61,Sandy Clay Loam,16.57,82.62,0.53,147.1,33.5,58.5,5.4,155.9,35.9,64.7,Apply Lime,6,3,239.1,4.263768115942029
Rungwe,-9.26,33.81,Sandy Clay Loam,17.42,88.85,26.1,30.6,32.9,60.0,5.4,32.4,37.1,59.7,Apply Lime,6,3,123.5,0.9026548672566372
Rungwe,-9.295,33.85,Sandy Clay Loam,18.94,83.78,2.07,130.0,25.0,48.5,5.6,129.9,25.2,50.7,SSP,6,3,203.5,5.0
Rungwe,-9.225,33.53,Sandy Clay Loam,16.9,88.02,7.22,121.5,13.3,69.2,5.7,136.1,12.7,70.5,SSP,6,3,204.0,8.496503496503497
Rungwe,-9.155,33.69,Sandy Clay Loam,13.53,80.84,4.56,122.8,25.5,79.3,5.5,125.2,28.8,69.7,No Fertilizer,6,3,227.60000000000002,4.633962264150943
Rungwe,-9.33,33.65,Clay Loam,18.51,91.08,2.09,53.8,48.3,52.9,5.6,52.9,48.4,57.9,Urea,6,1,155.0,1.0912778904665315
Rungwe,-9.33,33.73,Sandy Clay Loam,11.77,80.39,3.58,178.2,56.7,73.6,5.6,158.4,55.6,72.1,No Fertilizer,6,3,308.5,3.088388214904679
Rungwe,-9.365,33.57,Sandy Clay Loam,16.73,89.14,8.31,39.8,36.3,32.0,5.6,38.7,39.0,34.1,Urea,6,3,108.1,1.0670241286863271
Rungwe,-9.085,33.65,Clay Loam,13.41,81.83,0.0,20.0,47.2,78.3,5.5,19.1,42.9,80.0,Urea,6,1,145.5,0.41493775933609955
Rungwe,-9.19,33.77,Sandy Clay Loam,19.75,74.54,0.08,142.7,16.8,60.7,5.5,132.0,17.2,57.7,SSP,6,3,220.2,8.016853932584269
Rungwe,-9.4,33.57,Sandy Clay Loam,18.71,81.16,20.49,84.7,22.8,76.8,5.6,90.8,23.0,75.1,SSP,6,3,184.3,3.558823529411765
Rungwe,-9.12,33.77,Sandy Clay Loam,19.54,67.22,0.0,152.6,14.5,51.1,5.5,154.3,14.7,51.9,SSP,6,3,218.2,9.845161290322581
Rungwe,-9.085,33.65,Clay Loam,14.09,75.42,0.0,87.9,17.9,23.2,5.5,75.2,20.5,24.3,NPK,6,1,129.0,4.650793650793651
Rungwe,-9.4,33.73,Sandy Clay Loam,14.68,79.71,0.0,38.4,20.2,52.7,5.5,38.6,18.8,51.6,DAP,6,3,111.3,1.8113207547169812
Rungwe,-9.295,33.45,Clay Loam,12.65,75.33,0.0,164.1,35.7,41.6,5.5,152.2,38.3,37.2,No Fertilizer,6,1,241.4,4.471389645776566
Rungwe,-9.155,33.77,Sandy Clay Loam,16.93,86.12,0.28,110.3,40.5,60.5,5.7,103.3,41.1,64.6,No Fertilizer,6,3,211.3,2.657831325301205
Rungwe,-9.365,33.49,Clay Loam,16.68,84.51,7.32,37.8,69.1,52.1,5.3,42.2,66.4,46.0,Apply Lime,6,1,159.0,0.5392296718972895
Rungwe,-9.33,33.65,Clay Loam,18.63,80.68,2.93,135.3,18.6,82.6,5.6,132.5,16.9,76.2,SSP,6,1,236.5,6.903061224489796
Rungwe,-9.19,33.53,Sandy Clay Loam,17.74,86.43,9.74,97.9,42.8,69.0,5.7,96.9,46.4,63.0,No Fertilizer,6,3,209.7,2.2351598173515983
Rungwe,-9.05,33.45,Clay Loam,17.05,92.82,5.04,115.3,56.1,64.9,5.5,112.7,57.9,63.5,No Fertilizer,6,1,236.3,2.0192644483362523
Rungwe,-9.155,33.69,Sandy Clay Loam,17.72,91.32,10.33,83.7,44.9,26.2,5.5,88.4,41.0,24.2,NPK,6,3,154.79999999999998,1.823529411764706
Rungwe,-9.19,33.45,Clay Loam,17.02,84.85,1.42,139.1,21.5,82.4,5.4,150.9,20.8,88.7,Apply Lime,6,1,243.0,6.182222222222222
Rungwe,-9.33,33.61,Sandy Clay Loam,13.55,79.3,0.0,146.0,22.3,73.1,5.5,151.0,21.3,76.7,SSP,6,3,241.4,6.266094420600858
Rungwe,-9.4,33.77,Sandy Clay Loam,18.65,88.79,13.64,129.7,6.1,76.2,5.5,130.6,6.6,72.3,SSP,6,3,212.0,18.267605633802816
Rungwe,-9.085,33.53,Sandy Clay Loam,17.9,86.18,16.92,30.2,23.5,34.4,5.8,27.9,24.2,33.7,DAP,6,3,88.1,1.2326530612244897
Rungwe,-9.295,33.73,Sandy Clay Loam,14.03,78.49,0.0,172.0,52.5,50.5,5.5,152.6,53.1,51.0,No Fertilizer,6,3,275.0,3.2149532710280373
Rungwe,-9.19,33.57,Sandy Clay Loam,17.52,86.24,6.98,136.2,6.7,14.4,5.7,124.1,7.1,17.5,NPK,6,3,157.29999999999998,17.688311688311686
Rungwe,-9.365,33.73,Sandy Clay Loam,13.78,81.86,0.0,136.2,16.3,49.7,5.7,128.5,18.5,51.2,SSP,6,3,202.2,7.872832369942196
Rungwe,-9.26,33.49,Sandy Clay Loam,12.42,72.12,0.0,66.7,48.8,16.8,5.5,71.7,50.6,18.3,NPK,6,3,132.3,1.3393574297188757
Rungwe,-9.33,33.57,Sandy Clay Loam,17.89,74.21,0.0,154.9,60.9,54.3,5.5,159.5,55.7,52.5,No Fertilizer,6,3,270.1,2.5024232633279486
Rungwe,-9.155,33.61,Sandy Clay Loam,13.56,79.79,0.2,135.3,34.2,59.7,5.4,133.3,34.1,60.5,Apply Lime,6,3,229.2,3.84375
Rungwe,-9.365,33.69,Sandy Clay Loam,17.92,86.17,3.66,27.9,54.9,37.1,5.5,29.1,50.1,38.8,Urea,6,3,119.9,0.4991055456171735
Rungwe,-9.225,33.53,Sandy Clay Loam,15.49,83.45,14.12,82.5,30.0,56.7,5.7,79.3,29.6,47.9,Urea,6,3,169.2,2.661290322580645
Rungwe,-9.225,33.65,Sandy Clay Loam,16.98,90.34,14.66,168.8,13.8,85.3,5.7,160.7,14.6,79.6,SSP,6,3,267.90000000000003,11.405405405405405
Rungwe,-9.085,33.57,Loam,18.22,83.73,5.94,18.7,33.0,16.2,5.8,18.0,30.3,15.1,NPK,6,2,67.9,0.5499999999999999
Rungwe,-9.26,33.85,Sandy Clay Loam,14.48,78.82,0.0,185.9,42.9,83.7,5.6,173.4,42.3,72.5,No Fertilizer,6,3,312.5,4.234624145785877
Rungwe,-9.085,33.77,Sandy Clay Loam,18.54,66.37,0.0,117.5,71.1,21.5,5.6,125.5,66.6,20.3,MOP,6,3,210.1,1.6296809986130376
Rungwe,-9.33,33.69,Sandy Clay Loam,17.3,95.67,13.11,125.0,7.9,8.6,5.6,117.3,8.5,9.1,NPK,6,3,141.5,14.044943820224718
Rungwe,-9.12,33.53,Sandy Clay Loam,13.37,73.55,0.0,53.3,40.2,20.2,5.7,56.0,37.5,21.6,NPK,6,3,113.7,1.2936893203883493
Rungwe,-9.365,33.81,Sandy Clay Loam,18.51,91.08,2.09,48.9,27.6,75.0,5.5,52.3,25.7,70.3,DAP,6,3,151.5,1.7097902097902096
Rungwe,-9.085,33.85,Sandy Clay Loam,18.12,80.48,4.09,176.5,38.3,34.3,5.6,170.1,37.5,40.0,No Fertilizer,6,3,249.10000000000002,4.4910941475826975
Rungwe,-9.295,33.65,Sandy Clay Loam,17.35,71.63,0.13,65.9,5.3,78.9,5.7,60.7,5.6,79.3,DAP,6,3,150.10000000000002,10.460317460317462
Rungwe,-9.295,33.81,Sandy Clay Loam,20.18,80.57,0.91,146.7,24.6,42.5,5.7,141.8,24.7,50.1,SSP,6,3,213.79999999999998,5.730468749999999
Rungwe,-9.365,33.77,Sandy Clay Loam,17.1,85.63,0.7,76.9,60.6,7.9,5.6,76.8,58.1,7.9,NPK,6,3,145.4,1.2483766233766234
Rungwe,-9.085,33.53,Sandy Clay Loam,14.37,83.33,0.65,34.4,41.2,70.2,5.8,33.7,40.6,66.2,Urea,6,3,145.8,0.815165876777251
Rungwe,-9.19,33.49,Sandy Clay Loam,16.42,78.23,0.09,11.9,35.2,15.6,5.6,11.8,33.7,15.3,NPK,6,3,62.7,0.3287292817679558
Rungwe,-9.12,33.77,Sandy Clay Loam,16.98,91.56,19.9,94.4,24.5,77.1,5.5,102.5,22.8,72.3,SSP,6,3,196.0,3.7019607843137257
Rungwe,-9.26,33.61,Sandy Clay Loam,17.48,84.71,5.42,160.6,22.6,22.9,5.6,175.9,23.7,20.1,NPK,6,3,206.1,6.805084745762711
Rungwe,-9.26,33.77,Sandy Clay Loam,13.86,83.43,0.01,72.4,26.9,34.7,5.5,72.8,29.3,35.0,Urea,6,3,134.0,2.594982078853047
Rungwe,-9.4,33.85,Sandy Clay Loam,17.04,86.66,12.89,71.1,59.0,83.7,5.7,70.7,59.1,69.9,Urea,6,3,213.8,1.1849999999999998
Rungwe,-9.225,33.61,Sandy Clay Loam,14.57,71.58,0.0,68.5,66.3,87.4,5.5,68.5,67.8,86.2,Urea,6,3,222.20000000000002,1.0178306092124814
Rungwe,-9.26,33.85,Sandy Clay Loam,18.46,87.75,10.86,103.2,34.8,39.7,5.6,98.5,33.0,37.2,No Fertilizer,6,3,177.7,2.8826815642458103
Rungwe,-9.26,33.65,Sandy Clay Loam,16.72,90.63,9.05,83.6,27.7,72.4,5.6,84.9,30.0,75.7,Urea,6,3,183.7,2.912891986062718
Rungwe,-9.12,33.53,Sandy Clay Loam,17.57,60.71,0.0,165.9,64.1,24.5,5.7,159.6,59.9,22.0,MOP,6,3,254.5,2.548387096774194
Rungwe,-9.085,33.73,Clay Loam,17.53,82.08,0.71,95.0,35.2,79.2,5.5,95.9,32.2,73.8,No Fertilizer,6,1,209.39999999999998,2.624309392265193
Rungwe,-9.12,33.81,Sandy Clay Loam,13.46,82.46,0.0,108.6,40.4,67.5,5.7,96.3,40.4,61.2,No Fertilizer,6,3,216.5,2.6231884057971016
Rungwe,-9.225,33.77,Sandy Clay Loam,17.36,90.89,6.11,33.7,19.3,22.3,5.5,33.5,19.2,22.2,NPK,6,3,75.3,1.6600985221674878
Rungwe,-9.26,33.69,Sandy Clay Loam,18.14,88.33,36.53,206.1,50.2,28.7,5.6,177.1,53.1,31.4,MOP,6,3,285.0,4.025390625
Rungwe,-9.19,33.65,Sandy Clay Loam,12.14,80.66,0.0,53.8,37.6,17.6,5.6,52.5,39.1,17.1,NPK,6,3,109.0,1.393782383419689
Rungwe,-9.365,33.53,Sandy Clay Loam,15.31,82.01,0.2,22.1,55.8,33.6,5.6,22.5,57.4,38.2,Urea,6,3,111.5,0.38908450704225356
Rungwe,-9.4,33.61,Sandy Clay Loam,17.44,87.92,5.51,115.0,61.1,22.6,5.4,122.7,55.5,23.1,Apply Lime,6,3,198.7,1.8518518518518519
Rungwe,-9.155,33.85,Sandy Clay Loam,12.38,78.38,0.0,100.0,18.1,60.9,5.5,111.2,18.2,60.1,SSP,6,3,179.0,5.2356020942408374
Rungwe,-9.33,33.81,Sandy Clay Loam,17.34,67.71,0.0,75.0,46.5,104.4,5.5,80.6,51.2,89.5,Urea,6,3,225.9,1.5789473684210527
Rungwe,-9.19,33.77,Sandy Clay Loam,16.82,90.89,5.2,76.7,57.8,7.2,5.5,81.8,56.8,7.0,NPK,6,3,141.7,1.304421768707483
Rungwe,-9.155,33.45,Sandy Clay Loam,12.55,78.05,0.0,147.4,28.4,51.9,5.4,143.5,26.8,51.4,Apply Lime,6,3,227.70000000000002,5.013605442176871
Rungwe,-9.365,33.65,Sandy Clay Loam,16.62,81.58,0.01,41.7,15.4,53.9,5.6,43.3,15.4,54.2,DAP,6,3,111.0,2.5426829268292686
Rungwe,-9.26,33.65,Sandy Clay Loam,16.73,89.14,8.31,151.4,4.6,75.0,5.6,149.4,4.2,82.8,SSP,6,3,231.0,27.03571428571429
Rungwe,-9.295,33.69,Sandy Clay Loam,18.25,83.28,1.44,131.1,35.6,48.8,5.6,120.3,33.8,48.5,No Fertilizer,6,3,215.5,3.581967213114754
Rungwe,-9.295,33.69,Sandy Clay Loam,14.6,80.88,0.0,80.7,25.3,52.0,5.6,81.2,27.3,51.7,Urea,6,3,158.0,3.068441064638783
Rungwe,-9.365,33.65,Sandy Clay Loam,18.7,89.59,3.87,100.7,39.1,42.5,5.6,87.9,40.6,45.6,Urea,6,3,182.3,2.511221945137157
Rungwe,-9.225,33.57,Sandy Clay Loam,17.79,85.54,2.1,49.2,16.7,26.2,5.8,53.6,16.4,28.6,NPK,6,3,92.10000000000001,2.7796610169491527
Rungwe,-9.155,33.81,Sandy Clay Loam,17.87,92.09,33.05,136.4,53.7,10.3,5.7,137.9,60.7,10.7,MOP,6,3,200.40000000000003,2.493601462522852
Rungwe,-9.295,33.45,Clay Loam,13.27,79.22,0.0,93.5,21.5,40.5,5.5,97.2,21.0,40.3,SSP,6,1,155.5,4.155555555555556
Rungwe,-9.26,33.69,Sandy Clay Loam,14.61,80.2,0.0,68.8,16.6,10.1,5.6,64.5,18.9,10.4,NPK,6,3,95.5,3.9090909090909087
Rungwe,-9.225,33.69,Sandy Clay Loam,11.96,82.72,0.06,93.9,38.3,48.4,5.8,111.3,35.7,52.2,No Fertilizer,6,3,180.6,2.389312977099237
Rungwe,-9.26,33.77,Sandy Clay Loam,13.12,85.39,0.0,161.2,39.3,32.5,5.5,179.3,36.9,31.8,MOP,6,3,233.0,4.0
Rungwe,-9.155,33.77,Sandy Clay Loam,17.19,91.05,34.39,83.4,18.8,52.7,5.7,84.0,18.2,50.8,DAP,6,3,154.9,4.212121212121212
Rungwe,-9.12,33.77,Sandy Clay Loam,15.09,84.33,0.84,184.6,20.9,17.4,5.5,166.5,21.9,17.3,NPK,6,3,222.9,8.429223744292237
Rungwe,-9.33,33.53,Clay Loam,13.47,80.7,0.42,69.7,15.4,81.0,5.5,68.7,15.2,84.3,DAP,6,1,166.10000000000002,4.250000000000001
Rungwe,-9.19,33.65,Sandy Clay Loam,12.32,83.55,0.63,17.5,49.6,84.5,5.6,19.3,51.4,81.1,Urea,6,3,151.6,0.3458498023715415
Rungwe,-9.19,33.61,Sandy Clay Loam,17.66,72.68,0.0,41.0,50.9,21.7,5.6,44.7,54.8,22.0,NPK,6,3,113.60000000000001,0.789980732177264
Rungwe,-9.26,33.77,Sandy Clay Loam,12.98,80.52,0.01,90.7,33.7,31.9,5.5,81.2,34.5,34.8,Urea,6,3,156.3,2.6138328530259365
Rungwe,-9.295,33.57,Sandy Clay Loam,14.59,77.61,0.43,45.3,53.6,61.7,5.5,47.3,51.1,57.5,Urea,6,3,160.60000000000002,0.8296703296703296
Rungwe,-9.19,33.73,Sandy Clay Loam,17.65,71.08,0.0,9.4,52.7,14.4,5.7,10.0,52.6,14.0,NPK,6,3,76.5,0.1750465549348231
Rungwe,-9.33,33.85,Sandy Clay Loam,17.24,90.31,6.28,182.7,14.5,35.5,5.4,165.6,13.1,35.8,Apply Lime,6,3,232.7,11.787096774193548
Rungwe,-9.12,33.85,Sandy Clay Loam,17.99,60.93,0.0,164.3,71.4,24.1,5.6,153.5,67.8,27.1,MOP,6,3,259.8,2.2693370165745854
Rungwe,-9.4,33.77,Sandy Clay Loam,17.88,82.37,12.51,148.3,60.9,78.6,5.5,136.2,58.2,82.9,No Fertilizer,6,3,287.8,2.395799676898223
Rungwe,-9.19,33.85,Sandy Clay Loam,13.33,77.88,0.0,36.0,15.5,88.6,5.2,38.5,17.5,77.6,Apply Lime,6,3,140.1,2.1818181818181817
Rungwe,-9.19,33.85,Sandy Clay Loam,17.5,92.27,8.17,27.2,16.0,48.9,5.2,30.5,16.3,54.7,Apply Lime,6,3,92.1,1.5999999999999999
Rungwe,-9.33,33.49,Sandy Clay Loam,16.16,83.3,0.03,21.7,11.4,48.8,5.3,21.5,12.3,49.7,Apply Lime,6,3,81.9,1.75
Rungwe,-9.365,33.73,Sandy Clay Loam,19.31,83.58,0.55,136.2,13.0,84.1,5.7,133.1,13.1,84.2,SSP,6,3,233.29999999999998,9.728571428571428
Rungwe,-9.4,33.77,Sandy Clay Loam,17.79,91.45,18.07,172.2,50.8,86.2,5.5,167.9,53.4,84.3,No Fertilizer,6,3,309.2,3.324324324324324
Rungwe,-9.4,33.69,Sandy Clay Loam,14.39,81.97,0.18,91.8,34.1,78.3,5.5,83.2,35.0,87.4,Urea,6,3,204.2,2.6153846153846154
Rungwe,-9.26,33.57,Sandy Clay Loam,16.72,72.52,0.07,26.6,59.8,16.7,5.5,30.3,55.7,16.5,NPK,6,3,103.10000000000001,0.43750000000000006
Rungwe,-9.295,33.85,Sandy Clay Loam,16.45,73.92,0.15,103.0,55.0,17.2,5.6,97.1,53.3,19.5,MOP,6,3,175.2,1.8392857142857142
Rungwe,-9.33,33.85,Sandy Clay Loam,13.66,71.82,0.0,64.0,47.0,63.3,5.4,69.3,43.9,62.8,Apply Lime,6,3,174.3,1.3333333333333333
Rungwe,-9.365,33.85,Sandy Clay Loam,18.21,84.13,24.64,78.1,43.8,49.1,5.6,73.7,49.3,51.5,Urea,6,3,171.0,1.7433035714285714
Rungwe,-9.085,33.45,Clay Loam,17.32,88.27,6.3,111.8,5.2,7.1,5.8,115.6,5.2,7.6,NPK,6,1,124.1,18.032258064516128
Rungwe,-9.365,33.45,Sandy Clay Loam,16.83,79.38,0.09,124.7,26.2,11.9,5.2,132.2,24.6,11.2,Apply Lime,6,3,162.8,4.584558823529412
Rungwe,-9.19,33.45,Clay Loam,17.98,91.28,24.04,27.6,51.0,79.3,5.4,28.8,46.1,80.6,Apply Lime,6,1,157.89999999999998,0.5307692307692308
Rungwe,-9.26,33.65,Sandy Clay Loam,19.77,60.97,0.0,14.4,4.1,81.6,5.6,16.1,4.6,79.0,DAP,6,3,100.1,2.823529411764706
Rungwe,-9.155,33.45,Sandy Clay Loam,14.68,79.95,0.0,179.5,6.0,37.3,5.4,179.0,6.2,36.0,Apply Lime,6,3,222.8,25.642857142857142
Rungwe,-9.085,33.69,Clay Loam,19.16,79.02,0.25,46.9,64.6,88.0,5.6,49.6,60.2,80.8,Urea,6,1,199.5,0.7149390243902439
Rungwe,-9.33,33.61,Sandy Clay Loam,15.9,85.66,0.25,20.2,48.5,51.1,5.5,19.2,49.1,55.9,Urea,6,3,119.80000000000001,0.40808080808080804
Rungwe,-9.225,33.53,Sandy Clay Loam,17.87,87.89,23.12,44.2,20.1,78.4,5.7,42.3,21.5,73.7,DAP,6,3,142.70000000000002,2.09478672985782
Rungwe,-9.19,33.73,Sandy Clay Loam,16.59,68.07,0.0,18.6,44.0,42.0,5.7,16.6,49.4,41.9,Urea,6,3,104.6,0.4133333333333334
Rungwe,-9.26,33.49,Sandy Clay Loam,14.93,86.46,0.12,78.6,52.6,15.1,5.5,76.6,56.3,15.5,NPK,6,3,146.29999999999998,1.466417910447761
Rungwe,-9.155,33.85,Sandy Clay Loam,16.82,72.39,0.0,151.7,21.4,39.0,5.5,146.4,24.2,42.4,SSP,6,3,212.1,6.772321428571429
Rungwe,-9.225,33.65,Sandy Clay Loam,18.87,82.79,8.22,74.7,6.4,46.3,5.7,68.0,6.4,44.4,DAP,6,3,127.4,10.094594594594595
Rungwe,-9.155,33.73,Sandy Clay Loam,12.47,82.09,0.0,81.8,69.7,48.9,5.4,85.5,65.6,52.3,Apply Lime,6,3,200.4,1.157001414427157
Rungwe,-9.295,33.61,Sandy Clay Loam,17.87,91.0,15.71,111.8,24.4,15.4,5.5,124.8,26.8,14.9,NPK,6,3,151.6,4.4015748031496065
Rungwe,-9.26,33.49,Sandy Clay Loam,15.36,77.47,0.0,97.9,11.2,101.3,5.5,96.5,11.0,89.3,SSP,6,3,210.4,8.024590163934427
Rungwe,-9.225,33.81,Clay Loam,17.16,90.76,7.14,140.9,38.6,28.3,5.5,156.4,36.5,26.5,MOP,6,1,207.8,3.558080808080808
Rungwe,-9.26,33.81,Sandy Clay Loam,17.13,86.63,2.35,184.2,54.7,24.9,5.4,157.2,54.7,22.7,Apply Lime,6,3,263.79999999999995,3.3070017953321362
Rungwe,-9.26,33.65,Sandy Clay Loam,14.52,83.79,0.0,12.9,16.5,47.7,5.6,11.7,18.6,50.3,DAP,6,3,77.1,0.7371428571428572
Rungwe,-9.33,33.73,Sandy Clay Loam,12.33,73.92,0.0,163.8,22.4,53.9,5.6,142.3,21.8,51.1,SSP,6,3,240.10000000000002,7.000000000000001
Rungwe,-9.085,33.61,Clay Loam,15.89,84.27,0.0,88.7,19.9,39.5,5.4,88.3,20.0,42.9,Apply Lime,6,1,148.1,4.244019138755982
Rungwe,-9.33,33.49,Sandy Clay Loam,17.19,91.05,34.39,185.0,68.7,69.7,5.3,178.1,69.5,70.8,Apply Lime,6,3,323.4,2.654232424677188
Rungwe,-9.085,33.57,Loam,16.16,81.71,0.01,89.2,16.4,55.4,5.8,92.1,17.0,49.4,SSP,6,2,161.0,5.126436781609196
Rungwe,-9.295,33.81,Sandy Clay Loam,14.37,83.33,0.65,188.8,42.2,54.8,5.7,177.8,42.0,57.2,No Fertilizer,6,3,285.8,4.37037037037037
Rungwe,-9.12,33.81,Sandy Clay Loam,18.3,69.77,0.0,126.5,67.4,72.0,5.7,138.3,65.1,66.8,No Fertilizer,6,3,265.9,1.8494152046783625
Rungwe,-9.12,33.81,Sandy Clay Loam,17.52,86.24,6.98,43.0,16.0,8.7,5.7,52.3,13.7,8.1,NPK,6,3,67.7,2.5294117647058822
Rungwe,-9.05,33.49,Sandy Clay Loam,14.53,82.45,0.24,95.9,68.6,58.0,5.6,101.5,68.1,53.9,No Fertilizer,6,3,222.5,1.377873563218391
Rungwe,-9.19,33.45,Clay Loam,14.59,76.38,0.0,160.5,73.6,73.2,5.4,178.7,66.5,80.3,Apply Lime,6,1,307.3,2.1514745308310994
Rungwe,-9.155,33.77,Sandy Clay Loam,16.77,89.56,34.64,171.9,63.9,7.7,5.7,155.8,62.4,7.5,MOP,6,3,243.5,2.648690292758089
Rungwe,-9.225,33.45,Sandy Clay Loam,18.27,65.23,0.0,29.9,18.0,39.6,5.4,26.6,18.2,40.0,Apply Lime,6,3,87.5,1.5736842105263158
Rungwe,-9.085,33.85,Sandy Clay Loam,16.35,87.85,6.48,117.3,46.3,90.2,5.6,130.1,45.8,83.8,No Fertilizer,6,3,253.8,2.4799154334038054
Rungwe,-9.4,33.49,Clay Loam,15.09,72.28,0.0,75.0,49.6,31.5,5.2,68.7,54.2,35.7,Apply Lime,6,1,156.1,1.4822134387351777
Rungwe,-9.26,33.49,Sandy Clay Loam,18.52,85.21,34.26,11.9,70.6,45.7,5.5,11.2,69.1,44.5,Urea,6,3,128.2,0.16620111731843576
Rungwe,-9.12,33.73,Clay Loam,16.14,79.33,1.08,70.0,13.7,89.9,5.4,78.6,15.9,88.4,Apply Lime,6,1,173.60000000000002,4.761904761904762
Rungwe,-9.12,33.81,Sandy Clay Loam,17.82,78.52,7.69,48.5,51.3,19.6,5.7,49.9,54.6,22.7,NPK,6,3,119.4,0.9273422562141492
Rungwe,-9.155,33.73,Sandy Clay Loam,18.77,83.23,2.07,143.1,26.6,10.8,5.4,149.2,26.4,11.5,Apply Lime,6,3,180.5,5.184782608695651
Rungwe,-9.365,33.81,Sandy Clay Loam,18.58,90.43,3.66,70.9,16.9,68.2,5.5,67.3,15.6,78.2,DAP,6,3,156.0,3.960893854748604
Rungwe,-9.26,33.57,Sandy Clay Loam,19.64,59.8,0.0,137.7,35.0,74.9,5.5,150.7,31.8,79.0,No Fertilizer,6,3,247.6,3.8249999999999997
Rungwe,-9.155,33.65,Clay Loam,17.98,86.14,17.86,10.0,55.5,47.4,5.4,10.1,56.4,45.7,Apply Lime,6,1,112.9,0.17699115044247787
Rungwe,-9.225,33.69,Sandy Clay Loam,13.57,85.11,0.56,59.3,35.1,49.9,5.8,62.3,34.7,49.2,Urea,6,3,144.3,1.6426592797783932
Rungwe,-9.295,33.85,Sandy Clay Loam,14.25,81.89,1.35,52.7,42.2,77.1,5.6,51.0,39.5,76.2,Urea,6,3,172.0,1.2199074074074074
Rungwe,-9.05,33.69,Clay Loam,17.88,71.89,0.13,49.0,63.2,63.1,5.5,49.7,69.7,68.0,Urea,6,1,175.3,0.7632398753894081
Rungwe,-9.05,33.69,Clay Loam,17.07,66.03,0.0,20.8,31.2,30.5,5.5,21.6,30.3,28.3,NPK,6,1,82.5,0.6459627329192547
Rungwe,-9.19,33.81,Sandy Clay Loam,16.51,77.13,0.0,41.2,42.0,7.4,5.5,41.8,44.6,7.4,NPK,6,3,90.60000000000001,0.958139534883721
Rungwe,-9.4,33.61,Sandy Clay Loam,18.62,70.12,0.0,119.3,27.8,46.4,5.4,104.4,28.1,46.3,Apply Lime,6,3,193.5,4.142361111111111
Rungwe,-9.19,33.81,Sandy Clay Loam,17.92,62.02,0.0,57.8,29.0,83.3,5.5,59.5,29.9,78.1,Urea,6,3,170.1,1.9266666666666665
Rungwe,-9.085,33.45,Clay Loam,18.91,84.93,18.88,75.1,51.4,75.6,5.8,81.0,49.9,81.3,Urea,6,1,202.1,1.4332061068702289
Rungwe,-9.155,33.61,Sandy Clay Loam,14.04,82.06,1.28,77.1,68.4,87.7,5.4,74.1,65.9,86.3,Apply Lime,6,3,233.2,1.110951008645533
Rungwe,-9.365,33.73,Sandy Clay Loam,17.92,68.11,0.06,157.3,42.3,82.3,5.7,158.9,39.8,79.9,No Fertilizer,6,3,281.90000000000003,3.6327944572748274
Rungwe,-9.155,33.57,Sandy Clay Loam,17.31,79.52,4.8,147.7,56.0,52.6,5.7,163.9,54.7,54.7,No Fertilizer,6,3,256.3,2.5912280701754384
Rungwe,-9.33,33.73,Sandy Clay Loam,13.66,84.46,0.0,108.5,10.0,45.3,5.6,93.8,9.9,43.3,SSP,6,3,163.8,9.863636363636363
Rungwe,-9.085,33.61,Clay Loam,14.63,81.3,0.0,64.5,20.3,73.5,5.4,66.1,17.9,71.1,Apply Lime,6,1,158.3,3.028169014084507
Rungwe,-9.33,33.53,Clay Loam,18.58,90.43,3.66,27.4,33.2,67.7,5.5,28.2,37.1,68.1,Urea,6,1,128.3,0.8011695906432748
Rungwe,-9.295,33.57,Sandy Clay Loam,18.85,83.67,55.36,174.0,6.0,50.7,5.5,172.1,5.3,51.2,SSP,6,3,230.7,24.857142857142858
Rungwe,-9.33,33.77,Sandy Clay Loam,17.78,90.37,14.04,22.7,20.3,13.8,5.5,20.2,20.7,13.3,NPK,6,3,56.8,1.0657276995305163
Rungwe,-9.33,33.65,Clay Loam,16.54,84.31,0.02,53.5,39.7,88.4,5.6,60.6,38.1,83.8,Urea,6,1,181.60000000000002,1.3144963144963144
Rungwe,-9.225,33.85,Sandy Clay Loam,15.74,73.74,0.1,61.8,4.9,44.5,5.7,60.7,5.0,44.3,DAP,6,3,111.2,10.47457627118644
Rungwe,-9.33,33.57,Sandy Clay Loam,17.28,84.65,1.01,73.9,20.4,39.4,5.5,64.5,21.5,36.5,DAP,6,3,133.70000000000002,3.4532710280373835
Rungwe,-9.4,33.77,Sandy Clay Loam,13.54,75.51,0.0,38.3,39.2,61.6,5.5,37.9,37.9,58.9,Urea,6,3,139.1,0.95273631840796
Rungwe,-9.225,33.49,Sandy Clay Loam,13.01,81.08,0.0,130.8,44.9,54.8,5.6,143.1,41.8,62.6,No Fertilizer,6,3,230.5,2.8496732026143796
Rungwe,-9.26,33.69,Sandy Clay Loam,17.3,73.56,0.0,29.5,67.3,21.4,5.6,30.8,65.1,23.7,NPK,6,3,118.19999999999999,0.4319180087847731
Rungwe,-9.085,33.57,Loam,13.15,84.65,0.0,119.6,44.8,82.6,5.8,117.9,46.6,76.3,No Fertilizer,6,2,246.99999999999997,2.611353711790393
Rungwe,-9.33,33.45,Clay Loam,16.09,63.25,0.02,33.9,39.3,29.8,5.2,31.1,31.4,30.4,Apply Lime,6,1,102.99999999999999,0.8411910669975187
Rungwe,-9.26,33.49,Sandy Clay Loam,16.53,91.86,30.82,21.5,70.9,21.9,5.5,22.0,65.4,21.7,NPK,6,3,114.30000000000001,0.2990264255910987
Rungwe,-9.225,33.53,Sandy Clay Loam,12.41,81.55,0.0,174.1,59.4,43.3,5.7,164.6,55.8,40.1,No Fertilizer,6,3,276.8,2.8824503311258276
Rungwe,-9.155,33.49,Sandy Clay Loam,19.27,76.62,2.26,38.1,16.8,67.3,5.6,42.3,17.2,67.4,DAP,6,3,122.2,2.140449438202247
Rungwe,-9.19,33.81,Sandy Clay Loam,17.31,90.23,24.98,134.5,12.1,87.3,5.5,149.6,12.6,87.1,SSP,6,3,233.89999999999998,10.267175572519085
Rungwe,-9.365,33.77,Sandy Clay Loam,16.15,91.84,6.98,99.1,47.7,69.5,5.6,102.6,48.6,74.0,No Fertilizer,6,3,216.3,2.034907597535934
Rungwe,-9.085,33.85,Sandy Clay Loam,18.15,86.59,9.94,25.6,44.1,87.2,5.6,23.2,41.0,85.0,Urea,6,3,156.9,0.5676274944567627
Rungwe,-9.085,33.57,Loam,12.36,79.23,0.01,173.3,52.2,18.5,5.8,172.4,56.1,17.8,MOP,6,2,244.0,3.257518796992481
Rungwe,-9.4,33.53,Clay Loam,17.04,89.54,2.02,53.0,48.8,11.5,5.1,52.0,52.8,12.0,Apply Lime,6,1,113.3,1.06425702811245
Rungwe,-9.365,33.73,Sandy Clay Loam,13.31,84.9,5.11,159.2,47.0,49.4,5.7,156.1,45.3,52.8,No Fertilizer,6,3,255.6,3.3166666666666664
Rungwe,-9.19,33.69,Sandy Clay Loam,13.47,80.82,0.17,41.7,70.6,36.0,5.6,38.7,69.1,30.4,NPK,6,3,148.3,0.5824022346368716
Rungwe,-9.19,33.45,Clay Loam,18.56,87.47,21.54,148.5,37.1,75.1,5.4,155.2,39.2,75.6,Apply Lime,6,1,260.7,3.8976377952755903
Rungwe,-9.295,33.57,Sandy Clay Loam,14.47,67.79,0.0,12.8,10.6,59.5,5.5,12.2,11.5,62.4,DAP,6,3,82.9,1.103448275862069
Rungwe,-9.26,33.81,Sandy Clay Loam,17.77,69.31,0.0,91.4,64.6,91.9,5.4,97.0,58.7,87.5,Apply Lime,6,3,247.9,1.3932926829268295
Rungwe,-9.33,33.49,Sandy Clay Loam,13.98,82.54,0.1,160.4,21.1,27.3,5.3,140.8,20.6,27.4,Apply Lime,6,3,208.8,7.257918552036199
Rungwe,-9.4,33.77,Sandy Clay Loam,15.42,65.37,0.0,159.5,50.0,43.2,5.5,168.9,55.3,46.8,No Fertilizer,6,3,252.7,3.127450980392157
Rungwe,-9.365,33.85,Sandy Clay Loam,17.01,84.45,0.31,154.4,61.1,49.7,5.6,164.6,67.2,48.1,No Fertilizer,6,3,265.2,2.4863123993558776
Rungwe,-9.26,33.61,Sandy Clay Loam,17.42,90.72,5.68,155.1,48.7,24.5,5.6,149.3,50.0,26.1,MOP,6,3,228.3,3.1207243460764587
Rungwe,-9.05,33.45,Clay Loam,17.59,89.24,31.75,161.9,45.6,61.7,5.5,161.0,43.3,55.6,No Fertilizer,6,1,269.2,3.4742489270386265
Rungwe,-9.295,33.81,Sandy Clay Loam,18.54,82.64,0.88,44.9,35.8,44.7,5.7,43.9,34.4,43.2,Urea,6,3,125.39999999999999,1.220108695652174
Rungwe,-9.295,33.61,Sandy Clay Loam,15.33,84.41,0.08,59.2,30.3,42.7,5.5,58.3,28.1,43.5,Urea,6,3,132.2,1.891373801916933
Rungwe,-9.26,33.53,Sandy Clay Loam,19.35,84.13,1.03,54.6,24.5,36.7,5.6,59.1,27.3,36.5,Urea,6,3,115.8,2.1411764705882352
Rungwe,-9.12,33.73,Clay Loam,17.46,65.31,0.0,82.5,46.7,7.9,5.4,74.1,46.0,7.4,Apply Lime,6,1,137.1,1.7295597484276728
Rungwe,-9.19,33.49,Sandy Clay Loam,19.8,75.82,0.74,81.7,58.9,50.5,5.6,76.9,53.6,49.9,Urea,6,3,191.1,1.3639398998330552
Rungwe,-9.33,33.69,Sandy Clay Loam,13.89,81.88,0.03,112.3,53.3,39.2,5.6,102.6,48.8,34.2,No Fertilizer,6,3,204.8,2.0681399631675874
Rungwe,-9.05,33.57,Sandy Clay Loam,20.5,66.79,0.01,35.8,17.5,6.6,5.6,37.2,17.1,6.1,NPK,6,3,59.9,1.935135135135135
Rungwe,-9.225,33.69,Sandy Clay Loam,16.62,79.25,1.82,131.2,42.6,33.0,5.8,127.5,36.6,31.9,MOP,6,3,206.79999999999998,3.0091743119266052
Rungwe,-9.365,33.81,Sandy Clay Loam,17.41,84.46,2.43,39.0,58.6,27.5,5.5,38.5,56.2,29.4,NPK,6,3,125.1,0.6543624161073825
Rungwe,-9.19,33.45,Clay Loam,17.77,73.02,0.0,67.7,38.0,38.6,5.4,62.8,35.4,39.0,Apply Lime,6,1,144.3,1.735897435897436
Rungwe,-9.12,33.81,Sandy Clay Loam,19.23,77.53,3.54,103.3,39.5,17.6,5.7,95.6,39.4,17.1,MOP,6,3,160.4,2.550617283950617
Rungwe,-9.12,33.73,Clay Loam,17.81,83.59,9.71,147.4,51.9,45.8,5.4,145.4,54.9,48.6,Apply Lime,6,1,245.10000000000002,2.7863894139886582
Rungwe,-9.33,33.61,Sandy Clay Loam,14.93,86.46,0.12,121.3,44.7,70.0,5.5,135.7,47.6,64.2,No Fertilizer,6,3,236.0,2.6542669584245075
Rungwe,-9.155,33.69,Sandy Clay Loam,17.17,88.94,8.75,134.7,31.4,54.9,5.5,119.7,31.0,58.9,No Fertilizer,6,3,221.0,4.157407407407407
Rungwe,-9.295,33.57,Sandy Clay Loam,16.68,82.86,0.06,37.9,62.2,70.2,5.5,36.5,63.1,73.5,Urea,6,3,170.3,0.5996835443037974
Rungwe,-9.4,33.73,Sandy Clay Loam,12.51,80.02,0.0,98.6,12.9,42.2,5.5,103.0,14.7,44.0,SSP,6,3,153.7,7.0935251798561145
Rungwe,-9.12,33.49,Sandy Clay Loam,16.39,84.84,6.75,25.6,64.7,52.2,5.8,24.9,69.7,49.6,Urea,6,3,142.5,0.3896499238964992
Rungwe,-9.155,33.65,Clay Loam,16.79,87.31,15.58,66.3,11.6,69.9,5.4,74.2,11.8,74.1,Apply Lime,6,1,147.8,5.261904761904762
Rungwe,-9.12,33.69,Sandy Clay Loam,13.56,80.1,0.62,86.2,5.2,36.6,5.4,80.3,5.0,41.9,Apply Lime,6,3,128.0,13.903225806451612
Rungwe,-9.225,33.85,Sandy Clay Loam,19.9,71.21,2.3,15.0,62.7,69.9,5.7,16.8,62.7,64.9,Urea,6,3,147.60000000000002,0.23547880690737832
Rungwe,-9.33,33.53,Clay Loam,13.66,83.12,0.61,55.7,20.1,41.2,5.5,56.6,20.2,42.5,DAP,6,1,117.00000000000001,2.639810426540284
Rungwe,-9.12,33.69,Sandy Clay Loam,16.61,89.3,19.08,175.4,48.6,38.0,5.4,172.5,52.2,41.1,Apply Lime,6,3,262.0,3.536290322580645
Rungwe,-9.155,33.65,Clay Loam,19.04,83.94,11.41,184.6,57.6,66.2,5.4,172.1,57.5,69.9,Apply Lime,6,1,308.4,3.150170648464164
Rungwe,-9.155,33.81,Sandy Clay Loam,12.29,79.13,0.01,70.4,66.3,23.2,5.7,69.9,60.7,20.7,NPK,6,3,159.89999999999998,1.0460624071322437
Rungwe,-9.4,33.77,Sandy Clay Loam,18.95,69.01,2.53,18.1,70.2,32.9,5.5,17.3,69.4,34.4,Urea,6,3,121.20000000000002,0.2542134831460674
Rungwe,-9.225,33.77,Sandy Clay Loam,17.51,90.37,24.89,40.4,20.9,24.6,5.5,40.4,23.4,24.8,NPK,6,3,85.9,1.8447488584474887
Rungwe,-9.05,33.53,Sandy Clay Loam,17.73,86.94,7.4,76.5,46.4,35.0,5.7,76.7,50.9,36.2,Urea,6,3,157.9,1.6139240506329113
Rungwe,-9.085,33.53,Sandy Clay Loam,17.81,88.56,1.23,172.1,12.1,23.2,5.8,171.1,11.6,25.4,NPK,6,3,207.39999999999998,13.13740458015267
Rungwe,-9.155,33.53,Sandy Clay Loam,11.82,81.39,0.03,33.6,30.4,51.8,5.8,34.0,30.8,54.7,Urea,6,3,115.8,1.070063694267516
Rungwe,-9.4,33.77,Sandy Clay Loam,12.89,83.52,1.07,123.3,59.7,66.4,5.5,139.8,60.0,73.0,No Fertilizer,6,3,249.4,2.031301482701812
Rungwe,-9.26,33.77,Sandy Clay Loam,19.36,67.69,0.16,26.9,27.1,76.9,5.5,28.5,28.3,72.1,Urea,6,3,130.9,0.9572953736654803
Rungwe,-9.4,33.81,Sandy Clay Loam,17.77,89.22,1.31,179.8,44.5,36.9,5.6,176.8,43.0,36.6,No Fertilizer,6,3,261.2,3.951648351648352
Rungwe,-9.4,33.73,Sandy Clay Loam,18.48,67.18,0.0,73.6,36.5,104.5,5.5,74.9,37.2,89.1,Urea,6,3,214.6,1.9626666666666666
Rungwe,-9.19,33.61,Sandy Clay Loam,16.09,64.83,0.0,140.2,46.0,53.1,5.6,141.8,46.6,55.9,No Fertilizer,6,3,239.29999999999998,2.9829787234042553
Rungwe,-9.295,33.85,Sandy Clay Loam,18.54,85.5,63.41,66.7,64.1,37.2,5.6,68.2,68.2,39.5,Urea,6,3,168.0,1.0245775729646698
Rungwe,-9.085,33.69,Clay Loam,16.59,68.07,0.0,109.6,8.2,84.4,5.6,116.7,7.7,76.2,SSP,6,1,202.2,11.91304347826087
Rungwe,-9.12,33.49,Sandy Clay Loam,17.77,73.02,0.0,41.2,41.2,72.3,5.8,42.6,41.9,67.3,Urea,6,3,154.7,0.976303317535545
Rungwe,-9.085,33.73,Clay Loam,17.05,76.02,0.0,34.1,63.6,70.8,5.5,34.8,61.0,68.9,Urea,6,1,168.5,0.5278637770897834
Rungwe,-9.05,33.53,Sandy Clay Loam,13.87,77.94,0.07,169.5,32.8,20.7,5.7,169.5,35.8,22.5,MOP,6,3,223.0,5.014792899408285
Rungwe,-9.26,33.81,Sandy Clay Loam,17.21,91.52,4.62,170.6,10.3,50.9,5.4,166.0,9.2,45.3,Apply Lime,6,3,231.8,15.097345132743362
Rungwe,-9.225,33.61,Sandy Clay Loam,12.49,78.91,0.01,158.8,44.7,78.0,5.5,160.9,41.0,78.4,No Fertilizer,6,3,281.5,3.474835886214442
Rungwe,-9.155,33.45,Sandy Clay Loam,12.93,76.11,0.0,107.9,22.5,46.9,5.4,116.3,25.9,48.3,Apply Lime,6,3,177.3,4.591489361702128
Rungwe,-9.26,33.45,Clay Loam,14.86,78.34,0.0,133.0,13.4,68.5,5.3,147.4,14.2,63.4,Apply Lime,6,1,214.9,9.23611111111111
Rungwe,-9.4,33.49,Clay Loam,18.7,84.46,6.66,25.7,62.0,55.3,5.2,21.7,60.0,55.4,Apply Lime,6,1,143.0,0.40793650793650793
Rungwe,-9.05,33.57,Sandy Clay Loam,17.6,86.2,2.84,61.6,34.9,70.5,5.6,66.9,38.4,76.8,Urea,6,3,167.0,1.7158774373259054
Rungwe,-9.085,33.45,Clay Loam,17.1,85.63,0.7,61.0,65.0,30.0,5.8,63.3,65.6,29.9,NPK,6,1,156.0,0.9242424242424242
Rungwe,-9.4,33.61,Sandy Clay Loam,13.84,81.99,0.0,122.3,58.9,51.4,5.4,118.1,57.2,54.3,Apply Lime,6,3,232.6,2.041736227045075
Rungwe,-9.225,33.45,Sandy Clay Loam,17.36,87.4,13.67,72.3,49.1,12.9,5.4,70.5,49.7,16.4,Apply Lime,6,3,134.3,1.4431137724550898
Rungwe,-9.33,33.49,Sandy Clay Loam,15.31,82.01,0.2,36.5,4.5,60.0,5.3,35.2,4.3,64.0,Apply Lime,6,3,101.0,6.636363636363637
Rungwe,-9.12,33.69,Sandy Clay Loam,14.31,77.86,0.0,107.9,30.7,65.0,5.4,111.4,32.2,67.5,Apply Lime,6,3,203.6,3.4037854889589907
Rungwe,-9.295,33.77,Clay Loam,19.58,82.73,0.13,150.9,14.4,8.8,5.6,148.4,17.0,9.6,NPK,6,1,174.10000000000002,9.7987012987013
Rungwe,-9.33,33.77,Sandy Clay Loam,17.16,63.31,0.0,75.3,68.5,65.3,5.5,75.0,64.1,62.8,Urea,6,3,209.10000000000002,1.0834532374100718
Rungwe,-9.19,33.53,Sandy Clay Loam,17.27,88.44,1.07,31.8,16.6,38.6,5.7,32.5,15.5,40.8,DAP,6,3,87.0,1.8068181818181817
Rungwe,-9.365,33.65,Sandy Clay Loam,14.55,82.08,0.03,44.2,26.9,17.0,5.6,43.4,22.9,16.4,NPK,6,3,88.1,1.5842293906810037
Rungwe,-9.225,33.69,Sandy Clay Loam,12.65,75.33,0.0,54.1,32.2,37.7,5.8,50.4,38.1,41.3,Urea,6,3,124.00000000000001,1.6295180722891565
Rungwe,-9.12,33.85,Sandy Clay Loam,19.74,75.77,0.96,60.9,22.5,23.7,5.6,61.0,21.4,22.3,NPK,6,3,107.10000000000001,2.5914893617021275
Rungwe,-9.26,33.53,Sandy Clay Loam,18.92,71.1,0.0,119.1,15.4,37.3,5.6,119.3,17.9,40.9,SSP,6,3,171.8,7.26219512195122
Rungwe,-9.225,33.53,Sandy Clay Loam,18.5,74.88,0.39,120.5,48.9,32.0,5.7,112.2,43.5,38.3,No Fertilizer,6,3,201.4,2.414829659318637
Rungwe,-9.19,33.49,Sandy Clay Loam,16.03,84.9,1.93,137.0,10.2,73.9,5.6,128.3,9.9,68.0,SSP,6,3,221.1,12.232142857142858
Rungwe,-9.225,33.81,Clay Loam,17.7,87.92,0.96,79.6,7.3,66.8,5.5,71.6,7.8,71.0,DAP,6,1,153.7,9.590361445783131
Rungwe,-9.12,33.53,Sandy Clay Loam,14.31,80.99,0.11,131.6,30.1,64.0,5.7,150.1,28.6,57.0,No Fertilizer,6,3,225.7,4.231511254019292
Rungwe,-9.33,33.85,Sandy Clay Loam,13.46,79.22,0.0,47.5,49.6,8.2,5.4,44.7,51.6,7.9,Apply Lime,6,3,105.3,0.9387351778656127
Rungwe,-9.225,33.65,Sandy Clay Loam,12.15,76.48,0.0,93.5,41.5,88.9,5.7,89.7,40.6,84.2,Urea,6,3,223.9,2.2
Rungwe,-9.05,33.85,Sandy Clay Loam,14.34,83.78,1.97,137.1,32.4,68.3,5.7,146.2,31.9,63.6,No Fertilizer,6,3,237.8,4.104790419161676
Rungwe,-9.26,33.61,Sandy Clay Loam,19.08,83.52,6.88,41.3,46.4,8.9,5.6,40.6,41.3,8.9,NPK,6,3,96.6,0.8713080168776371
Rungwe,-9.33,33.73,Sandy Clay Loam,16.96,78.87,0.28,30.8,31.7,75.4,5.6,28.7,28.1,74.8,Urea,6,3,137.9,0.9418960244648318
Rungwe,-9.26,33.61,Sandy Clay Loam,15.27,76.41,0.0,150.9,63.0,24.9,5.6,160.2,65.8,22.8,MOP,6,3,238.8,2.3578125
Rungwe,-9.365,33.85,Sandy Clay Loam,13.94,77.53,0.0,70.4,8.2,55.1,5.6,68.3,7.6,54.7,DAP,6,3,133.70000000000002,7.652173913043479
Rungwe,-9.225,33.73,Sandy Clay Loam,16.61,89.3,19.08,134.0,49.6,42.9,5.9,126.3,48.4,45.2,No Fertilizer,6,3,226.5,2.6482213438735176
Rungwe,-9.4,33.77,Sandy Clay Loam,17.6,88.28,8.93,13.2,56.6,43.0,5.5,14.3,62.8,41.3,Urea,6,3,112.8,0.22916666666666666
Rungwe,-9.4,33.81,Sandy Clay Loam,14.63,75.55,0.0,126.0,54.3,68.8,5.6,127.3,57.1,80.7,No Fertilizer,6,3,249.10000000000002,2.278481012658228
Rungwe,-9.365,33.81,Sandy Clay Loam,16.04,78.53,0.0,65.1,18.8,46.7,5.5,63.7,16.1,42.7,DAP,6,3,130.6,3.2878787878787876
Rungwe,-9.365,33.53,Sandy Clay Loam,18.32,84.68,2.31,18.4,24.1,13.5,5.6,19.5,23.5,12.3,NPK,6,3,56.0,0.7330677290836652
Rungwe,-9.4,33.45,Clay Loam,17.6,86.45,6.34,106.7,54.9,92.7,5.2,113.7,51.3,85.5,Apply Lime,6,1,254.3,1.9087656529516996
Rungwe,-9.05,33.85,Sandy Clay Loam,17.19,86.28,4.97,50.5,9.4,90.1,5.7,50.9,9.6,83.3,DAP,6,3,150.0,4.855769230769231
Rungwe,-9.12,33.73,Clay Loam,12.58,81.72,0.0,80.0,55.4,63.1,5.4,75.8,57.6,63.5,Apply Lime,6,1,198.5,1.4184397163120568
Rungwe,-9.295,33.65,Sandy Clay Loam,12.01,76.13,0.0,24.8,51.5,45.0,5.7,23.7,51.4,45.3,Urea,6,3,121.3,0.4723809523809524
Rungwe,-9.155,33.81,Sandy Clay Loam,19.72,62.62,0.0,32.9,51.2,12.6,5.7,35.0,52.2,13.8,NPK,6,3,96.69999999999999,0.6302681992337165
Rungwe,-9.365,33.85,Sandy Clay Loam,14.06,74.59,0.0,63.4,9.5,81.3,5.6,60.7,10.6,72.4,DAP,6,3,154.2,6.038095238095238
Rungwe,-9.4,33.69,Sandy Clay Loam,16.86,87.83,5.37,23.8,47.8,11.9,5.5,25.3,51.4,12.3,NPK,6,3,83.5,0.4877049180327869
Rungwe,-9.33,33.65,Clay Loam,15.79,87.33,0.94,146.3,51.3,12.0,5.6,164.8,48.9,11.8,MOP,6,1,209.60000000000002,2.7973231357552586
Rungwe,-9.4,33.81,Sandy Clay Loam,15.26,83.47,0.14,10.7,57.3,52.0,5.6,11.0,58.8,51.1,Urea,6,3,120.0,0.1835334476843911
Rungwe,-9.33,33.57,Sandy Clay Loam,17.22,87.05,16.29,99.5,6.8,17.6,5.5,92.3,6.7,19.5,NPK,6,3,123.9,12.756410256410257
Rungwe,-9.26,33.49,Sandy Clay Loam,18.72,63.2,0.02,32.4,5.6,5.8,5.5,31.0,5.5,6.6,NPK,6,3,43.8,4.909090909090909
Rungwe,-9.295,33.85,Sandy Clay Loam,11.8,84.24,0.8,62.3,29.2,41.6,5.6,62.3,28.6,41.5,Urea,6,3,133.1,2.062913907284768
Rungwe,-9.19,33.57,Sandy Clay Loam,15.54,75.05,0.0,162.5,14.9,17.0,5.7,167.4,13.8,17.5,NPK,6,3,194.4,10.220125786163521
Rungwe,-9.225,33.57,Sandy Clay Loam,11.62,81.48,0.11,36.5,37.7,19.4,5.8,37.5,40.9,19.5,NPK,6,3,93.6,0.9431524547803617
Rungwe,-9.365,33.45,Sandy Clay Loam,17.64,87.92,43.56,175.5,67.1,13.4,5.2,174.2,64.5,12.5,Apply Lime,6,3,256.0,2.577092511013216
Rungwe,-9.12,33.73,Clay Loam,18.39,89.47,10.1,41.6,31.4,23.6,5.4,45.0,29.8,23.2,Apply Lime,6,1,96.6,1.2839506172839508
Rungwe,-9.4,33.49,Clay Loam,19.21,82.38,3.87,132.8,63.9,69.6,5.2,136.1,59.8,66.1,Apply Lime,6,1,266.3,2.046224961479199
Rungwe,-9.33,33.53,Clay Loam,15.88,84.33,0.0,101.4,3.6,76.3,5.5,102.9,4.0,73.9,SSP,6,1,181.3,22.04347826086957
Rungwe,-9.05,33.65,Clay Loam,16.97,92.78,10.21,145.2,15.4,43.0,5.4,160.4,15.1,44.0,Apply Lime,6,1,203.6,8.853658536585366
Rungwe,-9.33,33.61,Sandy Clay Loam,14.9,79.84,0.0,98.1,6.7,45.1,5.5,104.2,6.0,48.6,SSP,6,3,149.9,12.74025974025974
Rungwe,-9.12,33.85,Sandy Clay Loam,19.3,83.34,11.8,103.8,25.5,8.9,5.6,100.9,25.7,8.7,NPK,6,3,138.20000000000002,3.9169811320754717
Rungwe,-9.4,33.85,Sandy Clay Loam,14.66,64.74,0.0,43.3,66.1,11.9,5.7,43.2,63.9,11.8,NPK,6,3,121.3,0.6453055141579732
Rungwe,-9.19,33.61,Sandy Clay Loam,17.47,88.15,1.45,37.4,11.0,29.4,5.6,38.3,10.4,27.6,NPK,6,3,77.8,3.1166666666666667
Rungwe,-9.365,33.49,Clay Loam,14.31,77.86,0.0,155.2,40.9,51.1,5.3,165.8,44.0,51.7,Apply Lime,6,1,247.2,3.704057279236277
Rungwe,-9.225,33.73,Sandy Clay Loam,11.74,84.09,0.0,73.0,38.1,66.7,5.9,65.7,33.8,68.1,Urea,6,3,177.8,1.867007672634271
Rungwe,-9.085,33.85,Sandy Clay Loam,11.75,77.25,0.0,69.0,68.2,55.9,5.6,73.3,65.9,56.8,Urea,6,3,193.1,0.9971098265895953
Rungwe,-9.26,33.77,Sandy Clay Loam,16.95,90.36,17.2,141.6,12.5,36.4,5.5,139.2,12.1,38.9,SSP,6,3,190.5,10.488888888888889
Rungwe,-9.19,33.85,Sandy Clay Loam,18.57,65.41,0.0,65.3,15.9,17.6,5.2,67.6,18.0,15.9,Apply Lime,6,3,98.80000000000001,3.863905325443787
Rungwe,-9.12,33.73,Clay Loam,17.69,87.24,10.21,172.3,6.3,77.3,5.4,171.9,5.9,71.6,Apply Lime,6,1,255.90000000000003,23.602739726027398
Rungwe,-9.365,33.53,Sandy Clay Loam,17.57,85.96,0.41,139.8,33.8,33.5,5.6,135.4,32.6,36.6,No Fertilizer,6,3,207.10000000000002,4.017241379310345
Rungwe,-9.295,33.73,Sandy Clay Loam,14.33,79.67,1.34,100.9,24.9,71.6,5.5,111.6,22.3,67.8,SSP,6,3,197.4,3.895752895752896
Rungwe,-9.05,33.69,Clay Loam,19.78,72.69,0.17,159.7,60.1,42.8,5.5,159.8,61.4,49.1,No Fertilizer,6,1,262.59999999999997,2.613747954173486
Rungwe,-9.26,33.73,Sandy Clay Loam,16.39,88.64,28.07,20.0,40.9,72.7,5.7,18.4,43.9,68.0,Urea,6,3,133.6,0.47732696897374705
Rungwe,-9.12,33.85,Sandy Clay Loam,19.56,70.55,0.01,60.3,42.4,78.2,5.6,53.7,44.5,82.2,Urea,6,3,180.89999999999998,1.3894009216589862
Rungwe,-9.225,33.49,Sandy Clay Loam,17.28,88.16,3.73,88.2,37.7,85.5,5.6,89.1,39.1,83.4,Urea,6,3,211.4,2.2790697674418605
Rungwe,-9.225,33.61,Sandy Clay Loam,16.83,87.42,6.12,48.7,9.3,44.1,5.5,48.6,10.1,50.9,DAP,6,3,102.1,4.728155339805825
Rungwe,-9.4,33.53,Clay Loam,16.74,89.19,9.51,157.6,36.4,44.9,5.1,136.5,33.4,49.0,Apply Lime,6,1,238.9,4.213903743315508
Rungwe,-9.225,33.85,Sandy Clay Loam,15.82,85.37,0.38,179.5,76.5,29.2,5.7,166.3,70.0,28.3,MOP,6,3,285.2,2.3161290322580643
Rungwe,-9.085,33.45,Clay Loam,17.26,88.72,2.83,78.5,58.3,80.5,5.8,82.0,59.1,84.6,Urea,6,1,217.3,1.3237774030354132
Rungwe,-9.295,33.81,Sandy Clay Loam,15.47,88.2,7.32,65.2,61.2,41.9,5.7,68.2,63.0,44.5,Urea,6,3,168.3,1.0482315112540193
Rungwe,-9.365,33.53,Sandy Clay Loam,17.54,74.16,0.0,185.1,50.9,18.4,5.6,173.5,58.3,16.7,MOP,6,3,254.4,3.566473988439306
Rungwe,-9.19,33.57,Sandy Clay Loam,17.39,90.36,5.58,79.6,11.3,48.9,5.7,85.6,10.8,42.3,DAP,6,3,139.79999999999998,6.471544715447154
Rungwe,-9.33,33.81,Sandy Clay Loam,12.08,80.59,0.45,100.2,21.2,17.8,5.5,93.1,19.0,16.7,NPK,6,3,139.20000000000002,4.513513513513514
Rungwe,-9.4,33.45,Clay Loam,17.54,83.01,8.9,71.4,4.0,44.5,5.2,69.8,4.2,48.2,Apply Lime,6,1,119.9,14.280000000000001
Rungwe,-9.4,33.53,Clay Loam,17.78,84.94,11.7,170.6,23.8,59.7,5.1,164.6,24.0,53.1,Apply Lime,6,1,254.10000000000002,6.879032258064516
Rungwe,-9.225,33.45,Sandy Clay Loam,16.58,91.12,17.89,104.8,11.5,30.6,5.4,106.7,11.2,34.4,Apply Lime,6,3,146.9,8.384
Rungwe,-9.085,33.65,Clay Loam,14.12,82.15,0.0,133.4,39.5,11.8,5.5,139.6,35.2,12.0,MOP,6,1,184.70000000000002,3.2938271604938274
Rungwe,-9.26,33.73,Sandy Clay Loam,16.34,75.52,0.0,163.2,49.4,85.6,5.7,148.0,48.7,85.3,No Fertilizer,6,3,298.2,3.238095238095238
Rungwe,-9.085,33.73,Clay Loam,19.75,60.83,0.0,66.9,62.6,80.5,5.5,68.1,61.7,71.0,Urea,6,1,210.0,1.0518867924528303
Rungwe,-9.33,33.65,Clay Loam,12.72,76.63,0.0,81.3,54.1,81.4,5.6,83.7,53.4,76.5,Urea,6,1,216.8,1.4754990925589835
Rungwe,-9.33,33.77,Sandy Clay Loam,16.77,87.4,9.95,153.4,59.4,35.6,5.5,154.2,65.9,36.8,No Fertilizer,6,3,248.4,2.5397350993377485
Rungwe,-9.085,33.65,Clay Loam,14.05,77.83,0.0,72.7,6.8,65.3,5.5,71.8,7.6,69.9,DAP,6,1,144.8,9.320512820512821
Rungwe,-9.19,33.81,Sandy Clay Loam,18.49,82.41,1.62,134.5,4.5,50.1,5.5,145.0,4.8,46.8,SSP,6,3,189.1,24.454545454545453
Rungwe,-9.085,33.65,Clay Loam,20.52,67.59,0.09,163.2,51.0,22.0,5.5,170.0,47.6,22.9,MOP,6,1,236.2,3.1384615384615384
Rungwe,-9.12,33.45,Clay Loam,17.7,71.83,0.0,110.9,22.6,16.7,5.4,115.9,23.1,16.5,Apply Lime,6,1,150.2,4.6991525423728815
Rungwe,-9.33,33.61,Sandy Clay Loam,12.54,76.16,0.0,144.1,20.0,31.6,5.5,136.1,20.7,35.0,SSP,6,3,195.7,6.8619047619047615
Rungwe,-9.26,33.77,Sandy Clay Loam,18.53,78.43,0.14,137.8,24.8,18.3,5.5,146.9,25.8,17.6,NPK,6,3,180.90000000000003,5.34108527131783
Rungwe,-9.4,33.57,Sandy Clay Loam,16.33,68.51,0.0,134.8,21.6,92.9,5.6,153.7,21.8,89.9,SSP,6,3,249.3,5.964601769911504
Rungwe,-9.33,33.53,Clay Loam,18.25,73.63,0.11,66.5,42.3,9.3,5.5,77.2,37.8,10.1,NPK,6,1,118.1,1.535796766743649
Rungwe,-9.155,33.49,Sandy Clay Loam,17.05,90.35,22.4,16.8,32.7,46.2,5.6,18.7,33.0,43.1,Urea,6,3,95.7,0.49851632047477745
Rungwe,-9.26,33.53,Sandy Clay Loam,16.12,84.33,1.3,85.8,35.7,45.7,5.6,78.3,37.8,44.0,Urea,6,3,167.2,2.3378746594005446
Rungwe,-9.085,33.61,Clay Loam,13.91,80.81,0.0,124.7,48.5,32.9,5.4,124.5,48.4,31.3,Apply Lime,6,1,206.1,2.519191919191919
Rungwe,-9.26,33.85,Sandy Clay Loam,12.46,79.47,0.0,89.6,33.2,52.6,5.6,86.6,29.6,54.0,Urea,6,3,175.4,2.619883040935672
Rungwe,-9.05,33.53,Sandy Clay Loam,18.48,86.12,29.55,142.5,19.9,18.8,5.7,137.3,20.6,18.6,NPK,6,3,181.20000000000002,6.818181818181818
Rungwe,-9.12,33.49,Sandy Clay Loam,18.1,81.81,0.08,71.0,13.7,72.2,5.8,70.7,15.0,71.8,DAP,6,3,156.9,4.829931972789116
Rungwe,-9.225,33.57,Sandy Clay Loam,14.31,77.86,0.0,117.3,26.1,33.6,5.8,117.9,27.1,33.9,No Fertilizer,6,3,177.0,4.328413284132841
Rungwe,-9.365,33.73,Sandy Clay Loam,16.16,83.3,0.03,44.7,53.4,56.3,5.7,41.7,53.0,55.7,Urea,6,3,154.39999999999998,0.8216911764705883
Rungwe,-9.19,33.61,Sandy Clay Loam,19.16,64.72,0.0,138.8,56.5,71.9,5.6,137.4,53.9,66.1,No Fertilizer,6,3,267.20000000000005,2.413913043478261
Rungwe,-9.4,33.81,Sandy Clay Loam,18.63,75.4,0.0,112.8,51.4,86.8,5.6,102.8,48.0,80.7,No Fertilizer,6,3,251.0,2.1526717557251906
Rungwe,-9.12,33.69,Sandy Clay Loam,18.77,86.76,9.7,46.6,18.0,69.9,5.4,44.7,19.4,76.2,Apply Lime,6,3,134.5,2.4526315789473685
Rungwe,-9.05,33.77,Clay Loam,18.06,89.22,18.12,57.0,40.0,61.0,5.5,59.6,42.8,57.1,Urea,6,1,158.0,1.3902439024390243
Rungwe,-9.295,33.77,Clay Loam,18.16,93.24,23.39,132.5,40.7,41.8,5.6,137.3,41.7,38.6,No Fertilizer,6,1,215.0,3.1774580335731413
Rungwe,-9.05,33.77,Clay Loam,17.71,86.78,8.48,87.4,37.7,47.8,5.5,92.0,36.0,48.3,No Fertilizer,6,1,172.9,2.2583979328165373
Rungwe,-9.26,33.69,Sandy Clay Loam,11.96,78.49,0.0,50.7,36.7,73.1,5.6,46.7,40.3,70.6,Urea,6,3,160.5,1.3448275862068966
Rungwe,-9.085,33.85,Sandy Clay Loam,13.36,73.73,0.0,169.5,34.9,82.5,5.6,174.4,36.5,79.7,No Fertilizer,6,3,286.9,4.721448467966574
Rungwe,-9.085,33.81,Sandy Clay Loam,18.1,79.6,1.06,124.2,39.6,13.8,5.5,131.6,41.3,14.7,MOP,6,3,177.60000000000002,3.0591133004926108
Rungwe,-9.19,33.73,Sandy Clay Loam,18.09,90.74,146.08,176.6,54.6,37.3,5.7,172.7,51.2,38.3,No Fertilizer,6,3,268.5,3.176258992805755
Rungwe,-9.26,33.49,Sandy Clay Loam,15.66,86.54,0.18,82.0,11.7,74.9,5.5,82.6,11.2,71.2,DAP,6,3,168.60000000000002,6.456692913385827
Rungwe,-9.4,33.73,Sandy Clay Loam,16.2,78.41,0.4,92.6,56.9,40.8,5.5,90.8,53.5,42.3,No Fertilizer,6,3,190.3,1.5993091537132986
Rungwe,-9.365,33.73,Sandy Clay Loam,18.8,77.5,0.44,184.2,14.2,36.2,5.7,162.7,13.0,33.9,SSP,6,3,234.59999999999997,12.118421052631579
Rungwe,-9.05,33.61,Sandy Clay Loam,12.58,78.64,0.25,105.6,8.2,44.3,5.6,99.3,8.4,40.6,SSP,6,3,158.1,11.478260869565217
Rungwe,-9.05,33.53,Sandy Clay Loam,18.0,84.04,5.58,130.5,62.7,61.2,5.7,130.2,68.4,56.6,No Fertilizer,6,3,254.39999999999998,2.0486656200941913
Rungwe,-9.155,33.85,Sandy Clay Loam,11.23,85.2,9.62,47.7,61.6,102.5,5.5,52.9,67.2,90.0,Urea,6,3,211.8,0.7619808306709266
Rungwe,-9.085,33.45,Clay Loam,13.66,71.6,0.0,82.9,7.0,47.1,5.8,85.9,8.0,47.4,DAP,6,1,137.0,10.3625
Rungwe,-9.085,33.77,Sandy Clay Loam,16.04,77.18,0.0,32.5,32.2,23.8,5.6,31.0,33.3,23.5,NPK,6,3,88.5,0.9789156626506024
Rungwe,-9.4,33.85,Sandy Clay Loam,14.12,78.34,0.0,41.3,15.9,20.1,5.7,45.0,16.3,19.7,NPK,6,3,77.3,2.4437869822485205
Rungwe,-9.155,33.49,Sandy Clay Loam,16.96,92.11,10.67,11.7,38.0,9.5,5.6,10.2,36.0,9.6,NPK,6,3,59.2,0.3
Rungwe,-9.4,33.49,Clay Loam,18.07,85.31,0.13,16.7,58.9,54.9,5.2,16.7,58.8,52.9,Apply Lime,6,1,130.5,0.27879799666110183
Rungwe,-9.33,33.81,Sandy Clay Loam,19.3,76.03,2.54,176.7,64.4,45.5,5.5,176.1,66.7,51.7,No Fertilizer,6,3,286.6,2.701834862385321
Rungwe,-9.225,33.69,Sandy Clay Loam,16.99,74.25,0.0,48.8,45.5,23.6,5.8,51.2,45.9,23.2,NPK,6,3,117.9,1.0494623655913977
Rungwe,-9.33,33.53,Clay Loam,17.48,91.74,37.57,127.0,25.4,58.2,5.5,122.8,27.4,64.4,No Fertilizer,6,1,210.60000000000002,4.8106060606060606
Rungwe,-9.19,33.45,Clay Loam,18.74,87.54,30.21,140.3,47.0,63.7,5.4,152.6,43.8,68.3,Apply Lime,6,1,251.0,2.922916666666667
Rungwe,-9.085,33.69,Clay Loam,17.82,83.21,16.6,119.3,23.2,29.2,5.6,103.6,24.6,27.8,NPK,6,1,171.7,4.929752066115703
Rungwe,-9.26,33.57,Sandy Clay Loam,17.36,85.16,29.88,39.4,58.9,34.4,5.5,36.0,64.0,34.9,Urea,6,3,132.7,0.657762938230384
Rungwe,-9.05,33.53,Sandy Clay Loam,17.48,82.15,0.39,143.0,65.0,93.6,5.7,133.8,61.4,89.2,No Fertilizer,6,3,301.6,2.1666666666666665
Rungwe,-9.155,33.85,Sandy Clay Loam,17.32,90.6,6.37,101.1,42.5,36.9,5.5,112.0,40.8,37.4,No Fertilizer,6,3,180.5,2.3241379310344827
Rungwe,-9.295,33.65,Sandy Clay Loam,12.41,66.11,0.0,136.2,22.4,75.3,5.7,134.3,25.4,69.9,SSP,6,3,233.89999999999998,5.82051282051282
Rungwe,-9.085,33.69,Clay Loam,13.94,77.99,0.0,152.8,24.8,43.3,5.6,140.9,23.4,44.0,SSP,6,1,220.90000000000003,5.922480620155039
Rungwe,-9.365,33.49,Clay Loam,17.86,84.45,1.25,183.1,5.9,62.7,5.3,175.8,6.2,72.6,Apply Lime,6,1,251.7,26.53623188405797
Rungwe,-9.365,33.85,Sandy Clay Loam,13.8,72.68,0.0,100.0,56.3,71.7,5.6,107.5,57.8,70.6,No Fertilizer,6,3,228.0,1.7452006980802792
Rungwe,-9.19,33.45,Clay Loam,15.67,81.79,0.13,65.0,34.2,52.7,5.4,68.1,33.7,62.1,Apply Lime,6,1,151.9,1.846590909090909
Rungwe,-9.365,33.53,Sandy Clay Loam,17.18,84.51,0.93,116.4,26.5,69.9,5.6,120.2,25.5,77.8,SSP,6,3,212.8,4.232727272727273
Rungwe,-9.155,33.77,Sandy Clay Loam,11.49,75.1,0.0,20.7,36.2,79.6,5.7,21.6,35.1,84.9,Urea,6,3,136.5,0.5564516129032258
Rungwe,-9.05,33.81,Clay Loam,15.43,74.25,0.0,180.0,57.8,50.9,5.6,162.6,58.0,54.7,No Fertilizer,6,1,288.7,3.0612244897959187
Rungwe,-9.12,33.69,Sandy Clay Loam,19.8,75.82,0.74,26.2,11.9,25.0,5.4,30.3,12.2,25.9,Apply Lime,6,3,63.1,2.0310077519379846
Rungwe,-9.295,33.49,Sandy Clay Loam,19.15,79.69,0.98,68.8,62.4,36.6,5.5,65.7,60.6,39.5,Urea,6,3,167.79999999999998,1.085173501577287
