District,Latitude,Longitude,pH,N_kg_ha,P_kg_ha,K_kg_ha,Soil_Type,Temperature_C,Humidity_pct,Rainfall_mm,Recommendation,When_to_Apply
Mbeya_Mjini,-8.97,33.476,6.0,374.0,1.98,72.45,Sandy Clay Loam,14.68,79.95,0.0,No Fertilizer,No application needed
Mbeya_Mjini,-8.882,33.392,5.8,396.0,1.76,43.85,Clay Loam,17.51,68.25,0.0,NPK,At planting time (basal application)
Mbeya_Mjini,-8.926,33.5,5.8,288.0,2.4,64.66,Loam,19.08,83.52,6.88,No Fertilizer,No application needed
Mbeya_Mjini,-8.882,33.416,5.7,440.0,2.2,32.43,Sandy Clay Loam,16.95,87.62,2.23,NPK,At planting time (basal application)
Mbeya_Mjini,-8.871,33.452,5.6,462.0,1.98,29.33,Clay Loam,16.79,88.32,18.03,NPK,At planting time (basal application)
Mbeya_Mjini,-8.893,33.428,5.9,312.0,2.4,43.27,Sandy Clay Loam,18.97,86.89,10.82,NPK,At planting time (basal application)
Mbeya_Mjini,-8.915,33.5,5.9,288.0,2.4,71.5,Loam,16.11,69.34,0.04,No Fertilizer,No application needed
Mbeya_Mjini,-8.959,33.416,5.8,336.0,2.69,64.66,Sandy Clay Loam,20.14,70.81,0.03,No Fertilizer,No application needed
Mbeya_Mjini,-8.893,33.464,6.1,240.0,2.16,58.49,Sandy Loam,15.08,75.04,0.05,Urea,2-3 weeks after planting (top dressing)
Mbeya_Mjini,-8.86,33.416,5.7,540.0,2.0,44.08,Sandy Clay Loam,18.61,84.69,6.1,NPK,At planting time (basal application)
Mbeya_Mjini,-8.97,33.44,5.8,360.0,2.16,64.66,Sandy Clay Loam,17.89,85.69,5.51,No Fertilizer,No application needed
Mbeya_Mjini,-8.882,33.464,5.8,360.0,2.16,52.9,Sandy Clay Loam,13.53,67.63,0.0,No Fertilizer,No application needed
Mbeya_Mjini,-8.893,33.452,5.8,360.0,2.4,52.9,Sandy Clay Loam,19.08,73.11,0.11,No Fertilizer,No application needed
Mbeya_Mjini,-8.915,33.5,5.9,288.0,2.4,71.5,Loam,15.9,68.05,0.0,No Fertilizer,No application needed
Mbeya_Mjini,-8.893,33.488,5.9,286.0,2.08,63.36,Sandy Loam,17.92,83.36,0.04,No Fertilizer,No application needed
Mbeya_Mjini,-8.97,33.44,5.8,360.0,2.16,64.66,Sandy Clay Loam,14.32,82.67,0.02,No Fertilizer,No application needed
Mbeya_Mjini,-8.97,33.428,5.9,336.0,2.4,71.5,Sandy Clay Loam,18.17,70.01,0.0,No Fertilizer,No application needed
Mbeya_Mjini,-8.871,33.428,5.8,484.0,2.2,53.61,Sandy Clay Loam,16.81,91.96,20.99,No Fertilizer,No application needed
Mbeya_Mjini,-8.86,33.44,5.6,638.0,1.76,43.85,Sandy Clay Loam,18.0,82.14,8.99,NPK,At planting time (basal application)
Mbeya_Mjini,-8.893,33.38,5.8,360.0,2.16,52.9,Sandy Clay Loam,18.64,83.79,67.9,No Fertilizer,No application needed
Mbeya_Mjini,-8.871,33.404,5.7,400.0,2.0,44.08,Sandy Clay Loam,17.87,91.18,16.38,NPK,At planting time (basal application)
Mbeya_Mjini,-8.882,33.476,5.9,288.0,2.16,64.66,Sandy Clay Loam,14.32,80.25,0.07,No Fertilizer,No application needed
Mbeya_Mjini,-8.97,33.476,6.0,374.0,1.98,72.45,Sandy Clay Loam,18.0,84.04,5.58,No Fertilizer,No application needed
Mbeya_Mjini,-8.86,33.428,5.7,620.0,1.6,48.74,Sandy Clay Loam,17.76,89.33,4.75,No Fertilizer,No application needed
Mbeya_Mjini,-8.926,33.452,5.8,312.0,2.16,64.66,Sandy Loam,16.0,88.33,6.34,No Fertilizer,No application needed
Mbeya_Mjini,-8.959,33.44,5.7,360.0,2.69,64.66,Sandy Clay Loam,17.64,93.42,2.69,No Fertilizer,No application needed
Mbeya_Mjini,-8.871,33.464,5.9,308.0,1.76,53.61,Clay Loam,17.88,86.32,4.27,No Fertilizer,No application needed
Mbeya_Mjini,-8.871,33.44,5.6,520.0,2.0,36.06,Clay Loam,13.08,80.9,0.0,NPK,At planting time (basal application)
Mbeya_Mjini,-8.882,33.428,5.7,396.0,1.98,39.67,Clay Loam,17.35,87.25,14.64,NPK,At planting time (basal application)
Mbeya_Mjini,-8.882,33.392,5.8,396.0,1.76,43.85,Clay Loam,13.22,81.05,0.0,NPK,At planting time (basal application)
Mbeya_Mjini,-8.915,33.452,6.5,288.0,3.0,64.66,Sandy Loam,16.96,65.81,0.0,No Fertilizer,No application needed
Mbeya_Mjini,-8.904,33.44,6.2,312.0,2.6,57.3,Loam,17.52,76.03,7.34,No Fertilizer,No application needed
Mbeya_Mjini,-8.86,33.428,5.7,620.0,1.6,48.74,Sandy Clay Loam,17.18,89.83,12.38,No Fertilizer,No application needed
Mbeya_Mjini,-8.86,33.476,5.8,352.0,1.98,43.85,Clay Loam,13.04,80.31,0.0,NPK,At planting time (basal application)
Mbeya_Mjini,-8.882,33.488,5.9,360.0,1.92,64.66,Sandy Clay Loam,14.57,74.75,0.0,No Fertilizer,No application needed
Mbeya_Mjini,-8.915,33.416,6.1,338.0,2.34,63.36,Sandy Clay Loam,20.46,69.7,0.31,No Fertilizer,No application needed
Mbeya_Mjini,-8.959,33.452,5.8,360.0,2.16,79.03,Clay Loam,18.03,83.33,4.67,No Fertilizer,No application needed
Mbeya_Mjini,-8.97,33.452,5.8,360.0,1.73,71.5,Sandy Clay Loam,14.27,68.36,0.0,No Fertilizer,No application needed
Mbeya_Mjini,-8.915,33.38,6.0,312.0,2.6,57.3,Sandy Clay Loam,15.13,85.61,0.0,No Fertilizer,No application needed
Mbeya_Mjini,-8.915,33.44,5.9,312.0,2.91,63.36,Sandy Loam,17.22,70.73,0.0,No Fertilizer,No application needed
Mbeya_Mjini,-8.904,33.38,6.0,288.0,2.16,58.49,Sandy Clay Loam,18.34,74.32,2.07,No Fertilizer,No application needed
Mbeya_Mjini,-8.904,33.392,5.9,312.0,2.6,57.3,Sandy Clay Loam,16.06,74.02,2.25,No Fertilizer,No application needed
Mbeya_Mjini,-8.882,33.488,5.9,360.0,1.92,64.66,Sandy Clay Loam,15.75,73.52,0.0,No Fertilizer,No application needed
Mbeya_Mjini,-8.915,33.5,5.9,288.0,2.4,71.5,Loam,19.93,70.44,0.1,No Fertilizer,No application needed
Mbeya_Mjini,-8.871,33.416,5.8,440.0,1.58,43.85,Sandy Clay Loam,18.67,69.44,0.07,NPK,At planting time (basal application)
Mbeya_Mjini,-8.882,33.476,5.9,288.0,2.16,64.66,Sandy Clay Loam,14.63,75.55,0.0,No Fertilizer,No application needed
Mbeya_Mjini,-8.97,33.464,5.9,330.0,1.76,72.45,Sandy Clay Loam,18.39,83.75,4.51,No Fertilizer,No application needed
Mbeya_Mjini,-8.915,33.5,5.9,288.0,2.4,71.5,Loam,17.98,91.28,24.04,No Fertilizer,No application needed
Mbeya_Mjini,-8.904,33.452,5.9,288.0,2.69,58.49,Sandy Loam,18.4,86.26,2.1,No Fertilizer,No application needed
Mbeya_Mjini,-8.871,33.464,5.9,308.0,1.76,53.61,Clay Loam,18.09,89.56,9.46,No Fertilizer,No application needed
Mbeya_Mjini,-8.926,33.488,5.9,288.0,2.16,71.5,Loam,11.84,79.31,0.18,No Fertilizer,No application needed
Mbeya_Mjini,-8.97,33.404,5.8,312.0,1.92,71.5,Sandy Clay Loam,12.99,77.43,0.0,No Fertilizer,No application needed
Mbeya_Mjini,-8.97,33.464,5.9,330.0,1.76,72.45,Sandy Clay Loam,14.07,73.92,0.0,No Fertilizer,No application needed
Mbeya_Mjini,-8.882,33.38,5.5,396.0,1.76,43.85,Sandy Clay Loam,18.78,75.33,1.98,NPK,At planting time (basal application)
Mbeya_Mjini,-8.97,33.38,5.9,286.0,2.34,51.82,Sandy Clay Loam,16.52,88.46,2.58,No Fertilizer,No application needed
Mbeya_Mjini,-8.86,33.476,5.8,352.0,1.98,43.85,Clay Loam,17.3,88.66,0.87,NPK,At planting time (basal application)
Mbeya_Mjini,-8.915,33.452,6.5,288.0,3.0,64.66,Sandy Loam,15.65,87.82,9.47,No Fertilizer,No application needed
Mbeya_Mjini,-8.893,33.404,5.7,374.0,2.2,35.86,Sandy Clay Loam,16.08,89.78,9.49,NPK,At planting time (basal application)
Mbeya_Mjini,-8.97,33.5,6.1,330.0,1.76,65.54,Sandy Clay Loam,14.23,71.72,0.0,No Fertilizer,No application needed
Mbeya_Mjini,-8.893,33.416,5.8,374.0,1.76,39.67,Sandy Clay Loam,16.12,91.43,18.92,NPK,At planting time (basal application)
Mbeya_Mjini,-8.871,33.392,5.8,418.0,2.2,43.85,Clay Loam,18.43,86.09,17.72,NPK,At planting time (basal application)
Mbeya_Mjini,-8.871,33.476,5.8,336.0,1.92,47.83,Clay Loam,12.78,78.66,0.34,No Fertilizer,No application needed
Mbeya_Mjini,-8.904,33.44,6.2,312.0,2.6,57.3,Loam,14.03,72.79,0.0,No Fertilizer,No application needed
Mbeya_Mjini,-8.97,33.392,5.9,312.0,1.87,70.04,Sandy Clay Loam,16.68,82.01,1.54,No Fertilizer,No application needed
Mbeya_Mjini,-8.893,33.464,6.1,240.0,2.16,58.49,Sandy Loam,16.39,84.99,0.41,Urea,2-3 weeks after planting (top dressing)
Mbeya_Mjini,-8.926,33.44,5.9,360.0,2.16,71.5,Clay Loam,17.31,73.86,0.0,No Fertilizer,No application needed
Mbeya_Mjini,-8.97,33.464,5.9,330.0,1.76,72.45,Sandy Clay Loam,18.11,89.06,8.86,No Fertilizer,No application needed
Mbeya_Mjini,-8.97,33.488,5.9,352.0,1.98,65.54,Sandy Clay Loam,20.14,72.97,0.13,No Fertilizer,No application needed
Mbeya_Mjini,-8.926,33.488,5.9,288.0,2.16,71.5,Loam,17.01,84.45,0.31,No Fertilizer,No application needed
Mbeya_Mjini,-8.871,33.476,5.8,336.0,1.92,47.83,Clay Loam,17.62,88.98,12.11,No Fertilizer,No application needed
Mbeya_Mjini,-8.893,33.404,5.7,374.0,2.2,35.86,Sandy Clay Loam,18.17,85.67,2.26,NPK,At planting time (basal application)
Mbeya_Mjini,-8.904,33.488,5.9,336.0,2.16,58.49,Sandy Clay Loam,14.04,77.48,0.0,No Fertilizer,No application needed
Mbeya_Mjini,-8.882,33.416,5.7,440.0,2.2,32.43,Sandy Clay Loam,17.26,94.83,24.65,NPK,At planting time (basal application)
Mbeya_Mjini,-8.86,33.488,5.8,330.0,1.98,48.49,Clay Loam,15.49,74.38,0.02,No Fertilizer,No application needed
Mbeya_Mjini,-8.871,33.5,5.9,330.0,1.76,43.85,Sandy Clay Loam,17.76,85.54,3.72,NPK,At planting time (basal application)
Mbeya_Mjini,-8.871,33.392,5.8,418.0,2.2,43.85,Clay Loam,16.47,78.37,0.0,NPK,At planting time (basal application)
Mbeya_Mjini,-8.959,33.464,5.9,360.0,1.92,71.5,Sandy Clay Loam,12.74,82.77,0.05,No Fertilizer,No application needed
Mbeya_Mjini,-8.871,33.488,5.8,384.0,1.92,52.9,Sandy Clay Loam,16.53,91.86,30.82,No Fertilizer,No application needed
Mbeya_Mjini,-8.97,33.464,5.9,330.0,1.76,72.45,Sandy Clay Loam,12.86,79.22,0.02,No Fertilizer,No application needed
Mbeya_Mjini,-8.915,33.5,5.9,288.0,2.4,71.5,Loam,16.49,89.44,3.63,No Fertilizer,No application needed
Mbeya_Mjini,-8.893,33.44,6.1,312.0,2.69,58.49,Sandy Clay Loam,19.18,70.45,0.06,No Fertilizer,No application needed
Mbeya_Mjini,-8.926,33.428,6.1,264.0,2.69,64.66,Sandy Loam,17.44,74.54,0.36,No Fertilizer,No application needed
Mbeya_Mjini,-8.926,33.428,6.1,264.0,2.69,64.66,Sandy Loam,13.66,71.82,0.0,No Fertilizer,No application needed
Mbeya_Mjini,-8.86,33.476,5.8,352.0,1.98,43.85,Clay Loam,13.75,75.47,0.0,NPK,At planting time (basal application)
Mbeya_Mjini,-8.926,33.428,6.1,264.0,2.69,64.66,Sandy Loam,15.15,82.58,0.0,No Fertilizer,No application needed
Mbeya_Mjini,-8.904,33.476,6.1,312.0,2.4,52.9,Loam,18.09,81.7,8.24,No Fertilizer,No application needed
Mbeya_Mjini,-8.959,33.464,5.9,360.0,1.92,71.5,Sandy Clay Loam,17.48,72.46,0.0,No Fertilizer,No application needed
Mbeya_Mjini,-8.959,33.464,5.9,360.0,1.92,71.5,Sandy Clay Loam,18.36,80.38,6.7,No Fertilizer,No application needed
Mbeya_Mjini,-8.97,33.392,5.9,312.0,1.87,70.04,Sandy Clay Loam,14.53,82.45,0.24,No Fertilizer,No application needed
Mbeya_Mjini,-8.86,33.44,5.6,638.0,1.76,43.85,Sandy Clay Loam,19.4,82.15,0.67,NPK,At planting time (basal application)
Mbeya_Mjini,-8.871,33.392,5.8,418.0,2.2,43.85,Clay Loam,14.46,86.47,2.15,NPK,At planting time (basal application)
Mbeya_Mjini,-8.893,33.392,5.8,330.0,1.98,48.49,Sandy Clay Loam,15.35,86.78,0.0,No Fertilizer,No application needed
Mbeya_Mjini,-8.86,33.392,5.7,418.0,2.2,43.85,Sandy Clay Loam,15.52,77.55,0.0,NPK,At planting time (basal application)
Mbeya_Mjini,-8.893,33.428,5.9,312.0,2.4,43.27,Sandy Clay Loam,15.79,87.33,0.94,NPK,At planting time (basal application)
Mbeya_Mjini,-8.915,33.428,5.8,312.0,2.16,58.49,Sandy Clay Loam,16.69,66.86,0.0,No Fertilizer,No application needed
Mbeya_Mjini,-8.904,33.428,5.8,408.0,1.92,43.27,Sandy Clay Loam,18.99,68.42,0.0,NPK,At planting time (basal application)
Mbeya_Mjini,-8.915,33.404,6.0,312.0,2.6,51.82,Loam,18.71,81.16,20.49,No Fertilizer,No application needed
Mbeya_Mjini,-8.97,33.488,5.9,352.0,1.98,65.54,Sandy Clay Loam,18.96,76.59,9.69,No Fertilizer,No application needed
Mbeya_Mjini,-8.915,33.428,5.8,312.0,2.16,58.49,Sandy Clay Loam,18.65,86.22,12.26,No Fertilizer,No application needed
Mbeya_Mjini,-8.915,33.392,5.8,312.0,2.16,64.66,Sandy Clay Loam,14.52,82.17,0.09,No Fertilizer,No application needed
Mbeya_Mjini,-8.893,33.464,6.1,240.0,2.16,58.49,Sandy Loam,17.88,86.54,34.3,Urea,2-3 weeks after planting (top dressing)
Mbeya_Mjini,-8.871,33.404,5.7,400.0,2.0,44.08,Sandy Clay Loam,13.3,80.13,0.07,NPK,At planting time (basal application)
Mbeya_Mjini,-8.97,33.392,5.9,312.0,1.87,70.04,Sandy Clay Loam,15.96,76.23,0.02,No Fertilizer,No application needed
Mbeya_Mjini,-8.97,33.476,6.0,374.0,1.98,72.45,Sandy Clay Loam,18.78,85.88,1.56,No Fertilizer,No application needed
Mbeya_Mjini,-8.86,33.452,5.6,572.0,1.76,39.67,Clay Loam,19.19,72.33,0.54,NPK,At planting time (basal application)
Mbeya_Mjini,-8.882,33.5,5.9,288.0,2.69,58.49,Sandy Clay Loam,16.36,83.1,0.48,No Fertilizer,No application needed
Mbeya_Mjini,-8.871,33.404,5.7,400.0,2.0,44.08,Sandy Clay Loam,13.3,79.82,0.0,NPK,At planting time (basal application)
Mbeya_Mjini,-8.871,33.5,5.9,330.0,1.76,43.85,Sandy Clay Loam,17.44,85.22,1.03,NPK,At planting time (basal application)
Mbeya_Mjini,-8.915,33.38,6.0,312.0,2.6,57.3,Sandy Clay Loam,18.77,86.76,9.7,No Fertilizer,No application needed
Mbeya_Mjini,-8.893,33.464,6.1,240.0,2.16,58.49,Sandy Loam,17.69,92.56,17.06,Urea,2-3 weeks after planting (top dressing)
Mbeya_Mjini,-8.882,33.488,5.9,360.0,1.92,64.66,Sandy Clay Loam,17.51,88.45,8.25,No Fertilizer,No application needed
Mbeya_Mjini,-8.86,33.428,5.7,620.0,1.6,48.74,Sandy Clay Loam,18.79,81.38,10.51,No Fertilizer,No application needed
Mbeya_Mjini,-8.97,33.428,5.9,336.0,2.4,71.5,Sandy Clay Loam,18.43,85.41,4.24,No Fertilizer,No application needed
Mbeya_Mjini,-8.926,33.464,5.9,264.0,2.4,64.66,Sandy Loam,15.49,83.39,0.0,No Fertilizer,No application needed
Mbeya_Mjini,-8.86,33.44,5.6,638.0,1.76,43.85,Sandy Clay Loam,17.38,68.28,0.0,NPK,At planting time (basal application)
Mbeya_Mjini,-8.86,33.38,5.7,396.0,1.98,53.61,Clay Loam,17.7,74.28,1.0,No Fertilizer,No application needed
Mbeya_Mjini,-8.86,33.476,5.8,352.0,1.98,43.85,Clay Loam,15.53,83.12,0.0,NPK,At planting time (basal application)
Mbeya_Mjini,-8.871,33.464,5.9,308.0,1.76,53.61,Clay Loam,17.22,91.28,21.03,No Fertilizer,No application needed
Mbeya_Mjini,-8.904,33.488,5.9,336.0,2.16,58.49,Sandy Clay Loam,19.29,69.03,0.8,No Fertilizer,No application needed
Mbeya_Mjini,-8.893,33.428,5.9,312.0,2.4,43.27,Sandy Clay Loam,18.21,73.47,0.55,NPK,At planting time (basal application)
Mbeya_Mjini,-8.893,33.392,5.8,330.0,1.98,48.49,Sandy Clay Loam,19.08,73.11,0.11,No Fertilizer,No application needed
Mbeya_Mjini,-8.915,33.476,6.6,264.0,2.4,64.66,Loam,18.06,89.22,18.12,No Fertilizer,No application needed
Mbeya_Mjini,-8.86,33.416,5.7,540.0,2.0,44.08,Sandy Clay Loam,12.72,76.63,0.0,NPK,At planting time (basal application)
Mbeya_Mjini,-8.97,33.428,5.9,336.0,2.4,71.5,Sandy Clay Loam,17.25,66.57,0.0,No Fertilizer,No application needed
Mbeya_Mjini,-8.904,33.392,5.9,312.0,2.6,57.3,Sandy Clay Loam,17.45,79.9,0.02,No Fertilizer,No application needed
Mbeya_Mjini,-8.926,33.452,5.8,312.0,2.16,64.66,Sandy Loam,11.8,84.24,0.8,No Fertilizer,No application needed
Mbeya_Mjini,-8.882,33.5,5.9,288.0,2.69,58.49,Sandy Clay Loam,19.22,81.67,0.3,No Fertilizer,No application needed
Mbeya_Mjini,-8.904,33.38,6.0,288.0,2.16,58.49,Sandy Clay Loam,16.78,89.07,24.96,No Fertilizer,No application needed
Mbeya_Mjini,-8.871,33.38,5.6,352.0,1.76,48.49,Sandy Clay Loam,17.05,93.42,36.56,No Fertilizer,No application needed
Mbeya_Mjini,-8.86,33.428,5.7,620.0,1.6,48.74,Sandy Clay Loam,18.14,72.7,0.0,No Fertilizer,No application needed
Mbeya_Mjini,-8.86,33.392,5.7,418.0,2.2,43.85,Sandy Clay Loam,18.08,66.14,0.0,NPK,At planting time (basal application)
Mbeya_Mjini,-8.926,33.5,5.8,288.0,2.4,64.66,Loam,12.27,75.94,0.0,No Fertilizer,No application needed
Mbeya_Mjini,-8.882,33.488,5.9,360.0,1.92,64.66,Sandy Clay Loam,18.97,74.23,1.46,No Fertilizer,No application needed
Mbeya_Mjini,-8.959,33.416,5.8,336.0,2.69,64.66,Sandy Clay Loam,16.9,88.02,7.22,No Fertilizer,No application needed
Mbeya_Mjini,-8.904,33.476,6.1,312.0,2.4,52.9,Loam,15.58,81.89,0.0,No Fertilizer,No application needed
Mbeya_Mjini,-8.871,33.452,5.6,462.0,1.98,29.33,Clay Loam,18.88,80.82,10.0,NPK,At planting time (basal application)
Mbeya_Mjini,-8.871,33.476,5.8,336.0,1.92,47.83,Clay Loam,17.91,86.22,7.42,No Fertilizer,No application needed
Mbeya_Mjini,-8.882,33.38,5.5,396.0,1.76,43.85,Sandy Clay Loam,18.89,75.18,6.78,NPK,At planting time (basal application)
Mbeya_Mjini,-8.86,33.38,5.7,396.0,1.98,53.61,Clay Loam,17.95,86.36,0.03,No Fertilizer,No application needed
Mbeya_Mjini,-8.97,33.392,5.9,312.0,1.87,70.04,Sandy Clay Loam,17.06,92.25,44.96,No Fertilizer,No application needed
Mbeya_Mjini,-8.871,33.488,5.8,384.0,1.92,52.9,Sandy Clay Loam,13.24,79.29,0.0,No Fertilizer,No application needed
Mbeya_Mjini,-8.871,33.476,5.8,336.0,1.92,47.83,Clay Loam,18.86,61.89,0.0,No Fertilizer,No application needed
Mbeya_Mjini,-8.882,33.476,5.9,288.0,2.16,64.66,Sandy Clay Loam,17.35,87.96,6.88,No Fertilizer,No application needed
Mbeya_Mjini,-8.97,33.5,6.1,330.0,1.76,65.54,Sandy Clay Loam,18.97,86.89,10.82,No Fertilizer,No application needed
Mbeya_Mjini,-8.959,33.392,5.7,336.0,1.92,58.49,Sandy Clay Loam,17.01,86.98,18.17,No Fertilizer,No application needed
Mbeya_Mjini,-8.882,33.392,5.8,396.0,1.76,43.85,Clay Loam,18.7,69.78,0.03,NPK,At planting time (basal application)
Mbeya_Mjini,-8.86,33.476,5.8,352.0,1.98,43.85,Clay Loam,17.58,90.36,21.48,NPK,At planting time (basal application)
Mbeya_Mjini,-8.904,33.392,5.9,312.0,2.6,57.3,Sandy Clay Loam,17.52,84.06,2.47,No Fertilizer,No application needed
Mbeya_Mjini,-8.904,33.476,6.1,312.0,2.4,52.9,Loam,17.44,87.92,5.51,No Fertilizer,No application needed
Mbeya_Mjini,-8.959,33.416,5.8,336.0,2.69,64.66,Sandy Clay Loam,13.23,73.23,0.0,No Fertilizer,No application needed
Mbeya_Mjini,-8.871,33.464,5.9,308.0,1.76,53.61,Clay Loam,16.94,93.62,6.97,No Fertilizer,No application needed
Mbeya_Mjini,-8.97,33.488,5.9,352.0,1.98,65.54,Sandy Clay Loam,14.13,79.04,0.0,No Fertilizer,No application needed
Mbeya_Mjini,-8.915,33.38,6.0,312.0,2.6,57.3,Sandy Clay Loam,18.02,85.79,9.64,No Fertilizer,No application needed
Mbeya_Mjini,-8.926,33.428,6.1,264.0,2.69,64.66,Sandy Loam,14.24,82.44,0.0,No Fertilizer,No application needed
Mbeya_Mjini,-8.904,33.44,6.2,312.0,2.6,57.3,Loam,16.46,63.72,0.0,No Fertilizer,No application needed
Mbeya_Mjini,-8.97,33.464,5.9,330.0,1.76,72.45,Sandy Clay Loam,18.78,78.69,1.69,No Fertilizer,No application needed
Mbeya_Mjini,-8.871,33.404,5.7,400.0,2.0,44.08,Sandy Clay Loam,13.26,82.09,0.21,NPK,At planting time (basal application)
Mbeya_Mjini,-8.97,33.404,5.8,312.0,1.92,71.5,Sandy Clay Loam,13.41,79.83,0.05,No Fertilizer,No application needed
Mbeya_Mjini,-8.882,33.44,5.5,418.0,1.98,39.67,Sandy Clay Loam,18.28,78.02,1.3,NPK,At planting time (basal application)
Mbeya_Mjini,-8.97,33.44,5.8,360.0,2.16,64.66,Sandy Clay Loam,14.18,83.16,0.1,No Fertilizer,No application needed
Mbeya_Mjini,-8.926,33.5,5.8,288.0,2.4,64.66,Loam,17.59,91.08,24.96,No Fertilizer,No application needed
Mbeya_Mjini,-8.97,33.5,6.1,330.0,1.76,65.54,Sandy Clay Loam,18.09,78.82,8.28,No Fertilizer,No application needed
Mbeya_Mjini,-8.86,33.488,5.8,330.0,1.98,48.49,Clay Loam,18.43,94.23,39.94,No Fertilizer,No application needed
Mbeya_Mjini,-8.926,33.452,5.8,312.0,2.16,64.66,Sandy Loam,18.95,75.93,1.38,No Fertilizer,No application needed
Mbeya_Mjini,-8.871,33.5,5.9,330.0,1.76,43.85,Sandy Clay Loam,17.51,75.74,1.05,NPK,At planting time (basal application)
Mbeya_Mjini,-8.871,33.488,5.8,384.0,1.92,52.9,Sandy Clay Loam,16.47,93.7,3.83,No Fertilizer,No application needed
Mbeya_Mjini,-8.904,33.428,5.8,408.0,1.92,43.27,Sandy Clay Loam,16.16,83.3,0.03,NPK,At planting time (basal application)
Mbeya_Mjini,-8.959,33.392,5.7,336.0,1.92,58.49,Sandy Clay Loam,14.73,80.5,0.08,No Fertilizer,No application needed
Mbeya_Mjini,-8.871,33.452,5.6,462.0,1.98,29.33,Clay Loam,17.13,90.31,8.65,NPK,At planting time (basal application)
Mbeya_Mjini,-8.97,33.476,6.0,374.0,1.98,72.45,Sandy Clay Loam,16.41,92.82,32.35,No Fertilizer,No application needed
Mbeya_Mjini,-8.86,33.476,5.8,352.0,1.98,43.85,Clay Loam,16.56,91.2,26.1,NPK,At planting time (basal application)
Mbeya_Mjini,-8.893,33.488,5.9,286.0,2.08,63.36,Sandy Loam,17.0,86.83,4.06,No Fertilizer,No application needed
Mbeya_Mjini,-8.893,33.428,5.9,312.0,2.4,43.27,Sandy Clay Loam,12.25,75.84,0.0,NPK,At planting time (basal application)
Mbeya_Mjini,-8.915,33.452,6.5,288.0,3.0,64.66,Sandy Loam,18.17,89.37,1.81,No Fertilizer,No application needed
Mbeya_Mjini,-8.871,33.38,5.6,352.0,1.76,48.49,Sandy Clay Loam,17.57,90.85,11.84,No Fertilizer,No application needed
Mbeya_Mjini,-8.871,33.464,5.9,308.0,1.76,53.61,Clay Loam,16.51,89.19,1.7,No Fertilizer,No application needed
Mbeya_Mjini,-8.904,33.44,6.2,312.0,2.6,57.3,Loam,16.42,94.62,27.33,No Fertilizer,No application needed
Mbeya_Mjini,-8.871,33.38,5.6,352.0,1.76,48.49,Sandy Clay Loam,12.44,77.95,0.0,No Fertilizer,No application needed
Mbeya_Mjini,-8.86,33.44,5.6,638.0,1.76,43.85,Sandy Clay Loam,18.27,65.23,0.0,NPK,At planting time (basal application)
Mbeya_Mjini,-8.893,33.38,5.8,360.0,2.16,52.9,Sandy Clay Loam,13.94,76.07,0.04,No Fertilizer,No application needed
Mbeya_Mjini,-8.904,33.38,6.0,288.0,2.16,58.49,Sandy Clay Loam,17.39,89.81,36.3,No Fertilizer,No application needed
Mbeya_Mjini,-8.904,33.452,5.9,288.0,2.69,58.49,Sandy Loam,15.36,77.47,0.0,No Fertilizer,No application needed
Mbeya_Mjini,-8.86,33.404,5.8,484.0,1.98,48.49,Sandy Clay Loam,12.7,81.69,0.0,No Fertilizer,No application needed
Mbeya_Mjini,-8.97,33.416,5.9,336.0,1.92,71.5,Sandy Clay Loam,17.09,90.07,29.26,No Fertilizer,No application needed
Mbeya_Mjini,-8.871,33.416,5.8,440.0,1.58,43.85,Sandy Clay Loam,15.12,83.92,0.5,NPK,At planting time (basal application)
Mbeya_Mjini,-8.904,33.38,6.0,288.0,2.16,58.49,Sandy Clay Loam,18.53,77.05,3.06,No Fertilizer,No application needed
Mbeya_Mjini,-8.959,33.404,5.8,384.0,1.73,58.49,Sandy Clay Loam,16.99,92.91,21.23,No Fertilizer,No application needed
Mbeya_Mjini,-8.959,33.404,5.8,384.0,1.73,58.49,Sandy Clay Loam,15.3,83.4,0.31,No Fertilizer,No application needed
Mbeya_Mjini,-8.904,33.404,5.8,336.0,2.4,52.9,Sandy Clay Loam,12.34,82.33,0.05,No Fertilizer,No application needed
Mbeya_Mjini,-8.893,33.416,5.8,374.0,1.76,39.67,Sandy Clay Loam,16.47,64.55,0.0,NPK,At planting time (basal application)
Mbeya_Mjini,-8.893,33.428,5.9,312.0,2.4,43.27,Sandy Clay Loam,17.44,85.11,3.49,NPK,At planting time (basal application)
Mbeya_Mjini,-8.86,33.416,5.7,540.0,2.0,44.08,Sandy Clay Loam,17.12,70.82,0.0,NPK,At planting time (basal application)
Mbeya_Mjini,-8.882,33.38,5.5,396.0,1.76,43.85,Sandy Clay Loam,18.63,74.64,0.62,NPK,At planting time (basal application)
Mbeya_Mjini,-8.871,33.392,5.8,418.0,2.2,43.85,Clay Loam,16.75,67.57,0.0,NPK,At planting time (basal application)
Mbeya_Mjini,-8.882,33.38,5.5,396.0,1.76,43.85,Sandy Clay Loam,17.52,81.37,1.75,NPK,At planting time (basal application)
Mbeya_Mjini,-8.904,33.404,5.8,336.0,2.4,52.9,Sandy Clay Loam,17.73,84.87,27.87,No Fertilizer,No application needed
Mbeya_Mjini,-8.882,33.464,5.8,360.0,2.16,52.9,Sandy Clay Loam,17.34,71.37,0.67,No Fertilizer,No application needed
Mbeya_Mjini,-8.904,33.428,5.8,408.0,1.92,43.27,Sandy Clay Loam,17.87,62.92,0.0,NPK,At planting time (basal application)
Mbeya_Mjini,-8.904,33.428,5.8,408.0,1.92,43.27,Sandy Clay Loam,14.31,82.7,0.0,NPK,At planting time (basal application)
Mbeya_Mjini,-8.915,33.404,6.0,312.0,2.6,51.82,Loam,13.8,78.19,0.0,No Fertilizer,No application needed
Mbeya_Mjini,-8.959,33.416,5.8,336.0,2.69,64.66,Sandy Clay Loam,16.95,85.53,2.04,No Fertilizer,No application needed
Mbeya_Mjini,-8.86,33.488,5.8,330.0,1.98,48.49,Clay Loam,19.3,71.28,0.14,No Fertilizer,No application needed
Mbeya_Mjini,-8.86,33.428,5.7,620.0,1.6,48.74,Sandy Clay Loam,17.85,85.41,9.96,No Fertilizer,No application needed
Mbeya_Mjini,-8.904,33.476,6.1,312.0,2.4,52.9,Loam,17.21,91.52,4.62,No Fertilizer,No application needed
Mbeya_Mjini,-8.97,33.416,5.9,336.0,1.92,71.5,Sandy Clay Loam,14.06,61.1,0.0,No Fertilizer,No application needed
Mbeya_Mjini,-8.904,33.452,5.9,288.0,2.69,58.49,Sandy Loam,18.38,73.82,0.57,No Fertilizer,No application needed
Mbeya_Mjini,-8.871,33.38,5.6,352.0,1.76,48.49,Sandy Clay Loam,16.73,73.96,0.43,No Fertilizer,No application needed
Mbeya_Mjini,-8.959,33.392,5.7,336.0,1.92,58.49,Sandy Clay Loam,18.07,88.78,14.44,No Fertilizer,No application needed
Mbeya_Mjini,-8.97,33.452,5.8,360.0,1.73,71.5,Sandy Clay Loam,16.62,66.12,0.0,No Fertilizer,No application needed
Mbeya_Mjini,-8.893,33.404,5.7,374.0,2.2,35.86,Sandy Clay Loam,16.45,73.92,0.15,NPK,At planting time (basal application)
Mbeya_Mjini,-8.959,33.38,5.7,312.0,1.92,58.49,Sandy Clay Loam,19.2,87.19,12.39,No Fertilizer,No application needed
Mbeya_Mjini,-8.926,33.428,6.1,264.0,2.69,64.66,Sandy Loam,17.75,71.33,0.2,No Fertilizer,No application needed
Mbeya_Mjini,-8.882,33.416,5.7,440.0,2.2,32.43,Sandy Clay Loam,12.49,72.46,0.0,NPK,At planting time (basal application)
Mbeya_Mjini,-8.893,33.38,5.8,360.0,2.16,52.9,Sandy Clay Loam,17.6,86.2,2.84,No Fertilizer,No application needed
Mbeya_Mjini,-8.904,33.416,6.0,352.0,2.2,48.49,Sandy Clay Loam,19.35,68.06,0.0,No Fertilizer,No application needed
Mbeya_Mjini,-8.871,33.38,5.6,352.0,1.76,48.49,Sandy Clay Loam,13.45,75.77,0.0,No Fertilizer,No application needed
Mbeya_Mjini,-8.882,33.428,5.7,396.0,1.98,39.67,Clay Loam,16.8,73.82,0.99,NPK,At planting time (basal application)
Mbeya_Mjini,-8.97,33.416,5.9,336.0,1.92,71.5,Sandy Clay Loam,16.7,76.44,0.36,No Fertilizer,No application needed
Mbeya_Mjini,-8.871,33.452,5.6,462.0,1.98,29.33,Clay Loam,16.47,74.58,0.0,NPK,At planting time (basal application)
Mbeya_Mjini,-8.86,33.464,5.6,462.0,1.98,35.86,Clay Loam,19.77,60.97,0.0,NPK,At planting time (basal application)
Mbeya_Mjini,-8.97,33.488,5.9,352.0,1.98,65.54,Sandy Clay Loam,15.3,83.4,0.31,No Fertilizer,No application needed
Mbeya_Mjini,-8.915,33.476,6.6,264.0,2.4,64.66,Loam,19.96,73.45,2.15,No Fertilizer,No application needed
Mbeya_Mjini,-8.926,33.5,5.8,288.0,2.4,64.66,Loam,16.09,63.25,0.02,No Fertilizer,No application needed
Mbeya_Mjini,-8.882,33.392,5.8,396.0,1.76,43.85,Clay Loam,16.12,85.47,3.07,NPK,At planting time (basal application)
Mbeya_Mjini,-8.97,33.452,5.8,360.0,1.73,71.5,Sandy Clay Loam,18.8,77.5,0.44,No Fertilizer,No application needed
Mbeya_Mjini,-8.86,33.428,5.7,620.0,1.6,48.74,Sandy Clay Loam,18.75,60.62,0.0,No Fertilizer,No application needed
Mbeya_Mjini,-8.871,33.5,5.9,330.0,1.76,43.85,Sandy Clay Loam,17.24,84.83,1.19,NPK,At planting time (basal application)
Mbeya_Mjini,-8.882,33.5,5.9,288.0,2.69,58.49,Sandy Clay Loam,13.59,78.56,0.0,No Fertilizer,No application needed
Mbeya_Mjini,-8.97,33.404,5.8,312.0,1.92,71.5,Sandy Clay Loam,19.3,71.28,0.14,No Fertilizer,No application needed
Mbeya_Mjini,-8.86,33.404,5.8,484.0,1.98,48.49,Sandy Clay Loam,12.27,79.48,0.83,No Fertilizer,No application needed
Mbeya_Mjini,-8.97,33.38,5.9,286.0,2.34,51.82,Sandy Clay Loam,18.53,77.05,3.06,No Fertilizer,No application needed
Mbeya_Mjini,-8.915,33.452,6.5,288.0,3.0,64.66,Sandy Loam,14.68,79.71,0.0,No Fertilizer,No application needed
Mbeya_Mjini,-8.882,33.416,5.7,440.0,2.2,32.43,Sandy Clay Loam,16.86,87.83,5.37,NPK,At planting time (basal application)
Mbeya_Mjini,-8.893,33.38,5.8,360.0,2.16,52.9,Sandy Clay Loam,17.38,88.56,8.98,No Fertilizer,No application needed
Mbeya_Mjini,-8.86,33.38,5.7,396.0,1.98,53.61,Clay Loam,16.14,75.09,0.0,No Fertilizer,No application needed
Mbeya_Mjini,-8.959,33.38,5.7,312.0,1.92,58.49,Sandy Clay Loam,16.98,90.34,14.66,No Fertilizer,No application needed
Mbeya_Mjini,-8.893,33.44,6.1,312.0,2.69,58.49,Sandy Clay Loam,18.92,75.94,0.04,No Fertilizer,No application needed
Mbeya_Mjini,-8.926,33.452,5.8,312.0,2.16,64.66,Sandy Loam,15.31,75.1,0.0,No Fertilizer,No application needed
Mbeya_Mjini,-8.882,33.488,5.9,360.0,1.92,64.66,Sandy Clay Loam,15.88,84.33,0.0,No Fertilizer,No application needed
Mbeya_Mjini,-8.97,33.392,5.9,312.0,1.87,70.04,Sandy Clay Loam,12.31,78.76,0.03,No Fertilizer,No application needed
Mbeya_Mjini,-8.904,33.416,6.0,352.0,2.2,48.49,Sandy Clay Loam,14.51,72.6,0.0,No Fertilizer,No application needed
Mbeya_Mjini,-8.959,33.416,5.8,336.0,2.69,64.66,Sandy Clay Loam,13.46,85.13,1.1,No Fertilizer,No application needed
Mbeya_Mjini,-8.915,33.464,6.2,288.0,2.4,64.66,Sandy Loam,18.64,86.68,53.35,No Fertilizer,No application needed
Mbeya_Mjini,-8.86,33.428,5.7,620.0,1.6,48.74,Sandy Clay Loam,18.07,85.31,0.13,No Fertilizer,No application needed
Mbeya_Mjini,-8.97,33.452,5.8,360.0,1.73,71.5,Sandy Clay Loam,14.86,84.35,0.0,No Fertilizer,No application needed
Mbeya_Mjini,-8.959,33.404,5.8,384.0,1.73,58.49,Sandy Clay Loam,18.1,75.84,0.7,No Fertilizer,No application needed
Mbeya_Mjini,-8.86,33.38,5.7,396.0,1.98,53.61,Clay Loam,13.86,75.72,0.0,No Fertilizer,No application needed
Mbeya_Mjini,-8.959,33.392,5.7,336.0,1.92,58.49,Sandy Clay Loam,15.97,65.2,0.0,No Fertilizer,No application needed
Mbeya_Mjini,-8.882,33.416,5.7,440.0,2.2,32.43,Sandy Clay Loam,16.6,89.76,5.11,NPK,At planting time (basal application)
Mbeya_Mjini,-8.882,33.38,5.5,396.0,1.76,43.85,Sandy Clay Loam,19.65,66.61,0.0,NPK,At planting time (basal application)
Mbeya_Mjini,-8.893,33.44,6.1,312.0,2.69,58.49,Sandy Clay Loam,18.26,86.28,3.44,No Fertilizer,No application needed
Mbeya_Mjini,-8.871,33.38,5.6,352.0,1.76,48.49,Sandy Clay Loam,19.4,85.1,0.88,No Fertilizer,No application needed
Mbeya_Mjini,-8.893,33.404,5.7,374.0,2.2,35.86,Sandy Clay Loam,15.7,79.58,0.0,NPK,At planting time (basal application)
Mbeya_Mjini,-8.926,33.476,5.8,312.0,2.69,71.5,Loam,13.71,76.64,0.0,No Fertilizer,No application needed
Mbeya_Mjini,-8.904,33.416,6.0,352.0,2.2,48.49,Sandy Clay Loam,17.85,69.43,0.01,No Fertilizer,No application needed
Mbeya_Mjini,-8.97,33.416,5.9,336.0,1.92,71.5,Sandy Clay Loam,17.67,85.25,3.1,No Fertilizer,No application needed
Mbeya_Mjini,-8.871,33.38,5.6,352.0,1.76,48.49,Sandy Clay Loam,17.19,88.97,31.03,No Fertilizer,No application needed
Mbeya_Mjini,-8.871,33.428,5.8,484.0,2.2,53.61,Sandy Clay Loam,18.06,72.16,0.24,No Fertilizer,No application needed
Mbeya_Mjini,-8.97,33.5,6.1,330.0,1.76,65.54,Sandy Clay Loam,18.99,82.09,2.12,No Fertilizer,No application needed
Mbeya_Mjini,-8.893,33.392,5.8,330.0,1.98,48.49,Sandy Clay Loam,15.88,75.58,0.0,No Fertilizer,No application needed
Mbeya_Mjini,-8.86,33.404,5.8,484.0,1.98,48.49,Sandy Clay Loam,17.77,86.94,8.21,No Fertilizer,No application needed
Mbeya_Mjini,-8.97,33.38,5.9,286.0,2.34,51.82,Sandy Clay Loam,18.98,77.51,1.6,No Fertilizer,No application needed
Mbeya_Mjini,-8.97,33.416,5.9,336.0,1.92,71.5,Sandy Clay Loam,12.62,83.07,0.15,No Fertilizer,No application needed
Mbeya_Mjini,-8.904,33.38,6.0,288.0,2.16,58.49,Sandy Clay Loam,18.44,86.67,3.36,No Fertilizer,No application needed
Mbeya_Mjini,-8.904,33.428,5.8,408.0,1.92,43.27,Sandy Clay Loam,16.6,73.43,0.05,NPK,At planting time (basal application)
Mbeya_Mjini,-8.904,33.404,5.8,336.0,2.4,52.9,Sandy Clay Loam,17.02,89.81,21.82,No Fertilizer,No application needed
Mbeya_Mjini,-8.882,33.488,5.9,360.0,1.92,64.66,Sandy Clay Loam,18.0,75.58,6.38,No Fertilizer,No application needed
Mbeya_Mjini,-8.893,33.38,5.8,360.0,2.16,52.9,Sandy Clay Loam,18.21,63.19,0.0,No Fertilizer,No application needed
Mbeya_Mjini,-8.904,33.464,6.7,288.0,3.0,58.49,Loam,17.52,86.24,6.98,No Fertilizer,No application needed
Mbeya_Mjini,-8.926,33.476,5.8,312.0,2.69,71.5,Loam,13.87,77.94,0.07,No Fertilizer,No application needed
Mbeya_Mjini,-8.882,33.476,5.9,288.0,2.16,64.66,Sandy Clay Loam,18.26,78.47,0.12,No Fertilizer,No application needed
Mbeya_Mjini,-8.97,33.5,6.1,330.0,1.76,65.54,Sandy Clay Loam,15.34,82.88,0.09,No Fertilizer,No application needed
Mbeya_Mjini,-8.882,33.452,5.6,396.0,2.46,43.85,Sandy Clay Loam,19.34,74.66,0.09,NPK,At planting time (basal application)
Mbeya_Mjini,-8.926,33.464,5.9,264.0,2.4,64.66,Sandy Loam,14.31,83.03,0.48,No Fertilizer,No application needed
Mbeya_Mjini,-8.893,33.476,5.9,336.0,2.16,52.9,Loam,17.98,89.1,5.1,No Fertilizer,No application needed
Mbeya_Mjini,-8.904,33.416,6.0,352.0,2.2,48.49,Sandy Clay Loam,16.93,87.56,10.39,No Fertilizer,No application needed
Mbeya_Mjini,-8.86,33.452,5.6,572.0,1.76,39.67,Clay Loam,17.53,92.88,6.33,NPK,At planting time (basal application)
Mbeya_Mjini,-8.926,33.476,5.8,312.0,2.69,71.5,Loam,12.61,79.14,0.0,No Fertilizer,No application needed
Mbeya_Mjini,-8.893,33.476,5.9,336.0,2.16,52.9,Loam,17.54,86.77,2.35,No Fertilizer,No application needed
Mbeya_Mjini,-8.882,33.416,5.7,440.0,2.2,32.43,Sandy Clay Loam,16.14,75.09,0.0,NPK,At planting time (basal application)
Mbeya_Mjini,-8.904,33.392,5.9,312.0,2.6,57.3,Sandy Clay Loam,17.64,84.12,19.8,No Fertilizer,No application needed
Mbeya_Mjini,-8.86,33.416,5.7,540.0,2.0,44.08,Sandy Clay Loam,19.31,72.45,0.16,NPK,At planting time (basal application)
Mbeya_Mjini,-8.959,33.464,5.9,360.0,1.92,71.5,Sandy Clay Loam,14.84,64.42,0.0,No Fertilizer,No application needed
Mbeya_Mjini,-8.86,33.416,5.7,540.0,2.0,44.08,Sandy Clay Loam,17.24,89.9,8.15,NPK,At planting time (basal application)
Mbeya_Mjini,-8.893,33.452,5.8,360.0,2.4,52.9,Sandy Clay Loam,15.13,76.39,0.03,No Fertilizer,No application needed
Mbeya_Mjini,-8.926,33.452,5.8,312.0,2.16,64.66,Sandy Loam,18.05,85.01,0.94,No Fertilizer,No application needed
Mbeya_Mjini,-8.86,33.452,5.6,572.0,1.76,39.67,Clay Loam,17.7,84.46,6.15,NPK,At planting time (basal application)
Mbeya_Mjini,-8.904,33.488,5.9,336.0,2.16,58.49,Sandy Clay Loam,14.12,82.15,0.0,No Fertilizer,No application needed
Mbeya_Mjini,-8.893,33.416,5.8,374.0,1.76,39.67,Sandy Clay Loam,18.51,63.54,0.0,NPK,At planting time (basal application)
Mbeya_Mjini,-8.97,33.44,5.8,360.0,2.16,64.66,Sandy Clay Loam,14.62,80.38,0.0,No Fertilizer,No application needed
Mbeya_Mjini,-8.915,33.404,6.0,312.0,2.6,51.82,Loam,15.88,88.66,3.18,No Fertilizer,No application needed
Mbeya_Mjini,-8.904,33.404,5.8,336.0,2.4,52.9,Sandy Clay Loam,14.3,80.51,0.02,No Fertilizer,No application needed
Mbeya_Mjini,-8.97,33.464,5.9,330.0,1.76,72.45,Sandy Clay Loam,17.66,89.05,7.42,No Fertilizer,No application needed
Mbeya_Mjini,-8.871,33.428,5.8,484.0,2.2,53.61,Sandy Clay Loam,18.14,72.7,0.0,No Fertilizer,No application needed
Mbeya_Mjini,-8.893,33.488,5.9,286.0,2.08,63.36,Sandy Loam,19.3,83.34,11.8,No Fertilizer,No application needed
Mbeya_Mjini,-8.959,33.404,5.8,384.0,1.73,58.49,Sandy Clay Loam,19.96,68.3,0.0,No Fertilizer,No application needed
Mbeya_Mjini,-8.915,33.416,6.1,338.0,2.34,63.36,Sandy Clay Loam,18.95,75.93,1.38,No Fertilizer,No application needed
Mbeya_Mjini,-8.893,33.452,5.8,360.0,2.4,52.9,Sandy Clay Loam,18.82,76.93,0.01,No Fertilizer,No application needed
Mbeya_Mjini,-8.882,33.392,5.8,396.0,1.76,43.85,Clay Loam,16.98,94.55,6.11,NPK,At planting time (basal application)
Mbeya_Mjini,-8.915,33.38,6.0,312.0,2.6,57.3,Sandy Clay Loam,16.24,86.25,0.75,No Fertilizer,No application needed
Mbeya_Mjini,-8.904,33.464,6.7,288.0,3.0,58.49,Loam,19.21,84.27,30.12,No Fertilizer,No application needed
Mbeya_Mjini,-8.86,33.488,5.8,330.0,1.98,48.49,Clay Loam,21.64,65.0,0.99,No Fertilizer,No application needed
Mbeya_Mjini,-8.871,33.476,5.8,336.0,1.92,47.83,Clay Loam,17.95,86.36,0.03,No Fertilizer,No application needed
Mbeya_Mjini,-8.915,33.428,5.8,312.0,2.16,58.49,Sandy Clay Loam,17.54,70.87,0.0,No Fertilizer,No application needed
Mbeya_Mjini,-8.86,33.416,5.7,540.0,2.0,44.08,Sandy Clay Loam,18.43,79.71,9.43,NPK,At planting time (basal application)
Mbeya_Mjini,-8.904,33.5,5.9,312.0,2.16,64.66,Loam,16.61,86.06,0.49,No Fertilizer,No application needed
Mbeya_Mjini,-8.86,33.44,5.6,638.0,1.76,43.85,Sandy Clay Loam,18.68,67.21,0.0,NPK,At planting time (basal application)
Mbeya_Mjini,-8.882,33.488,5.9,360.0,1.92,64.66,Sandy Clay Loam,19.39,86.8,46.71,No Fertilizer,No application needed
Mbeya_Mjini,-8.882,33.38,5.5,396.0,1.76,43.85,Sandy Clay Loam,13.89,83.09,0.04,NPK,At planting time (basal application)
Mbeya_Mjini,-8.871,33.428,5.8,484.0,2.2,53.61,Sandy Clay Loam,12.88,77.97,0.02,No Fertilizer,No application needed
Mbeya_Mjini,-8.904,33.38,6.0,288.0,2.16,58.49,Sandy Clay Loam,16.41,90.92,11.12,No Fertilizer,No application needed
Mbeya_Mjini,-8.86,33.404,5.8,484.0,1.98,48.49,Sandy Clay Loam,16.96,89.37,37.57,No Fertilizer,No application needed
Mbeya_Mjini,-8.97,33.38,5.9,286.0,2.34,51.82,Sandy Clay Loam,16.49,84.49,7.93,No Fertilizer,No application needed
Mbeya_Mjini,-8.86,33.5,5.9,360.0,2.16,47.83,Clay Loam,17.79,90.18,22.4,No Fertilizer,No application needed
Mbeya_Mjini,-8.97,33.416,5.9,336.0,1.92,71.5,Sandy Clay Loam,17.05,93.57,2.87,No Fertilizer,No application needed
Mbeya_Mjini,-8.959,33.452,5.8,360.0,2.16,79.03,Clay Loam,17.35,86.48,1.99,No Fertilizer,No application needed
Mbeya_Mjini,-8.86,33.44,5.6,638.0,1.76,43.85,Sandy Clay Loam,16.73,89.14,8.31,NPK,At planting time (basal application)
Mbeya_Mjini,-8.904,33.452,5.9,288.0,2.69,58.49,Sandy Loam,20.01,67.39,0.56,No Fertilizer,No application needed
Mbeya_Mjini,-8.915,33.428,5.8,312.0,2.16,58.49,Sandy Clay Loam,14.49,84.57,0.08,No Fertilizer,No application needed
Mbeya_Mjini,-8.871,33.416,5.8,440.0,1.58,43.85,Sandy Clay Loam,14.18,72.83,0.0,NPK,At planting time (basal application)
Mbeya_Mjini,-8.893,33.5,5.8,288.0,2.4,58.49,Sandy Clay Loam,17.47,87.97,9.01,No Fertilizer,No application needed
Mbeya_Mjini,-8.871,33.44,5.6,520.0,2.0,36.06,Clay Loam,11.0,69.38,0.0,NPK,At planting time (basal application)
Mbeya_Mjini,-8.871,33.392,5.8,418.0,2.2,43.85,Clay Loam,15.66,86.54,0.18,NPK,At planting time (basal application)
Mbeya_Mjini,-8.893,33.38,5.8,360.0,2.16,52.9,Sandy Clay Loam,18.62,85.68,0.81,No Fertilizer,No application needed
Mbeya_Mjini,-8.871,33.488,5.8,384.0,1.92,52.9,Sandy Clay Loam,14.27,68.63,0.0,No Fertilizer,No application needed
Mbeya_Mjini,-8.893,33.38,5.8,360.0,2.16,52.9,Sandy Clay Loam,17.64,68.44,0.0,No Fertilizer,No application needed
Mbeya_Mjini,-8.86,33.428,5.7,620.0,1.6,48.74,Sandy Clay Loam,18.09,78.82,8.28,No Fertilizer,No application needed
Mbeya_Mjini,-8.926,33.44,5.9,360.0,2.16,71.5,Clay Loam,16.06,86.95,4.33,No Fertilizer,No application needed
Mbeya_Mjini,-8.882,33.44,5.5,418.0,1.98,39.67,Sandy Clay Loam,18.22,79.85,14.09,NPK,At planting time (basal application)
Mbeya_Mjini,-8.893,33.404,5.7,374.0,2.2,35.86,Sandy Clay Loam,12.79,80.43,0.02,NPK,At planting time (basal application)
Mbeya_Mjini,-8.904,33.416,6.0,352.0,2.2,48.49,Sandy Clay Loam,18.56,77.13,2.24,No Fertilizer,No application needed
Mbeya_Mjini,-8.86,33.404,5.8,484.0,1.98,48.49,Sandy Clay Loam,18.16,87.78,2.73,No Fertilizer,No application needed
Mbeya_Mjini,-8.97,33.392,5.9,312.0,1.87,70.04,Sandy Clay Loam,17.09,84.5,15.22,No Fertilizer,No application needed
Mbeya_Mjini,-8.893,33.452,5.8,360.0,2.4,52.9,Sandy Clay Loam,16.41,92.82,32.35,No Fertilizer,No application needed
Mbeya_Mjini,-8.86,33.44,5.6,638.0,1.76,43.85,Sandy Clay Loam,16.8,89.9,7.49,NPK,At planting time (basal application)
Mbeya_Mjini,-8.915,33.392,5.8,312.0,2.16,64.66,Sandy Clay Loam,16.38,77.59,0.16,No Fertilizer,No application needed
Mbeya_Mjini,-8.882,33.44,5.5,418.0,1.98,39.67,Sandy Clay Loam,15.81,85.1,0.01,NPK,At planting time (basal application)
Mbeya_Mjini,-8.86,33.464,5.6,462.0,1.98,35.86,Clay Loam,17.58,90.36,21.48,NPK,At planting time (basal application)
Mbeya_Mjini,-8.893,33.488,5.9,286.0,2.08,63.36,Sandy Loam,17.64,87.29,6.25,No Fertilizer,No application needed
Mbeya_Mjini,-8.97,33.464,5.9,330.0,1.76,72.45,Sandy Clay Loam,17.05,76.02,0.0,No Fertilizer,No application needed
Mbeya_Mjini,-8.882,33.416,5.7,440.0,2.2,32.43,Sandy Clay Loam,18.7,71.58,0.0,NPK,At planting time (basal application)
Mbeya_Mjini,-8.904,33.416,6.0,352.0,2.2,48.49,Sandy Clay Loam,14.63,81.3,0.0,No Fertilizer,No application needed
Mbeya_Mjini,-8.915,33.464,6.2,288.0,2.4,64.66,Sandy Loam,18.75,68.3,0.06,No Fertilizer,No application needed
Mbeya_Mjini,-8.926,33.476,5.8,312.0,2.69,71.5,Loam,18.12,82.99,2.39,No Fertilizer,No application needed
Mbeya_Mjini,-8.959,33.404,5.8,384.0,1.73,58.49,Sandy Clay Loam,17.49,84.22,8.84,No Fertilizer,No application needed
Mbeya_Mjini,-8.926,33.5,5.8,288.0,2.4,64.66,Loam,12.92,71.29,0.0,No Fertilizer,No application needed
Mbeya_Mjini,-8.97,33.428,5.9,336.0,2.4,71.5,Sandy Clay Loam,11.62,81.48,0.11,No Fertilizer,No application needed
Mbeya_Mjini,-8.915,33.476,6.6,264.0,2.4,64.66,Loam,19.36,67.69,0.16,No Fertilizer,No application needed
Mbeya_Mjini,-8.97,33.452,5.8,360.0,1.73,71.5,Sandy Clay Loam,15.83,80.59,0.0,No Fertilizer,No application needed
Mbeya_Mjini,-8.915,33.452,6.5,288.0,3.0,64.66,Sandy Loam,18.99,82.09,2.12,No Fertilizer,No application needed
Mbeya_Mjini,-8.882,33.44,5.5,418.0,1.98,39.67,Sandy Clay Loam,17.29,89.91,45.71,NPK,At planting time (basal application)
Mbeya_Mjini,-8.97,33.476,6.0,374.0,1.98,72.45,Sandy Clay Loam,17.02,89.09,7.91,No Fertilizer,No application needed
Mbeya_Mjini,-8.959,33.44,5.7,360.0,2.69,64.66,Sandy Clay Loam,11.82,82.95,5.48,No Fertilizer,No application needed
Mbeya_Mjini,-8.97,33.392,5.9,312.0,1.87,70.04,Sandy Clay Loam,14.29,76.43,0.0,No Fertilizer,No application needed
Mbeya_Mjini,-8.86,33.5,5.9,360.0,2.16,47.83,Clay Loam,15.61,82.99,0.36,No Fertilizer,No application needed
Mbeya_Mjini,-8.871,33.452,5.6,462.0,1.98,29.33,Clay Loam,14.35,81.6,0.01,NPK,At planting time (basal application)
Mbeya_Mjini,-8.882,33.416,5.7,440.0,2.2,32.43,Sandy Clay Loam,16.28,91.25,0.85,NPK,At planting time (basal application)
Mbeya_Mjini,-8.915,33.428,5.8,312.0,2.16,58.49,Sandy Clay Loam,13.47,79.45,0.08,No Fertilizer,No application needed
Mbeya_Mjini,-8.97,33.44,5.8,360.0,2.16,64.66,Sandy Clay Loam,15.42,87.56,13.23,No Fertilizer,No application needed
Mbeya_Mjini,-8.882,33.38,5.5,396.0,1.76,43.85,Sandy Clay Loam,15.68,75.08,0.0,NPK,At planting time (basal application)
Mbeya_Mjini,-8.926,33.488,5.9,288.0,2.16,71.5,Loam,16.08,83.88,1.31,No Fertilizer,No application needed
Mbeya_Mjini,-8.882,33.38,5.5,396.0,1.76,43.85,Sandy Clay Loam,19.04,77.52,1.49,NPK,At planting time (basal application)
Mbeya_Mjini,-8.893,33.488,5.9,286.0,2.08,63.36,Sandy Loam,14.15,84.32,0.29,No Fertilizer,No application needed
Mbeya_Mjini,-8.97,33.476,6.0,374.0,1.98,72.45,Sandy Clay Loam,18.55,74.39,1.76,No Fertilizer,No application needed
Mbeya_Mjini,-8.926,33.5,5.8,288.0,2.4,64.66,Loam,12.72,81.3,0.0,No Fertilizer,No application needed
Mbeya_Mjini,-8.871,33.38,5.6,352.0,1.76,48.49,Sandy Clay Loam,18.78,67.11,0.0,No Fertilizer,No application needed
Mbeya_Mjini,-8.959,33.38,5.7,312.0,1.92,58.49,Sandy Clay Loam,18.58,90.43,3.66,No Fertilizer,No application needed
Mbeya_Mjini,-8.97,33.476,6.0,374.0,1.98,72.45,Sandy Clay Loam,17.16,78.25,0.0,No Fertilizer,No application needed
Mbeya_Mjini,-8.893,33.404,5.7,374.0,2.2,35.86,Sandy Clay Loam,18.08,87.4,11.75,NPK,At planting time (basal application)
Mbeya_Mjini,-8.959,33.404,5.8,384.0,1.73,58.49,Sandy Clay Loam,12.7,81.69,0.0,No Fertilizer,No application needed
Mbeya_Mjini,-8.86,33.5,5.9,360.0,2.16,47.83,Clay Loam,15.73,82.57,0.05,No Fertilizer,No application needed
Mbeya_Mjini,-8.871,33.392,5.8,418.0,2.2,43.85,Clay Loam,17.58,71.73,0.0,NPK,At planting time (basal application)
Mbeya_Mjini,-8.97,33.392,5.9,312.0,1.87,70.04,Sandy Clay Loam,20.42,66.79,0.0,No Fertilizer,No application needed
Mbeya_Mjini,-8.915,33.392,5.8,312.0,2.16,64.66,Sandy Clay Loam,17.15,86.95,5.02,No Fertilizer,No application needed
Mbeya_Mjini,-8.959,33.38,5.7,312.0,1.92,58.49,Sandy Clay Loam,16.87,85.64,5.26,No Fertilizer,No application needed
Mbeya_Mjini,-8.926,33.488,5.9,288.0,2.16,71.5,Loam,17.74,91.46,17.73,No Fertilizer,No application needed
Mbeya_Mjini,-8.915,33.428,5.8,312.0,2.16,58.49,Sandy Clay Loam,15.15,82.58,0.0,No Fertilizer,No application needed
Mbeya_Mjini,-8.915,33.416,6.1,338.0,2.34,63.36,Sandy Clay Loam,13.98,82.54,0.1,No Fertilizer,No application needed
Mbeya_Mjini,-8.904,33.416,6.0,352.0,2.2,48.49,Sandy Clay Loam,20.74,64.54,0.3,No Fertilizer,No application needed
Mbeya_Mjini,-8.86,33.428,5.7,620.0,1.6,48.74,Sandy Clay Loam,17.44,85.11,3.49,No Fertilizer,No application needed
Mbeya_Mjini,-8.97,33.38,5.9,286.0,2.34,51.82,Sandy Clay Loam,18.91,86.67,4.03,No Fertilizer,No application needed
Mbeya_Mjini,-8.86,33.5,5.9,360.0,2.16,47.83,Clay Loam,17.88,73.92,0.25,No Fertilizer,No application needed
Mbeya_Mjini,-8.86,33.38,5.7,396.0,1.98,53.61,Clay Loam,18.23,63.44,0.0,No Fertilizer,No application needed
Mbeya_Mjini,-8.882,33.452,5.6,396.0,2.46,43.85,Sandy Clay Loam,17.37,63.65,0.0,NPK,At planting time (basal application)
Mbeya_Mjini,-8.893,33.416,5.8,374.0,1.76,39.67,Sandy Clay Loam,16.93,89.26,1.08,NPK,At planting time (basal application)
Mbeya_Mjini,-8.893,33.416,5.8,374.0,1.76,39.67,Sandy Clay Loam,16.6,73.63,0.0,NPK,At planting time (basal application)
Mbeya_Mjini,-8.904,33.428,5.8,408.0,1.92,43.27,Sandy Clay Loam,16.84,89.42,4.4,NPK,At planting time (basal application)
Mbeya_Mjini,-8.893,33.404,5.7,374.0,2.2,35.86,Sandy Clay Loam,18.68,67.96,0.0,NPK,At planting time (basal application)
Mbeya_Mjini,-8.882,33.5,5.9,288.0,2.69,58.49,Sandy Clay Loam,16.69,86.13,6.77,No Fertilizer,No application needed
Mbeya_Mjini,-8.904,33.452,5.9,288.0,2.69,58.49,Sandy Loam,18.29,84.09,0.11,No Fertilizer,No application needed
Mbeya_Mjini,-8.904,33.5,5.9,312.0,2.16,64.66,Loam,18.46,85.04,16.1,No Fertilizer,No application needed
Mbeya_Mjini,-8.871,33.476,5.8,336.0,1.92,47.83,Clay Loam,15.49,83.39,0.0,No Fertilizer,No application needed
Mbeya_Mjini,-8.882,33.44,5.5,418.0,1.98,39.67,Sandy Clay Loam,17.5,92.27,8.17,NPK,At planting time (basal application)
Mbeya_Mjini,-8.97,33.428,5.9,336.0,2.4,71.5,Sandy Clay Loam,11.7,82.29,0.06,No Fertilizer,No application needed
Mbeya_Mjini,-8.915,33.488,6.4,264.0,2.69,58.49,Loam,12.65,75.33,0.0,No Fertilizer,No application needed
Mbeya_Mjini,-8.871,33.38,5.6,352.0,1.76,48.49,Sandy Clay Loam,19.54,67.22,0.0,No Fertilizer,No application needed
Mbeya_Mjini,-8.904,33.464,6.7,288.0,3.0,58.49,Loam,19.78,72.69,0.17,No Fertilizer,No application needed
Mbeya_Mjini,-8.882,33.44,5.5,418.0,1.98,39.67,Sandy Clay Loam,18.49,82.41,1.62,NPK,At planting time (basal application)
Mbeya_Mjini,-8.893,33.476,5.9,336.0,2.16,52.9,Loam,15.34,83.15,0.0,No Fertilizer,No application needed
Mbeya_Mjini,-8.871,33.404,5.7,400.0,2.0,44.08,Sandy Clay Loam,17.11,67.11,0.0,NPK,At planting time (basal application)
Mbeya_Mjini,-8.882,33.464,5.8,360.0,2.16,52.9,Sandy Clay Loam,17.64,87.92,43.56,No Fertilizer,No application needed
Mbeya_Mjini,-8.926,33.5,5.8,288.0,2.4,64.66,Loam,13.39,77.59,0.0,No Fertilizer,No application needed
Mbeya_Mjini,-8.915,33.452,6.5,288.0,3.0,64.66,Sandy Loam,18.25,79.21,3.69,No Fertilizer,No application needed
Mbeya_Mjini,-8.926,33.5,5.8,288.0,2.4,64.66,Loam,17.7,84.46,6.15,No Fertilizer,No application needed
Mbeya_Mjini,-8.915,33.464,6.2,288.0,2.4,64.66,Sandy Loam,18.37,85.62,6.04,No Fertilizer,No application needed
Mbeya_Mjini,-8.97,33.404,5.8,312.0,1.92,71.5,Sandy Clay Loam,17.12,88.66,20.99,No Fertilizer,No application needed
Mbeya_Mjini,-8.871,33.488,5.8,384.0,1.92,52.9,Sandy Clay Loam,19.16,64.86,0.12,No Fertilizer,No application needed
Mbeya_Mjini,-8.904,33.488,5.9,336.0,2.16,58.49,Sandy Clay Loam,13.16,82.49,12.3,No Fertilizer,No application needed
Mbeya_Mjini,-8.959,33.416,5.8,336.0,2.69,64.66,Sandy Clay Loam,13.01,79.73,0.04,No Fertilizer,No application needed
Mbeya_Mjini,-8.871,33.488,5.8,384.0,1.92,52.9,Sandy Clay Loam,13.36,71.93,0.0,No Fertilizer,No application needed
Mbeya_Mjini,-8.915,33.488,6.4,264.0,2.69,58.49,Loam,18.62,88.38,49.07,No Fertilizer,No application needed
Mbeya_Mjini,-8.882,33.404,5.8,308.0,1.58,48.49,Clay Loam,12.0,79.04,0.0,No Fertilizer,No application needed
Mbeya_Mjini,-8.97,33.404,5.8,312.0,1.92,71.5,Sandy Clay Loam,18.81,75.53,1.71,No Fertilizer,No application needed
Mbeya_Mjini,-8.893,33.44,6.1,312.0,2.69,58.49,Sandy Clay Loam,19.04,74.98,1.28,No Fertilizer,No application needed
Mbeya_Mjini,-8.97,33.38,5.9,286.0,2.34,51.82,Sandy Clay Loam,14.78,83.02,0.0,No Fertilizer,No application needed
Mbeya_Mjini,-8.86,33.464,5.6,462.0,1.98,35.86,Clay Loam,17.97,82.15,0.97,NPK,At planting time (basal application)
Mbeya_Mjini,-8.871,33.44,5.6,520.0,2.0,36.06,Clay Loam,17.26,88.54,4.35,NPK,At planting time (basal application)
Mbeya_Mjini,-8.926,33.5,5.8,288.0,2.4,64.66,Loam,18.56,87.47,21.54,No Fertilizer,No application needed
Mbeya_Mjini,-8.97,33.464,5.9,330.0,1.76,72.45,Sandy Clay Loam,18.11,87.4,15.37,No Fertilizer,No application needed
Mbeya_Mjini,-8.86,33.488,5.8,330.0,1.98,48.49,Clay Loam,14.87,76.81,0.0,No Fertilizer,No application needed
Mbeya_Mjini,-8.959,33.38,5.7,312.0,1.92,58.49,Sandy Clay Loam,17.36,76.43,3.5,No Fertilizer,No application needed
Mbeya_Mjini,-8.97,33.44,5.8,360.0,2.16,64.66,Sandy Clay Loam,16.8,73.82,0.99,No Fertilizer,No application needed
Mbeya_Mjini,-8.86,33.452,5.6,572.0,1.76,39.67,Clay Loam,17.25,87.12,5.82,NPK,At planting time (basal application)
Mbeya_Mjini,-8.959,33.44,5.7,360.0,2.69,64.66,Sandy Clay Loam,14.96,83.26,0.18,No Fertilizer,No application needed
Mbeya_Mjini,-8.86,33.392,5.7,418.0,2.2,43.85,Sandy Clay Loam,18.69,79.52,1.12,NPK,At planting time (basal application)
Mbeya_Mjini,-8.86,33.44,5.6,638.0,1.76,43.85,Sandy Clay Loam,14.41,75.07,0.0,NPK,At planting time (basal application)
Mbeya_Mjini,-8.871,33.392,5.8,418.0,2.2,43.85,Clay Loam,19.34,83.1,12.03,NPK,At planting time (basal application)
Mbeya_Mjini,-8.959,33.428,5.8,336.0,1.73,64.66,Sandy Clay Loam,13.27,79.22,0.0,No Fertilizer,No application needed
Mbeya_Mjini,-8.904,33.392,5.9,312.0,2.6,57.3,Sandy Clay Loam,18.27,78.48,0.34,No Fertilizer,No application needed
Mbeya_Mjini,-8.904,33.404,5.8,336.0,2.4,52.9,Sandy Clay Loam,15.88,92.96,7.1,No Fertilizer,No application needed
Mbeya_Mjini,-8.893,33.476,5.9,336.0,2.16,52.9,Loam,17.65,75.56,0.0,No Fertilizer,No application needed
Mbeya_Mjini,-8.915,33.452,6.5,288.0,3.0,64.66,Sandy Loam,18.92,71.1,0.0,No Fertilizer,No application needed
Mbeya_Mjini,-8.915,33.38,6.0,312.0,2.6,57.3,Sandy Clay Loam,13.52,83.01,0.0,No Fertilizer,No application needed
Mbeya_Mjini,-8.97,33.392,5.9,312.0,1.87,70.04,Sandy Clay Loam,19.3,73.95,1.13,No Fertilizer,No application needed
Mbeya_Mjini,-8.871,33.38,5.6,352.0,1.76,48.49,Sandy Clay Loam,19.08,73.11,0.11,No Fertilizer,No application needed
Mbeya_Mjini,-8.915,33.488,6.4,264.0,2.69,58.49,Loam,14.31,82.48,0.02,No Fertilizer,No application needed
Mbeya_Mjini,-8.871,33.476,5.8,336.0,1.92,47.83,Clay Loam,19.06,78.34,21.32,No Fertilizer,No application needed
Mbeya_Mjini,-8.959,33.428,5.8,336.0,1.73,64.66,Sandy Clay Loam,16.32,76.95,0.27,No Fertilizer,No application needed
Mbeya_Mjini,-8.893,33.416,5.8,374.0,1.76,39.67,Sandy Clay Loam,14.78,79.69,0.57,NPK,At planting time (basal application)
Mbeya_Mjini,-8.893,33.464,6.1,240.0,2.16,58.49,Sandy Loam,13.77,84.82,0.6,Urea,2-3 weeks after planting (top dressing)
Mbeya_Mjini,-8.97,33.452,5.8,360.0,1.73,71.5,Sandy Clay Loam,15.33,91.27,0.5,No Fertilizer,No application needed
Mbeya_Mjini,-8.86,33.392,5.7,418.0,2.2,43.85,Sandy Clay Loam,15.03,83.68,0.14,NPK,At planting time (basal application)
Mbeya_Mjini,-8.959,33.416,5.8,336.0,2.69,64.66,Sandy Clay Loam,13.71,83.0,0.0,No Fertilizer,No application needed
Mbeya_Mjini,-8.926,33.488,5.9,288.0,2.16,71.5,Loam,18.27,82.5,22.08,No Fertilizer,No application needed
Mbeya_Mjini,-8.882,33.38,5.5,396.0,1.76,43.85,Sandy Clay Loam,12.14,82.93,0.05,NPK,At planting time (basal application)
Mbeya_Mjini,-8.959,33.428,5.8,336.0,1.73,64.66,Sandy Clay Loam,15.65,82.7,0.03,No Fertilizer,No application needed
Mbeya_Mjini,-8.926,33.5,5.8,288.0,2.4,64.66,Loam,15.04,71.32,0.0,No Fertilizer,No application needed
Mbeya_Mjini,-8.97,33.464,5.9,330.0,1.76,72.45,Sandy Clay Loam,20.05,76.48,0.61,No Fertilizer,No application needed
Mbeya_Mjini,-8.893,33.38,5.8,360.0,2.16,52.9,Sandy Clay Loam,14.19,78.74,0.0,No Fertilizer,No application needed
Mbeya_Mjini,-8.915,33.38,6.0,312.0,2.6,57.3,Sandy Clay Loam,12.09,79.37,0.05,No Fertilizer,No application needed
Mbeya_Mjini,-8.871,33.476,5.8,336.0,1.92,47.83,Clay Loam,15.49,83.45,14.12,No Fertilizer,No application needed
Mbeya_Mjini,-8.959,33.464,5.9,360.0,1.92,71.5,Sandy Clay Loam,19.78,71.73,0.1,No Fertilizer,No application needed
Mbeya_Mjini,-8.926,33.428,6.1,264.0,2.69,64.66,Sandy Loam,18.93,87.35,3.19,No Fertilizer,No application needed
Mbeya_Mjini,-8.882,33.392,5.8,396.0,1.76,43.85,Clay Loam,13.33,77.55,0.0,NPK,At planting time (basal application)
Mbeya_Mjini,-8.882,33.476,5.9,288.0,2.16,64.66,Sandy Clay Loam,15.29,83.92,0.02,No Fertilizer,No application needed
Mbeya_Mjini,-8.904,33.5,5.9,312.0,2.16,64.66,Loam,14.25,84.85,0.0,No Fertilizer,No application needed
Mbeya_Mjini,-8.926,33.476,5.8,312.0,2.69,71.5,Loam,17.81,83.59,9.71,No Fertilizer,No application needed
Mbeya_Mjini,-8.86,33.404,5.8,484.0,1.98,48.49,Sandy Clay Loam,18.16,87.78,2.73,No Fertilizer,No application needed
Mbeya_Mjini,-8.871,33.476,5.8,336.0,1.92,47.83,Clay Loam,14.41,79.53,0.0,No Fertilizer,No application needed
Mbeya_Mjini,-8.893,33.38,5.8,360.0,2.16,52.9,Sandy Clay Loam,16.32,94.76,6.57,No Fertilizer,No application needed
Mbeya_Mjini,-8.86,33.428,5.7,620.0,1.6,48.74,Sandy Clay Loam,13.77,80.67,0.02,No Fertilizer,No application needed
Mbeya_Mjini,-8.86,33.416,5.7,540.0,2.0,44.08,Sandy Clay Loam,15.65,87.82,9.47,NPK,At planting time (basal application)
Mbeya_Mjini,-8.904,33.44,6.2,312.0,2.6,57.3,Loam,17.5,76.54,0.06,No Fertilizer,No application needed
Mbeya_Mjini,-8.97,33.5,6.1,330.0,1.76,65.54,Sandy Clay Loam,16.39,90.12,9.78,No Fertilizer,No application needed
Mbeya_Mjini,-8.959,33.416,5.8,336.0,2.69,64.66,Sandy Clay Loam,18.45,87.31,2.16,No Fertilizer,No application needed
Mbeya_Mjini,-8.893,33.392,5.8,330.0,1.98,48.49,Sandy Clay Loam,15.26,78.98,0.03,No Fertilizer,No application needed
Mbeya_Mjini,-8.871,33.488,5.8,384.0,1.92,52.9,Sandy Clay Loam,17.53,72.84,0.0,No Fertilizer,No application needed
Mbeya_Mjini,-8.871,33.416,5.8,440.0,1.58,43.85,Sandy Clay Loam,17.31,86.56,3.42,NPK,At planting time (basal application)
Mbeya_Mjini,-8.915,33.452,6.5,288.0,3.0,64.66,Sandy Loam,19.0,71.62,0.67,No Fertilizer,No application needed
Mbeya_Mjini,-8.882,33.416,5.7,440.0,2.2,32.43,Sandy Clay Loam,14.27,68.36,0.0,NPK,At planting time (basal application)
Mbeya_Mjini,-8.926,33.428,6.1,264.0,2.69,64.66,Sandy Loam,15.68,75.08,0.0,No Fertilizer,No application needed
Mbeya_Mjini,-8.893,33.464,6.1,240.0,2.16,58.49,Sandy Loam,17.33,91.78,12.74,Urea,2-3 weeks after planting (top dressing)
Mbeya_Mjini,-8.959,33.44,5.7,360.0,2.69,64.66,Sandy Clay Loam,17.26,88.72,2.83,No Fertilizer,No application needed
Mbeya_Mjini,-8.97,33.38,5.9,286.0,2.34,51.82,Sandy Clay Loam,16.14,79.33,1.08,No Fertilizer,No application needed
Mbeya_Mjini,-8.86,33.464,5.6,462.0,1.98,35.86,Clay Loam,18.65,87.93,8.95,NPK,At planting time (basal application)
Mbeya_Mjini,-8.97,33.38,5.9,286.0,2.34,51.82,Sandy Clay Loam,19.28,78.15,0.01,No Fertilizer,No application needed
Mbeya_Mjini,-8.882,33.452,5.6,396.0,2.46,43.85,Sandy Clay Loam,13.98,82.54,0.1,NPK,At planting time (basal application)
Mbeya_Mjini,-8.86,33.404,5.8,484.0,1.98,48.49,Sandy Clay Loam,15.28,83.0,0.21,No Fertilizer,No application needed
Mbeya_Mjini,-8.893,33.452,5.8,360.0,2.4,52.9,Sandy Clay Loam,16.74,89.19,9.51,No Fertilizer,No application needed
Mbeya_Mjini,-8.959,33.404,5.8,384.0,1.73,58.49,Sandy Clay Loam,15.37,85.01,0.39,No Fertilizer,No application needed
Mbeya_Mjini,-8.904,33.392,5.9,312.0,2.6,57.3,Sandy Clay Loam,11.85,78.9,0.02,No Fertilizer,No application needed
Mbeya_Mjini,-8.871,33.488,5.8,384.0,1.92,52.9,Sandy Clay Loam,16.35,92.17,39.84,No Fertilizer,No application needed
Mbeya_Mjini,-8.86,33.38,5.7,396.0,1.98,53.61,Clay Loam,18.98,70.68,0.12,No Fertilizer,No application needed
Mbeya_Mjini,-8.904,33.416,6.0,352.0,2.2,48.49,Sandy Clay Loam,14.18,82.49,0.0,No Fertilizer,No application needed
Mbeya_Mjini,-8.97,33.476,6.0,374.0,1.98,72.45,Sandy Clay Loam,19.4,82.15,0.67,No Fertilizer,No application needed
Mbeya_Mjini,-8.86,33.452,5.6,572.0,1.76,39.67,Clay Loam,14.02,80.17,0.04,NPK,At planting time (basal application)
Mbeya_Mjini,-8.915,33.404,6.0,312.0,2.6,51.82,Loam,17.09,86.57,7.43,No Fertilizer,No application needed
Mbeya_Mjini,-8.97,33.404,5.8,312.0,1.92,71.5,Sandy Clay Loam,16.17,74.94,1.39,No Fertilizer,No application needed
Mbeya_Mjini,-8.97,33.476,6.0,374.0,1.98,72.45,Sandy Clay Loam,17.64,61.63,0.0,No Fertilizer,No application needed
Mbeya_Mjini,-8.871,33.404,5.7,400.0,2.0,44.08,Sandy Clay Loam,15.16,81.36,0.0,NPK,At planting time (basal application)
Mbeya_Mjini,-8.882,33.5,5.9,288.0,2.69,58.49,Sandy Clay Loam,16.08,92.03,60.81,No Fertilizer,No application needed
Mbeya_Mjini,-8.915,33.392,5.8,312.0,2.16,64.66,Sandy Clay Loam,14.09,73.81,0.0,No Fertilizer,No application needed
Mbeya_Mjini,-8.893,33.488,5.9,286.0,2.08,63.36,Sandy Loam,19.34,74.55,10.81,No Fertilizer,No application needed
Mbeya_Mjini,-8.915,33.476,6.6,264.0,2.4,64.66,Loam,18.36,90.46,23.78,No Fertilizer,No application needed
Mbeya_Mjini,-8.86,33.392,5.7,418.0,2.2,43.85,Sandy Clay Loam,18.58,83.77,2.41,NPK,At planting time (basal application)
Mbeya_Mjini,-8.926,33.428,6.1,264.0,2.69,64.66,Sandy Loam,18.28,78.02,1.3,No Fertilizer,No application needed
Mbeya_Mjini,-8.97,33.5,6.1,330.0,1.76,65.54,Sandy Clay Loam,19.21,84.27,30.12,No Fertilizer,No application needed
Mbeya_Mjini,-8.86,33.464,5.6,462.0,1.98,35.86,Clay Loam,17.88,82.37,12.51,NPK,At planting time (basal application)
Mbeya_Mjini,-8.97,33.476,6.0,374.0,1.98,72.45,Sandy Clay Loam,17.42,87.5,24.15,No Fertilizer,No application needed
Mbeya_Mjini,-8.915,33.38,6.0,312.0,2.6,57.3,Sandy Clay Loam,12.94,76.97,0.0,No Fertilizer,No application needed
Mbeya_Mjini,-8.86,33.44,5.6,638.0,1.76,43.85,Sandy Clay Loam,18.12,67.09,0.06,NPK,At planting time (basal application)
Mbeya_Mjini,-8.97,33.488,5.9,352.0,1.98,65.54,Sandy Clay Loam,16.36,72.43,0.11,No Fertilizer,No application needed
Mbeya_Mjini,-8.86,33.44,5.6,638.0,1.76,43.85,Sandy Clay Loam,15.05,82.54,3.62,NPK,At planting time (basal application)
Mbeya_Mjini,-8.871,33.452,5.6,462.0,1.98,29.33,Clay Loam,14.59,79.0,0.04,NPK,At planting time (basal application)
Mbeya_Mjini,-8.86,33.38,5.7,396.0,1.98,53.61,Clay Loam,13.87,80.88,0.0,No Fertilizer,No application needed
Mbeya_Mjini,-8.893,33.452,5.8,360.0,2.4,52.9,Sandy Clay Loam,14.93,78.9,0.01,No Fertilizer,No application needed
Mbeya_Mjini,-8.915,33.416,6.1,338.0,2.34,63.36,Sandy Clay Loam,12.35,81.14,0.0,No Fertilizer,No application needed
Mbeya_Mjini,-8.926,33.476,5.8,312.0,2.69,71.5,Loam,15.86,83.53,0.32,No Fertilizer,No application needed
Mbeya_Mjini,-8.904,33.476,6.1,312.0,2.4,52.9,Loam,12.28,80.11,0.03,No Fertilizer,No application needed
Mbeya_Mjini,-8.97,33.404,5.8,312.0,1.92,71.5,Sandy Clay Loam,17.38,66.99,0.0,No Fertilizer,No application needed
Mbeya_Mjini,-8.97,33.392,5.9,312.0,1.87,70.04,Sandy Clay Loam,11.38,85.77,0.75,No Fertilizer,No application needed
Mbeya_Mjini,-8.926,33.452,5.8,312.0,2.16,64.66,Sandy Loam,11.86,76.36,0.0,No Fertilizer,No application needed
Mbeya_Mjini,-8.904,33.38,6.0,288.0,2.16,58.49,Sandy Clay Loam,18.0,90.28,22.96,No Fertilizer,No application needed
Mbeya_Mjini,-8.959,33.464,5.9,360.0,1.92,71.5,Sandy Clay Loam,17.11,88.01,3.7,No Fertilizer,No application needed
Mbeya_Mjini,-8.97,33.428,5.9,336.0,2.4,71.5,Sandy Clay Loam,17.8,89.16,16.31,No Fertilizer,No application needed
Mbeya_Mjini,-8.882,33.5,5.9,288.0,2.69,58.49,Sandy Clay Loam,17.54,86.77,2.35,No Fertilizer,No application needed
Mbeya_Mjini,-8.97,33.488,5.9,352.0,1.98,65.54,Sandy Clay Loam,15.7,78.33,0.0,No Fertilizer,No application needed
Mbeya_Mjini,-8.871,33.464,5.9,308.0,1.76,53.61,Clay Loam,17.22,70.73,0.0,No Fertilizer,No application needed
Mbeya_Mjini,-8.882,33.428,5.7,396.0,1.98,39.67,Clay Loam,14.83,72.7,0.0,NPK,At planting time (basal application)
Mbeya_Mjini,-8.882,33.416,5.7,440.0,2.2,32.43,Sandy Clay Loam,18.83,70.01,0.02,NPK,At planting time (basal application)
Mbeya_Mjini,-8.926,33.464,5.9,264.0,2.4,64.66,Sandy Loam,17.12,68.79,0.01,No Fertilizer,No application needed
Mbeya_Mjini,-8.915,33.5,5.9,288.0,2.4,71.5,Loam,11.78,86.68,8.73,No Fertilizer,No application needed
Mbeya_Mjini,-8.893,33.38,5.8,360.0,2.16,52.9,Sandy Clay Loam,16.94,89.34,6.83,No Fertilizer,No application needed
Mbeya_Mjini,-8.915,33.452,6.5,288.0,3.0,64.66,Sandy Loam,18.21,73.47,0.55,No Fertilizer,No application needed
Mbeya_Mjini,-8.97,33.392,5.9,312.0,1.87,70.04,Sandy Clay Loam,17.67,85.25,3.1,No Fertilizer,No application needed
Mbeya_Mjini,-8.86,33.5,5.9,360.0,2.16,47.83,Clay Loam,15.47,65.55,0.0,No Fertilizer,No application needed
Mbeya_Mjini,-8.871,33.44,5.6,520.0,2.0,36.06,Clay Loam,16.93,89.95,10.84,NPK,At planting time (basal application)
Mbeya_Mjini,-8.926,33.44,5.9,360.0,2.16,71.5,Clay Loam,16.03,86.25,2.39,No Fertilizer,No application needed
Mbeya_Mjini,-8.86,33.5,5.9,360.0,2.16,47.83,Clay Loam,13.19,81.81,0.15,No Fertilizer,No application needed
Mbeya_Mjini,-8.904,33.44,6.2,312.0,2.6,57.3,Loam,18.94,82.01,2.01,No Fertilizer,No application needed
Mbeya_Mjini,-8.882,33.404,5.8,308.0,1.58,48.49,Clay Loam,14.03,78.49,0.0,No Fertilizer,No application needed
Mbeya_Mjini,-8.86,33.464,5.6,462.0,1.98,35.86,Clay Loam,17.74,86.43,9.74,NPK,At planting time (basal application)
Mbeya_Mjini,-8.882,33.452,5.6,396.0,2.46,43.85,Sandy Clay Loam,18.5,81.46,3.77,NPK,At planting time (basal application)
Mbeya_Mjini,-8.915,33.404,6.0,312.0,2.6,51.82,Loam,19.45,72.73,0.08,No Fertilizer,No application needed
Mbeya_Mjini,-8.882,33.464,5.8,360.0,2.16,52.9,Sandy Clay Loam,17.81,88.56,1.23,No Fertilizer,No application needed
Mbeya_Mjini,-8.97,33.488,5.9,352.0,1.98,65.54,Sandy Clay Loam,16.78,70.29,0.0,No Fertilizer,No application needed
Mbeya_Mjini,-8.86,33.404,5.8,484.0,1.98,48.49,Sandy Clay Loam,18.15,87.98,43.47,No Fertilizer,No application needed
Mbeya_Mjini,-8.904,33.5,5.9,312.0,2.16,64.66,Loam,18.25,77.98,1.65,No Fertilizer,No application needed
Mbeya_Mjini,-8.904,33.428,5.8,408.0,1.92,43.27,Sandy Clay Loam,13.72,81.17,0.01,NPK,At planting time (basal application)
Mbeya_Mjini,-8.959,33.392,5.7,336.0,1.92,58.49,Sandy Clay Loam,17.79,89.51,3.64,No Fertilizer,No application needed
Mbeya_Mjini,-8.882,33.452,5.6,396.0,2.46,43.85,Sandy Clay Loam,18.32,84.77,4.68,NPK,At planting time (basal application)
Mbeya_Mjini,-8.97,33.476,6.0,374.0,1.98,72.45,Sandy Clay Loam,14.04,83.32,34.7,No Fertilizer,No application needed
Mbeya_Mjini,-8.871,33.5,5.9,330.0,1.76,43.85,Sandy Clay Loam,18.14,67.47,0.0,NPK,At planting time (basal application)
Mbeya_Mjini,-8.904,33.464,6.7,288.0,3.0,58.49,Loam,16.76,86.49,8.74,No Fertilizer,No application needed
Mbeya_Mjini,-8.915,33.404,6.0,312.0,2.6,51.82,Loam,17.66,88.56,3.34,No Fertilizer,No application needed
Mbeya_Mjini,-8.893,33.5,5.8,288.0,2.4,58.49,Sandy Clay Loam,18.0,73.31,0.06,No Fertilizer,No application needed
Mbeya_Mjini,-8.904,33.476,6.1,312.0,2.4,52.9,Loam,16.39,88.64,28.07,No Fertilizer,No application needed
Mbeya_Mjini,-8.86,33.404,5.8,484.0,1.98,48.49,Sandy Clay Loam,14.09,75.42,0.0,No Fertilizer,No application needed
Mbeya_Mjini,-8.871,33.416,5.8,440.0,1.58,43.85,Sandy Clay Loam,13.58,85.89,15.74,NPK,At planting time (basal application)
Mbeya_Mjini,-8.893,33.488,5.9,286.0,2.08,63.36,Sandy Loam,19.75,60.83,0.0,No Fertilizer,No application needed
Mbeya_Mjini,-8.915,33.392,5.8,312.0,2.16,64.66,Sandy Clay Loam,18.88,71.82,0.04,No Fertilizer,No application needed
Mbeya_Mjini,-8.915,33.452,6.5,288.0,3.0,64.66,Sandy Loam,18.32,69.83,0.31,No Fertilizer,No application needed
Mbeya_Mjini,-8.86,33.428,5.7,620.0,1.6,48.74,Sandy Clay Loam,17.46,92.53,3.92,No Fertilizer,No application needed
Mbeya_Mjini,-8.86,33.416,5.7,540.0,2.0,44.08,Sandy Clay Loam,13.07,71.74,0.0,NPK,At planting time (basal application)
Mbeya_Mjini,-8.915,33.5,5.9,288.0,2.4,71.5,Loam,16.52,86.0,18.42,No Fertilizer,No application needed
Mbeya_Mjini,-8.871,33.416,5.8,440.0,1.58,43.85,Sandy Clay Loam,16.84,76.24,0.01,NPK,At planting time (basal application)
Mbeya_Mjini,-8.882,33.392,5.8,396.0,1.76,43.85,Clay Loam,19.13,83.85,69.04,NPK,At planting time (basal application)
Mbeya_Mjini,-8.926,33.452,5.8,312.0,2.16,64.66,Sandy Loam,20.94,69.32,0.0,No Fertilizer,No application needed
Mbeya_Mjini,-8.926,33.428,6.1,264.0,2.69,64.66,Sandy Loam,16.16,72.4,0.02,No Fertilizer,No application needed
Mbeya_Mjini,-8.97,33.416,5.9,336.0,1.92,71.5,Sandy Clay Loam,17.27,83.93,11.65,No Fertilizer,No application needed
Mbeya_Mjini,-8.97,33.452,5.8,360.0,1.73,71.5,Sandy Clay Loam,17.45,87.69,8.55,No Fertilizer,No application needed
Mbeya_Mjini,-8.882,33.416,5.7,440.0,2.2,32.43,Sandy Clay Loam,16.52,87.78,14.12,NPK,At planting time (basal application)
Mbeya_Mjini,-8.959,33.392,5.7,336.0,1.92,58.49,Sandy Clay Loam,17.29,85.48,21.19,No Fertilizer,No application needed
Mbeya_Mjini,-8.915,33.38,6.0,312.0,2.6,57.3,Sandy Clay Loam,17.29,83.9,12.11,No Fertilizer,No application needed
Mbeya_Mjini,-8.915,33.404,6.0,312.0,2.6,51.82,Loam,17.84,85.75,8.77,No Fertilizer,No application needed
Mbeya_Mjini,-8.904,33.416,6.0,352.0,2.2,48.49,Sandy Clay Loam,19.56,70.55,0.01,No Fertilizer,No application needed
Mbeya_Mjini,-8.893,33.404,5.7,374.0,2.2,35.86,Sandy Clay Loam,16.63,62.4,0.0,NPK,At planting time (basal application)
Mbeya_Mjini,-8.904,33.44,6.2,312.0,2.6,57.3,Loam,18.03,83.33,4.67,No Fertilizer,No application needed
Mbeya_Mjini,-8.915,33.428,5.8,312.0,2.16,58.49,Sandy Clay Loam,16.08,73.52,0.03,No Fertilizer,No application needed
Mbeya_Mjini,-8.893,33.404,5.7,374.0,2.2,35.86,Sandy Clay Loam,16.86,87.83,5.37,NPK,At planting time (basal application)
Mbeya_Mjini,-8.86,33.464,5.6,462.0,1.98,35.86,Clay Loam,14.39,83.28,0.13,NPK,At planting time (basal application)
Mbeya_Mjini,-8.871,33.38,5.6,352.0,1.76,48.49,Sandy Clay Loam,16.97,85.7,20.03,No Fertilizer,No application needed
Mbeya_Mjini,-8.97,33.44,5.8,360.0,2.16,64.66,Sandy Clay Loam,18.43,75.38,0.54,No Fertilizer,No application needed
Mbeya_Mjini,-8.871,33.476,5.8,336.0,1.92,47.83,Clay Loam,16.78,70.01,0.28,No Fertilizer,No application needed
Mbeya_Mjini,-8.893,33.5,5.8,288.0,2.4,58.49,Sandy Clay Loam,18.24,86.02,26.04,No Fertilizer,No application needed
Mbeya_Mjini,-8.959,33.392,5.7,336.0,1.92,58.49,Sandy Clay Loam,18.54,81.43,0.88,No Fertilizer,No application needed
Mbeya_Mjini,-8.915,33.404,6.0,312.0,2.6,51.82,Loam,17.27,88.11,16.34,No Fertilizer,No application needed
Mbeya_Mjini,-8.926,33.488,5.9,288.0,2.16,71.5,Loam,18.91,67.02,0.0,No Fertilizer,No application needed
Mbeya_Mjini,-8.915,33.404,6.0,312.0,2.6,51.82,Loam,18.25,79.21,3.69,No Fertilizer,No application needed
Mbeya_Mjini,-8.926,33.488,5.9,288.0,2.16,71.5,Loam,18.26,78.47,0.12,No Fertilizer,No application needed
Mbeya_Mjini,-8.882,33.488,5.9,360.0,1.92,64.66,Sandy Clay Loam,12.97,78.83,0.05,No Fertilizer,No application needed
Mbeya_Mjini,-8.871,33.5,5.9,330.0,1.76,43.85,Sandy Clay Loam,14.53,81.89,0.0,NPK,At planting time (basal application)
Mbeya_Mjini,-8.871,33.428,5.8,484.0,2.2,53.61,Sandy Clay Loam,18.29,80.98,3.18,No Fertilizer,No application needed
Mbeya_Mjini,-8.86,33.416,5.7,540.0,2.0,44.08,Sandy Clay Loam,13.5,82.99,0.17,NPK,At planting time (basal application)
Mbeya_Mjini,-8.86,33.404,5.8,484.0,1.98,48.49,Sandy Clay Loam,12.49,72.46,0.0,No Fertilizer,No application needed
Mbeya_Mjini,-8.915,33.428,5.8,312.0,2.16,58.49,Sandy Clay Loam,16.11,83.01,0.18,No Fertilizer,No application needed
Mbeya_Mjini,-8.86,33.476,5.8,352.0,1.98,43.85,Clay Loam,18.25,86.22,3.36,NPK,At planting time (basal application)
Mbeya_Mjini,-8.904,33.416,6.0,352.0,2.2,48.49,Sandy Clay Loam,12.21,81.08,0.1,No Fertilizer,No application needed
Mbeya_Mjini,-8.926,33.464,5.9,264.0,2.4,64.66,Sandy Loam,13.26,83.64,1.35,No Fertilizer,No application needed
Mbeya_Mjini,-8.871,33.392,5.8,418.0,2.2,43.85,Clay Loam,19.95,69.49,0.01,NPK,At planting time (basal application)
Mbeya_Mjini,-8.893,33.416,5.8,374.0,1.76,39.67,Sandy Clay Loam,17.66,91.57,14.28,NPK,At planting time (basal application)
Mbeya_Mjini,-8.882,33.428,5.7,396.0,1.98,39.67,Clay Loam,17.81,81.69,20.92,NPK,At planting time (basal application)
Mbeya_Mjini,-8.871,33.488,5.8,384.0,1.92,52.9,Sandy Clay Loam,17.42,93.15,5.32,No Fertilizer,No application needed
Mbeya_Mjini,-8.904,33.488,5.9,336.0,2.16,58.49,Sandy Clay Loam,16.69,90.86,56.07,No Fertilizer,No application needed
Mbeya_Mjini,-8.871,33.416,5.8,440.0,1.58,43.85,Sandy Clay Loam,18.72,76.45,1.39,NPK,At planting time (basal application)
Mbeya_Mjini,-8.926,33.5,5.8,288.0,2.4,64.66,Loam,14.03,85.74,1.59,No Fertilizer,No application needed
Mbeya_Mjini,-8.915,33.392,5.8,312.0,2.16,64.66,Sandy Clay Loam,13.08,83.81,0.04,No Fertilizer,No application needed
Mbeya_Mjini,-8.915,33.404,6.0,312.0,2.6,51.82,Loam,13.14,82.6,0.58,No Fertilizer,No application needed
Mbeya_Mjini,-8.882,33.44,5.5,418.0,1.98,39.67,Sandy Clay Loam,12.99,77.43,0.0,NPK,At planting time (basal application)
Mbeya_Mjini,-8.97,33.416,5.9,336.0,1.92,71.5,Sandy Clay Loam,18.15,83.22,10.67,No Fertilizer,No application needed
Mbeya_Mjini,-8.959,33.38,5.7,312.0,1.92,58.49,Sandy Clay Loam,15.04,71.32,0.0,No Fertilizer,No application needed
Mbeya_Mjini,-8.86,33.392,5.7,418.0,2.2,43.85,Sandy Clay Loam,18.88,79.15,3.58,NPK,At planting time (basal application)
Mbeya_Mjini,-8.904,33.5,5.9,312.0,2.16,64.66,Loam,17.88,71.89,0.13,No Fertilizer,No application needed
Mbeya_Mjini,-8.915,33.452,6.5,288.0,3.0,64.66,Sandy Loam,18.33,89.24,4.61,No Fertilizer,No application needed
Mbeya_Mjini,-8.893,33.5,5.8,288.0,2.4,58.49,Sandy Clay Loam,18.82,76.93,0.01,No Fertilizer,No application needed
Mbeya_Mjini,-8.893,33.428,5.9,312.0,2.4,43.27,Sandy Clay Loam,16.66,91.48,13.94,NPK,At planting time (basal application)
Mbeya_Mjini,-8.97,33.428,5.9,336.0,2.4,71.5,Sandy Clay Loam,17.61,89.47,5.15,No Fertilizer,No application needed
Mbeya_Mjini,-8.86,33.464,5.6,462.0,1.98,35.86,Clay Loam,18.61,89.08,30.63,NPK,At planting time (basal application)
Mbeya_Mjini,-8.893,33.452,5.8,360.0,2.4,52.9,Sandy Clay Loam,18.11,81.24,3.19,No Fertilizer,No application needed
Mbeya_Mjini,-8.915,33.476,6.6,264.0,2.4,64.66,Loam,18.71,81.16,20.49,No Fertilizer,No application needed
Mbeya_Mjini,-8.959,33.428,5.8,336.0,1.73,64.66,Sandy Clay Loam,13.95,80.8,0.01,No Fertilizer,No application needed
Mbeya_Mjini,-8.904,33.488,5.9,336.0,2.16,58.49,Sandy Clay Loam,14.3,82.78,0.01,No Fertilizer,No application needed
Mbeya_Mjini,-8.915,33.428,5.8,312.0,2.16,58.49,Sandy Clay Loam,16.54,91.08,18.64,No Fertilizer,No application needed
Mbeya_Mjini,-8.926,33.476,5.8,312.0,2.69,71.5,Loam,16.8,86.08,0.65,No Fertilizer,No application needed
Mbeya_Mjini,-8.904,33.5,5.9,312.0,2.16,64.66,Loam,15.08,78.5,0.0,No Fertilizer,No application needed
Mbeya_Mjini,-8.959,33.392,5.7,336.0,1.92,58.49,Sandy Clay Loam,17.58,85.9,3.08,No Fertilizer,No application needed
Mbeya_Mjini,-8.893,33.452,5.8,360.0,2.4,52.9,Sandy Clay Loam,16.62,85.63,0.28,No Fertilizer,No application needed
Mbeya_Mjini,-8.871,33.38,5.6,352.0,1.76,48.49,Sandy Clay Loam,19.96,78.12,0.58,No Fertilizer,No application needed
Mbeya_Mjini,-8.871,33.392,5.8,418.0,2.2,43.85,Clay Loam,12.83,81.96,0.01,NPK,At planting time (basal application)
Mbeya_Mjini,-8.904,33.488,5.9,336.0,2.16,58.49,Sandy Clay Loam,14.13,79.04,0.0,No Fertilizer,No application needed
Mbeya_Mjini,-8.926,33.488,5.9,288.0,2.16,71.5,Loam,16.64,92.65,1.48,No Fertilizer,No application needed
Mbeya_Mjini,-8.915,33.488,6.4,264.0,2.69,58.49,Loam,17.24,87.82,8.48,No Fertilizer,No application needed
Mbeya_Mjini,-8.871,33.5,5.9,330.0,1.76,43.85,Sandy Clay Loam,18.31,72.94,0.5,NPK,At planting time (basal application)
Mbeya_Mjini,-8.86,33.488,5.8,330.0,1.98,48.49,Clay Loam,16.97,87.88,19.54,No Fertilizer,No application needed
Mbeya_Mjini,-8.893,33.464,6.1,240.0,2.16,58.49,Sandy Loam,17.28,90.86,32.24,Urea,2-3 weeks after planting (top dressing)
Mbeya_Mjini,-8.893,33.452,5.8,360.0,2.4,52.9,Sandy Clay Loam,19.11,70.46,0.16,No Fertilizer,No application needed
Mbeya_Mjini,-8.959,33.38,5.7,312.0,1.92,58.49,Sandy Clay Loam,17.79,86.59,19.2,No Fertilizer,No application needed
Mbeya_Mjini,-8.97,33.428,5.9,336.0,2.4,71.5,Sandy Clay Loam,13.75,82.9,0.05,No Fertilizer,No application needed
Mbeya_Mjini,-8.882,33.476,5.9,288.0,2.16,64.66,Sandy Clay Loam,13.16,80.28,0.01,No Fertilizer,No application needed
Mbeya_Mjini,-8.915,33.416,6.1,338.0,2.34,63.36,Sandy Clay Loam,17.64,91.65,17.89,No Fertilizer,No application needed
Mbeya_Mjini,-8.882,33.44,5.5,418.0,1.98,39.67,Sandy Clay Loam,19.18,70.45,0.06,NPK,At planting time (basal application)
Mbeya_Mjini,-8.915,33.464,6.2,288.0,2.4,64.66,Sandy Loam,18.18,65.81,0.0,No Fertilizer,No application needed
Mbeya_Mjini,-8.871,33.5,5.9,330.0,1.76,43.85,Sandy Clay Loam,18.82,72.28,0.61,NPK,At planting time (basal application)
Mbeya_Mjini,-8.893,33.5,5.8,288.0,2.4,58.49,Sandy Clay Loam,13.62,84.58,1.41,No Fertilizer,No application needed
Mbeya_Mjini,-8.871,33.476,5.8,336.0,1.92,47.83,Clay Loam,14.89,77.43,0.0,No Fertilizer,No application needed
Mbeya_Mjini,-8.871,33.428,5.8,484.0,2.2,53.61,Sandy Clay Loam,18.84,89.62,9.0,No Fertilizer,No application needed
Mbeya_Mjini,-8.893,33.428,5.9,312.0,2.4,43.27,Sandy Clay Loam,17.4,77.76,1.01,NPK,At planting time (basal application)
Mbeya_Mjini,-8.882,33.5,5.9,288.0,2.69,58.49,Sandy Clay Loam,12.09,79.37,0.05,No Fertilizer,No application needed
Mbeya_Mjini,-8.86,33.38,5.7,396.0,1.98,53.61,Clay Loam,15.53,83.12,0.0,No Fertilizer,No application needed
Mbeya_Mjini,-8.871,33.38,5.6,352.0,1.76,48.49,Sandy Clay Loam,18.47,88.69,16.25,No Fertilizer,No application needed
Mbeya_Mjini,-8.86,33.476,5.8,352.0,1.98,43.85,Clay Loam,14.23,70.36,0.0,NPK,At planting time (basal application)
Mbeya_Mjini,-8.893,33.416,5.8,374.0,1.76,39.67,Sandy Clay Loam,12.76,77.05,0.0,NPK,At planting time (basal application)
Mbeya_Mjini,-8.882,33.38,5.5,396.0,1.76,43.85,Sandy Clay Loam,17.87,85.08,2.58,NPK,At planting time (basal application)
Mbeya_Mjini,-8.893,33.488,5.9,286.0,2.08,63.36,Sandy Loam,13.82,81.75,0.12,No Fertilizer,No application needed
Mbeya_Mjini,-8.904,33.476,6.1,312.0,2.4,52.9,Loam,16.44,91.58,38.51,No Fertilizer,No application needed
Mbeya_Mjini,-8.882,33.428,5.7,396.0,1.98,39.67,Clay Loam,17.15,86.94,3.92,NPK,At planting time (basal application)
Mbeya_Mjini,-8.904,33.464,6.7,288.0,3.0,58.49,Loam,16.52,88.46,2.58,No Fertilizer,No application needed
Mbeya_Mjini,-8.882,33.476,5.9,288.0,2.16,64.66,Sandy Clay Loam,17.85,80.57,6.21,No Fertilizer,No application needed
Mbeya_Mjini,-8.959,33.44,5.7,360.0,2.69,64.66,Sandy Clay Loam,12.42,78.67,0.0,No Fertilizer,No application needed
Mbeya_Mjini,-8.926,33.5,5.8,288.0,2.4,64.66,Loam,20.27,72.41,3.6,No Fertilizer,No application needed
Mbeya_Mjini,-8.959,33.428,5.8,336.0,1.73,64.66,Sandy Clay Loam,18.96,79.48,28.79,No Fertilizer,No application needed
Mbeya_Mjini,-8.882,33.392,5.8,396.0,1.76,43.85,Clay Loam,18.05,85.99,24.43,NPK,At planting time (basal application)
Mbeya_Mjini,-8.915,33.428,5.8,312.0,2.16,58.49,Sandy Clay Loam,11.61,77.32,0.0,No Fertilizer,No application needed
Mbeya_Mjini,-8.959,33.44,5.7,360.0,2.69,64.66,Sandy Clay Loam,13.02,81.94,0.0,No Fertilizer,No application needed
Mbeya_Mjini,-8.959,33.416,5.8,336.0,2.69,64.66,Sandy Clay Loam,14.53,82.45,0.24,No Fertilizer,No application needed
Mbeya_Mjini,-8.959,33.452,5.8,360.0,2.16,79.03,Clay Loam,18.56,87.4,24.23,No Fertilizer,No application needed
Mbeya_Mjini,-8.915,33.44,5.9,312.0,2.91,63.36,Sandy Loam,19.14,75.91,1.44,No Fertilizer,No application needed
Mbeya_Mjini,-8.871,33.428,5.8,484.0,2.2,53.61,Sandy Clay Loam,16.7,89.88,5.39,No Fertilizer,No application needed
Mbeya_Mjini,-8.893,33.38,5.8,360.0,2.16,52.9,Sandy Clay Loam,12.49,78.9,0.14,No Fertilizer,No application needed
Mbeya_Mjini,-8.882,33.392,5.8,396.0,1.76,43.85,Clay Loam,18.41,85.86,10.78,NPK,At planting time (basal application)
Mbeya_Mjini,-8.86,33.404,5.8,484.0,1.98,48.49,Sandy Clay Loam,19.29,69.03,0.8,No Fertilizer,No application needed
Mbeya_Mjini,-8.893,33.428,5.9,312.0,2.4,43.27,Sandy Clay Loam,18.68,89.62,2.37,NPK,At planting time (basal application)
Mbeya_Mjini,-8.86,33.392,5.7,418.0,2.2,43.85,Sandy Clay Loam,14.36,66.33,0.0,NPK,At planting time (basal application)
Mbeya_Mjini,-8.86,33.476,5.8,352.0,1.98,43.85,Clay Loam,18.67,66.34,0.0,NPK,At planting time (basal application)
Mbeya_Mjini,-8.97,33.416,5.9,336.0,1.92,71.5,Sandy Clay Loam,17.62,91.34,42.59,No Fertilizer,No application needed
Mbeya_Mjini,-8.915,33.476,6.6,264.0,2.4,64.66,Loam,17.6,85.82,3.87,No Fertilizer,No application needed
Mbeya_Mjini,-8.882,33.488,5.9,360.0,1.92,64.66,Sandy Clay Loam,19.14,77.03,1.38,No Fertilizer,No application needed
Mbeya_Mjini,-8.959,33.38,5.7,312.0,1.92,58.49,Sandy Clay Loam,16.7,85.93,1.36,No Fertilizer,No application needed
Mbeya_Mjini,-8.871,33.38,5.6,352.0,1.76,48.49,Sandy Clay Loam,15.5,77.69,0.0,No Fertilizer,No application needed
Mbeya_Mjini,-8.893,33.392,5.8,330.0,1.98,48.49,Sandy Clay Loam,16.06,85.25,0.05,No Fertilizer,No application needed
Mbeya_Mjini,-8.86,33.452,5.6,572.0,1.76,39.67,Clay Loam,16.23,90.35,13.06,NPK,At planting time (basal application)
Mbeya_Mjini,-8.871,33.476,5.8,336.0,1.92,47.83,Clay Loam,17.56,89.78,65.99,No Fertilizer,No application needed
Mbeya_Mjini,-8.882,33.416,5.7,440.0,2.2,32.43,Sandy Clay Loam,14.4,85.63,0.68,NPK,At planting time (basal application)
Mbeya_Mjini,-8.893,33.428,5.9,312.0,2.4,43.27,Sandy Clay Loam,18.17,87.76,19.46,NPK,At planting time (basal application)
Mbeya_Mjini,-8.915,33.476,6.6,264.0,2.4,64.66,Loam,17.73,76.26,0.17,No Fertilizer,No application needed
Mbeya_Mjini,-8.97,33.392,5.9,312.0,1.87,70.04,Sandy Clay Loam,19.69,75.76,0.05,No Fertilizer,No application needed
Mbeya_Mjini,-8.871,33.392,5.8,418.0,2.2,43.85,Clay Loam,17.74,89.9,3.5,NPK,At planting time (basal application)
Mbeya_Mjini,-8.871,33.416,5.8,440.0,1.58,43.85,Sandy Clay Loam,18.87,82.79,8.22,NPK,At planting time (basal application)
Mbeya_Mjini,-8.904,33.416,6.0,352.0,2.2,48.49,Sandy Clay Loam,17.53,89.83,55.16,No Fertilizer,No application needed
Mbeya_Mjini,-8.97,33.5,6.1,330.0,1.76,65.54,Sandy Clay Loam,18.97,76.04,1.97,No Fertilizer,No application needed
Mbeya_Mjini,-8.882,33.428,5.7,396.0,1.98,39.67,Clay Loam,14.64,75.98,0.0,NPK,At planting time (basal application)
Mbeya_Mjini,-8.893,33.404,5.7,374.0,2.2,35.86,Sandy Clay Loam,16.88,80.05,0.17,NPK,At planting time (basal application)
Mbeya_Mjini,-8.86,33.404,5.8,484.0,1.98,48.49,Sandy Clay Loam,18.89,80.5,6.3,No Fertilizer,No application needed
Mbeya_Mjini,-8.86,33.404,5.8,484.0,1.98,48.49,Sandy Clay Loam,17.33,86.39,26.38,No Fertilizer,No application needed
Mbeya_Mjini,-8.97,33.476,6.0,374.0,1.98,72.45,Sandy Clay Loam,17.78,87.7,16.46,No Fertilizer,No application needed
Mbeya_Mjini,-8.871,33.428,5.8,484.0,2.2,53.61,Sandy Clay Loam,17.86,88.05,6.8,No Fertilizer,No application needed
Mbeya_Mjini,-8.959,33.452,5.8,360.0,2.16,79.03,Clay Loam,15.37,67.2,0.0,No Fertilizer,No application needed
Mbeya_Mjini,-8.915,33.5,5.9,288.0,2.4,71.5,Loam,17.17,83.87,0.15,No Fertilizer,No application needed
Mbeya_Mjini,-8.882,33.452,5.6,396.0,2.46,43.85,Sandy Clay Loam,18.58,71.1,0.0,NPK,At planting time (basal application)
Mbeya_Mjini,-8.926,33.488,5.9,288.0,2.16,71.5,Loam,17.83,85.58,32.5,No Fertilizer,No application needed
Mbeya_Mjini,-8.893,33.5,5.8,288.0,2.4,58.49,Sandy Clay Loam,14.0,82.71,0.59,No Fertilizer,No application needed
Mbeya_Mjini,-8.893,33.428,5.9,312.0,2.4,43.27,Sandy Clay Loam,13.19,79.32,0.0,NPK,At planting time (basal application)
Mbeya_Mjini,-8.915,33.488,6.4,264.0,2.69,58.49,Loam,17.95,84.83,7.76,No Fertilizer,No application needed
Mbeya_Mjini,-8.959,33.404,5.8,384.0,1.73,58.49,Sandy Clay Loam,14.68,86.04,0.21,No Fertilizer,No application needed
Mbeya_Mjini,-8.915,33.428,5.8,312.0,2.16,58.49,Sandy Clay Loam,18.29,68.09,0.0,No Fertilizer,No application needed
Mbeya_Mjini,-8.97,33.452,5.8,360.0,1.73,71.5,Sandy Clay Loam,15.33,80.36,0.0,No Fertilizer,No application needed
Mbeya_Mjini,-8.882,33.38,5.5,396.0,1.76,43.85,Sandy Clay Loam,13.16,81.08,0.0,NPK,At planting time (basal application)
Mbeya_Mjini,-8.97,33.464,5.9,330.0,1.76,72.45,Sandy Clay Loam,17.19,74.82,0.0,No Fertilizer,No application needed
Mbeya_Mjini,-8.882,33.488,5.9,360.0,1.92,64.66,Sandy Clay Loam,18.23,88.45,1.41,No Fertilizer,No application needed
Mbeya_Mjini,-8.882,33.428,5.7,396.0,1.98,39.67,Clay Loam,17.76,87.99,5.44,NPK,At planting time (basal application)
Mbeya_Mjini,-8.893,33.38,5.8,360.0,2.16,52.9,Sandy Clay Loam,15.88,67.7,0.0,No Fertilizer,No application needed
Mbeya_Mjini,-8.893,33.452,5.8,360.0,2.4,52.9,Sandy Clay Loam,14.01,74.61,0.0,No Fertilizer,No application needed
Mbeya_Mjini,-8.86,33.428,5.7,620.0,1.6,48.74,Sandy Clay Loam,17.98,84.38,1.03,No Fertilizer,No application needed
Mbeya_Mjini,-8.86,33.38,5.7,396.0,1.98,53.61,Clay Loam,17.73,76.35,1.87,No Fertilizer,No application needed
Mbeya_Mjini,-8.904,33.392,5.9,312.0,2.6,57.3,Sandy Clay Loam,12.53,80.78,0.0,No Fertilizer,No application needed
Mbeya_Mjini,-8.97,33.404,5.8,312.0,1.92,71.5,Sandy Clay Loam,16.35,89.86,25.11,No Fertilizer,No application needed
Mbeya_Mjini,-8.97,33.392,5.9,312.0,1.87,70.04,Sandy Clay Loam,20.05,72.88,0.39,No Fertilizer,No application needed
Mbeya_Mjini,-8.893,33.5,5.8,288.0,2.4,58.49,Sandy Clay Loam,17.9,91.31,11.25,No Fertilizer,No application needed
Mbeya_Mjini,-8.871,33.476,5.8,336.0,1.92,47.83,Clay Loam,15.72,85.04,0.3,No Fertilizer,No application needed
Mbeya_Mjini,-8.904,33.488,5.9,336.0,2.16,58.49,Sandy Clay Loam,18.22,67.32,0.0,No Fertilizer,No application needed
Mbeya_Mjini,-8.926,33.5,5.8,288.0,2.4,64.66,Loam,18.27,84.32,44.51,No Fertilizer,No application needed
Mbeya_Mjini,-8.97,33.392,5.9,312.0,1.87,70.04,Sandy Clay Loam,12.75,69.97,0.0,No Fertilizer,No application needed
Mbeya_Mjini,-8.915,33.392,5.8,312.0,2.16,64.66,Sandy Clay Loam,18.53,83.49,7.08,No Fertilizer,No application needed
Mbeya_Mjini,-8.893,33.5,5.8,288.0,2.4,58.49,Sandy Clay Loam,12.41,81.55,0.0,No Fertilizer,No application needed
Mbeya_Vijijini,-8.95,33.3,6.1,260.0,2.91,51.82,Sandy Clay Loam,18.62,91.74,21.97,Urea,2-3 weeks after planting (top dressing)
Mbeya_Vijijini,-8.55,33.705,6.3,260.0,2.91,70.04,Sandy Clay Loam,18.92,71.35,1.32,Urea,2-3 weeks after planting (top dressing)
Mbeya_Vijijini,-8.59,33.39,6.0,224.0,2.24,45.64,Sandy Loam,16.28,91.25,0.85,Urea,2-3 weeks after planting (top dressing)
Mbeya_Vijijini,-8.63,33.48,6.0,252.0,1.79,41.27,Sandy Loam,18.69,80.22,7.11,DAP,At planting time (basal application)
Mbeya_Vijijini,-8.75,33.39,6.0,286.0,2.08,46.88,Sandy Clay Loam,20.14,72.97,0.13,No Fertilizer,No application needed
Mbeya_Vijijini,-8.79,33.3,5.7,360.0,2.4,39.12,Clay Loam,15.43,74.25,0.0,NPK,At planting time (basal application)
Mbeya_Vijijini,-8.71,33.3,6.1,224.0,3.14,61.71,Sandy Loam,17.99,86.74,3.2,Urea,2-3 weeks after planting (top dressing)
Mbeya_Vijijini,-8.63,33.435,5.8,286.0,2.34,42.38,Sandy Clay Loam,16.35,84.02,3.13,NPK,At planting time (basal application)
Mbeya_Vijijini,-8.63,33.75,6.1,196.0,2.24,75.43,Sandy Loam,17.12,89.65,16.15,Urea,2-3 weeks after planting (top dressing)
Mbeya_Vijijini,-8.87,33.48,5.7,360.0,1.92,47.83,Sandy Clay Loam,18.87,76.21,13.94,No Fertilizer,No application needed
Mbeya_Vijijini,-8.75,33.615,6.3,224.0,2.02,61.71,Sandy Clay Loam,16.81,91.96,20.99,Urea,2-3 weeks after planting (top dressing)
Mbeya_Vijijini,-8.79,33.525,5.7,374.0,1.76,39.67,Sandy Clay Loam,14.49,83.11,0.0,NPK,At planting time (basal application)
Mbeya_Vijijini,-8.55,33.57,5.9,260.0,2.08,46.88,Sandy Clay Loam,17.58,84.15,55.77,Urea,2-3 weeks after planting (top dressing)
Mbeya_Vijijini,-8.71,33.75,6.4,252.0,2.24,92.2,Sandy Clay Loam,17.34,89.55,10.86,Urea,2-3 weeks after planting (top dressing)
Mbeya_Vijijini,-8.91,33.705,5.9,308.0,1.41,65.54,Sandy Clay Loam,17.61,81.68,11.58,No Fertilizer,No application needed
Mbeya_Vijijini,-8.71,33.39,5.9,288.0,1.92,43.27,Sandy Clay Loam,17.35,71.63,0.13,NPK,At planting time (basal application)
Mbeya_Vijijini,-8.71,33.48,5.9,260.0,1.87,42.38,Sandy Clay Loam,17.1,91.2,17.98,DAP,At planting time (basal application)
Mbeya_Vijijini,-8.83,33.57,5.8,288.0,1.92,47.83,Sandy Clay Loam,17.41,90.93,28.08,No Fertilizer,No application needed
Mbeya_Vijijini,-8.83,33.3,5.5,440.0,2.2,32.43,Sandy Clay Loam,12.86,80.29,0.0,NPK,At planting time (basal application)
Mbeya_Vijijini,-8.59,33.57,5.9,208.0,2.6,38.32,Sandy Loam,18.64,83.36,7.48,Urea,2-3 weeks after planting (top dressing)
Mbeya_Vijijini,-8.79,33.435,5.7,308.0,1.98,35.86,Sandy Clay Loam,19.6,62.31,0.3,NPK,At planting time (basal application)
Mbeya_Vijijini,-8.75,33.435,6.0,286.0,2.08,51.82,Sandy Clay Loam,13.58,68.12,0.0,No Fertilizer,No application needed
Mbeya_Vijijini,-8.79,33.66,5.9,286.0,2.34,57.3,Sandy Loam,17.61,78.02,0.48,No Fertilizer,No application needed
Mbeya_Vijijini,-8.91,33.345,6.0,286.0,2.91,57.3,Sandy Clay Loam,15.19,82.47,0.0,No Fertilizer,No application needed
Mbeya_Vijijini,-8.75,33.39,6.0,286.0,2.08,46.88,Sandy Clay Loam,15.85,90.03,5.27,No Fertilizer,No application needed
Mbeya_Vijijini,-8.87,33.66,5.9,312.0,2.08,70.04,Sandy Clay Loam,18.67,90.21,49.84,No Fertilizer,No application needed
Mbeya_Vijijini,-8.63,33.57,5.8,208.0,2.08,42.38,Sandy Loam,13.93,80.2,0.0,Urea,2-3 weeks after planting (top dressing)
Mbeya_Vijijini,-8.91,33.435,6.0,288.0,2.69,64.66,Sandy Loam,19.29,69.03,0.8,No Fertilizer,No application needed
Mbeya_Vijijini,-8.63,33.615,5.9,216.0,2.69,31.99,Sandy Clay Loam,18.21,74.66,0.19,Urea,2-3 weeks after planting (top dressing)
Mbeya_Vijijini,-8.59,33.48,5.8,196.0,2.24,41.27,Sandy Loam,15.11,83.05,0.91,Urea,2-3 weeks after planting (top dressing)
Mbeya_Vijijini,-8.79,33.3,5.7,360.0,2.4,39.12,Clay Loam,12.01,74.1,0.0,NPK,At planting time (basal application)
Mbeya_Vijijini,-8.95,33.48,5.9,360.0,1.54,87.36,Sandy Clay Loam,17.53,84.21,0.86,No Fertilizer,No application needed
Mbeya_Vijijini,-8.59,33.615,5.8,240.0,1.92,35.38,Sandy Clay Loam,16.79,88.32,18.03,DAP,At planting time (basal application)
Mbeya_Vijijini,-8.95,33.66,5.9,440.0,1.44,72.8,Clay Loam,13.58,68.12,0.0,No Fertilizer,No application needed
Mbeya_Vijijini,-8.59,33.3,5.9,286.0,2.34,46.88,Sandy Loam,17.38,86.34,3.81,No Fertilizer,No application needed
Mbeya_Vijijini,-8.63,33.66,5.9,264.0,1.92,43.27,Sandy Clay Loam,16.74,89.19,9.51,NPK,At planting time (basal application)
Mbeya_Vijijini,-8.87,33.57,5.8,312.0,1.73,71.5,Sandy Clay Loam,13.8,76.95,0.02,No Fertilizer,No application needed
Mbeya_Vijijini,-8.63,33.57,5.8,208.0,2.08,42.38,Sandy Loam,15.04,74.08,0.0,Urea,2-3 weeks after planting (top dressing)
Mbeya_Vijijini,-8.95,33.525,5.9,374.0,1.98,59.27,Sandy Clay Loam,18.61,64.37,0.0,No Fertilizer,No application needed
Mbeya_Vijijini,-8.59,33.39,6.0,224.0,2.24,45.64,Sandy Loam,15.9,68.05,0.0,Urea,2-3 weeks after planting (top dressing)
Mbeya_Vijijini,-8.87,33.66,5.9,312.0,2.08,70.04,Sandy Clay Loam,14.62,75.47,0.0,No Fertilizer,No application needed
Mbeya_Vijijini,-8.75,33.435,6.0,286.0,2.08,51.82,Sandy Clay Loam,14.9,79.84,0.0,No Fertilizer,No application needed
Mbeya_Vijijini,-8.83,33.615,6.0,264.0,2.16,58.49,Sandy Clay Loam,18.44,80.77,8.52,No Fertilizer,No application needed
Mbeya_Vijijini,-8.71,33.705,6.0,252.0,2.52,75.43,Sandy Clay Loam,17.77,73.02,0.0,Urea,2-3 weeks after planting (top dressing)
Mbeya_Vijijini,-8.79,33.39,5.8,312.0,1.92,43.27,Sandy Clay Loam,18.06,74.5,0.9,NPK,At planting time (basal application)
Mbeya_Vijijini,-8.67,33.75,6.0,252.0,3.14,92.2,Sandy Clay Loam,18.53,72.32,0.01,Urea,2-3 weeks after planting (top dressing)
Mbeya_Vijijini,-8.95,33.435,5.9,338.0,2.34,70.04,Sandy Clay Loam,19.31,83.58,0.55,No Fertilizer,No application needed
Mbeya_Vijijini,-8.75,33.39,6.0,286.0,2.08,46.88,Sandy Clay Loam,18.21,86.87,5.84,No Fertilizer,No application needed
Mbeya_Vijijini,-8.71,33.435,6.0,260.0,2.08,51.82,Sandy Clay Loam,17.5,86.73,0.8,Urea,2-3 weeks after planting (top dressing)
Mbeya_Vijijini,-8.75,33.57,5.8,288.0,1.92,35.38,Sandy Clay Loam,18.33,70.47,0.03,NPK,At planting time (basal application)
Mbeya_Vijijini,-8.91,33.435,6.0,288.0,2.69,64.66,Sandy Loam,17.36,90.89,6.11,No Fertilizer,No application needed
Mbeya_Vijijini,-8.95,33.75,5.8,520.0,1.8,53.88,Clay Loam,16.62,89.63,12.38,No Fertilizer,No application needed
Mbeya_Vijijini,-8.95,33.57,5.8,440.0,1.6,65.86,Clay Loam,18.63,88.62,6.72,No Fertilizer,No application needed
Mbeya_Vijijini,-8.79,33.39,5.8,312.0,1.92,43.27,Sandy Clay Loam,19.8,75.82,0.74,NPK,At planting time (basal application)
Mbeya_Vijijini,-8.71,33.615,6.1,196.0,2.24,50.48,Sandy Loam,18.03,83.39,5.37,Urea,2-3 weeks after planting (top dressing)
Mbeya_Vijijini,-8.63,33.75,6.1,196.0,2.24,75.43,Sandy Loam,16.6,89.76,5.11,Urea,2-3 weeks after planting (top dressing)
Mbeya_Vijijini,-8.79,33.435,5.7,308.0,1.98,35.86,Sandy Clay Loam,17.79,74.89,0.0,NPK,At planting time (basal application)
Mbeya_Vijijini,-8.95,33.75,5.8,520.0,1.8,53.88,Clay Loam,13.8,80.57,0.0,No Fertilizer,No application needed
Mbeya_Vijijini,-8.87,33.57,5.8,312.0,1.73,71.5,Sandy Clay Loam,17.62,89.29,2.15,No Fertilizer,No application needed
Mbeya_Vijijini,-8.91,33.75,5.9,418.0,1.76,53.61,Clay Loam,19.03,71.9,0.0,No Fertilizer,No application needed
Mbeya_Vijijini,-8.79,33.705,6.0,260.0,2.6,63.36,Sandy Loam,12.89,83.52,1.07,Urea,2-3 weeks after planting (top dressing)
Mbeya_Vijijini,-8.83,33.48,5.8,396.0,2.2,39.67,Sandy Clay Loam,15.53,81.63,0.02,NPK,At planting time (basal application)
Mbeya_Vijijini,-8.83,33.66,5.9,286.0,2.08,57.3,Sandy Clay Loam,13.29,80.21,0.09,No Fertilizer,No application needed
Mbeya_Vijijini,-8.79,33.39,5.8,312.0,1.92,43.27,Sandy Clay Loam,18.44,80.77,8.52,NPK,At planting time (basal application)
Mbeya_Vijijini,-8.75,33.57,5.8,288.0,1.92,35.38,Sandy Clay Loam,17.15,71.36,0.0,NPK,At planting time (basal application)
Mbeya_Vijijini,-8.71,33.39,5.9,288.0,1.92,43.27,Sandy Clay Loam,18.43,84.88,23.39,NPK,At planting time (basal application)
Mbeya_Vijijini,-8.95,33.705,5.7,460.0,2.24,53.88,Clay,17.81,88.56,1.23,No Fertilizer,No application needed
Mbeya_Vijijini,-8.87,33.66,5.9,312.0,2.08,70.04,Sandy Clay Loam,13.78,80.72,0.0,No Fertilizer,No application needed
Mbeya_Vijijini,-8.83,33.75,5.8,312.0,1.48,57.3,Sandy Clay Loam,16.04,78.53,0.0,No Fertilizer,No application needed
Mbeya_Vijijini,-8.63,33.435,5.8,286.0,2.34,42.38,Sandy Clay Loam,19.11,73.12,0.64,NPK,At planting time (basal application)
Mbeya_Vijijini,-8.71,33.705,6.0,252.0,2.52,75.43,Sandy Clay Loam,20.46,62.29,0.0,Urea,2-3 weeks after planting (top dressing)
Mbeya_Vijijini,-8.75,33.75,6.1,260.0,2.91,63.36,Sandy Clay Loam,20.27,72.41,3.6,Urea,2-3 weeks after planting (top dressing)
Mbeya_Vijijini,-8.95,33.435,5.9,338.0,2.34,70.04,Sandy Clay Loam,15.58,89.71,9.44,No Fertilizer,No application needed
Mbeya_Vijijini,-8.71,33.525,5.8,286.0,1.66,46.88,Sandy Clay Loam,17.6,86.45,6.34,No Fertilizer,No application needed
Mbeya_Vijijini,-8.55,33.435,6.0,208.0,2.08,42.38,Sandy Loam,17.47,86.41,14.92,Urea,2-3 weeks after planting (top dressing)
Mbeya_Vijijini,-8.71,33.435,6.0,260.0,2.08,51.82,Sandy Clay Loam,15.61,77.94,0.0,Urea,2-3 weeks after planting (top dressing)
Mbeya_Vijijini,-8.67,33.705,6.2,234.0,2.6,63.36,Sandy Loam,15.84,65.33,0.0,Urea,2-3 weeks after planting (top dressing)
Mbeya_Vijijini,-8.67,33.3,6.1,312.0,2.91,51.82,Sandy Loam,16.88,68.52,0.0,No Fertilizer,No application needed
Mbeya_Vijijini,-8.71,33.39,5.9,288.0,1.92,43.27,Sandy Clay Loam,17.78,90.37,14.04,NPK,At planting time (basal application)
Mbeya_Vijijini,-8.63,33.66,5.9,264.0,1.92,43.27,Sandy Clay Loam,18.51,63.54,0.0,NPK,At planting time (basal application)
Mbeya_Vijijini,-8.55,33.435,6.0,208.0,2.08,42.38,Sandy Loam,17.01,84.55,0.26,Urea,2-3 weeks after planting (top dressing)
Mbeya_Vijijini,-8.87,33.435,5.7,484.0,2.2,43.85,Sandy Clay Loam,16.77,87.4,9.95,NPK,At planting time (basal application)
Mbeya_Vijijini,-8.79,33.57,6.0,312.0,2.16,43.27,Sandy Clay Loam,11.6,79.84,0.0,NPK,At planting time (basal application)
Mbeya_Vijijini,-8.75,33.435,6.0,286.0,2.08,51.82,Sandy Clay Loam,14.39,82.49,0.27,No Fertilizer,No application needed
Mbeya_Vijijini,-8.91,33.525,5.9,336.0,1.73,71.5,Sandy Clay Loam,12.58,78.18,0.07,No Fertilizer,No application needed
Mbeya_Vijijini,-8.55,33.48,6.0,168.0,2.52,41.27,Sandy Loam,16.39,84.84,6.75,Urea,2-3 weeks after planting (top dressing)
Mbeya_Vijijini,-8.67,33.3,6.1,312.0,2.91,51.82,Sandy Loam,17.44,85.11,3.49,No Fertilizer,No application needed
Mbeya_Vijijini,-8.59,33.345,6.1,208.0,2.91,51.82,Sandy Loam,18.7,80.68,8.92,Urea,2-3 weeks after planting (top dressing)
Mbeya_Vijijini,-8.95,33.66,5.9,440.0,1.44,72.8,Clay Loam,13.47,80.82,0.17,No Fertilizer,No application needed
Mbeya_Vijijini,-8.59,33.57,5.9,208.0,2.6,38.32,Sandy Loam,19.12,76.87,0.64,Urea,2-3 weeks after planting (top dressing)
Mbeya_Vijijini,-8.59,33.345,6.1,208.0,2.91,51.82,Sandy Loam,15.54,82.51,0.07,Urea,2-3 weeks after planting (top dressing)
Mbeya_Vijijini,-8.95,33.525,5.9,374.0,1.98,59.27,Sandy Clay Loam,15.9,78.28,0.0,No Fertilizer,No application needed
Mbeya_Vijijini,-8.87,33.75,5.8,312.0,2.16,52.9,Sandy Clay Loam,18.83,78.3,0.43,No Fertilizer,No application needed
Mbeya_Vijijini,-8.71,33.435,6.0,260.0,2.08,51.82,Sandy Clay Loam,15.97,71.5,0.13,Urea,2-3 weeks after planting (top dressing)
Mbeya_Vijijini,-8.67,33.705,6.2,234.0,2.6,63.36,Sandy Loam,17.17,85.84,14.95,Urea,2-3 weeks after planting (top dressing)
Mbeya_Vijijini,-8.59,33.66,5.8,264.0,1.92,39.12,Sandy Clay Loam,16.28,76.37,0.0,NPK,At planting time (basal application)
Mbeya_Vijijini,-8.95,33.525,5.9,374.0,1.98,59.27,Sandy Clay Loam,16.94,89.6,5.34,No Fertilizer,No application needed
Mbeya_Vijijini,-8.87,33.705,5.7,288.0,2.4,58.49,Sandy Clay Loam,14.63,81.3,0.0,No Fertilizer,No application needed
Mbeya_Vijijini,-8.91,33.705,5.9,308.0,1.41,65.54,Sandy Clay Loam,19.2,71.28,0.0,No Fertilizer,No application needed
Mbeya_Vijijini,-8.63,33.705,6.3,252.0,3.14,75.43,Sandy Loam,17.08,89.89,12.43,Urea,2-3 weeks after planting (top dressing)
Mbeya_Vijijini,-8.67,33.705,6.2,234.0,2.6,63.36,Sandy Loam,17.8,79.51,1.3,Urea,2-3 weeks after planting (top dressing)
Mbeya_Vijijini,-8.71,33.39,5.9,288.0,1.92,43.27,Sandy Clay Loam,17.88,71.89,0.13,NPK,At planting time (basal application)
Mbeya_Vijijini,-8.79,33.75,6.1,286.0,2.91,57.3,Sandy Loam,19.68,82.36,1.52,No Fertilizer,No application needed
Mbeya_Vijijini,-8.71,33.39,5.9,288.0,1.92,43.27,Sandy Clay Loam,16.52,85.39,5.31,NPK,At planting time (basal application)
Mbeya_Vijijini,-8.83,33.435,5.7,484.0,1.76,35.86,Sandy Clay Loam,17.36,85.3,8.61,NPK,At planting time (basal application)
Mbeya_Vijijini,-8.83,33.435,5.7,484.0,1.76,35.86,Sandy Clay Loam,17.05,93.57,2.87,NPK,At planting time (basal application)
Mbeya_Vijijini,-8.75,33.435,6.0,286.0,2.08,51.82,Sandy Clay Loam,17.04,88.32,1.96,No Fertilizer,No application needed
Mbeya_Vijijini,-8.63,33.705,6.3,252.0,3.14,75.43,Sandy Loam,17.1,91.2,17.98,Urea,2-3 weeks after planting (top dressing)
Mbeya_Vijijini,-8.95,33.39,5.7,336.0,1.73,71.5,Sandy Clay Loam,17.8,87.51,0.9,No Fertilizer,No application needed
Mbeya_Vijijini,-8.87,33.435,5.7,484.0,2.2,43.85,Sandy Clay Loam,17.0,86.83,4.06,NPK,At planting time (basal application)
Mbeya_Vijijini,-8.55,33.3,6.0,252.0,3.14,50.48,Sandy Loam,17.85,80.57,6.21,Urea,2-3 weeks after planting (top dressing)
Mbeya_Vijijini,-8.87,33.39,5.6,396.0,1.58,43.85,Clay Loam,18.71,73.11,0.14,NPK,At planting time (basal application)
Mbeya_Vijijini,-8.75,33.3,5.9,286.0,2.34,51.82,Sandy Loam,14.7,74.66,0.0,No Fertilizer,No application needed
Mbeya_Vijijini,-8.67,33.705,6.2,234.0,2.6,63.36,Sandy Loam,13.37,77.68,0.0,Urea,2-3 weeks after planting (top dressing)
Mbeya_Vijijini,-8.95,33.705,5.7,460.0,2.24,53.88,Clay,15.41,79.84,1.85,No Fertilizer,No application needed
Mbeya_Vijijini,-8.83,33.3,5.5,440.0,2.2,32.43,Sandy Clay Loam,17.3,87.37,6.6,NPK,At planting time (basal application)
Mbeya_Vijijini,-8.95,33.3,6.1,260.0,2.91,51.82,Sandy Clay Loam,17.58,85.9,3.08,Urea,2-3 weeks after planting (top dressing)
Mbeya_Vijijini,-8.83,33.435,5.7,484.0,1.76,35.86,Sandy Clay Loam,17.46,70.54,0.01,NPK,At planting time (basal application)
Mbeya_Vijijini,-8.91,33.75,5.9,418.0,1.76,53.61,Clay Loam,17.52,86.48,3.34,No Fertilizer,No application needed
Mbeya_Vijijini,-8.79,33.39,5.8,312.0,1.92,43.27,Sandy Clay Loam,16.19,92.94,7.8,NPK,At planting time (basal application)
Mbeya_Vijijini,-8.59,33.66,5.8,264.0,1.92,39.12,Sandy Clay Loam,17.15,86.97,6.1,NPK,At planting time (basal application)
Mbeya_Vijijini,-8.83,33.48,5.8,396.0,2.2,39.67,Sandy Clay Loam,14.06,83.91,0.36,NPK,At planting time (basal application)
Mbeya_Vijijini,-8.71,33.345,6.0,260.0,2.6,51.82,Sandy Loam,18.97,86.61,10.89,Urea,2-3 weeks after planting (top dressing)
Mbeya_Vijijini,-8.83,33.57,5.8,288.0,1.92,47.83,Sandy Clay Loam,17.5,76.54,0.06,No Fertilizer,No application needed
Mbeya_Vijijini,-8.79,33.66,5.9,286.0,2.34,57.3,Sandy Loam,13.84,82.42,0.01,No Fertilizer,No application needed
Mbeya_Vijijini,-8.71,33.48,5.9,260.0,1.87,42.38,Sandy Clay Loam,18.18,84.41,56.76,DAP,At planting time (basal application)
Mbeya_Vijijini,-8.79,33.525,5.7,374.0,1.76,39.67,Sandy Clay Loam,17.1,87.45,2.93,NPK,At planting time (basal application)
Mbeya_Vijijini,-8.67,33.705,6.2,234.0,2.6,63.36,Sandy Loam,17.74,89.9,3.5,Urea,2-3 weeks after planting (top dressing)
Mbeya_Vijijini,-8.95,33.3,6.1,260.0,2.91,51.82,Sandy Clay Loam,15.45,85.27,0.45,Urea,2-3 weeks after planting (top dressing)
Mbeya_Vijijini,-8.95,33.345,6.0,260.0,2.91,63.36,Sandy Clay Loam,16.95,89.84,6.45,Urea,2-3 weeks after planting (top dressing)
Mbeya_Vijijini,-8.95,33.345,6.0,260.0,2.91,63.36,Sandy Clay Loam,18.36,72.25,0.0,Urea,2-3 weeks after planting (top dressing)
Mbeya_Vijijini,-8.79,33.705,6.0,260.0,2.6,63.36,Sandy Loam,18.03,81.19,5.61,Urea,2-3 weeks after planting (top dressing)
Mbeya_Vijijini,-8.91,33.57,5.9,330.0,1.76,72.45,Sandy Clay Loam,17.78,86.07,16.25,No Fertilizer,No application needed
Mbeya_Vijijini,-8.59,33.75,6.3,252.0,3.14,68.24,Sandy Loam,18.61,89.5,6.46,Urea,2-3 weeks after planting (top dressing)
Mbeya_Vijijini,-8.79,33.39,5.8,312.0,1.92,43.27,Sandy Clay Loam,17.81,87.43,0.94,NPK,At planting time (basal application)
Mbeya_Vijijini,-8.63,33.57,5.8,208.0,2.08,42.38,Sandy Loam,17.86,88.7,1.83,Urea,2-3 weeks after planting (top dressing)
Mbeya_Vijijini,-8.95,33.3,6.1,260.0,2.91,51.82,Sandy Clay Loam,17.27,83.93,11.65,Urea,2-3 weeks after planting (top dressing)
Mbeya_Vijijini,-8.95,33.615,5.7,414.0,1.44,72.43,Clay Loam,17.2,89.73,11.61,No Fertilizer,No application needed
Mbeya_Vijijini,-8.59,33.3,5.9,286.0,2.34,46.88,Sandy Loam,17.36,87.4,13.67,No Fertilizer,No application needed
Mbeya_Vijijini,-8.55,33.345,5.9,260.0,2.6,51.82,Sandy Loam,17.48,89.99,7.27,Urea,2-3 weeks after planting (top dressing)
Mbeya_Vijijini,-8.91,33.615,5.9,308.0,1.58,65.54,Sandy Clay Loam,16.97,85.94,0.59,No Fertilizer,No application needed
Mbeya_Vijijini,-8.83,33.66,5.9,286.0,2.08,57.3,Sandy Clay Loam,14.62,82.62,0.11,No Fertilizer,No application needed
Mbeya_Vijijini,-8.67,33.75,6.0,252.0,3.14,92.2,Sandy Clay Loam,18.21,73.08,0.04,Urea,2-3 weeks after planting (top dressing)
Mbeya_Vijijini,-8.91,33.57,5.9,330.0,1.76,72.45,Sandy Clay Loam,17.89,76.65,3.48,No Fertilizer,No application needed
Mbeya_Vijijini,-8.59,33.75,6.3,252.0,3.14,68.24,Sandy Loam,15.49,84.24,0.36,Urea,2-3 weeks after planting (top dressing)
Mbeya_Vijijini,-8.87,33.66,5.9,312.0,2.08,70.04,Sandy Clay Loam,13.77,84.82,0.6,No Fertilizer,No application needed
Mbeya_Vijijini,-8.75,33.345,5.9,312.0,2.34,51.82,Sandy Clay Loam,14.2,82.52,0.24,No Fertilizer,No application needed
Mbeya_Vijijini,-8.55,33.66,5.8,288.0,2.16,43.27,Sandy Loam,17.64,94.61,35.07,NPK,At planting time (basal application)
Mbeya_Vijijini,-8.75,33.48,5.9,286.0,2.34,42.38,Sandy Clay Loam,16.66,85.53,19.3,NPK,At planting time (basal application)
Mbeya_Vijijini,-8.63,33.66,5.9,264.0,1.92,43.27,Sandy Clay Loam,17.53,88.34,14.57,NPK,At planting time (basal application)
Mbeya_Vijijini,-8.91,33.435,6.0,288.0,2.69,64.66,Sandy Loam,18.2,82.4,9.03,No Fertilizer,No application needed
Mbeya_Vijijini,-8.63,33.75,6.1,196.0,2.24,75.43,Sandy Loam,13.07,81.04,0.15,Urea,2-3 weeks after planting (top dressing)
Mbeya_Vijijini,-8.87,33.615,5.8,288.0,1.54,58.49,Sandy Clay Loam,18.36,87.09,6.83,No Fertilizer,No application needed
Mbeya_Vijijini,-8.71,33.525,5.8,286.0,1.66,46.88,Sandy Clay Loam,16.38,80.69,0.72,No Fertilizer,No application needed
Mbeya_Vijijini,-8.63,33.75,6.1,196.0,2.24,75.43,Sandy Loam,15.84,65.33,0.0,Urea,2-3 weeks after planting (top dressing)
Mbeya_Vijijini,-8.83,33.75,5.8,312.0,1.48,57.3,Sandy Clay Loam,17.87,84.32,0.22,No Fertilizer,No application needed
Mbeya_Vijijini,-8.71,33.435,6.0,260.0,2.08,51.82,Sandy Clay Loam,15.92,85.98,0.64,Urea,2-3 weeks after planting (top dressing)
Mbeya_Vijijini,-8.95,33.75,5.8,520.0,1.8,53.88,Clay Loam,19.36,70.34,0.03,No Fertilizer,No application needed
Mbeya_Vijijini,-8.75,33.705,5.9,280.0,2.52,68.24,Sandy Clay Loam,13.75,78.53,0.0,No Fertilizer,No application needed
Mbeya_Vijijini,-8.59,33.57,5.9,208.0,2.6,38.32,Sandy Loam,18.78,69.06,0.0,Urea,2-3 weeks after planting (top dressing)
Mbeya_Vijijini,-8.59,33.57,5.9,208.0,2.6,38.32,Sandy Loam,18.38,83.54,5.11,Urea,2-3 weeks after planting (top dressing)
Mbeya_Vijijini,-8.59,33.66,5.8,264.0,1.92,39.12,Sandy Clay Loam,17.84,88.46,12.61,NPK,At planting time (basal application)
Mbeya_Vijijini,-8.87,33.615,5.8,288.0,1.54,58.49,Sandy Clay Loam,12.11,81.01,0.0,No Fertilizer,No application needed
Mbeya_Vijijini,-8.63,33.705,6.3,252.0,3.14,75.43,Sandy Loam,17.62,84.39,0.24,Urea,2-3 weeks after planting (top dressing)
Mbeya_Vijijini,-8.67,33.39,6.0,286.0,2.34,46.88,Sandy Loam,16.49,90.74,17.48,No Fertilizer,No application needed
Mbeya_Vijijini,-8.91,33.615,5.9,308.0,1.58,65.54,Sandy Clay Loam,18.62,70.12,0.0,No Fertilizer,No application needed
Mbeya_Vijijini,-8.71,33.435,6.0,260.0,2.08,51.82,Sandy Clay Loam,17.36,63.87,0.0,Urea,2-3 weeks after planting (top dressing)
Mbeya_Vijijini,-8.75,33.39,6.0,286.0,2.08,46.88,Sandy Clay Loam,20.14,72.97,0.13,No Fertilizer,No application needed
Mbeya_Vijijini,-8.71,33.705,6.0,252.0,2.52,75.43,Sandy Clay Loam,17.36,86.02,3.95,Urea,2-3 weeks after planting (top dressing)
Mbeya_Vijijini,-8.83,33.615,6.0,264.0,2.16,58.49,Sandy Clay Loam,16.28,91.25,0.85,No Fertilizer,No application needed
Mbeya_Vijijini,-8.63,33.66,5.9,264.0,1.92,43.27,Sandy Clay Loam,19.15,79.69,0.98,NPK,At planting time (basal application)
Mbeya_Vijijini,-8.95,33.345,6.0,260.0,2.91,63.36,Sandy Clay Loam,17.72,85.78,5.07,Urea,2-3 weeks after planting (top dressing)
Mbeya_Vijijini,-8.79,33.39,5.8,312.0,1.92,43.27,Sandy Clay Loam,18.9,80.47,0.13,NPK,At planting time (basal application)
Mbeya_Vijijini,-8.67,33.66,6.1,224.0,2.24,61.71,Sandy Loam,17.23,91.1,12.04,Urea,2-3 weeks after planting (top dressing)
Mbeya_Vijijini,-8.67,33.525,6.0,196.0,2.24,45.64,Sandy Clay Loam,17.01,89.07,23.48,Urea,2-3 weeks after planting (top dressing)
Mbeya_Vijijini,-8.79,33.345,5.6,312.0,2.16,43.27,Sandy Clay Loam,19.27,72.15,1.31,NPK,At planting time (basal application)
Mbeya_Vijijini,-8.75,33.48,5.9,286.0,2.34,42.38,Sandy Clay Loam,17.46,84.14,0.3,NPK,At planting time (basal application)
Mbeya_Vijijini,-8.59,33.57,5.9,208.0,2.6,38.32,Sandy Loam,15.19,82.47,0.0,Urea,2-3 weeks after planting (top dressing)
Mbeya_Vijijini,-8.87,33.57,5.8,312.0,1.73,71.5,Sandy Clay Loam,13.2,79.21,0.0,No Fertilizer,No application needed
Mbeya_Vijijini,-8.55,33.615,5.8,208.0,2.34,34.66,Sandy Loam,17.31,86.56,3.42,Urea,2-3 weeks after planting (top dressing)
Mbeya_Vijijini,-8.67,33.3,6.1,312.0,2.91,51.82,Sandy Loam,19.8,75.82,0.74,No Fertilizer,No application needed
Mbeya_Vijijini,-8.59,33.48,5.8,196.0,2.24,41.27,Sandy Loam,13.81,74.12,0.0,Urea,2-3 weeks after planting (top dressing)
Mbeya_Vijijini,-8.83,33.705,5.8,312.0,2.34,57.3,Sandy Clay Loam,18.6,86.53,0.0,No Fertilizer,No application needed
Mbeya_Vijijini,-8.67,33.57,6.1,208.0,2.08,42.38,Sandy Clay Loam,12.39,75.61,0.0,Urea,2-3 weeks after planting (top dressing)
Mbeya_Vijijini,-8.59,33.48,5.8,196.0,2.24,41.27,Sandy Loam,16.05,72.1,0.0,Urea,2-3 weeks after planting (top dressing)
Mbeya_Vijijini,-8.83,33.345,5.5,580.0,1.6,36.06,Sandy Clay Loam,16.04,78.53,0.0,NPK,At planting time (basal application)
Mbeya_Vijijini,-8.75,33.705,5.9,280.0,2.52,68.24,Sandy Clay Loam,18.21,87.83,0.98,No Fertilizer,No application needed
Mbeya_Vijijini,-8.59,33.57,5.9,208.0,2.6,38.32,Sandy Loam,14.34,76.54,0.0,Urea,2-3 weeks after planting (top dressing)
Mbeya_Vijijini,-8.67,33.345,5.8,286.0,2.34,51.82,Sandy Loam,18.51,84.32,54.47,No Fertilizer,No application needed
Mbeya_Vijijini,-8.71,33.615,6.1,196.0,2.24,50.48,Sandy Loam,17.78,70.49,0.0,Urea,2-3 weeks after planting (top dressing)
Mbeya_Vijijini,-8.59,33.66,5.8,264.0,1.92,39.12,Sandy Clay Loam,18.13,86.39,4.03,NPK,At planting time (basal application)
Mbeya_Vijijini,-8.95,33.3,6.1,260.0,2.91,51.82,Sandy Clay Loam,18.79,89.31,35.96,Urea,2-3 weeks after planting (top dressing)
Mbeya_Vijijini,-8.87,33.66,5.9,312.0,2.08,70.04,Sandy Clay Loam,15.28,81.69,0.01,No Fertilizer,No application needed
Mbeya_Vijijini,-8.87,33.75,5.8,312.0,2.16,52.9,Sandy Clay Loam,16.04,77.18,0.0,No Fertilizer,No application needed
Mbeya_Vijijini,-8.87,33.435,5.7,484.0,2.2,43.85,Sandy Clay Loam,15.12,83.92,0.5,NPK,At planting time (basal application)
Mbeya_Vijijini,-8.75,33.48,5.9,286.0,2.34,42.38,Sandy Clay Loam,19.87,73.1,0.3,NPK,At planting time (basal application)
Mbeya_Vijijini,-8.87,33.3,5.6,312.0,2.4,43.27,Sandy Clay Loam,15.32,87.8,8.06,NPK,At planting time (basal application)
Mbeya_Vijijini,-8.95,33.615,5.7,414.0,1.44,72.43,Clay Loam,18.04,89.49,5.84,No Fertilizer,No application needed
Mbeya_Vijijini,-8.75,33.48,5.9,286.0,2.34,42.38,Sandy Clay Loam,13.36,71.93,0.0,NPK,At planting time (basal application)
Mbeya_Vijijini,-8.63,33.75,6.1,196.0,2.24,75.43,Sandy Loam,10.7,78.25,0.0,Urea,2-3 weeks after planting (top dressing)
Mbeya_Vijijini,-8.75,33.75,6.1,260.0,2.91,63.36,Sandy Clay Loam,17.79,61.7,0.0,Urea,2-3 weeks after planting (top dressing)
Mbeya_Vijijini,-8.55,33.57,5.9,260.0,2.08,46.88,Sandy Clay Loam,18.04,80.39,7.18,Urea,2-3 weeks after planting (top dressing)
Mbeya_Vijijini,-8.83,33.3,5.5,440.0,2.2,32.43,Sandy Clay Loam,14.05,84.81,0.17,NPK,At planting time (basal application)
Mbeya_Vijijini,-8.55,33.615,5.8,208.0,2.34,34.66,Sandy Loam,14.58,85.62,1.96,Urea,2-3 weeks after planting (top dressing)
Mbeya_Vijijini,-8.95,33.435,5.9,338.0,2.34,70.04,Sandy Clay Loam,13.66,71.6,0.0,No Fertilizer,No application needed
Mbeya_Vijijini,-8.63,33.615,5.9,216.0,2.69,31.99,Sandy Clay Loam,17.35,86.4,1.31,Urea,2-3 weeks after planting (top dressing)
Mbeya_Vijijini,-8.79,33.39,5.8,312.0,1.92,43.27,Sandy Clay Loam,19.7,73.04,0.72,NPK,At planting time (basal application)
Mbeya_Vijijini,-8.75,33.525,5.8,312.0,1.92,39.12,Sandy Clay Loam,17.59,86.28,8.46,NPK,At planting time (basal application)
Mbeya_Vijijini,-8.95,33.75,5.8,520.0,1.8,53.88,Clay Loam,12.34,81.05,0.22,No Fertilizer,No application needed
Mbeya_Vijijini,-8.79,33.48,5.7,312.0,2.16,39.12,Sandy Clay Loam,14.09,73.81,0.0,NPK,At planting time (basal application)
Mbeya_Vijijini,-8.55,33.57,5.9,260.0,2.08,46.88,Sandy Clay Loam,18.07,85.31,0.13,Urea,2-3 weeks after planting (top dressing)
Mbeya_Vijijini,-8.55,33.435,6.0,208.0,2.08,42.38,Sandy Loam,20.49,61.94,0.0,Urea,2-3 weeks after planting (top dressing)
Mbeya_Vijijini,-8.79,33.705,6.0,260.0,2.6,63.36,Sandy Loam,18.48,84.11,3.55,Urea,2-3 weeks after planting (top dressing)
Mbeya_Vijijini,-8.59,33.48,5.8,196.0,2.24,41.27,Sandy Loam,17.47,72.3,0.0,Urea,2-3 weeks after planting (top dressing)
Mbeya_Vijijini,-8.83,33.3,5.5,440.0,2.2,32.43,Sandy Clay Loam,16.88,80.05,0.17,NPK,At planting time (basal application)
Mbeya_Vijijini,-8.75,33.3,5.9,286.0,2.34,51.82,Sandy Loam,18.51,63.54,0.0,No Fertilizer,No application needed
Mbeya_Vijijini,-8.91,33.615,5.9,308.0,1.58,65.54,Sandy Clay Loam,13.01,79.73,0.04,No Fertilizer,No application needed
Mbeya_Vijijini,-8.83,33.39,5.5,572.0,1.98,48.49,Sandy Clay Loam,15.8,67.93,0.02,No Fertilizer,No application needed
Mbeya_Vijijini,-8.83,33.525,5.6,624.0,2.16,47.83,Sandy Clay Loam,16.96,64.32,0.0,No Fertilizer,No application needed
Mbeya_Vijijini,-8.63,33.75,6.1,196.0,2.24,75.43,Sandy Loam,20.1,74.37,3.6,Urea,2-3 weeks after planting (top dressing)
Mbeya_Vijijini,-8.55,33.3,6.0,252.0,3.14,50.48,Sandy Loam,17.42,88.85,26.1,Urea,2-3 weeks after planting (top dressing)
Mbeya_Vijijini,-8.71,33.345,6.0,260.0,2.6,51.82,Sandy Loam,17.55,90.64,8.1,Urea,2-3 weeks after planting (top dressing)
Mbeya_Vijijini,-8.91,33.345,6.0,286.0,2.91,57.3,Sandy Clay Loam,17.79,90.18,22.4,No Fertilizer,No application needed
Mbeya_Vijijini,-8.91,33.705,5.9,308.0,1.41,65.54,Sandy Clay Loam,19.18,68.82,0.09,No Fertilizer,No application needed
Mbeya_Vijijini,-8.63,33.3,5.8,286.0,2.08,46.88,Sandy Loam,17.98,74.61,0.0,No Fertilizer,No application needed
Mbeya_Vijijini,-8.55,33.615,5.8,208.0,2.34,34.66,Sandy Loam,18.15,86.59,9.94,Urea,2-3 weeks after planting (top dressing)
Mbeya_Vijijini,-8.63,33.57,5.8,208.0,2.08,42.38,Sandy Loam,14.3,80.51,0.02,Urea,2-3 weeks after planting (top dressing)
Mbeya_Vijijini,-8.75,33.48,5.9,286.0,2.34,42.38,Sandy Clay Loam,17.07,88.48,23.25,NPK,At planting time (basal application)
Mbeya_Vijijini,-8.79,33.75,6.1,286.0,2.91,57.3,Sandy Loam,17.7,74.28,1.0,No Fertilizer,No application needed
Mbeya_Vijijini,-8.91,33.57,5.9,330.0,1.76,72.45,Sandy Clay Loam,18.24,86.02,26.04,No Fertilizer,No application needed
Mbeya_Vijijini,-8.55,33.75,6.4,280.0,2.8,92.2,Sandy Clay Loam,18.99,85.7,0.24,No Fertilizer,No application needed
Mbeya_Vijijini,-8.75,33.57,5.8,288.0,1.92,35.38,Sandy Clay Loam,18.88,71.82,0.04,NPK,At planting time (basal application)
Mbeya_Vijijini,-8.75,33.66,6.0,252.0,2.52,61.71,Sandy Clay Loam,19.67,71.6,1.25,Urea,2-3 weeks after planting (top dressing)
Mbeya_Vijijini,-8.91,33.345,6.0,286.0,2.91,57.3,Sandy Clay Loam,13.3,81.64,0.0,No Fertilizer,No application needed
Mbeya_Vijijini,-8.59,33.615,5.8,240.0,1.92,35.38,Sandy Clay Loam,16.49,67.29,0.0,DAP,At planting time (basal application)
Mbeya_Vijijini,-8.83,33.48,5.8,396.0,2.2,39.67,Sandy Clay Loam,14.36,66.33,0.0,NPK,At planting time (basal application)
Mbeya_Vijijini,-8.63,33.3,5.8,286.0,2.08,46.88,Sandy Loam,14.13,80.81,0.0,No Fertilizer,No application needed
Mbeya_Vijijini,-8.63,33.705,6.3,252.0,3.14,75.43,Sandy Loam,18.7,86.97,5.97,Urea,2-3 weeks after planting (top dressing)
Mbeya_Vijijini,-8.79,33.345,5.6,312.0,2.16,43.27,Sandy Clay Loam,17.33,91.78,12.74,NPK,At planting time (basal application)
Mbeya_Vijijini,-8.83,33.345,5.5,580.0,1.6,36.06,Sandy Clay Loam,18.72,85.77,15.07,NPK,At planting time (basal application)
Mbeya_Vijijini,-8.91,33.435,6.0,288.0,2.69,64.66,Sandy Loam,18.94,86.25,2.32,No Fertilizer,No application needed
Mbeya_Vijijini,-8.71,33.39,5.9,288.0,1.92,43.27,Sandy Clay Loam,17.86,88.7,1.83,NPK,At planting time (basal application)
Mbeya_Vijijini,-8.95,33.525,5.9,374.0,1.98,59.27,Sandy Clay Loam,19.5,79.44,0.31,No Fertilizer,No application needed
Mbeya_Vijijini,-8.55,33.435,6.0,208.0,2.08,42.38,Sandy Loam,17.36,86.02,3.95,Urea,2-3 weeks after planting (top dressing)
Mbeya_Vijijini,-8.79,33.3,5.7,360.0,2.4,39.12,Clay Loam,8.76,82.58,1.92,NPK,At planting time (basal application)
Mbeya_Vijijini,-8.79,33.75,6.1,286.0,2.91,57.3,Sandy Loam,17.67,84.7,16.74,No Fertilizer,No application needed
Mbeya_Vijijini,-8.91,33.615,5.9,308.0,1.58,65.54,Sandy Clay Loam,19.11,80.14,10.35,No Fertilizer,No application needed
Mbeya_Vijijini,-8.87,33.75,5.8,312.0,2.16,52.9,Sandy Clay Loam,14.55,82.08,0.03,No Fertilizer,No application needed
Mbeya_Vijijini,-8.63,33.525,6.0,196.0,2.24,41.27,Sandy Loam,16.03,81.06,0.09,Urea,2-3 weeks after planting (top dressing)
Mbeya_Vijijini,-8.91,33.48,6.2,312.0,2.69,58.49,Loam,18.66,72.75,0.0,No Fertilizer,No application needed
Mbeya_Vijijini,-8.55,33.66,5.8,288.0,2.16,43.27,Sandy Loam,17.71,86.58,6.4,NPK,At planting time (basal application)
Mbeya_Vijijini,-8.71,33.57,5.8,286.0,1.87,46.88,Clay Loam,16.03,81.06,0.09,No Fertilizer,No application needed
Mbeya_Vijijini,-8.87,33.39,5.6,396.0,1.58,43.85,Clay Loam,18.61,89.5,6.46,NPK,At planting time (basal application)
Mbeya_Vijijini,-8.75,33.48,5.9,286.0,2.34,42.38,Sandy Clay Loam,17.87,91.31,16.44,NPK,At planting time (basal application)
Mbeya_Vijijini,-8.55,33.615,5.8,208.0,2.34,34.66,Sandy Loam,18.82,77.16,2.74,Urea,2-3 weeks after planting (top dressing)
Mbeya_Vijijini,-8.91,33.57,5.9,330.0,1.76,72.45,Sandy Clay Loam,15.61,93.66,13.31,No Fertilizer,No application needed
Mbeya_Vijijini,-8.91,33.705,5.9,308.0,1.41,65.54,Sandy Clay Loam,17.48,82.15,0.39,No Fertilizer,No application needed
Mbeya_Vijijini,-8.55,33.3,6.0,252.0,3.14,50.48,Sandy Loam,13.47,73.56,0.0,Urea,2-3 weeks after planting (top dressing)
Mbeya_Vijijini,-8.75,33.705,5.9,280.0,2.52,68.24,Sandy Clay Loam,13.33,82.55,0.11,No Fertilizer,No application needed
Mbeya_Vijijini,-8.63,33.48,6.0,252.0,1.79,41.27,Sandy Loam,17.26,88.72,2.83,DAP,At planting time (basal application)
Mbeya_Vijijini,-8.67,33.57,6.1,208.0,2.08,42.38,Sandy Clay Loam,16.45,84.32,0.0,Urea,2-3 weeks after planting (top dressing)
Mbeya_Vijijini,-8.67,33.75,6.0,252.0,3.14,92.2,Sandy Clay Loam,12.43,69.75,0.0,Urea,2-3 weeks after planting (top dressing)
Mbeya_Vijijini,-8.95,33.705,5.7,460.0,2.24,53.88,Clay,19.45,65.01,0.0,No Fertilizer,No application needed
Mbeya_Vijijini,-8.75,33.3,5.9,286.0,2.34,51.82,Sandy Loam,15.34,71.58,0.0,No Fertilizer,No application needed
Mbeya_Vijijini,-8.79,33.525,5.7,374.0,1.76,39.67,Sandy Clay Loam,17.5,89.43,7.57,NPK,At planting time (basal application)
Mbeya_Vijijini,-8.63,33.525,6.0,196.0,2.24,41.27,Sandy Loam,15.65,79.24,0.0,Urea,2-3 weeks after planting (top dressing)
Mbeya_Vijijini,-8.59,33.39,6.0,224.0,2.24,45.64,Sandy Loam,20.68,67.59,0.0,Urea,2-3 weeks after planting (top dressing)
Mbeya_Vijijini,-8.87,33.615,5.8,288.0,1.54,58.49,Sandy Clay Loam,17.22,80.03,0.08,No Fertilizer,No application needed
Mbeya_Vijijini,-8.87,33.57,5.8,312.0,1.73,71.5,Sandy Clay Loam,17.48,90.11,30.66,No Fertilizer,No application needed
Mbeya_Vijijini,-8.75,33.57,5.8,288.0,1.92,35.38,Sandy Clay Loam,13.2,79.21,0.0,NPK,At planting time (basal application)
Mbeya_Vijijini,-8.67,33.48,6.0,224.0,2.52,50.48,Sandy Loam,19.12,88.43,9.64,Urea,2-3 weeks after planting (top dressing)
Mbeya_Vijijini,-8.75,33.435,6.0,286.0,2.08,51.82,Sandy Clay Loam,17.64,87.29,6.25,No Fertilizer,No application needed
Mbeya_Vijijini,-8.95,33.66,5.9,440.0,1.44,72.8,Clay Loam,18.03,71.34,0.0,No Fertilizer,No application needed
Mbeya_Vijijini,-8.55,33.435,6.0,208.0,2.08,42.38,Sandy Loam,18.92,71.35,1.32,Urea,2-3 weeks after planting (top dressing)
Mbeya_Vijijini,-8.91,33.3,6.0,234.0,2.6,63.36,Sandy Clay Loam,19.5,73.7,0.06,Urea,2-3 weeks after planting (top dressing)
Mbeya_Vijijini,-8.95,33.525,5.9,374.0,1.98,59.27,Sandy Clay Loam,17.15,86.95,5.02,No Fertilizer,No application needed
Mbeya_Vijijini,-8.95,33.705,5.7,460.0,2.24,53.88,Clay,18.04,77.51,0.48,No Fertilizer,No application needed
Mbeya_Vijijini,-8.75,33.705,5.9,280.0,2.52,68.24,Sandy Clay Loam,15.36,77.47,0.0,No Fertilizer,No application needed
Mbeya_Vijijini,-8.87,33.345,5.8,312.0,2.4,47.83,Sandy Clay Loam,16.91,88.42,15.98,No Fertilizer,No application needed
Mbeya_Vijijini,-8.91,33.705,5.9,308.0,1.41,65.54,Sandy Clay Loam,20.36,69.2,0.02,No Fertilizer,No application needed
Mbeya_Vijijini,-8.59,33.435,6.0,224.0,2.24,41.27,Sandy Loam,17.28,85.74,0.16,Urea,2-3 weeks after planting (top dressing)
Mbeya_Vijijini,-8.87,33.57,5.8,312.0,1.73,71.5,Sandy Clay Loam,17.35,81.81,14.45,No Fertilizer,No application needed
Mbeya_Vijijini,-8.55,33.75,6.4,280.0,2.8,92.2,Sandy Clay Loam,15.71,92.81,8.0,No Fertilizer,No application needed
Mbeya_Vijijini,-8.95,33.525,5.9,374.0,1.98,59.27,Sandy Clay Loam,17.83,92.12,48.0,No Fertilizer,No application needed
Mbeya_Vijijini,-8.59,33.345,6.1,208.0,2.91,51.82,Sandy Loam,19.32,74.12,0.76,Urea,2-3 weeks after planting (top dressing)
Mbeya_Vijijini,-8.75,33.57,5.8,288.0,1.92,35.38,Sandy Clay Loam,19.25,82.73,0.81,NPK,At planting time (basal application)
Mbeya_Vijijini,-8.55,33.66,5.8,288.0,2.16,43.27,Sandy Loam,18.26,86.28,3.44,NPK,At planting time (basal application)
Mbeya_Vijijini,-8.83,33.345,5.5,580.0,1.6,36.06,Sandy Clay Loam,13.01,71.23,0.0,NPK,At planting time (basal application)
Mbeya_Vijijini,-8.83,33.48,5.8,396.0,2.2,39.67,Sandy Clay Loam,17.37,86.4,0.38,NPK,At planting time (basal application)
Mbeya_Vijijini,-8.71,33.75,6.4,252.0,2.24,92.2,Sandy Clay Loam,14.76,74.48,0.0,Urea,2-3 weeks after planting (top dressing)
Mbeya_Vijijini,-8.75,33.525,5.8,312.0,1.92,39.12,Sandy Clay Loam,19.96,73.45,2.15,NPK,At planting time (basal application)
Mbeya_Vijijini,-8.55,33.39,5.9,286.0,2.08,46.88,Sandy Loam,17.0,92.24,23.91,No Fertilizer,No application needed
Mbeya_Vijijini,-8.79,33.66,5.9,286.0,2.34,57.3,Sandy Loam,18.3,84.39,17.15,No Fertilizer,No application needed
Mbeya_Vijijini,-8.71,33.48,5.9,260.0,1.87,42.38,Sandy Clay Loam,14.86,82.07,0.0,DAP,At planting time (basal application)
Mbeya_Vijijini,-8.55,33.435,6.0,208.0,2.08,42.38,Sandy Loam,18.73,85.72,0.73,Urea,2-3 weeks after planting (top dressing)
Mbeya_Vijijini,-8.79,33.39,5.8,312.0,1.92,43.27,Sandy Clay Loam,17.81,92.33,22.97,NPK,At planting time (basal application)
Mbeya_Vijijini,-8.59,33.345,6.1,208.0,2.91,51.82,Sandy Loam,13.67,84.41,0.79,Urea,2-3 weeks after planting (top dressing)
Mbeya_Vijijini,-8.95,33.705,5.7,460.0,2.24,53.88,Clay,14.17,81.69,0.02,No Fertilizer,No application needed
Mbeya_Vijijini,-8.91,33.75,5.9,418.0,1.76,53.61,Clay Loam,15.69,73.99,0.02,No Fertilizer,No application needed
Mbeya_Vijijini,-8.63,33.39,6.1,224.0,2.52,55.8,Sandy Loam,16.68,91.01,1.3,Urea,2-3 weeks after planting (top dressing)
Mbeya_Vijijini,-8.55,33.435,6.0,208.0,2.08,42.38,Sandy Loam,17.47,93.37,36.98,Urea,2-3 weeks after planting (top dressing)
Mbeya_Vijijini,-8.79,33.525,5.7,374.0,1.76,39.67,Sandy Clay Loam,17.28,89.86,8.81,NPK,At planting time (basal application)
Mbeya_Vijijini,-8.75,33.435,6.0,286.0,2.08,51.82,Sandy Clay Loam,19.76,72.15,0.07,No Fertilizer,No application needed
Mbeya_Vijijini,-8.91,33.615,5.9,308.0,1.58,65.54,Sandy Clay Loam,16.93,88.7,5.45,No Fertilizer,No application needed
Mbeya_Vijijini,-8.87,33.48,5.7,360.0,1.92,47.83,Sandy Clay Loam,16.45,73.92,0.15,No Fertilizer,No application needed
Mbeya_Vijijini,-8.55,33.435,6.0,208.0,2.08,42.38,Sandy Loam,17.4,92.47,11.99,Urea,2-3 weeks after planting (top dressing)
Mbeya_Vijijini,-8.87,33.39,5.6,396.0,1.58,43.85,Clay Loam,18.58,83.77,2.41,NPK,At planting time (basal application)
Mbeya_Vijijini,-8.91,33.435,6.0,288.0,2.69,64.66,Sandy Loam,13.73,76.27,0.01,No Fertilizer,No application needed
Mbeya_Vijijini,-8.87,33.39,5.6,396.0,1.58,43.85,Clay Loam,18.3,85.97,0.57,NPK,At planting time (basal application)
Mbeya_Vijijini,-8.55,33.66,5.8,288.0,2.16,43.27,Sandy Loam,17.31,86.59,7.82,NPK,At planting time (basal application)
Mbeya_Vijijini,-8.59,33.345,6.1,208.0,2.91,51.82,Sandy Loam,15.59,82.1,0.0,Urea,2-3 weeks after planting (top dressing)
Mbeya_Vijijini,-8.87,33.435,5.7,484.0,2.2,43.85,Sandy Clay Loam,18.53,84.41,7.58,NPK,At planting time (basal application)
Mbeya_Vijijini,-8.79,33.705,6.0,260.0,2.6,63.36,Sandy Loam,14.52,81.87,0.0,Urea,2-3 weeks after planting (top dressing)
Mbeya_Vijijini,-8.79,33.48,5.7,312.0,2.16,39.12,Sandy Clay Loam,18.77,87.54,5.15,NPK,At planting time (basal application)
Mbeya_Vijijini,-8.59,33.435,6.0,224.0,2.24,41.27,Sandy Loam,13.82,81.51,0.19,Urea,2-3 weeks after planting (top dressing)
Mbeya_Vijijini,-8.91,33.66,5.6,340.0,1.8,48.74,Clay Loam,12.62,79.0,0.03,No Fertilizer,No application needed
Mbeya_Vijijini,-8.71,33.705,6.0,252.0,2.52,75.43,Sandy Clay Loam,13.53,81.11,0.47,Urea,2-3 weeks after planting (top dressing)
Mbeya_Vijijini,-8.87,33.48,5.7,360.0,1.92,47.83,Sandy Clay Loam,19.42,82.64,0.85,No Fertilizer,No application needed
Mbeya_Vijijini,-8.91,33.66,5.6,340.0,1.8,48.74,Clay Loam,15.31,75.1,0.0,No Fertilizer,No application needed
Mbeya_Vijijini,-8.55,33.39,5.9,286.0,2.08,46.88,Sandy Loam,13.72,82.29,0.49,No Fertilizer,No application needed
Mbeya_Vijijini,-8.59,33.345,6.1,208.0,2.91,51.82,Sandy Loam,13.86,83.43,0.01,Urea,2-3 weeks after planting (top dressing)
Mbeya_Vijijini,-8.87,33.3,5.6,312.0,2.4,43.27,Sandy Clay Loam,18.48,80.48,1.81,NPK,At planting time (basal application)
Mbeya_Vijijini,-8.79,33.66,5.9,286.0,2.34,57.3,Sandy Loam,14.07,82.2,0.0,No Fertilizer,No application needed
Mbeya_Vijijini,-8.55,33.525,6.0,168.0,2.52,41.27,Sandy Loam,19.65,70.61,0.03,Urea,2-3 weeks after planting (top dressing)
Mbeya_Vijijini,-8.63,33.39,6.1,224.0,2.52,55.8,Sandy Loam,17.26,86.54,6.11,Urea,2-3 weeks after planting (top dressing)
Mbeya_Vijijini,-8.63,33.39,6.1,224.0,2.52,55.8,Sandy Loam,18.07,86.52,7.85,Urea,2-3 weeks after planting (top dressing)
Mbeya_Vijijini,-8.63,33.705,6.3,252.0,3.14,75.43,Sandy Loam,17.8,96.39,19.8,Urea,2-3 weeks after planting (top dressing)
Mbeya_Vijijini,-8.75,33.345,5.9,312.0,2.34,51.82,Sandy Clay Loam,13.8,80.57,0.0,No Fertilizer,No application needed
Mbeya_Vijijini,-8.55,33.615,5.8,208.0,2.34,34.66,Sandy Loam,18.7,86.97,5.97,Urea,2-3 weeks after planting (top dressing)
Mbeya_Vijijini,-8.75,33.39,6.0,286.0,2.08,46.88,Sandy Clay Loam,13.72,80.24,0.27,No Fertilizer,No application needed
Mbeya_Vijijini,-8.55,33.525,6.0,168.0,2.52,41.27,Sandy Loam,15.75,82.21,0.01,Urea,2-3 weeks after planting (top dressing)
Mbeya_Vijijini,-8.91,33.705,5.9,308.0,1.41,65.54,Sandy Clay Loam,13.05,70.39,0.0,No Fertilizer,No application needed
Mbeya_Vijijini,-8.83,33.39,5.5,572.0,1.98,48.49,Sandy Clay Loam,17.83,85.58,32.5,No Fertilizer,No application needed
Mbeya_Vijijini,-8.67,33.705,6.2,234.0,2.6,63.36,Sandy Loam,17.24,90.31,6.28,Urea,2-3 weeks after planting (top dressing)
Mbeya_Vijijini,-8.83,33.345,5.5,580.0,1.6,36.06,Sandy Clay Loam,16.57,83.7,0.04,NPK,At planting time (basal application)
Mbeya_Vijijini,-8.55,33.66,5.8,288.0,2.16,43.27,Sandy Loam,13.29,73.46,0.0,NPK,At planting time (basal application)
Mbeya_Vijijini,-8.75,33.48,5.9,286.0,2.34,42.38,Sandy Clay Loam,17.71,85.67,14.57,NPK,At planting time (basal application)
Mbeya_Vijijini,-8.83,33.525,5.6,624.0,2.16,47.83,Sandy Clay Loam,15.69,81.05,0.58,No Fertilizer,No application needed
Mbeya_Vijijini,-8.87,33.75,5.8,312.0,2.16,52.9,Sandy Clay Loam,16.03,84.9,1.93,No Fertilizer,No application needed
Mbeya_Vijijini,-8.87,33.66,5.9,312.0,2.08,70.04,Sandy Clay Loam,17.69,86.67,1.85,No Fertilizer,No application needed
Mbeya_Vijijini,-8.95,33.345,6.0,260.0,2.91,63.36,Sandy Clay Loam,17.22,89.93,6.5,Urea,2-3 weeks after planting (top dressing)
Mbeya_Vijijini,-8.91,33.615,5.9,308.0,1.58,65.54,Sandy Clay Loam,18.75,74.21,6.31,No Fertilizer,No application needed
Mbeya_Vijijini,-8.59,33.57,5.9,208.0,2.6,38.32,Sandy Loam,13.43,82.09,0.09,Urea,2-3 weeks after planting (top dressing)
Mbeya_Vijijini,-8.79,33.3,5.7,360.0,2.4,39.12,Clay Loam,18.73,82.01,24.02,NPK,At planting time (basal application)
Mbeya_Vijijini,-8.67,33.48,6.0,224.0,2.52,50.48,Sandy Loam,12.49,78.91,0.01,Urea,2-3 weeks after planting (top dressing)
Mbeya_Vijijini,-8.87,33.705,5.7,288.0,2.4,58.49,Sandy Clay Loam,16.31,86.8,0.06,No Fertilizer,No application needed
Mbeya_Vijijini,-8.59,33.525,5.9,224.0,2.52,41.27,Sandy Loam,14.2,82.52,0.24,Urea,2-3 weeks after planting (top dressing)
Mbeya_Vijijini,-8.67,33.48,6.0,224.0,2.52,50.48,Sandy Loam,14.12,75.66,0.0,Urea,2-3 weeks after planting (top dressing)
Mbeya_Vijijini,-8.95,33.435,5.9,338.0,2.34,70.04,Sandy Clay Loam,13.98,81.91,0.03,No Fertilizer,No application needed
Mbeya_Vijijini,-8.83,33.525,5.6,624.0,2.16,47.83,Sandy Clay Loam,19.11,83.04,0.88,No Fertilizer,No application needed
Mbeya_Vijijini,-8.71,33.435,6.0,260.0,2.08,51.82,Sandy Clay Loam,15.7,79.58,0.0,Urea,2-3 weeks after planting (top dressing)
Mbeya_Vijijini,-8.55,33.3,6.0,252.0,3.14,50.48,Sandy Loam,18.16,83.04,7.29,Urea,2-3 weeks after planting (top dressing)
Mbeya_Vijijini,-8.95,33.345,6.0,260.0,2.91,63.36,Sandy Clay Loam,17.12,88.66,20.99,Urea,2-3 weeks after planting (top dressing)
Mbeya_Vijijini,-8.79,33.66,5.9,286.0,2.34,57.3,Sandy Loam,14.66,84.75,46.7,No Fertilizer,No application needed
Mbeya_Vijijini,-8.67,33.525,6.0,196.0,2.24,45.64,Sandy Clay Loam,16.84,75.65,0.0,Urea,2-3 weeks after planting (top dressing)
Mbeya_Vijijini,-8.71,33.615,6.1,196.0,2.24,50.48,Sandy Loam,16.42,88.92,31.13,Urea,2-3 weeks after planting (top dressing)
Mbeya_Vijijini,-8.75,33.705,5.9,280.0,2.52,68.24,Sandy Clay Loam,17.44,85.22,1.03,No Fertilizer,No application needed
Mbeya_Vijijini,-8.59,33.39,6.0,224.0,2.24,45.64,Sandy Loam,17.86,85.22,9.81,Urea,2-3 weeks after planting (top dressing)
Mbeya_Vijijini,-8.75,33.39,6.0,286.0,2.08,46.88,Sandy Clay Loam,12.39,75.61,0.0,No Fertilizer,No application needed
Mbeya_Vijijini,-8.67,33.57,6.1,208.0,2.08,42.38,Sandy Clay Loam,13.2,79.21,0.0,Urea,2-3 weeks after planting (top dressing)
Mbeya_Vijijini,-8.87,33.525,5.9,352.0,1.98,39.67,Clay Loam,18.36,83.71,24.79,NPK,At planting time (basal application)
Mbeya_Vijijini,-8.87,33.615,5.8,288.0,1.54,58.49,Sandy Clay Loam,16.39,90.12,9.78,No Fertilizer,No application needed
Mbeya_Vijijini,-8.91,33.435,6.0,288.0,2.69,64.66,Sandy Loam,14.05,61.25,0.0,No Fertilizer,No application needed
Mbeya_Vijijini,-8.71,33.66,6.2,252.0,2.8,61.71,Loam,13.82,79.95,0.04,Urea,2-3 weeks after planting (top dressing)
Mbeya_Vijijini,-8.71,33.39,5.9,288.0,1.92,43.27,Sandy Clay Loam,18.04,87.82,7.93,NPK,At planting time (basal application)
Mbeya_Vijijini,-8.95,33.435,5.9,338.0,2.34,70.04,Sandy Clay Loam,13.75,75.47,0.0,No Fertilizer,No application needed
Mbeya_Vijijini,-8.83,33.75,5.8,312.0,1.48,57.3,Sandy Clay Loam,18.47,87.76,4.85,No Fertilizer,No application needed
Mbeya_Vijijini,-8.63,33.66,5.9,264.0,1.92,43.27,Sandy Clay Loam,17.42,90.72,5.68,NPK,At planting time (basal application)
Mbeya_Vijijini,-8.95,33.615,5.7,414.0,1.44,72.43,Clay Loam,11.74,84.09,0.0,No Fertilizer,No application needed
Mbeya_Vijijini,-8.83,33.3,5.5,440.0,2.2,32.43,Sandy Clay Loam,16.91,88.42,15.98,NPK,At planting time (basal application)
Mbeya_Vijijini,-8.67,33.66,6.1,224.0,2.24,61.71,Sandy Loam,18.32,87.32,4.91,Urea,2-3 weeks after planting (top dressing)
Mbeya_Vijijini,-8.91,33.345,6.0,286.0,2.91,57.3,Sandy Clay Loam,19.83,75.66,0.19,No Fertilizer,No application needed
Mbeya_Vijijini,-8.87,33.525,5.9,352.0,1.98,39.67,Clay Loam,18.78,87.37,30.02,NPK,At planting time (basal application)
Mbeya_Vijijini,-8.55,33.3,6.0,252.0,3.14,50.48,Sandy Loam,18.33,88.3,14.37,Urea,2-3 weeks after planting (top dressing)
Mbeya_Vijijini,-8.83,33.525,5.6,624.0,2.16,47.83,Sandy Clay Loam,12.82,78.55,0.01,No Fertilizer,No application needed
Mbeya_Vijijini,-8.83,33.705,5.8,312.0,2.34,57.3,Sandy Clay Loam,12.71,71.07,0.0,No Fertilizer,No application needed
Mbeya_Vijijini,-8.59,33.525,5.9,224.0,2.52,41.27,Sandy Loam,16.38,80.69,0.72,Urea,2-3 weeks after planting (top dressing)
Mbeya_Vijijini,-8.79,33.705,6.0,260.0,2.6,63.36,Sandy Loam,17.55,87.67,4.23,Urea,2-3 weeks after planting (top dressing)
Mbeya_Vijijini,-8.95,33.48,5.9,360.0,1.54,87.36,Sandy Clay Loam,18.73,86.03,4.0,No Fertilizer,No application needed
Mbeya_Vijijini,-8.59,33.525,5.9,224.0,2.52,41.27,Sandy Loam,16.96,85.39,3.51,Urea,2-3 weeks after planting (top dressing)
Mbeya_Vijijini,-8.59,33.39,6.0,224.0,2.24,45.64,Sandy Loam,12.29,82.45,0.03,Urea,2-3 weeks after planting (top dressing)
Mbeya_Vijijini,-8.83,33.615,6.0,264.0,2.16,58.49,Sandy Clay Loam,17.06,87.82,28.35,No Fertilizer,No application needed
Mbeya_Vijijini,-8.71,33.435,6.0,260.0,2.08,51.82,Sandy Clay Loam,19.4,66.9,1.62,Urea,2-3 weeks after planting (top dressing)
Mbeya_Vijijini,-8.91,33.615,5.9,308.0,1.58,65.54,Sandy Clay Loam,16.54,69.04,0.01,No Fertilizer,No application needed
Mbeya_Vijijini,-8.79,33.345,5.6,312.0,2.16,43.27,Sandy Clay Loam,20.36,69.2,0.02,NPK,At planting time (basal application)
Mbeya_Vijijini,-8.87,33.435,5.7,484.0,2.2,43.85,Sandy Clay Loam,17.4,92.35,25.64,NPK,At planting time (basal application)
Mbeya_Vijijini,-8.91,33.57,5.9,330.0,1.76,72.45,Sandy Clay Loam,17.21,93.67,65.83,No Fertilizer,No application needed
Mbeya_Vijijini,-8.59,33.75,6.3,252.0,3.14,68.24,Sandy Loam,18.19,83.78,2.07,Urea,2-3 weeks after planting (top dressing)
Mbeya_Vijijini,-8.75,33.39,6.0,286.0,2.08,46.88,Sandy Clay Loam,12.8,80.04,0.0,No Fertilizer,No application needed
Mbeya_Vijijini,-8.75,33.525,5.8,312.0,1.92,39.12,Sandy Clay Loam,17.68,80.98,0.03,NPK,At planting time (basal application)
Mbeya_Vijijini,-8.59,33.435,6.0,224.0,2.24,41.27,Sandy Loam,15.69,73.99,0.02,Urea,2-3 weeks after planting (top dressing)
Mbeya_Vijijini,-8.79,33.75,6.1,286.0,2.91,57.3,Sandy Loam,12.56,81.31,0.0,No Fertilizer,No application needed
Mbeya_Vijijini,-8.59,33.66,5.8,264.0,1.92,39.12,Sandy Clay Loam,13.0,74.07,0.0,NPK,At planting time (basal application)
Mbeya_Vijijini,-8.87,33.57,5.8,312.0,1.73,71.5,Sandy Clay Loam,18.51,73.04,0.07,No Fertilizer,No application needed
Mbeya_Vijijini,-8.63,33.39,6.1,224.0,2.52,55.8,Sandy Loam,16.69,66.86,0.0,Urea,2-3 weeks after planting (top dressing)
Mbeya_Vijijini,-8.91,33.705,5.9,308.0,1.41,65.54,Sandy Clay Loam,17.78,70.49,0.0,No Fertilizer,No application needed
Mbeya_Vijijini,-8.71,33.3,6.1,224.0,3.14,61.71,Sandy Loam,19.15,82.96,2.74,Urea,2-3 weeks after planting (top dressing)
Mbeya_Vijijini,-8.67,33.48,6.0,224.0,2.52,50.48,Sandy Loam,18.53,83.49,7.08,Urea,2-3 weeks after planting (top dressing)
Mbeya_Vijijini,-8.67,33.57,6.1,208.0,2.08,42.38,Sandy Clay Loam,13.39,78.71,0.0,Urea,2-3 weeks after planting (top dressing)
Mbeya_Vijijini,-8.91,33.66,5.6,340.0,1.8,48.74,Clay Loam,15.53,81.63,0.02,No Fertilizer,No application needed
Mbeya_Vijijini,-8.95,33.66,5.9,440.0,1.44,72.8,Clay Loam,14.06,61.1,0.0,No Fertilizer,No application needed
Mbeya_Vijijini,-8.79,33.525,5.7,374.0,1.76,39.67,Sandy Clay Loam,17.12,87.09,5.02,NPK,At planting time (basal application)
Mbeya_Vijijini,-8.83,33.57,5.8,288.0,1.92,47.83,Sandy Clay Loam,16.45,93.25,18.41,No Fertilizer,No application needed
Mbeya_Vijijini,-8.79,33.48,5.7,312.0,2.16,39.12,Sandy Clay Loam,18.3,80.96,1.79,NPK,At planting time (basal application)
Mbeya_Vijijini,-8.79,33.66,5.9,286.0,2.34,57.3,Sandy Loam,12.06,80.18,0.28,No Fertilizer,No application needed
Mbeya_Vijijini,-8.95,33.75,5.8,520.0,1.8,53.88,Clay Loam,16.16,91.99,15.55,No Fertilizer,No application needed
Mbeya_Vijijini,-8.75,33.48,5.9,286.0,2.34,42.38,Sandy Clay Loam,18.67,66.34,0.0,NPK,At planting time (basal application)
Mbeya_Vijijini,-8.79,33.75,6.1,286.0,2.91,57.3,Sandy Loam,18.61,69.51,0.48,No Fertilizer,No application needed
Mbeya_Vijijini,-8.63,33.39,6.1,224.0,2.52,55.8,Sandy Loam,13.94,77.99,0.0,Urea,2-3 weeks after planting (top dressing)
Mbeya_Vijijini,-8.87,33.705,5.7,288.0,2.4,58.49,Sandy Clay Loam,17.64,89.38,7.4,No Fertilizer,No application needed
Mbeya_Vijijini,-8.59,33.615,5.8,240.0,1.92,35.38,Sandy Clay Loam,15.91,85.41,0.64,DAP,At planting time (basal application)
Mbeya_Vijijini,-8.63,33.66,5.9,264.0,1.92,43.27,Sandy Clay Loam,16.73,94.72,13.9,NPK,At planting time (basal application)
Mbeya_Vijijini,-8.63,33.705,6.3,252.0,3.14,75.43,Sandy Loam,16.96,83.17,1.73,Urea,2-3 weeks after planting (top dressing)
Mbeya_Vijijini,-8.79,33.57,6.0,312.0,2.16,43.27,Sandy Clay Loam,13.29,73.46,0.0,NPK,At planting time (basal application)
Mbeya_Vijijini,-8.71,33.525,5.8,286.0,1.66,46.88,Sandy Clay Loam,13.85,75.65,0.0,No Fertilizer,No application needed
Mbeya_Vijijini,-8.91,33.39,5.7,384.0,2.4,58.49,Sandy Clay Loam,14.5,80.01,0.0,No Fertilizer,No application needed
Mbeya_Vijijini,-8.95,33.48,5.9,360.0,1.54,87.36,Sandy Clay Loam,17.89,87.34,2.81,No Fertilizer,No application needed
Mbeya_Vijijini,-8.67,33.75,6.0,252.0,3.14,92.2,Sandy Clay Loam,19.29,85.29,5.81,Urea,2-3 weeks after planting (top dressing)
Mbeya_Vijijini,-8.67,33.615,5.9,264.0,2.16,35.38,Sandy Clay Loam,12.74,82.77,0.05,NPK,At planting time (basal application)
Mbeya_Vijijini,-8.83,33.705,5.8,312.0,2.34,57.3,Sandy Clay Loam,17.67,79.41,8.37,No Fertilizer,No application needed
Mbeya_Vijijini,-8.79,33.39,5.8,312.0,1.92,43.27,Sandy Clay Loam,17.86,75.39,0.8,NPK,At planting time (basal application)
Mbeya_Vijijini,-8.75,33.66,6.0,252.0,2.52,61.71,Sandy Clay Loam,18.27,86.31,2.11,Urea,2-3 weeks after planting (top dressing)
Mbeya_Vijijini,-8.71,33.345,6.0,260.0,2.6,51.82,Sandy Loam,17.98,88.75,47.77,Urea,2-3 weeks after planting (top dressing)
Mbeya_Vijijini,-8.59,33.39,6.0,224.0,2.24,45.64,Sandy Loam,17.4,80.17,1.84,Urea,2-3 weeks after planting (top dressing)
Mbeya_Vijijini,-8.79,33.525,5.7,374.0,1.76,39.67,Sandy Clay Loam,17.92,88.39,4.62,NPK,At planting time (basal application)
Mbeya_Vijijini,-8.91,33.525,5.9,336.0,1.73,71.5,Sandy Clay Loam,14.67,77.14,0.36,No Fertilizer,No application needed
Mbeya_Vijijini,-8.75,33.435,6.0,286.0,2.08,51.82,Sandy Clay Loam,16.02,73.5,0.0,No Fertilizer,No application needed
Mbeya_Vijijini,-8.67,33.705,6.2,234.0,2.6,63.36,Sandy Loam,18.17,81.38,11.78,Urea,2-3 weeks after planting (top dressing)
Mbeya_Vijijini,-8.83,33.3,5.5,440.0,2.2,32.43,Sandy Clay Loam,17.78,86.07,16.25,NPK,At planting time (basal application)
Mbeya_Vijijini,-8.79,33.57,6.0,312.0,2.16,43.27,Sandy Clay Loam,12.76,75.09,0.01,NPK,At planting time (basal application)
Mbeya_Vijijini,-8.75,33.57,5.8,288.0,1.92,35.38,Sandy Clay Loam,17.33,90.22,9.35,NPK,At planting time (basal application)
Mbeya_Vijijini,-8.79,33.66,5.9,286.0,2.34,57.3,Sandy Loam,14.63,75.55,0.0,No Fertilizer,No application needed
Mbeya_Vijijini,-8.67,33.66,6.1,224.0,2.24,61.71,Sandy Loam,16.97,91.01,13.63,Urea,2-3 weeks after planting (top dressing)
Mbeya_Vijijini,-8.63,33.66,5.9,264.0,1.92,43.27,Sandy Clay Loam,17.64,86.14,1.54,NPK,At planting time (basal application)
Mbeya_Vijijini,-8.87,33.39,5.6,396.0,1.58,43.85,Clay Loam,18.02,78.51,1.58,NPK,At planting time (basal application)
Mbeya_Vijijini,-8.71,33.525,5.8,286.0,1.66,46.88,Sandy Clay Loam,17.22,88.06,6.17,No Fertilizer,No application needed
Mbeya_Vijijini,-8.71,33.48,5.9,260.0,1.87,42.38,Sandy Clay Loam,16.22,67.39,0.0,DAP,At planting time (basal application)
Mbeya_Vijijini,-8.79,33.66,5.9,286.0,2.34,57.3,Sandy Loam,17.55,86.66,11.8,No Fertilizer,No application needed
Mbeya_Vijijini,-8.83,33.435,5.7,484.0,1.76,35.86,Sandy Clay Loam,16.75,76.73,1.28,NPK,At planting time (basal application)
Mbeya_Vijijini,-8.71,33.615,6.1,196.0,2.24,50.48,Sandy Loam,17.5,91.96,11.23,Urea,2-3 weeks after planting (top dressing)
Mbeya_Vijijini,-8.87,33.75,5.8,312.0,2.16,52.9,Sandy Clay Loam,15.52,81.78,0.0,No Fertilizer,No application needed
Mbeya_Vijijini,-8.91,33.525,5.9,336.0,1.73,71.5,Sandy Clay Loam,16.89,89.54,12.57,No Fertilizer,No application needed
Mbeya_Vijijini,-8.67,33.3,6.1,312.0,2.91,51.82,Sandy Loam,16.62,83.94,0.04,No Fertilizer,No application needed
Mbeya_Vijijini,-8.71,33.66,6.2,252.0,2.8,61.71,Loam,14.46,83.33,43.53,Urea,2-3 weeks after planting (top dressing)
Mbeya_Vijijini,-8.83,33.57,5.8,288.0,1.92,47.83,Sandy Clay Loam,18.95,84.22,2.23,No Fertilizer,No application needed
Mbeya_Vijijini,-8.83,33.48,5.8,396.0,2.2,39.67,Sandy Clay Loam,20.49,69.61,0.06,NPK,At planting time (basal application)
Mbeya_Vijijini,-8.87,33.48,5.7,360.0,1.92,47.83,Sandy Clay Loam,13.44,82.53,0.0,No Fertilizer,No application needed
Mbeya_Vijijini,-8.95,33.66,5.9,440.0,1.44,72.8,Clay Loam,13.23,73.23,0.0,No Fertilizer,No application needed
Mbeya_Vijijini,-8.95,33.66,5.9,440.0,1.44,72.8,Clay Loam,15.19,71.02,0.0,No Fertilizer,No application needed
Mbeya_Vijijini,-8.95,33.57,5.8,440.0,1.6,65.86,Clay Loam,16.83,78.21,0.06,No Fertilizer,No application needed
Mbeya_Vijijini,-8.79,33.435,5.7,308.0,1.98,35.86,Sandy Clay Loam,16.1,91.37,34.45,NPK,At planting time (basal application)
Mbeya_Vijijini,-8.83,33.75,5.8,312.0,1.48,57.3,Sandy Clay Loam,15.78,84.57,8.93,No Fertilizer,No application needed
Mbeya_Vijijini,-8.87,33.75,5.8,312.0,2.16,52.9,Sandy Clay Loam,12.49,72.46,0.0,No Fertilizer,No application needed
Mbeya_Vijijini,-8.91,33.75,5.9,418.0,1.76,53.61,Clay Loam,19.27,74.04,0.15,No Fertilizer,No application needed
Mbeya_Vijijini,-8.91,33.3,6.0,234.0,2.6,63.36,Sandy Clay Loam,18.86,82.0,19.33,Urea,2-3 weeks after planting (top dressing)
Mbeya_Vijijini,-8.67,33.75,6.0,252.0,3.14,92.2,Sandy Clay Loam,16.7,92.77,23.68,Urea,2-3 weeks after planting (top dressing)
Mbeya_Vijijini,-8.91,33.615,5.9,308.0,1.58,65.54,Sandy Clay Loam,14.73,79.44,0.07,No Fertilizer,No application needed
Mbeya_Vijijini,-8.71,33.3,6.1,224.0,3.14,61.71,Sandy Loam,17.82,83.89,48.84,Urea,2-3 weeks after planting (top dressing)
Mbeya_Vijijini,-8.67,33.3,6.1,312.0,2.91,51.82,Sandy Loam,14.05,73.81,0.0,No Fertilizer,No application needed
Mbeya_Vijijini,-8.59,33.57,5.9,208.0,2.6,38.32,Sandy Loam,13.82,82.22,0.0,Urea,2-3 weeks after planting (top dressing)
Mbeya_Vijijini,-8.87,33.48,5.7,360.0,1.92,47.83,Sandy Clay Loam,13.09,80.51,0.0,No Fertilizer,No application needed
Mbeya_Vijijini,-8.75,33.39,6.0,286.0,2.08,46.88,Sandy Clay Loam,16.88,61.63,0.0,No Fertilizer,No application needed
Mbeya_Vijijini,-8.71,33.615,6.1,196.0,2.24,50.48,Sandy Loam,13.46,85.13,1.1,Urea,2-3 weeks after planting (top dressing)
Mbeya_Vijijini,-8.79,33.345,5.6,312.0,2.16,43.27,Sandy Clay Loam,19.36,70.34,0.03,NPK,At planting time (basal application)
Mbeya_Vijijini,-8.63,33.705,6.3,252.0,3.14,75.43,Sandy Loam,16.96,83.17,1.73,Urea,2-3 weeks after planting (top dressing)
Mbeya_Vijijini,-8.91,33.705,5.9,308.0,1.41,65.54,Sandy Clay Loam,18.92,71.35,1.32,No Fertilizer,No application needed
Mbeya_Vijijini,-8.79,33.525,5.7,374.0,1.76,39.67,Sandy Clay Loam,13.82,82.22,0.0,NPK,At planting time (basal application)
Mbeya_Vijijini,-8.87,33.345,5.8,312.0,2.4,47.83,Sandy Clay Loam,15.91,83.6,0.63,No Fertilizer,No application needed
Mbeya_Vijijini,-8.59,33.3,5.9,286.0,2.34,46.88,Sandy Loam,12.62,83.07,0.15,No Fertilizer,No application needed
Mbeya_Vijijini,-8.75,33.525,5.8,312.0,1.92,39.12,Sandy Clay Loam,19.31,83.58,0.55,NPK,At planting time (basal application)
Mbeya_Vijijini,-8.75,33.48,5.9,286.0,2.34,42.38,Sandy Clay Loam,20.3,70.32,0.19,NPK,At planting time (basal application)
Mbeya_Vijijini,-8.79,33.525,5.7,374.0,1.76,39.67,Sandy Clay Loam,16.68,91.01,1.3,NPK,At planting time (basal application)
Mbeya_Vijijini,-8.87,33.615,5.8,288.0,1.54,58.49,Sandy Clay Loam,17.56,89.35,7.82,No Fertilizer,No application needed
Mbeya_Vijijini,-8.59,33.48,5.8,196.0,2.24,41.27,Sandy Loam,18.09,87.19,51.33,Urea,2-3 weeks after planting (top dressing)
Mbeya_Vijijini,-8.87,33.345,5.8,312.0,2.4,47.83,Sandy Clay Loam,19.27,75.68,0.13,No Fertilizer,No application needed
Mbeya_Vijijini,-8.59,33.435,6.0,224.0,2.24,41.27,Sandy Loam,11.59,77.08,0.03,Urea,2-3 weeks after planting (top dressing)
Mbeya_Vijijini,-8.83,33.705,5.8,312.0,2.34,57.3,Sandy Clay Loam,18.91,82.84,6.65,No Fertilizer,No application needed
Mbeya_Vijijini,-8.63,33.705,6.3,252.0,3.14,75.43,Sandy Loam,17.36,92.88,24.55,Urea,2-3 weeks after planting (top dressing)
Mbeya_Vijijini,-8.63,33.705,6.3,252.0,3.14,75.43,Sandy Loam,12.07,80.82,0.59,Urea,2-3 weeks after planting (top dressing)
Mbeya_Vijijini,-8.55,33.345,5.9,260.0,2.6,51.82,Sandy Loam,17.52,86.06,0.43,Urea,2-3 weeks after planting (top dressing)
Mbeya_Vijijini,-8.71,33.3,6.1,224.0,3.14,61.71,Sandy Loam,10.48,83.9,7.68,Urea,2-3 weeks after planting (top dressing)
Mbeya_Vijijini,-8.67,33.66,6.1,224.0,2.24,61.71,Sandy Loam,17.24,65.59,0.23,Urea,2-3 weeks after planting (top dressing)
Mbeya_Vijijini,-8.75,33.3,5.9,286.0,2.34,51.82,Sandy Loam,19.88,63.37,0.0,No Fertilizer,No application needed
Mbeya_Vijijini,-8.59,33.75,6.3,252.0,3.14,68.24,Sandy Loam,14.38,70.93,0.02,Urea,2-3 weeks after planting (top dressing)
Mbeya_Vijijini,-8.95,33.345,6.0,260.0,2.91,63.36,Sandy Clay Loam,17.27,84.23,12.84,Urea,2-3 weeks after planting (top dressing)
Mbeya_Vijijini,-8.79,33.345,5.6,312.0,2.16,43.27,Sandy Clay Loam,17.59,87.74,4.02,NPK,At planting time (basal application)
Mbeya_Vijijini,-8.63,33.615,5.9,216.0,2.69,31.99,Sandy Clay Loam,17.4,80.17,1.84,Urea,2-3 weeks after planting (top dressing)
Mbeya_Vijijini,-8.83,33.48,5.8,396.0,2.2,39.67,Sandy Clay Loam,17.7,87.92,0.96,NPK,At planting time (basal application)
Mbeya_Vijijini,-8.67,33.615,5.9,264.0,2.16,35.38,Sandy Clay Loam,18.61,89.08,30.63,NPK,At planting time (basal application)
Mbeya_Vijijini,-8.79,33.48,5.7,312.0,2.16,39.12,Sandy Clay Loam,13.43,72.86,0.0,NPK,At planting time (basal application)
Mbeya_Vijijini,-8.63,33.75,6.1,196.0,2.24,75.43,Sandy Loam,13.24,82.01,0.12,Urea,2-3 weeks after planting (top dressing)
Mbeya_Vijijini,-8.79,33.435,5.7,308.0,1.98,35.86,Sandy Clay Loam,13.85,80.55,0.13,NPK,At planting time (basal application)
Mbeya_Vijijini,-8.59,33.435,6.0,224.0,2.24,41.27,Sandy Loam,14.78,80.97,0.65,Urea,2-3 weeks after planting (top dressing)
Mbeya_Vijijini,-8.83,33.75,5.8,312.0,1.48,57.3,Sandy Clay Loam,13.17,74.19,0.12,No Fertilizer,No application needed
Mbeya_Vijijini,-8.55,33.57,5.9,260.0,2.08,46.88,Sandy Clay Loam,16.64,94.48,20.5,Urea,2-3 weeks after planting (top dressing)
Mbeya_Vijijini,-8.55,33.57,5.9,260.0,2.08,46.88,Sandy Clay Loam,13.5,82.99,0.17,Urea,2-3 weeks after planting (top dressing)
Mbeya_Vijijini,-8.71,33.705,6.0,252.0,2.52,75.43,Sandy Clay Loam,13.27,79.22,0.0,Urea,2-3 weeks after planting (top dressing)
Mbeya_Vijijini,-8.95,33.48,5.9,360.0,1.54,87.36,Sandy Clay Loam,16.93,88.17,8.41,No Fertilizer,No application needed
Mbeya_Vijijini,-8.71,33.705,6.0,252.0,2.52,75.43,Sandy Clay Loam,13.73,76.27,0.01,Urea,2-3 weeks after planting (top dressing)
Mbeya_Vijijini,-8.67,33.48,6.0,224.0,2.52,50.48,Sandy Loam,11.93,75.65,0.0,Urea,2-3 weeks after planting (top dressing)
Mbeya_Vijijini,-8.75,33.75,6.1,260.0,2.91,63.36,Sandy Clay Loam,14.77,71.48,0.0,Urea,2-3 weeks after planting (top dressing)
Mbeya_Vijijini,-8.75,33.57,5.8,288.0,1.92,35.38,Sandy Clay Loam,17.67,73.37,0.21,NPK,At planting time (basal application)
Mbeya_Vijijini,-8.91,33.615,5.9,308.0,1.58,65.54,Sandy Clay Loam,12.26,77.47,0.0,No Fertilizer,No application needed
Mbeya_Vijijini,-8.87,33.615,5.8,288.0,1.54,58.49,Sandy Clay Loam,20.08,67.33,0.06,No Fertilizer,No application needed
Mbeya_Vijijini,-8.59,33.48,5.8,196.0,2.24,41.27,Sandy Loam,14.8,71.39,0.0,Urea,2-3 weeks after planting (top dressing)
Mbeya_Vijijini,-8.87,33.39,5.6,396.0,1.58,43.85,Clay Loam,16.88,76.08,0.19,NPK,At planting time (basal application)
Mbeya_Vijijini,-8.83,33.435,5.7,484.0,1.76,35.86,Sandy Clay Loam,15.23,80.5,0.05,NPK,At planting time (basal application)
Mbeya_Vijijini,-8.87,33.66,5.9,312.0,2.08,70.04,Sandy Clay Loam,18.38,70.27,0.03,No Fertilizer,No application needed
Mbeya_Vijijini,-8.87,33.525,5.9,352.0,1.98,39.67,Clay Loam,15.1,80.08,0.0,NPK,At planting time (basal application)
Mbeya_Vijijini,-8.71,33.75,6.4,252.0,2.24,92.2,Sandy Clay Loam,18.49,75.03,0.31,Urea,2-3 weeks after planting (top dressing)
Mbeya_Vijijini,-8.71,33.75,6.4,252.0,2.24,92.2,Sandy Clay Loam,16.62,85.63,0.28,Urea,2-3 weeks after planting (top dressing)
Mbeya_Vijijini,-8.67,33.435,5.9,264.0,1.92,43.27,Sandy Clay Loam,12.92,80.01,0.0,NPK,At planting time (basal application)
Mbeya_Vijijini,-8.67,33.525,6.0,196.0,2.24,45.64,Sandy Clay Loam,14.13,83.46,0.0,Urea,2-3 weeks after planting (top dressing)
Mbeya_Vijijini,-8.59,33.3,5.9,286.0,2.34,46.88,Sandy Loam,17.5,92.27,8.17,No Fertilizer,No application needed
Mbeya_Vijijini,-8.87,33.435,5.7,484.0,2.2,43.85,Sandy Clay Loam,17.89,87.34,2.81,NPK,At planting time (basal application)
Mbeya_Vijijini,-8.87,33.3,5.6,312.0,2.4,43.27,Sandy Clay Loam,18.5,81.05,2.13,NPK,At planting time (basal application)
Mbeya_Vijijini,-8.79,33.345,5.6,312.0,2.16,43.27,Sandy Clay Loam,18.34,85.62,6.15,NPK,At planting time (basal application)
Mbeya_Vijijini,-8.75,33.39,6.0,286.0,2.08,46.88,Sandy Clay Loam,14.43,82.17,0.14,No Fertilizer,No application needed
Mbeya_Vijijini,-8.67,33.345,5.8,286.0,2.34,51.82,Sandy Loam,16.89,69.27,1.35,No Fertilizer,No application needed
Mbeya_Vijijini,-8.71,33.705,6.0,252.0,2.52,75.43,Sandy Clay Loam,17.61,71.74,0.8,Urea,2-3 weeks after planting (top dressing)
Mbeya_Vijijini,-8.91,33.66,5.6,340.0,1.8,48.74,Clay Loam,11.96,79.58,0.61,No Fertilizer,No application needed
Mbeya_Vijijini,-8.59,33.75,6.3,252.0,3.14,68.24,Sandy Loam,17.89,85.69,5.51,Urea,2-3 weeks after planting (top dressing)
Mbeya_Vijijini,-8.59,33.435,6.0,224.0,2.24,41.27,Sandy Loam,18.39,85.97,13.74,Urea,2-3 weeks after planting (top dressing)
Mbeya_Vijijini,-8.95,33.39,5.7,336.0,1.73,71.5,Sandy Clay Loam,11.82,81.39,0.03,No Fertilizer,No application needed
Mbeya_Vijijini,-8.91,33.615,5.9,308.0,1.58,65.54,Sandy Clay Loam,15.88,67.7,0.0,No Fertilizer,No application needed
Mbeya_Vijijini,-8.71,33.57,5.8,286.0,1.87,46.88,Clay Loam,16.88,89.39,2.63,No Fertilizer,No application needed
Mbeya_Vijijini,-8.71,33.3,6.1,224.0,3.14,61.71,Sandy Loam,18.27,86.31,2.11,Urea,2-3 weeks after planting (top dressing)
Mbeya_Vijijini,-8.83,33.435,5.7,484.0,1.76,35.86,Sandy Clay Loam,12.82,78.47,0.0,NPK,At planting time (basal application)
Mbeya_Vijijini,-8.79,33.705,6.0,260.0,2.6,63.36,Sandy Loam,18.1,79.6,1.06,Urea,2-3 weeks after planting (top dressing)
Mbeya_Vijijini,-8.87,33.345,5.8,312.0,2.4,47.83,Sandy Clay Loam,15.7,80.15,0.02,No Fertilizer,No application needed
Mbeya_Vijijini,-8.95,33.66,5.9,440.0,1.44,72.8,Clay Loam,11.96,79.58,0.61,No Fertilizer,No application needed
Mbeya_Vijijini,-8.91,33.75,5.9,418.0,1.76,53.61,Clay Loam,14.14,74.57,0.02,No Fertilizer,No application needed
Mbeya_Vijijini,-8.75,33.345,5.9,312.0,2.34,51.82,Sandy Clay Loam,15.97,83.69,0.0,No Fertilizer,No application needed
Mbeya_Vijijini,-8.95,33.66,5.9,440.0,1.44,72.8,Clay Loam,15.31,81.61,0.07,No Fertilizer,No application needed
Mbeya_Vijijini,-8.79,33.57,6.0,312.0,2.16,43.27,Sandy Clay Loam,17.91,84.01,1.55,NPK,At planting time (basal application)
Mbeya_Vijijini,-8.91,33.39,5.7,384.0,2.4,58.49,Sandy Clay Loam,13.63,82.49,0.05,No Fertilizer,No application needed
Mbeya_Vijijini,-8.83,33.705,5.8,312.0,2.34,57.3,Sandy Clay Loam,13.92,81.02,0.14,No Fertilizer,No application needed
Mbeya_Vijijini,-8.59,33.3,5.9,286.0,2.34,46.88,Sandy Loam,15.49,83.45,14.12,No Fertilizer,No application needed
Mbeya_Vijijini,-8.87,33.57,5.8,312.0,1.73,71.5,Sandy Clay Loam,14.03,72.79,0.0,No Fertilizer,No application needed
Mbeya_Vijijini,-8.55,33.435,6.0,208.0,2.08,42.38,Sandy Loam,19.08,85.29,1.12,Urea,2-3 weeks after planting (top dressing)
Mbeya_Vijijini,-8.75,33.57,5.8,288.0,1.92,35.38,Sandy Clay Loam,14.39,83.28,0.13,NPK,At planting time (basal application)
Mbeya_Vijijini,-8.91,33.705,5.9,308.0,1.41,65.54,Sandy Clay Loam,10.94,82.78,0.01,No Fertilizer,No application needed
Mbeya_Vijijini,-8.71,33.3,6.1,224.0,3.14,61.71,Sandy Loam,13.01,71.23,0.0,Urea,2-3 weeks after planting (top dressing)
Mbeya_Vijijini,-8.63,33.615,5.9,216.0,2.69,31.99,Sandy Clay Loam,11.96,78.49,0.0,Urea,2-3 weeks after planting (top dressing)
Mbeya_Vijijini,-8.87,33.39,5.6,396.0,1.58,43.85,Clay Loam,16.51,77.13,0.0,NPK,At planting time (basal application)
Mbeya_Vijijini,-8.87,33.48,5.7,360.0,1.92,47.83,Sandy Clay Loam,16.71,93.52,11.87,No Fertilizer,No application needed
Mbeya_Vijijini,-8.71,33.345,6.0,260.0,2.6,51.82,Sandy Loam,16.34,86.81,0.18,Urea,2-3 weeks after planting (top dressing)
Mbeya_Vijijini,-8.67,33.57,6.1,208.0,2.08,42.38,Sandy Clay Loam,18.64,87.18,8.39,Urea,2-3 weeks after planting (top dressing)
Mbeya_Vijijini,-8.95,33.615,5.7,414.0,1.44,72.43,Clay Loam,17.08,89.52,9.93,No Fertilizer,No application needed
Mbeya_Vijijini,-8.63,33.345,6.0,260.0,2.34,51.82,Sandy Loam,17.0,73.66,0.0,Urea,2-3 weeks after planting (top dressing)
Mbeya_Vijijini,-8.67,33.525,6.0,196.0,2.24,45.64,Sandy Clay Loam,15.7,79.58,0.0,Urea,2-3 weeks after planting (top dressing)
Mbeya_Vijijini,-8.63,33.57,5.8,208.0,2.08,42.38,Sandy Loam,18.91,77.86,1.15,Urea,2-3 weeks after planting (top dressing)
Mbeya_Vijijini,-8.75,33.75,6.1,260.0,2.91,63.36,Sandy Clay Loam,13.24,82.01,0.12,Urea,2-3 weeks after planting (top dressing)
Mbeya_Vijijini,-8.63,33.57,5.8,208.0,2.08,42.38,Sandy Loam,19.17,57.88,0.0,Urea,2-3 weeks after planting (top dressing)
Mbeya_Vijijini,-8.95,33.345,6.0,260.0,2.91,63.36,Sandy Clay Loam,15.59,77.76,0.0,Urea,2-3 weeks after planting (top dressing)
Mbeya_Vijijini,-8.55,33.435,6.0,208.0,2.08,42.38,Sandy Loam,17.69,87.65,6.61,Urea,2-3 weeks after planting (top dressing)
Mbeya_Vijijini,-8.83,33.435,5.7,484.0,1.76,35.86,Sandy Clay Loam,19.4,72.59,0.05,NPK,At planting time (basal application)
Mbeya_Vijijini,-8.71,33.435,6.0,260.0,2.08,51.82,Sandy Clay Loam,16.88,93.11,19.58,Urea,2-3 weeks after planting (top dressing)
Mbeya_Vijijini,-8.63,33.615,5.9,216.0,2.69,31.99,Sandy Clay Loam,17.52,86.48,3.34,Urea,2-3 weeks after planting (top dressing)
Mbeya_Vijijini,-8.63,33.705,6.3,252.0,3.14,75.43,Sandy Loam,14.52,83.57,0.0,Urea,2-3 weeks after planting (top dressing)
Mbeya_Vijijini,-8.55,33.39,5.9,286.0,2.08,46.88,Sandy Loam,16.88,68.52,0.0,No Fertilizer,No application needed
Mbeya_Vijijini,-8.59,33.39,6.0,224.0,2.24,45.64,Sandy Loam,18.09,85.8,33.26,Urea,2-3 weeks after planting (top dressing)
Mbeya_Vijijini,-8.67,33.39,6.0,286.0,2.34,46.88,Sandy Loam,12.08,80.59,0.45,No Fertilizer,No application needed
Mbeya_Vijijini,-8.95,33.66,5.9,440.0,1.44,72.8,Clay Loam,19.27,75.68,0.13,No Fertilizer,No application needed
Mbeya_Vijijini,-8.79,33.66,5.9,286.0,2.34,57.3,Sandy Loam,19.37,75.21,0.0,No Fertilizer,No application needed
Mbeya_Vijijini,-8.95,33.705,5.7,460.0,2.24,53.88,Clay,17.85,85.41,9.96,No Fertilizer,No application needed
Mbeya_Vijijini,-8.71,33.48,5.9,260.0,1.87,42.38,Sandy Clay Loam,12.26,77.47,0.0,DAP,At planting time (basal application)
Mbeya_Vijijini,-8.79,33.3,5.7,360.0,2.4,39.12,Clay Loam,17.47,86.41,14.92,NPK,At planting time (basal application)
Mbeya_Vijijini,-8.79,33.39,5.8,312.0,1.92,43.27,Sandy Clay Loam,15.33,65.95,0.0,NPK,At planting time (basal application)
Mbeya_Vijijini,-8.83,33.75,5.8,312.0,1.48,57.3,Sandy Clay Loam,14.86,82.56,0.25,No Fertilizer,No application needed
Mbeya_Vijijini,-8.63,33.345,6.0,260.0,2.34,51.82,Sandy Loam,14.99,66.89,0.0,Urea,2-3 weeks after planting (top dressing)
Mbeya_Vijijini,-8.59,33.615,5.8,240.0,1.92,35.38,Sandy Clay Loam,16.62,88.2,17.21,DAP,At planting time (basal application)
Mbeya_Vijijini,-8.55,33.39,5.9,286.0,2.08,46.88,Sandy Loam,17.08,90.43,3.35,No Fertilizer,No application needed
Mbeya_Vijijini,-8.79,33.705,6.0,260.0,2.6,63.36,Sandy Loam,11.16,84.02,1.35,Urea,2-3 weeks after planting (top dressing)
Mbeya_Vijijini,-8.75,33.48,5.9,286.0,2.34,42.38,Sandy Clay Loam,17.21,87.02,12.42,NPK,At planting time (basal application)
Mbeya_Vijijini,-8.67,33.3,6.1,312.0,2.91,51.82,Sandy Loam,19.07,74.56,0.93,No Fertilizer,No application needed
Mbeya_Vijijini,-8.67,33.705,6.2,234.0,2.6,63.36,Sandy Loam,13.78,74.85,0.0,Urea,2-3 weeks after planting (top dressing)
Mbeya_Vijijini,-8.95,33.615,5.7,414.0,1.44,72.43,Clay Loam,17.34,89.28,20.16,No Fertilizer,No application needed
Mbeya_Vijijini,-8.59,33.57,5.9,208.0,2.6,38.32,Sandy Loam,17.01,89.07,23.48,Urea,2-3 weeks after planting (top dressing)
Mbeya_Vijijini,-8.75,33.615,6.3,224.0,2.02,61.71,Sandy Clay Loam,12.08,80.59,0.45,Urea,2-3 weeks after planting (top dressing)
Mbeya_Vijijini,-8.95,33.66,5.9,440.0,1.44,72.8,Clay Loam,17.0,88.4,7.27,No Fertilizer,No application needed
Mbeya_Vijijini,-8.95,33.705,5.7,460.0,2.24,53.88,Clay,14.48,79.53,0.0,No Fertilizer,No application needed
Mbeya_Vijijini,-8.63,33.57,5.8,208.0,2.08,42.38,Sandy Loam,18.36,90.46,23.78,Urea,2-3 weeks after planting (top dressing)
Mbeya_Vijijini,-8.83,33.66,5.9,286.0,2.08,57.3,Sandy Clay Loam,18.51,63.54,0.0,No Fertilizer,No application needed
Mbeya_Vijijini,-8.87,33.66,5.9,312.0,2.08,70.04,Sandy Clay Loam,11.96,82.72,0.06,No Fertilizer,No application needed
Mbeya_Vijijini,-8.71,33.39,5.9,288.0,1.92,43.27,Sandy Clay Loam,18.43,85.41,4.24,NPK,At planting time (basal application)
Mbeya_Vijijini,-8.91,33.525,5.9,336.0,1.73,71.5,Sandy Clay Loam,15.1,80.08,0.0,No Fertilizer,No application needed
Mbeya_Vijijini,-8.63,33.75,6.1,196.0,2.24,75.43,Sandy Loam,15.31,75.1,0.0,Urea,2-3 weeks after planting (top dressing)
Mbeya_Vijijini,-8.79,33.48,5.7,312.0,2.16,39.12,Sandy Clay Loam,18.68,87.73,13.9,NPK,At planting time (basal application)
Mbeya_Vijijini,-8.79,33.39,5.8,312.0,1.92,43.27,Sandy Clay Loam,13.24,81.55,0.0,NPK,At planting time (basal application)
Mbeya_Vijijini,-8.87,33.345,5.8,312.0,2.4,47.83,Sandy Clay Loam,17.67,89.62,37.78,No Fertilizer,No application needed
Mbeya_Vijijini,-8.75,33.39,6.0,286.0,2.08,46.88,Sandy Clay Loam,16.53,88.14,2.72,No Fertilizer,No application needed
Mbeya_Vijijini,-8.75,33.705,5.9,280.0,2.52,68.24,Sandy Clay Loam,17.99,80.81,4.53,No Fertilizer,No application needed
Mbeya_Vijijini,-8.63,33.39,6.1,224.0,2.52,55.8,Sandy Loam,17.58,71.73,0.0,Urea,2-3 weeks after planting (top dressing)
Mbeya_Vijijini,-8.87,33.75,5.8,312.0,2.16,52.9,Sandy Clay Loam,15.66,85.28,0.0,No Fertilizer,No application needed
Mbeya_Vijijini,-8.75,33.525,5.8,312.0,1.92,39.12,Sandy Clay Loam,17.4,90.45,42.15,NPK,At planting time (basal application)
Mbeya_Vijijini,-8.55,33.75,6.4,280.0,2.8,92.2,Sandy Clay Loam,16.98,94.55,6.11,No Fertilizer,No application needed
Mbeya_Vijijini,-8.55,33.615,5.8,208.0,2.34,34.66,Sandy Loam,18.74,87.54,30.21,Urea,2-3 weeks after planting (top dressing)
Mbeya_Vijijini,-8.55,33.3,6.0,252.0,3.14,50.48,Sandy Loam,13.38,84.18,0.15,Urea,2-3 weeks after planting (top dressing)
Mbeya_Vijijini,-8.71,33.345,6.0,260.0,2.6,51.82,Sandy Loam,12.44,80.27,0.78,Urea,2-3 weeks after planting (top dressing)
Mbeya_Vijijini,-8.71,33.345,6.0,260.0,2.6,51.82,Sandy Loam,11.78,86.68,8.73,Urea,2-3 weeks after planting (top dressing)
Mbeya_Vijijini,-8.75,33.3,5.9,286.0,2.34,51.82,Sandy Loam,17.13,91.11,15.5,No Fertilizer,No application needed
Mbeya_Vijijini,-8.95,33.48,5.9,360.0,1.54,87.36,Sandy Clay Loam,16.39,90.12,9.78,No Fertilizer,No application needed
Mbeya_Vijijini,-8.75,33.57,5.8,288.0,1.92,35.38,Sandy Clay Loam,17.79,61.7,0.0,NPK,At planting time (basal application)
Mbeya_Vijijini,-8.91,33.705,5.9,308.0,1.41,65.54,Sandy Clay Loam,17.89,87.34,2.81,No Fertilizer,No application needed
Mbeya_Vijijini,-8.91,33.39,5.7,384.0,2.4,58.49,Sandy Clay Loam,15.62,72.58,0.08,No Fertilizer,No application needed
Mbeya_Vijijini,-8.95,33.3,6.1,260.0,2.91,51.82,Sandy Clay Loam,17.36,87.32,34.95,Urea,2-3 weeks after planting (top dressing)
Mbeya_Vijijini,-8.55,33.75,6.4,280.0,2.8,92.2,Sandy Clay Loam,18.68,71.26,0.0,No Fertilizer,No application needed
Mbeya_Vijijini,-8.63,33.615,5.9,216.0,2.69,31.99,Sandy Clay Loam,16.39,88.64,28.07,Urea,2-3 weeks after planting (top dressing)
Mbeya_Vijijini,-8.83,33.525,5.6,624.0,2.16,47.83,Sandy Clay Loam,17.01,84.45,0.31,No Fertilizer,No application needed
Mbeya_Vijijini,-8.67,33.705,6.2,234.0,2.6,63.36,Sandy Loam,14.93,70.87,0.0,Urea,2-3 weeks after planting (top dressing)
Mbeya_Vijijini,-8.91,33.75,5.9,418.0,1.76,53.61,Clay Loam,15.22,77.34,0.01,No Fertilizer,No application needed
Mbeya_Vijijini,-8.95,33.57,5.8,440.0,1.6,65.86,Clay Loam,17.29,89.91,45.71,No Fertilizer,No application needed
Mbeya_Vijijini,-8.87,33.525,5.9,352.0,1.98,39.67,Clay Loam,11.6,79.84,0.0,NPK,At planting time (basal application)
Mbeya_Vijijini,-8.95,33.705,5.7,460.0,2.24,53.88,Clay,19.13,83.85,69.04,No Fertilizer,No application needed
Mbeya_Vijijini,-8.87,33.435,5.7,484.0,2.2,43.85,Sandy Clay Loam,15.03,83.68,0.14,NPK,At planting time (basal application)
Mbeya_Vijijini,-8.79,33.345,5.6,312.0,2.16,43.27,Sandy Clay Loam,17.12,88.66,20.99,NPK,At planting time (basal application)
Mbeya_Vijijini,-8.83,33.75,5.8,312.0,1.48,57.3,Sandy Clay Loam,17.23,76.69,0.16,No Fertilizer,No application needed
Mbeya_Vijijini,-8.71,33.435,6.0,260.0,2.08,51.82,Sandy Clay Loam,14.7,67.42,0.0,Urea,2-3 weeks after planting (top dressing)
Mbeya_Vijijini,-8.75,33.435,6.0,286.0,2.08,51.82,Sandy Clay Loam,18.1,88.1,2.69,No Fertilizer,No application needed
Mbeya_Vijijini,-8.91,33.75,5.9,418.0,1.76,53.61,Clay Loam,13.5,82.8,0.0,No Fertilizer,No application needed
Mbeya_Vijijini,-8.79,33.48,5.7,312.0,2.16,39.12,Sandy Clay Loam,13.5,78.35,0.0,NPK,At planting time (basal application)
Mbeya_Vijijini,-8.87,33.615,5.8,288.0,1.54,58.49,Sandy Clay Loam,19.96,77.98,5.09,No Fertilizer,No application needed
Mbeya_Vijijini,-8.75,33.66,6.0,252.0,2.52,61.71,Sandy Clay Loam,16.58,91.12,17.89,Urea,2-3 weeks after planting (top dressing)
Mbeya_Vijijini,-8.95,33.66,5.9,440.0,1.44,72.8,Clay Loam,17.65,73.73,0.0,No Fertilizer,No application needed
Mbeya_Vijijini,-8.67,33.525,6.0,196.0,2.24,45.64,Sandy Clay Loam,15.24,85.52,0.54,Urea,2-3 weeks after planting (top dressing)
Mbeya_Vijijini,-8.63,33.615,5.9,216.0,2.69,31.99,Sandy Clay Loam,17.99,80.81,4.53,Urea,2-3 weeks after planting (top dressing)
Mbeya_Vijijini,-8.63,33.75,6.1,196.0,2.24,75.43,Sandy Loam,18.12,73.14,6.0,Urea,2-3 weeks after planting (top dressing)
Mbeya_Vijijini,-8.95,33.75,5.8,520.0,1.8,53.88,Clay Loam,17.8,89.16,16.31,No Fertilizer,No application needed
Mbeya_Vijijini,-8.71,33.48,5.9,260.0,1.87,42.38,Sandy Clay Loam,17.45,83.75,0.18,DAP,At planting time (basal application)
Mbeya_Vijijini,-8.91,33.345,6.0,286.0,2.91,57.3,Sandy Clay Loam,16.31,87.83,6.43,No Fertilizer,No application needed
Mbeya_Vijijini,-8.75,33.615,6.3,224.0,2.02,61.71,Sandy Clay Loam,16.56,78.42,0.68,Urea,2-3 weeks after planting (top dressing)
Mbeya_Vijijini,-8.59,33.75,6.3,252.0,3.14,68.24,Sandy Loam,14.06,74.59,0.0,Urea,2-3 weeks after planting (top dressing)
Mbeya_Vijijini,-8.71,33.75,6.4,252.0,2.24,92.2,Sandy Clay Loam,17.75,86.12,1.24,Urea,2-3 weeks after planting (top dressing)
Mbeya_Vijijini,-8.95,33.39,5.7,336.0,1.73,71.5,Sandy Clay Loam,18.9,80.47,0.13,No Fertilizer,No application needed
Mbeya_Vijijini,-8.91,33.3,6.0,234.0,2.6,63.36,Sandy Clay Loam,16.12,74.96,0.0,Urea,2-3 weeks after planting (top dressing)
Mbeya_Vijijini,-8.63,33.615,5.9,216.0,2.69,31.99,Sandy Clay Loam,18.36,87.09,6.83,Urea,2-3 weeks after planting (top dressing)
Mbeya_Vijijini,-8.83,33.615,6.0,264.0,2.16,58.49,Sandy Clay Loam,17.55,86.66,11.8,No Fertilizer,No application needed
Mbeya_Vijijini,-8.55,33.57,5.9,260.0,2.08,46.88,Sandy Clay Loam,17.12,83.06,0.45,Urea,2-3 weeks after planting (top dressing)
Mbeya_Vijijini,-8.79,33.615,6.0,280.0,1.79,61.71,Sandy Clay Loam,17.21,93.67,65.83,No Fertilizer,No application needed
Mbeya_Vijijini,-8.63,33.75,6.1,196.0,2.24,75.43,Sandy Loam,16.45,73.92,0.15,Urea,2-3 weeks after planting (top dressing)
Mbeya_Vijijini,-8.75,33.345,5.9,312.0,2.34,51.82,Sandy Clay Loam,17.88,86.32,4.27,No Fertilizer,No application needed
Mbeya_Vijijini,-8.75,33.48,5.9,286.0,2.34,42.38,Sandy Clay Loam,13.53,80.84,4.56,NPK,At planting time (basal application)
Mbeya_Vijijini,-8.67,33.345,5.8,286.0,2.34,51.82,Sandy Loam,16.81,91.96,20.99,No Fertilizer,No application needed
Mbeya_Vijijini,-8.59,33.48,5.8,196.0,2.24,41.27,Sandy Loam,17.42,84.77,0.23,Urea,2-3 weeks after planting (top dressing)
Mbeya_Vijijini,-8.91,33.39,5.7,384.0,2.4,58.49,Sandy Clay Loam,18.72,76.45,1.39,No Fertilizer,No application needed
Mbeya_Vijijini,-8.55,33.525,6.0,168.0,2.52,41.27,Sandy Loam,18.03,84.36,0.0,Urea,2-3 weeks after planting (top dressing)
Mbeya_Vijijini,-8.79,33.66,5.9,286.0,2.34,57.3,Sandy Loam,17.71,86.31,26.04,No Fertilizer,No application needed
Mbeya_Vijijini,-8.75,33.75,6.1,260.0,2.91,63.36,Sandy Clay Loam,17.88,81.09,2.51,Urea,2-3 weeks after planting (top dressing)
Mbeya_Vijijini,-8.87,33.705,5.7,288.0,2.4,58.49,Sandy Clay Loam,17.73,83.97,10.63,No Fertilizer,No application needed
Mbeya_Vijijini,-8.95,33.3,6.1,260.0,2.91,51.82,Sandy Clay Loam,18.53,89.75,30.54,Urea,2-3 weeks after planting (top dressing)
Mbeya_Vijijini,-8.95,33.39,5.7,336.0,1.73,71.5,Sandy Clay Loam,18.91,77.86,1.15,No Fertilizer,No application needed
Mbeya_Vijijini,-8.75,33.3,5.9,286.0,2.34,51.82,Sandy Loam,19.01,72.11,0.0,No Fertilizer,No application needed
Mbeya_Vijijini,-8.59,33.525,5.9,224.0,2.52,41.27,Sandy Loam,17.26,94.83,24.65,Urea,2-3 weeks after planting (top dressing)
Mbeya_Vijijini,-8.79,33.615,6.0,280.0,1.79,61.71,Sandy Clay Loam,14.05,77.83,0.0,No Fertilizer,No application needed
Mbeya_Vijijini,-8.59,33.615,5.8,240.0,1.92,35.38,Sandy Clay Loam,14.39,81.97,0.18,DAP,At planting time (basal application)
Mbeya_Vijijini,-8.87,33.525,5.9,352.0,1.98,39.67,Clay Loam,14.17,81.92,0.0,NPK,At planting time (basal application)
Mbeya_Vijijini,-8.87,33.66,5.9,312.0,2.08,70.04,Sandy Clay Loam,18.61,83.71,3.89,No Fertilizer,No application needed
Mbeya_Vijijini,-8.59,33.525,5.9,224.0,2.52,41.27,Sandy Loam,18.08,70.56,0.0,Urea,2-3 weeks after planting (top dressing)
Mbeya_Vijijini,-8.71,33.705,6.0,252.0,2.52,75.43,Sandy Clay Loam,19.95,69.49,0.01,Urea,2-3 weeks after planting (top dressing)
Mbeya_Vijijini,-8.59,33.525,5.9,224.0,2.52,41.27,Sandy Loam,16.9,72.85,0.01,Urea,2-3 weeks after planting (top dressing)
Mbeya_Vijijini,-8.63,33.3,5.8,286.0,2.08,46.88,Sandy Loam,18.27,86.31,2.11,No Fertilizer,No application needed
Mbeya_Vijijini,-8.87,33.48,5.7,360.0,1.92,47.83,Sandy Clay Loam,16.63,62.4,0.0,No Fertilizer,No application needed
Mbeya_Vijijini,-8.79,33.66,5.9,286.0,2.34,57.3,Sandy Loam,11.68,82.04,20.53,No Fertilizer,No application needed
Mbeya_Vijijini,-8.95,33.435,5.9,338.0,2.34,70.04,Sandy Clay Loam,19.5,73.7,0.06,No Fertilizer,No application needed
Mbeya_Vijijini,-8.87,33.39,5.6,396.0,1.58,43.85,Clay Loam,14.41,79.53,0.0,NPK,At planting time (basal application)
Mbeya_Vijijini,-8.83,33.705,5.8,312.0,2.34,57.3,Sandy Clay Loam,12.73,79.25,0.0,No Fertilizer,No application needed
Mbeya_Vijijini,-8.59,33.3,5.9,286.0,2.34,46.88,Sandy Loam,17.32,87.08,4.17,No Fertilizer,No application needed
Mbeya_Vijijini,-8.63,33.57,5.8,208.0,2.08,42.38,Sandy Loam,17.17,83.87,0.15,Urea,2-3 weeks after planting (top dressing)
Mbeya_Vijijini,-8.79,33.75,6.1,286.0,2.91,57.3,Sandy Loam,14.83,85.84,0.33,No Fertilizer,No application needed
Mbeya_Vijijini,-8.87,33.48,5.7,360.0,1.92,47.83,Sandy Clay Loam,17.88,81.09,2.51,No Fertilizer,No application needed
Mbeya_Vijijini,-8.67,33.345,5.8,286.0,2.34,51.82,Sandy Loam,11.82,83.47,0.09,No Fertilizer,No application needed
Mbeya_Vijijini,-8.75,33.435,6.0,286.0,2.08,51.82,Sandy Clay Loam,16.03,84.9,1.93,No Fertilizer,No application needed
Mbeya_Vijijini,-8.91,33.615,5.9,308.0,1.58,65.54,Sandy Clay Loam,16.02,76.53,0.01,No Fertilizer,No application needed
Mbeya_Vijijini,-8.71,33.48,5.9,260.0,1.87,42.38,Sandy Clay Loam,17.71,85.67,14.57,DAP,At planting time (basal application)
Mbeya_Vijijini,-8.95,33.705,5.7,460.0,2.24,53.88,Clay,17.76,87.99,5.44,No Fertilizer,No application needed
Mbeya_Vijijini,-8.63,33.57,5.8,208.0,2.08,42.38,Sandy Loam,17.09,84.5,15.22,Urea,2-3 weeks after planting (top dressing)
Mbeya_Vijijini,-8.55,33.66,5.8,288.0,2.16,43.27,Sandy Loam,15.7,80.15,0.02,NPK,At planting time (basal application)
Mbeya_Vijijini,-8.55,33.66,5.8,288.0,2.16,43.27,Sandy Loam,15.6,79.91,0.0,NPK,At planting time (basal application)
Mbeya_Vijijini,-8.55,33.39,5.9,286.0,2.08,46.88,Sandy Loam,16.85,87.51,6.98,No Fertilizer,No application needed
Mbeya_Vijijini,-8.63,33.345,6.0,260.0,2.34,51.82,Sandy Loam,18.05,84.96,11.0,Urea,2-3 weeks after planting (top dressing)
Mbeya_Vijijini,-8.79,33.57,6.0,312.0,2.16,43.27,Sandy Clay Loam,13.73,80.4,0.0,NPK,At planting time (basal application)
Mbeya_Vijijini,-8.59,33.705,6.2,252.0,2.8,61.71,Sandy Loam,14.4,80.51,0.01,Urea,2-3 weeks after planting (top dressing)
Mbeya_Vijijini,-8.71,33.615,6.1,196.0,2.24,50.48,Sandy Loam,13.98,81.34,0.04,Urea,2-3 weeks after planting (top dressing)
Mbeya_Vijijini,-8.79,33.345,5.6,312.0,2.16,43.27,Sandy Clay Loam,13.01,81.08,0.0,NPK,At planting time (basal application)
Mbeya_Vijijini,-8.95,33.615,5.7,414.0,1.44,72.43,Clay Loam,19.34,83.1,12.03,No Fertilizer,No application needed
Mbeya_Vijijini,-8.91,33.615,5.9,308.0,1.58,65.54,Sandy Clay Loam,11.75,77.25,0.0,No Fertilizer,No application needed
Mbeya_Vijijini,-8.55,33.48,6.0,168.0,2.52,41.27,Sandy Loam,17.27,92.59,58.43,Urea,2-3 weeks after planting (top dressing)
Mbeya_Vijijini,-8.87,33.39,5.6,396.0,1.58,43.85,Clay Loam,13.8,78.19,0.0,NPK,At planting time (basal application)
Mbeya_Vijijini,-8.95,33.75,5.8,520.0,1.8,53.88,Clay Loam,18.91,84.93,18.88,No Fertilizer,No application needed
Mbeya_Vijijini,-8.59,33.75,6.3,252.0,3.14,68.24,Sandy Loam,17.85,62.45,0.0,Urea,2-3 weeks after planting (top dressing)
Mbeya_Vijijini,-8.55,33.39,5.9,286.0,2.08,46.88,Sandy Loam,15.63,68.36,0.0,No Fertilizer,No application needed
Mbeya_Vijijini,-8.95,33.345,6.0,260.0,2.91,63.36,Sandy Clay Loam,16.88,90.82,50.91,Urea,2-3 weeks after planting (top dressing)
Mbeya_Vijijini,-8.67,33.75,6.0,252.0,3.14,92.2,Sandy Clay Loam,17.18,86.5,38.02,Urea,2-3 weeks after planting (top dressing)
Mbeya_Vijijini,-8.83,33.66,5.9,286.0,2.08,57.3,Sandy Clay Loam,18.12,80.48,4.09,No Fertilizer,No application needed
Mbeya_Vijijini,-8.87,33.705,5.7,288.0,2.4,58.49,Sandy Clay Loam,15.41,79.84,1.85,No Fertilizer,No application needed
Mbeya_Vijijini,-8.75,33.57,5.8,288.0,1.92,35.38,Sandy Clay Loam,16.5,66.68,0.06,NPK,At planting time (basal application)
Mbeya_Vijijini,-8.87,33.39,5.6,396.0,1.58,43.85,Clay Loam,17.16,89.44,14.75,NPK,At planting time (basal application)
Mbeya_Vijijini,-8.71,33.3,6.1,224.0,3.14,61.71,Sandy Loam,18.9,62.94,0.0,Urea,2-3 weeks after planting (top dressing)
Mbeya_Vijijini,-8.59,33.57,5.9,208.0,2.6,38.32,Sandy Loam,16.21,85.21,0.24,Urea,2-3 weeks after planting (top dressing)
Mbeya_Vijijini,-8.79,33.435,5.7,308.0,1.98,35.86,Sandy Clay Loam,14.83,73.31,0.0,NPK,At planting time (basal application)
Mbeya_Vijijini,-8.55,33.39,5.9,286.0,2.08,46.88,Sandy Loam,19.15,72.16,0.3,No Fertilizer,No application needed
Mbeya_Vijijini,-8.67,33.75,6.0,252.0,3.14,92.2,Sandy Clay Loam,13.32,78.09,0.0,Urea,2-3 weeks after planting (top dressing)
Mbeya_Vijijini,-8.83,33.525,5.6,624.0,2.16,47.83,Sandy Clay Loam,17.96,90.4,3.46,No Fertilizer,No application needed
Mbeya_Vijijini,-8.95,33.345,6.0,260.0,2.91,63.36,Sandy Clay Loam,16.81,88.47,2.9,Urea,2-3 weeks after planting (top dressing)
Mbeya_Vijijini,-8.91,33.345,6.0,286.0,2.91,57.3,Sandy Clay Loam,14.27,83.2,0.0,No Fertilizer,No application needed
Mbeya_Vijijini,-8.91,33.75,5.9,418.0,1.76,53.61,Clay Loam,13.58,75.53,0.0,No Fertilizer,No application needed
Mbeya_Vijijini,-8.71,33.3,6.1,224.0,3.14,61.71,Sandy Loam,16.62,66.12,0.0,Urea,2-3 weeks after planting (top dressing)
Mbeya_Vijijini,-8.91,33.39,5.7,384.0,2.4,58.49,Sandy Clay Loam,16.56,88.0,35.96,No Fertilizer,No application needed
Mbeya_Vijijini,-8.67,33.66,6.1,224.0,2.24,61.71,Sandy Loam,17.9,88.9,2.14,Urea,2-3 weeks after planting (top dressing)
Mbeya_Vijijini,-8.55,33.705,6.3,260.0,2.91,70.04,Sandy Clay Loam,19.87,68.46,0.03,Urea,2-3 weeks after planting (top dressing)
Mbeya_Vijijini,-8.59,33.66,5.8,264.0,1.92,39.12,Sandy Clay Loam,14.05,61.25,0.0,NPK,At planting time (basal application)
Mbeya_Vijijini,-8.59,33.3,5.9,286.0,2.34,46.88,Sandy Loam,11.47,78.93,0.09,No Fertilizer,No application needed
Mbeya_Vijijini,-8.59,33.57,5.9,208.0,2.6,38.32,Sandy Loam,18.91,67.02,0.0,Urea,2-3 weeks after planting (top dressing)
Kyela,-9.39,33.844,5.6,288.0,2.16,39.12,Sandy Clay Loam,19.08,79.16,0.0,NPK,At planting time (basal application)
Kyela,-9.51,33.812,5.6,286.0,3.25,38.32,Clay Loam,17.22,68.39,0.05,NPK,At planting time (basal application)
Kyela,-9.33,34.036,5.4,520.0,1.6,39.86,Clay Loam,18.16,64.13,0.0,Apply Lime,2-4 weeks before planting
Kyela,-9.39,33.94,5.6,264.0,1.92,39.12,Sandy Clay Loam,25.42,59.45,1.81,NPK,At planting time (basal application)
Kyela,-9.57,33.78,5.7,364.0,2.6,42.38,Sandy Clay Loam,18.13,74.03,0.27,NPK,At planting time (basal application)
Kyela,-9.54,33.844,5.6,286.0,2.6,46.88,Sandy Clay Loam,20.39,82.51,0.06,No Fertilizer,No application needed
Kyela,-9.36,34.1,5.7,500.0,1.8,44.08,Clay Loam,15.81,84.32,0.02,NPK,At planting time (basal application)
Kyela,-9.3,33.908,5.6,352.0,1.41,53.61,Clay Loam,21.68,84.59,5.99,No Fertilizer,No application needed
Kyela,-9.3,34.068,5.6,540.0,1.6,53.88,Clay Loam,17.42,80.97,0.0,No Fertilizer,No application needed
Kyela,-9.45,33.972,5.6,264.0,1.98,35.86,Sandy Clay Loam,22.5,77.87,5.31,NPK,At planting time (basal application)
Kyela,-9.54,33.78,5.5,260.0,2.34,38.32,Sandy Clay Loam,18.85,80.52,0.0,Urea,2-3 weeks after planting (top dressing)
Kyela,-9.51,33.908,5.6,336.0,2.16,39.12,Sandy Clay Loam,17.42,76.46,0.0,NPK,At planting time (basal application)
Kyela,-9.3,34.1,5.7,704.0,2.2,65.54,Clay Loam,22.25,81.21,15.86,No Fertilizer,No application needed
Kyela,-9.42,33.844,5.7,288.0,2.4,47.83,Clay Loam,21.7,80.58,6.19,No Fertilizer,No application needed
Kyela,-9.3,33.94,5.5,418.0,1.76,53.61,Sandy Clay Loam,21.18,91.9,31.95,No Fertilizer,No application needed
Kyela,-9.42,33.908,5.6,288.0,2.4,43.27,Sandy Clay Loam,15.06,84.23,0.0,NPK,At planting time (basal application)
Kyela,-9.33,33.908,5.6,308.0,1.98,53.61,Sandy Clay Loam,21.57,82.53,6.1,No Fertilizer,No application needed
Kyela,-9.48,33.972,5.8,308.0,1.98,35.86,Clay Loam,23.97,50.14,0.63,NPK,At planting time (basal application)
Kyela,-9.51,33.908,5.6,336.0,2.16,39.12,Sandy Clay Loam,17.48,73.74,0.0,NPK,At planting time (basal application)
Kyela,-9.39,33.876,5.5,360.0,2.16,35.38,Clay Loam,26.05,55.09,0.01,NPK,At planting time (basal application)
Kyela,-9.36,33.78,5.6,288.0,2.69,52.9,Sandy Clay Loam,24.65,51.74,0.02,No Fertilizer,No application needed
Kyela,-9.57,33.78,5.7,364.0,2.6,42.38,Sandy Clay Loam,19.38,62.24,0.0,NPK,At planting time (basal application)
Kyela,-9.45,34.1,5.4,396.0,1.25,39.67,Clay Loam,14.88,77.22,0.05,Apply Lime,2-4 weeks before planting
Kyela,-9.36,33.844,5.5,308.0,2.2,43.85,Sandy Clay Loam,21.71,61.05,0.0,NPK,At planting time (basal application)
Kyela,-9.42,34.036,5.3,520.0,1.8,32.6,Clay Loam,26.06,47.02,0.0,Apply Lime,2-4 weeks before planting
Kyela,-9.48,34.036,5.6,396.0,2.2,29.33,Sandy Clay Loam,19.5,76.21,0.0,NPK,At planting time (basal application)
Kyela,-9.45,34.004,5.5,312.0,1.92,39.12,Sandy Clay Loam,22.79,82.43,28.78,NPK,At planting time (basal application)
Kyela,-9.36,33.876,5.6,288.0,2.4,43.27,Sandy Clay Loam,25.16,55.98,0.0,NPK,At planting time (basal application)
Kyela,-9.51,33.876,6.0,312.0,2.91,34.66,Clay Loam,21.7,54.52,0.0,NPK,At planting time (basal application)
Kyela,-9.3,33.812,5.7,360.0,1.8,98.34,Sandy Clay Loam,18.3,81.91,0.18,No Fertilizer,No application needed
Kyela,-9.42,33.78,5.5,288.0,2.4,35.38,Sandy Clay Loam,26.06,54.94,0.0,NPK,At planting time (basal application)
Kyela,-9.3,33.876,5.7,374.0,1.98,65.54,Sandy Clay Loam,15.65,76.28,0.57,No Fertilizer,No application needed
Kyela,-9.51,33.94,5.6,288.0,2.69,39.12,Sandy Clay Loam,15.06,84.23,0.0,NPK,At planting time (basal application)
Kyela,-9.39,34.036,5.5,594.0,1.41,43.85,Clay Loam,15.47,79.32,0.13,NPK,At planting time (basal application)
Kyela,-9.33,33.844,5.6,286.0,1.76,65.54,Sandy Clay Loam,22.63,83.34,37.8,No Fertilizer,No application needed
Kyela,-9.39,33.94,5.6,264.0,1.92,39.12,Sandy Clay Loam,23.46,75.08,13.99,NPK,At planting time (basal application)
Kyela,-9.45,34.1,5.4,396.0,1.25,39.67,Clay Loam,22.87,62.63,0.4,Apply Lime,2-4 weeks before planting
Kyela,-9.51,33.94,5.6,288.0,2.69,39.12,Sandy Clay Loam,21.62,85.11,13.32,NPK,At planting time (basal application)
Kyela,-9.39,33.844,5.6,288.0,2.16,39.12,Sandy Clay Loam,23.33,67.1,2.9,NPK,At planting time (basal application)
Kyela,-9.6,33.78,5.5,312.0,2.91,38.32,Sandy Clay Loam,16.55,85.68,0.15,NPK,At planting time (basal application)
Kyela,-9.3,33.78,5.5,484.0,2.2,72.45,Sandy Clay Loam,17.55,85.87,6.88,No Fertilizer,No application needed
Kyela,-9.3,34.036,5.4,620.0,1.8,48.74,Clay Loam,15.73,80.91,0.06,Apply Lime,2-4 weeks before planting
Kyela,-9.39,34.1,5.6,506.0,1.76,53.61,Sandy Clay Loam,15.18,77.5,0.0,No Fertilizer,No application needed
Kyela,-9.42,33.844,5.7,288.0,2.4,47.83,Clay Loam,16.58,76.9,0.0,No Fertilizer,No application needed
Kyela,-9.48,33.908,5.5,312.0,2.16,28.92,Clay Loam,23.92,63.01,0.85,NPK,At planting time (basal application)
Kyela,-9.57,33.876,5.8,286.0,2.91,46.88,Sandy Clay Loam,21.17,81.44,2.94,No Fertilizer,No application needed
Kyela,-9.48,33.812,5.5,338.0,2.91,38.32,Clay Loam,25.12,54.15,1.7,NPK,At planting time (basal application)
Kyela,-9.54,33.876,5.4,364.0,2.6,31.33,Clay Loam,21.56,85.67,8.25,Apply Lime,2-4 weeks before planting
Kyela,-9.39,33.876,5.5,360.0,2.16,35.38,Clay Loam,20.75,57.93,0.0,NPK,At planting time (basal application)
Kyela,-9.57,33.812,5.5,312.0,2.16,35.38,Sandy Clay Loam,18.21,78.19,0.03,NPK,At planting time (basal application)
Kyela,-9.6,33.78,5.5,312.0,2.91,38.32,Sandy Clay Loam,24.79,69.53,1.21,NPK,At planting time (basal application)
Kyela,-9.3,34.036,5.4,620.0,1.8,48.74,Clay Loam,22.49,78.58,5.77,Apply Lime,2-4 weeks before planting
Kyela,-9.6,33.78,5.5,312.0,2.91,38.32,Sandy Clay Loam,23.12,61.49,0.1,NPK,At planting time (basal application)
Kyela,-9.48,33.844,5.6,286.0,2.6,34.66,Sandy Clay Loam,24.11,51.53,0.0,NPK,At planting time (basal application)
Kyela,-9.36,33.908,5.5,308.0,2.75,39.67,Sandy Clay Loam,18.23,87.87,14.15,NPK,At planting time (basal application)
Kyela,-9.42,33.876,5.7,312.0,2.16,43.27,Clay Loam,21.74,81.29,12.39,NPK,At planting time (basal application)
Kyela,-9.42,33.844,5.7,288.0,2.4,47.83,Clay Loam,21.37,67.8,0.0,No Fertilizer,No application needed
Kyela,-9.54,33.812,5.6,312.0,2.6,42.38,Sandy Clay Loam,22.18,78.3,1.33,NPK,At planting time (basal application)
Kyela,-9.36,33.972,5.5,418.0,1.76,43.85,Sandy Clay Loam,20.85,69.83,0.08,NPK,At planting time (basal application)
Kyela,-9.45,33.812,5.6,312.0,2.16,35.38,Sandy Clay Loam,25.33,59.59,2.75,NPK,At planting time (basal application)
Kyela,-9.42,33.94,5.6,264.0,2.2,43.85,Sandy Clay Loam,24.35,67.28,2.17,NPK,At planting time (basal application)
Kyela,-9.39,33.972,5.5,352.0,2.2,35.86,Sandy Clay Loam,15.45,79.5,0.0,NPK,At planting time (basal application)
Kyela,-9.6,33.812,5.7,308.0,3.14,50.48,Sandy Clay Loam,16.27,80.29,0.33,No Fertilizer,No application needed
Kyela,-9.39,33.908,5.5,286.0,1.98,43.85,Sandy Clay Loam,18.97,77.08,0.03,NPK,At planting time (basal application)
Kyela,-9.45,34.1,5.4,396.0,1.25,39.67,Clay Loam,20.99,56.79,0.0,Apply Lime,2-4 weeks before planting
Kyela,-9.36,33.94,5.5,352.0,1.76,39.67,Sandy Clay Loam,20.72,78.82,0.08,NPK,At planting time (basal application)
Kyela,-9.6,33.78,5.5,312.0,2.91,38.32,Sandy Clay Loam,21.3,80.41,3.84,NPK,At planting time (basal application)
Kyela,-9.51,34.1,5.4,352.0,1.98,32.43,Sandy Clay Loam,24.72,66.75,0.68,Apply Lime,2-4 weeks before planting
Kyela,-9.45,34.036,5.7,352.0,1.58,35.86,Sandy Clay Loam,23.37,76.27,8.09,NPK,At planting time (basal application)
Kyela,-9.3,33.908,5.6,352.0,1.41,53.61,Clay Loam,18.13,74.27,0.0,No Fertilizer,No application needed
Kyela,-9.48,34.036,5.6,396.0,2.2,29.33,Sandy Clay Loam,22.73,78.65,14.66,NPK,At planting time (basal application)
Kyela,-9.48,34.1,5.5,352.0,1.58,39.67,Clay Loam,25.75,59.32,0.46,NPK,At planting time (basal application)
Kyela,-9.33,33.94,5.6,360.0,1.8,36.06,Sandy Clay Loam,18.56,76.03,0.04,NPK,At planting time (basal application)
Kyela,-9.39,34.1,5.6,506.0,1.76,53.61,Sandy Clay Loam,21.41,78.92,14.48,No Fertilizer,No application needed
Kyela,-9.42,33.812,5.6,288.0,2.16,39.12,Sandy Clay Loam,20.64,88.13,2.34,NPK,At planting time (basal application)
Kyela,-9.39,33.876,5.5,360.0,2.16,35.38,Clay Loam,21.66,81.88,10.68,NPK,At planting time (basal application)
Kyela,-9.45,34.036,5.7,352.0,1.58,35.86,Sandy Clay Loam,19.04,84.97,1.96,NPK,At planting time (basal application)
Kyela,-9.42,34.004,5.4,462.0,1.76,32.43,Sandy Clay Loam,22.38,85.59,5.1,Apply Lime,2-4 weeks before planting
Kyela,-9.36,33.908,5.5,308.0,2.75,39.67,Sandy Clay Loam,15.56,78.96,0.0,NPK,At planting time (basal application)
Kyela,-9.45,34.1,5.4,396.0,1.25,39.67,Clay Loam,22.08,80.76,24.3,Apply Lime,2-4 weeks before planting
Kyela,-9.42,33.844,5.7,288.0,2.4,47.83,Clay Loam,20.5,88.7,10.58,No Fertilizer,No application needed
Kyela,-9.48,33.78,5.5,338.0,2.34,46.88,Sandy Clay Loam,19.71,87.63,14.55,No Fertilizer,No application needed
Kyela,-9.48,33.844,5.6,286.0,2.6,34.66,Sandy Clay Loam,19.02,74.03,0.0,NPK,At planting time (basal application)
Kyela,-9.48,33.908,5.5,312.0,2.16,28.92,Clay Loam,16.71,82.68,1.05,NPK,At planting time (basal application)
Kyela,-9.36,34.1,5.7,500.0,1.8,44.08,Clay Loam,23.74,62.79,1.1,NPK,At planting time (basal application)
Kyela,-9.42,33.876,5.7,312.0,2.16,43.27,Clay Loam,18.07,83.61,0.0,NPK,At planting time (basal application)
Kyela,-9.3,34.1,5.7,704.0,2.2,65.54,Clay Loam,19.68,76.5,0.4,No Fertilizer,No application needed
Kyela,-9.54,33.812,5.6,312.0,2.6,42.38,Sandy Clay Loam,18.77,65.24,0.0,NPK,At planting time (basal application)
Kyela,-9.3,34.068,5.6,540.0,1.6,53.88,Clay Loam,24.24,55.6,0.28,No Fertilizer,No application needed
Kyela,-9.42,33.812,5.6,288.0,2.16,39.12,Sandy Clay Loam,22.48,64.01,0.0,NPK,At planting time (basal application)
Kyela,-9.51,33.844,5.6,312.0,2.6,38.32,Sandy Clay Loam,22.04,65.02,0.02,NPK,At planting time (basal application)
Kyela,-9.51,33.972,5.5,312.0,3.0,39.12,Sandy Clay Loam,14.05,84.58,9.6,NPK,At planting time (basal application)
Kyela,-9.3,34.004,5.5,560.0,1.6,53.88,Clay Loam,19.1,83.17,0.24,No Fertilizer,No application needed
Kyela,-9.39,33.844,5.6,288.0,2.16,39.12,Sandy Clay Loam,25.83,60.85,0.0,NPK,At planting time (basal application)
Kyela,-9.3,34.068,5.6,540.0,1.6,53.88,Clay Loam,17.4,83.03,0.01,No Fertilizer,No application needed
Kyela,-9.54,33.844,5.6,286.0,2.6,46.88,Sandy Clay Loam,18.72,70.59,0.0,No Fertilizer,No application needed
Kyela,-9.33,33.876,5.6,330.0,2.2,65.54,Sandy Clay Loam,19.55,89.28,11.81,No Fertilizer,No application needed
Kyela,-9.6,33.812,5.7,308.0,3.14,50.48,Sandy Clay Loam,22.6,80.87,1.9,No Fertilizer,No application needed
Kyela,-9.54,33.94,5.7,288.0,2.4,43.27,Sandy Clay Loam,21.54,83.45,9.05,NPK,At planting time (basal application)
Kyela,-9.33,34.1,5.5,560.0,1.44,44.08,Sandy Clay Loam,22.35,63.17,0.0,NPK,At planting time (basal application)
Kyela,-9.51,34.068,5.7,288.0,2.4,35.38,Sandy Clay Loam,21.12,84.18,0.11,NPK,At planting time (basal application)
Kyela,-9.42,33.78,5.5,288.0,2.4,35.38,Sandy Clay Loam,22.2,85.84,29.44,NPK,At planting time (basal application)
Kyela,-9.51,34.068,5.7,288.0,2.4,35.38,Sandy Clay Loam,16.93,78.75,0.0,NPK,At planting time (basal application)
Kyela,-9.48,33.908,5.5,312.0,2.16,28.92,Clay Loam,18.43,76.07,0.02,NPK,At planting time (basal application)
Kyela,-9.36,34.068,5.6,480.0,1.6,48.74,Clay Loam,16.43,74.0,0.0,No Fertilizer,No application needed
Kyela,-9.42,34.004,5.4,462.0,1.76,32.43,Sandy Clay Loam,13.34,83.84,0.02,Apply Lime,2-4 weeks before planting
Kyela,-9.36,33.876,5.6,288.0,2.4,43.27,Sandy Clay Loam,16.33,76.57,0.27,NPK,At planting time (basal application)
Kyela,-9.3,33.94,5.5,418.0,1.76,53.61,Sandy Clay Loam,21.79,80.35,8.06,No Fertilizer,No application needed
Kyela,-9.33,33.908,5.6,308.0,1.98,53.61,Sandy Clay Loam,21.43,90.7,4.28,No Fertilizer,No application needed
Kyela,-9.39,33.908,5.5,286.0,1.98,43.85,Sandy Clay Loam,18.34,74.85,1.09,NPK,At planting time (basal application)
Kyela,-9.36,34.1,5.7,500.0,1.8,44.08,Clay Loam,22.02,77.05,10.22,NPK,At planting time (basal application)
Kyela,-9.45,33.876,5.9,286.0,2.6,38.32,Clay Loam,24.14,76.29,31.31,NPK,At planting time (basal application)
Kyela,-9.39,33.972,5.5,352.0,2.2,35.86,Sandy Clay Loam,21.67,83.11,1.04,NPK,At planting time (basal application)
Kyela,-9.45,33.972,5.6,264.0,1.98,35.86,Sandy Clay Loam,21.62,77.69,18.06,NPK,At planting time (basal application)
Kyela,-9.51,33.844,5.6,312.0,2.6,38.32,Sandy Clay Loam,23.02,71.34,8.04,NPK,At planting time (basal application)
Kyela,-9.39,33.972,5.5,352.0,2.2,35.86,Sandy Clay Loam,19.83,84.47,0.04,NPK,At planting time (basal application)
Kyela,-9.54,34.1,5.6,330.0,2.2,32.43,Sandy Clay Loam,21.74,88.32,12.34,NPK,At planting time (basal application)
Kyela,-9.51,33.844,5.6,312.0,2.6,38.32,Sandy Clay Loam,21.89,58.81,0.0,NPK,At planting time (basal application)
Kyela,-9.42,33.844,5.7,288.0,2.4,47.83,Clay Loam,22.41,79.46,19.43,No Fertilizer,No application needed
Kyela,-9.6,33.78,5.5,312.0,2.91,38.32,Sandy Clay Loam,17.7,84.41,0.04,NPK,At planting time (basal application)
Kyela,-9.54,33.812,5.6,312.0,2.6,42.38,Sandy Clay Loam,23.63,59.81,0.01,NPK,At planting time (basal application)
Kyela,-9.33,34.068,5.5,572.0,1.25,48.49,Clay Loam,22.03,67.89,0.3,No Fertilizer,No application needed
Kyela,-9.48,34.004,5.5,308.0,2.2,35.86,Clay Loam,15.47,87.17,9.55,NPK,At planting time (basal application)
Kyela,-9.51,33.972,5.5,312.0,3.0,39.12,Sandy Clay Loam,23.25,70.38,0.56,NPK,At planting time (basal application)
Kyela,-9.33,34.1,5.5,560.0,1.44,44.08,Sandy Clay Loam,23.18,78.76,2.14,NPK,At planting time (basal application)
Kyela,-9.45,34.1,5.4,396.0,1.25,39.67,Clay Loam,16.29,82.72,0.0,Apply Lime,2-4 weeks before planting
Kyela,-9.3,33.972,5.8,506.0,1.58,65.54,Sandy Clay Loam,23.18,75.79,15.96,No Fertilizer,No application needed
Kyela,-9.39,34.036,5.5,594.0,1.41,43.85,Clay Loam,22.02,77.05,10.22,NPK,At planting time (basal application)
Kyela,-9.6,33.812,5.7,308.0,3.14,50.48,Sandy Clay Loam,13.73,81.2,0.0,No Fertilizer,No application needed
Kyela,-9.36,34.036,5.5,580.0,1.6,44.08,Sandy Clay Loam,19.08,79.71,0.0,NPK,At planting time (basal application)
Kyela,-9.45,33.908,5.5,308.0,2.2,32.43,Sandy Clay Loam,22.85,72.18,0.08,NPK,At planting time (basal application)
Kyela,-9.42,34.068,5.6,418.0,1.58,39.67,Clay Loam,13.73,81.2,0.0,NPK,At planting time (basal application)
Kyela,-9.51,33.972,5.5,312.0,3.0,39.12,Sandy Clay Loam,21.55,80.62,0.31,NPK,At planting time (basal application)
Kyela,-9.33,33.94,5.6,360.0,1.8,36.06,Sandy Clay Loam,23.02,77.78,1.22,NPK,At planting time (basal application)
Kyela,-9.42,33.844,5.7,288.0,2.4,47.83,Clay Loam,21.66,84.79,4.94,No Fertilizer,No application needed
Kyela,-9.3,34.004,5.5,560.0,1.6,53.88,Clay Loam,21.67,57.8,0.0,No Fertilizer,No application needed
Kyela,-9.57,33.876,5.8,286.0,2.91,46.88,Sandy Clay Loam,21.38,86.03,6.04,No Fertilizer,No application needed
Kyela,-9.36,34.036,5.5,580.0,1.6,44.08,Sandy Clay Loam,18.52,86.79,1.6,NPK,At planting time (basal application)
Kyela,-9.51,33.94,5.6,288.0,2.69,39.12,Sandy Clay Loam,21.64,62.58,0.0,NPK,At planting time (basal application)
Kyela,-9.36,33.844,5.5,308.0,2.2,43.85,Sandy Clay Loam,20.36,79.09,0.1,NPK,At planting time (basal application)
Kyela,-9.51,33.844,5.6,312.0,2.6,38.32,Sandy Clay Loam,16.58,80.91,0.0,NPK,At planting time (basal application)
Kyela,-9.3,33.972,5.8,506.0,1.58,65.54,Sandy Clay Loam,19.59,82.94,0.31,No Fertilizer,No application needed
Kyela,-9.54,33.78,5.5,260.0,2.34,38.32,Sandy Clay Loam,23.11,77.81,21.79,Urea,2-3 weeks after planting (top dressing)
Kyela,-9.48,33.972,5.8,308.0,1.98,35.86,Clay Loam,22.29,77.97,4.52,NPK,At planting time (basal application)
Kyela,-9.33,33.78,5.5,330.0,2.2,43.85,Sandy Clay Loam,20.6,88.99,23.32,NPK,At planting time (basal application)
Kyela,-9.6,33.908,5.8,286.0,3.25,38.32,Sandy Clay Loam,23.21,47.51,0.0,NPK,At planting time (basal application)
Kyela,-9.36,33.844,5.5,308.0,2.2,43.85,Sandy Clay Loam,23.37,67.61,4.82,NPK,At planting time (basal application)
Kyela,-9.36,33.94,5.5,352.0,1.76,39.67,Sandy Clay Loam,16.11,81.04,0.08,NPK,At planting time (basal application)
Kyela,-9.6,33.876,5.9,308.0,2.8,41.27,Clay Loam,20.54,85.31,7.57,NPK,At planting time (basal application)
Kyela,-9.39,33.812,5.5,264.0,2.46,39.67,Clay Loam,21.43,84.91,32.51,NPK,At planting time (basal application)
Kyela,-9.48,33.78,5.5,338.0,2.34,46.88,Sandy Clay Loam,16.81,82.94,0.03,No Fertilizer,No application needed
Kyela,-9.57,33.908,5.7,288.0,2.4,31.99,Sandy Clay Loam,23.59,72.23,26.36,NPK,At planting time (basal application)
Kyela,-9.3,34.036,5.4,620.0,1.8,48.74,Clay Loam,22.25,82.91,8.23,Apply Lime,2-4 weeks before planting
Kyela,-9.6,33.908,5.8,286.0,3.25,38.32,Sandy Clay Loam,22.15,86.41,15.52,NPK,At planting time (basal application)
Kyela,-9.45,33.812,5.6,312.0,2.16,35.38,Sandy Clay Loam,26.53,55.18,0.37,NPK,At planting time (basal application)
Kyela,-9.48,33.844,5.6,286.0,2.6,34.66,Sandy Clay Loam,21.08,72.33,3.34,NPK,At planting time (basal application)
Kyela,-9.6,33.876,5.9,308.0,2.8,41.27,Clay Loam,21.99,55.3,0.0,NPK,At planting time (basal application)
Kyela,-9.57,33.78,5.7,364.0,2.6,42.38,Sandy Clay Loam,23.01,83.14,8.63,NPK,At planting time (basal application)
Kyela,-9.48,33.94,5.5,312.0,3.0,39.12,Sandy Clay Loam,16.96,83.26,0.35,NPK,At planting time (basal application)
Kyela,-9.57,33.876,5.8,286.0,2.91,46.88,Sandy Clay Loam,18.4,71.83,0.0,No Fertilizer,No application needed
Kyela,-9.39,33.94,5.6,264.0,1.92,39.12,Sandy Clay Loam,20.99,53.4,0.0,NPK,At planting time (basal application)
Kyela,-9.54,33.78,5.5,260.0,2.34,38.32,Sandy Clay Loam,21.3,80.61,4.48,Urea,2-3 weeks after planting (top dressing)
Kyela,-9.33,33.876,5.6,330.0,2.2,65.54,Sandy Clay Loam,25.08,54.05,0.18,No Fertilizer,No application needed
Kyela,-9.48,33.876,5.7,286.0,2.34,34.66,Clay Loam,21.38,84.69,10.42,NPK,At planting time (basal application)
Kyela,-9.51,34.068,5.7,288.0,2.4,35.38,Sandy Clay Loam,14.82,83.52,0.0,NPK,At planting time (basal application)
Kyela,-9.54,33.876,5.4,364.0,2.6,31.33,Clay Loam,14.82,81.42,9.9,Apply Lime,2-4 weeks before planting
Kyela,-9.39,33.876,5.5,360.0,2.16,35.38,Clay Loam,19.91,82.01,0.51,NPK,At planting time (basal application)
Kyela,-9.3,33.812,5.7,360.0,1.8,98.34,Sandy Clay Loam,21.98,81.37,1.56,No Fertilizer,No application needed
Kyela,-9.39,33.844,5.6,288.0,2.16,39.12,Sandy Clay Loam,22.01,81.17,5.6,NPK,At planting time (basal application)
Kyela,-9.45,34.1,5.4,396.0,1.25,39.67,Clay Loam,21.35,87.61,29.09,Apply Lime,2-4 weeks before planting
Kyela,-9.3,33.78,5.5,484.0,2.2,72.45,Sandy Clay Loam,17.36,75.24,0.0,No Fertilizer,No application needed
Kyela,-9.45,33.812,5.6,312.0,2.16,35.38,Sandy Clay Loam,19.88,65.1,0.0,NPK,At planting time (basal application)
Kyela,-9.33,34.004,5.5,620.0,1.8,44.08,Clay Loam,23.49,75.87,7.36,NPK,At planting time (basal application)
Kyela,-9.45,34.036,5.7,352.0,1.58,35.86,Sandy Clay Loam,25.18,57.49,0.39,NPK,At planting time (basal application)
Kyela,-9.57,33.844,5.4,338.0,2.34,38.32,Sandy Clay Loam,20.85,55.63,0.0,Apply Lime,2-4 weeks before planting
Kyela,-9.39,34.036,5.5,594.0,1.41,43.85,Clay Loam,15.66,81.95,0.15,NPK,At planting time (basal application)
Kyela,-9.33,34.1,5.5,560.0,1.44,44.08,Sandy Clay Loam,26.83,54.66,0.12,NPK,At planting time (basal application)
Kyela,-9.39,33.972,5.5,352.0,2.2,35.86,Sandy Clay Loam,22.42,80.89,3.93,NPK,At planting time (basal application)
Kyela,-9.6,33.94,5.5,336.0,2.4,39.12,Sandy Clay Loam,25.18,44.43,0.0,NPK,At planting time (basal application)
Kyela,-9.48,33.78,5.5,338.0,2.34,46.88,Sandy Clay Loam,16.33,81.36,1.16,No Fertilizer,No application needed
Kyela,-9.39,34.1,5.6,506.0,1.76,53.61,Sandy Clay Loam,20.93,81.26,17.93,No Fertilizer,No application needed
Kyela,-9.3,33.876,5.7,374.0,1.98,65.54,Sandy Clay Loam,17.14,75.54,0.0,No Fertilizer,No application needed
Kyela,-9.33,34.004,5.5,620.0,1.8,44.08,Clay Loam,16.25,81.07,0.3,NPK,At planting time (basal application)
Kyela,-9.57,33.78,5.7,364.0,2.6,42.38,Sandy Clay Loam,21.7,89.19,26.42,NPK,At planting time (basal application)
Kyela,-9.39,34.036,5.5,594.0,1.41,43.85,Clay Loam,21.8,81.96,7.66,NPK,At planting time (basal application)
Kyela,-9.33,34.036,5.4,520.0,1.6,39.86,Clay Loam,19.27,84.01,0.0,Apply Lime,2-4 weeks before planting
Kyela,-9.39,33.844,5.6,288.0,2.16,39.12,Sandy Clay Loam,19.0,61.66,0.0,NPK,At planting time (basal application)
Kyela,-9.57,33.812,5.5,312.0,2.16,35.38,Sandy Clay Loam,23.52,75.38,8.94,NPK,At planting time (basal application)
Kyela,-9.42,34.1,5.4,418.0,1.41,43.85,Clay,22.98,49.53,0.0,Apply Lime,2-4 weeks before planting
Kyela,-9.33,34.068,5.5,572.0,1.25,48.49,Clay Loam,23.52,59.85,0.17,No Fertilizer,No application needed
Kyela,-9.36,34.004,5.5,540.0,1.8,39.86,Clay Loam,17.37,81.62,0.39,NPK,At planting time (basal application)
Kyela,-9.36,34.004,5.5,540.0,1.8,39.86,Clay Loam,26.23,48.2,0.0,NPK,At planting time (basal application)
Kyela,-9.3,34.1,5.7,704.0,2.2,65.54,Clay Loam,22.37,80.0,10.14,No Fertilizer,No application needed
Kyela,-9.6,33.844,5.6,260.0,2.6,46.88,Sandy Clay Loam,21.85,83.11,10.44,Urea,2-3 weeks after planting (top dressing)
Kyela,-9.6,33.812,5.7,308.0,3.14,50.48,Sandy Clay Loam,18.84,84.66,0.21,No Fertilizer,No application needed
Kyela,-9.54,34.1,5.6,330.0,2.2,32.43,Sandy Clay Loam,25.81,60.16,1.64,NPK,At planting time (basal application)
Kyela,-9.42,33.972,5.5,360.0,2.16,39.12,Sandy Clay Loam,23.07,76.56,3.99,NPK,At planting time (basal application)
Kyela,-9.45,34.1,5.4,396.0,1.25,39.67,Clay Loam,20.76,82.91,22.78,Apply Lime,2-4 weeks before planting
Kyela,-9.3,33.876,5.7,374.0,1.98,65.54,Sandy Clay Loam,21.67,86.27,4.2,No Fertilizer,No application needed
Kyela,-9.48,33.78,5.5,338.0,2.34,46.88,Sandy Clay Loam,24.07,60.83,1.17,No Fertilizer,No application needed
Kyela,-9.45,33.908,5.5,308.0,2.2,32.43,Sandy Clay Loam,20.5,85.78,12.53,NPK,At planting time (basal application)
Kyela,-9.3,34.004,5.5,560.0,1.6,53.88,Clay Loam,26.02,53.07,0.1,No Fertilizer,No application needed
Kyela,-9.36,33.908,5.5,308.0,2.75,39.67,Sandy Clay Loam,23.19,59.82,0.0,NPK,At planting time (basal application)
Kyela,-9.39,34.004,5.3,520.0,1.44,36.06,Clay Loam,22.48,80.53,14.19,Apply Lime,2-4 weeks before planting
Kyela,-9.45,33.972,5.6,264.0,1.98,35.86,Sandy Clay Loam,18.85,80.95,0.0,NPK,At planting time (basal application)
Kyela,-9.51,34.1,5.4,352.0,1.98,32.43,Sandy Clay Loam,23.72,56.57,0.0,Apply Lime,2-4 weeks before planting
Kyela,-9.45,33.876,5.9,286.0,2.6,38.32,Clay Loam,20.3,87.04,5.27,NPK,At planting time (basal application)
Kyela,-9.36,34.036,5.5,580.0,1.6,44.08,Sandy Clay Loam,25.43,62.14,5.46,NPK,At planting time (basal application)
Kyela,-9.39,33.844,5.6,288.0,2.16,39.12,Sandy Clay Loam,18.12,78.87,0.0,NPK,At planting time (basal application)
Kyela,-9.48,33.78,5.5,338.0,2.34,46.88,Sandy Clay Loam,23.96,64.23,0.24,No Fertilizer,No application needed
Kyela,-9.45,33.844,5.4,312.0,2.16,31.99,Sandy Clay Loam,24.63,57.85,0.19,Apply Lime,2-4 weeks before planting
Kyela,-9.51,33.812,5.6,286.0,3.25,38.32,Clay Loam,22.99,76.69,3.72,NPK,At planting time (basal application)
Kyela,-9.42,33.78,5.5,288.0,2.4,35.38,Sandy Clay Loam,18.25,78.8,0.0,NPK,At planting time (basal application)
Kyela,-9.42,34.036,5.3,520.0,1.8,32.6,Clay Loam,16.84,84.35,11.06,Apply Lime,2-4 weeks before planting
Kyela,-9.42,33.812,5.6,288.0,2.16,39.12,Sandy Clay Loam,21.3,52.68,0.0,NPK,At planting time (basal application)
Kyela,-9.45,33.94,5.8,288.0,2.16,39.12,Loam,27.32,50.45,0.21,NPK,At planting time (basal application)
Kyela,-9.48,33.876,5.7,286.0,2.34,34.66,Clay Loam,21.59,77.99,3.16,NPK,At planting time (basal application)
Kyela,-9.3,34.004,5.5,560.0,1.6,53.88,Clay Loam,22.04,82.08,2.48,No Fertilizer,No application needed
Kyela,-9.33,34.068,5.5,572.0,1.25,48.49,Clay Loam,21.04,86.98,6.53,No Fertilizer,No application needed
Kyela,-9.51,33.844,5.6,312.0,2.6,38.32,Sandy Clay Loam,22.07,59.54,0.05,NPK,At planting time (basal application)
Kyela,-9.3,33.78,5.5,484.0,2.2,72.45,Sandy Clay Loam,22.37,81.52,4.45,No Fertilizer,No application needed
Kyela,-9.57,33.844,5.4,338.0,2.34,38.32,Sandy Clay Loam,19.08,64.88,0.0,Apply Lime,2-4 weeks before planting
Kyela,-9.51,34.1,5.4,352.0,1.98,32.43,Sandy Clay Loam,21.71,82.0,3.24,Apply Lime,2-4 weeks before planting
Kyela,-9.36,34.036,5.5,580.0,1.6,44.08,Sandy Clay Loam,23.55,69.19,3.04,NPK,At planting time (basal application)
Kyela,-9.54,33.94,5.7,288.0,2.4,43.27,Sandy Clay Loam,24.81,53.34,0.0,NPK,At planting time (basal application)
Kyela,-9.42,34.036,5.3,520.0,1.8,32.6,Clay Loam,21.95,80.11,4.11,Apply Lime,2-4 weeks before planting
Kyela,-9.6,33.844,5.6,260.0,2.6,46.88,Sandy Clay Loam,15.78,83.53,0.04,Urea,2-3 weeks after planting (top dressing)
Kyela,-9.36,33.908,5.5,308.0,2.75,39.67,Sandy Clay Loam,22.89,59.16,0.01,NPK,At planting time (basal application)
Kyela,-9.57,33.908,5.7,288.0,2.4,31.99,Sandy Clay Loam,17.14,80.91,0.01,NPK,At planting time (basal application)
Kyela,-9.3,33.94,5.5,418.0,1.76,53.61,Sandy Clay Loam,25.56,49.77,0.14,No Fertilizer,No application needed
Kyela,-9.54,34.1,5.6,330.0,2.2,32.43,Sandy Clay Loam,16.81,72.38,0.0,NPK,At planting time (basal application)
Kyela,-9.57,33.812,5.5,312.0,2.16,35.38,Sandy Clay Loam,24.63,49.23,0.0,NPK,At planting time (basal application)
Kyela,-9.39,33.972,5.5,352.0,2.2,35.86,Sandy Clay Loam,22.92,79.53,35.17,NPK,At planting time (basal application)
Kyela,-9.39,33.844,5.6,288.0,2.16,39.12,Sandy Clay Loam,21.44,84.78,5.27,NPK,At planting time (basal application)
Kyela,-9.42,33.908,5.6,288.0,2.4,43.27,Sandy Clay Loam,23.42,72.73,9.69,NPK,At planting time (basal application)
Kyela,-9.36,33.908,5.5,308.0,2.75,39.67,Sandy Clay Loam,25.58,50.73,0.0,NPK,At planting time (basal application)
Kyela,-9.36,34.068,5.6,480.0,1.6,48.74,Clay Loam,21.23,83.79,5.57,No Fertilizer,No application needed
Kyela,-9.39,34.068,5.6,480.0,1.44,48.74,Clay Loam,21.46,82.49,2.07,No Fertilizer,No application needed
Kyela,-9.51,33.844,5.6,312.0,2.6,38.32,Sandy Clay Loam,21.05,86.38,17.21,NPK,At planting time (basal application)
Kyela,-9.51,33.94,5.6,288.0,2.69,39.12,Sandy Clay Loam,18.88,82.65,0.42,NPK,At planting time (basal application)
Kyela,-9.45,33.876,5.9,286.0,2.6,38.32,Clay Loam,20.48,62.05,0.0,NPK,At planting time (basal application)
Kyela,-9.6,33.908,5.8,286.0,3.25,38.32,Sandy Clay Loam,21.48,87.94,68.8,NPK,At planting time (basal application)
Kyela,-9.51,34.068,5.7,288.0,2.4,35.38,Sandy Clay Loam,23.06,69.89,9.05,NPK,At planting time (basal application)
Kyela,-9.57,33.78,5.7,364.0,2.6,42.38,Sandy Clay Loam,24.94,64.1,10.41,NPK,At planting time (basal application)
Kyela,-9.6,33.844,5.6,260.0,2.6,46.88,Sandy Clay Loam,21.73,80.8,14.24,Urea,2-3 weeks after planting (top dressing)
Kyela,-9.42,34.036,5.3,520.0,1.8,32.6,Clay Loam,17.36,82.03,0.21,Apply Lime,2-4 weeks before planting
Kyela,-9.36,33.908,5.5,308.0,2.75,39.67,Sandy Clay Loam,17.47,78.26,0.0,NPK,At planting time (basal application)
Kyela,-9.6,33.844,5.6,260.0,2.6,46.88,Sandy Clay Loam,18.97,81.33,0.76,Urea,2-3 weeks after planting (top dressing)
Kyela,-9.45,33.876,5.9,286.0,2.6,38.32,Clay Loam,23.19,59.82,0.0,NPK,At planting time (basal application)
Kyela,-9.39,34.004,5.3,520.0,1.44,36.06,Clay Loam,20.42,88.01,3.84,Apply Lime,2-4 weeks before planting
Kyela,-9.33,34.068,5.5,572.0,1.25,48.49,Clay Loam,16.2,84.09,1.06,No Fertilizer,No application needed
Kyela,-9.48,33.876,5.7,286.0,2.34,34.66,Clay Loam,17.31,83.56,0.4,NPK,At planting time (basal application)
Kyela,-9.3,33.876,5.7,374.0,1.98,65.54,Sandy Clay Loam,18.14,76.69,0.0,No Fertilizer,No application needed
Kyela,-9.39,33.876,5.5,360.0,2.16,35.38,Clay Loam,22.82,77.11,6.23,NPK,At planting time (basal application)
Kyela,-9.36,33.812,5.5,308.0,2.2,43.85,Sandy Clay Loam,23.77,76.12,3.72,NPK,At planting time (basal application)
Kyela,-9.42,33.972,5.5,360.0,2.16,39.12,Sandy Clay Loam,20.68,88.32,20.84,NPK,At planting time (basal application)
Kyela,-9.42,34.1,5.4,418.0,1.41,43.85,Clay,23.43,49.58,0.0,Apply Lime,2-4 weeks before planting
Kyela,-9.45,33.812,5.6,312.0,2.16,35.38,Sandy Clay Loam,22.2,81.69,1.65,NPK,At planting time (basal application)
Kyela,-9.45,33.844,5.4,312.0,2.16,31.99,Sandy Clay Loam,20.75,90.23,19.45,Apply Lime,2-4 weeks before planting
Kyela,-9.36,34.004,5.5,540.0,1.8,39.86,Clay Loam,24.79,64.45,2.24,NPK,At planting time (basal application)
Kyela,-9.36,34.068,5.6,480.0,1.6,48.74,Clay Loam,21.4,80.42,3.48,No Fertilizer,No application needed
Kyela,-9.54,34.1,5.6,330.0,2.2,32.43,Sandy Clay Loam,21.18,83.09,14.23,NPK,At planting time (basal application)
Kyela,-9.3,33.844,5.7,330.0,1.98,80.08,Sandy Clay Loam,17.31,83.56,0.4,No Fertilizer,No application needed
Kyela,-9.3,33.908,5.6,352.0,1.41,53.61,Clay Loam,23.36,60.32,0.02,No Fertilizer,No application needed
Kyela,-9.45,33.812,5.6,312.0,2.16,35.38,Sandy Clay Loam,15.51,83.54,0.13,NPK,At planting time (basal application)
Kyela,-9.48,33.94,5.5,312.0,3.0,39.12,Sandy Clay Loam,19.59,84.85,6.19,NPK,At planting time (basal application)
Kyela,-9.36,33.78,5.6,288.0,2.69,52.9,Sandy Clay Loam,18.08,77.3,0.0,No Fertilizer,No application needed
Kyela,-9.48,33.812,5.5,338.0,2.91,38.32,Clay Loam,20.58,86.76,1.31,NPK,At planting time (basal application)
Kyela,-9.57,33.812,5.5,312.0,2.16,35.38,Sandy Clay Loam,22.07,78.45,7.07,NPK,At planting time (basal application)
Kyela,-9.57,33.844,5.4,338.0,2.34,38.32,Sandy Clay Loam,25.49,56.88,0.29,Apply Lime,2-4 weeks before planting
Kyela,-9.42,33.908,5.6,288.0,2.4,43.27,Sandy Clay Loam,22.88,74.93,2.06,NPK,At planting time (basal application)
Kyela,-9.3,33.812,5.7,360.0,1.8,98.34,Sandy Clay Loam,19.16,86.45,1.09,No Fertilizer,No application needed
Kyela,-9.6,33.94,5.5,336.0,2.4,39.12,Sandy Clay Loam,22.57,76.28,1.51,NPK,At planting time (basal application)
Kyela,-9.6,33.94,5.5,336.0,2.4,39.12,Sandy Clay Loam,15.66,81.95,0.15,NPK,At planting time (basal application)
Kyela,-9.48,33.844,5.6,286.0,2.6,34.66,Sandy Clay Loam,16.93,87.8,1.91,NPK,At planting time (basal application)
Kyela,-9.45,33.844,5.4,312.0,2.16,31.99,Sandy Clay Loam,26.0,56.17,0.57,Apply Lime,2-4 weeks before planting
Kyela,-9.3,34.068,5.6,540.0,1.6,53.88,Clay Loam,17.73,71.66,0.01,No Fertilizer,No application needed
Kyela,-9.3,34.004,5.5,560.0,1.6,53.88,Clay Loam,17.5,80.57,0.01,No Fertilizer,No application needed
Kyela,-9.36,33.908,5.5,308.0,2.75,39.67,Sandy Clay Loam,21.35,87.75,3.89,NPK,At planting time (basal application)
Kyela,-9.57,33.94,5.6,364.0,3.25,46.88,Clay Loam,18.13,74.27,0.0,No Fertilizer,No application needed
Kyela,-9.39,34.036,5.5,594.0,1.41,43.85,Clay Loam,19.69,85.39,0.34,NPK,At planting time (basal application)
Kyela,-9.3,34.068,5.6,540.0,1.6,53.88,Clay Loam,22.65,77.03,14.85,No Fertilizer,No application needed
Kyela,-9.6,33.908,5.8,286.0,3.25,38.32,Sandy Clay Loam,21.63,58.2,0.03,NPK,At planting time (basal application)
Kyela,-9.51,33.908,5.6,336.0,2.16,39.12,Sandy Clay Loam,17.52,73.44,0.0,NPK,At planting time (basal application)
Kyela,-9.42,34.068,5.6,418.0,1.58,39.67,Clay Loam,23.16,78.83,2.03,NPK,At planting time (basal application)
Kyela,-9.48,33.908,5.5,312.0,2.16,28.92,Clay Loam,24.32,44.32,0.0,NPK,At planting time (basal application)
Kyela,-9.39,33.844,5.6,288.0,2.16,39.12,Sandy Clay Loam,21.94,83.58,9.37,NPK,At planting time (basal application)
Kyela,-9.48,33.876,5.7,286.0,2.34,34.66,Clay Loam,21.83,82.06,6.72,NPK,At planting time (basal application)
Kyela,-9.36,33.908,5.5,308.0,2.75,39.67,Sandy Clay Loam,18.81,75.66,0.0,NPK,At planting time (basal application)
Kyela,-9.36,33.94,5.5,352.0,1.76,39.67,Sandy Clay Loam,20.28,78.22,20.66,NPK,At planting time (basal application)
Kyela,-9.39,33.94,5.6,264.0,1.92,39.12,Sandy Clay Loam,19.98,63.27,0.0,NPK,At planting time (basal application)
Kyela,-9.51,33.844,5.6,312.0,2.6,38.32,Sandy Clay Loam,23.16,78.83,2.03,NPK,At planting time (basal application)
Kyela,-9.51,33.844,5.6,312.0,2.6,38.32,Sandy Clay Loam,23.18,70.04,0.2,NPK,At planting time (basal application)
Kyela,-9.54,33.908,5.5,312.0,2.6,42.38,Sandy Clay Loam,17.06,64.24,0.0,NPK,At planting time (basal application)
Kyela,-9.33,33.78,5.5,330.0,2.2,43.85,Sandy Clay Loam,23.21,78.88,1.45,NPK,At planting time (basal application)
Kyela,-9.45,33.972,5.6,264.0,1.98,35.86,Sandy Clay Loam,18.94,66.57,0.0,NPK,At planting time (basal application)
Kyela,-9.54,33.844,5.6,286.0,2.6,46.88,Sandy Clay Loam,25.06,57.25,0.13,No Fertilizer,No application needed
Kyela,-9.45,34.1,5.4,396.0,1.25,39.67,Clay Loam,15.45,78.81,0.0,Apply Lime,2-4 weeks before planting
Kyela,-9.39,33.876,5.5,360.0,2.16,35.38,Clay Loam,21.18,87.63,13.33,NPK,At planting time (basal application)
Kyela,-9.33,33.972,5.4,500.0,1.8,39.86,Sandy Clay Loam,26.32,50.89,0.0,Apply Lime,2-4 weeks before planting
Kyela,-9.36,34.068,5.6,480.0,1.6,48.74,Clay Loam,20.67,86.53,0.74,No Fertilizer,No application needed
Kyela,-9.51,33.844,5.6,312.0,2.6,38.32,Sandy Clay Loam,23.55,52.86,0.0,NPK,At planting time (basal application)
Kyela,-9.45,33.972,5.6,264.0,1.98,35.86,Sandy Clay Loam,16.45,77.76,0.0,NPK,At planting time (basal application)
Kyela,-9.33,33.812,5.5,286.0,1.98,48.49,Sandy Clay Loam,21.7,86.43,40.91,No Fertilizer,No application needed
Kyela,-9.45,34.1,5.4,396.0,1.25,39.67,Clay Loam,24.79,69.53,1.21,Apply Lime,2-4 weeks before planting
Kyela,-9.45,34.068,5.4,396.0,1.76,35.86,Clay Loam,21.39,88.77,19.55,Apply Lime,2-4 weeks before planting
Kyela,-9.3,34.1,5.7,704.0,2.2,65.54,Clay Loam,25.4,52.43,0.01,No Fertilizer,No application needed
Kyela,-9.45,33.812,5.6,312.0,2.16,35.38,Sandy Clay Loam,18.9,67.35,0.0,NPK,At planting time (basal application)
Kyela,-9.3,33.78,5.5,484.0,2.2,72.45,Sandy Clay Loam,22.64,78.43,2.95,No Fertilizer,No application needed
Kyela,-9.45,33.78,5.6,312.0,2.91,38.32,Sandy Clay Loam,17.42,76.46,0.0,NPK,At planting time (basal application)
Kyela,-9.45,34.004,5.5,312.0,1.92,39.12,Sandy Clay Loam,21.81,83.0,5.53,NPK,At planting time (basal application)
Kyela,-9.39,33.812,5.5,264.0,2.46,39.67,Clay Loam,21.17,85.23,4.6,NPK,At planting time (basal application)
Kyela,-9.39,33.876,5.5,360.0,2.16,35.38,Clay Loam,15.74,81.9,0.0,NPK,At planting time (basal application)
Kyela,-9.36,33.908,5.5,308.0,2.75,39.67,Sandy Clay Loam,14.92,80.99,0.03,NPK,At planting time (basal application)
Kyela,-9.36,34.1,5.7,500.0,1.8,44.08,Clay Loam,17.51,69.89,0.02,NPK,At planting time (basal application)
Kyela,-9.48,34.004,5.5,308.0,2.2,35.86,Clay Loam,17.55,81.19,0.08,NPK,At planting time (basal application)
Kyela,-9.42,34.036,5.3,520.0,1.8,32.6,Clay Loam,21.68,81.62,0.78,Apply Lime,2-4 weeks before planting
Kyela,-9.3,33.844,5.7,330.0,1.98,80.08,Sandy Clay Loam,22.08,84.22,26.12,No Fertilizer,No application needed
Kyela,-9.51,33.812,5.6,286.0,3.25,38.32,Clay Loam,26.49,53.72,1.07,NPK,At planting time (basal application)
Kyela,-9.45,34.004,5.5,312.0,1.92,39.12,Sandy Clay Loam,17.59,71.48,0.0,NPK,At planting time (basal application)
Kyela,-9.3,33.876,5.7,374.0,1.98,65.54,Sandy Clay Loam,16.74,76.62,0.0,No Fertilizer,No application needed
Kyela,-9.39,33.78,5.4,288.0,2.4,47.83,Sandy Clay Loam,20.56,69.05,0.85,Apply Lime,2-4 weeks before planting
Kyela,-9.36,34.068,5.6,480.0,1.6,48.74,Clay Loam,22.28,75.76,5.04,No Fertilizer,No application needed
Kyela,-9.36,33.908,5.5,308.0,2.75,39.67,Sandy Clay Loam,26.69,52.46,0.02,NPK,At planting time (basal application)
Kyela,-9.57,33.908,5.7,288.0,2.4,31.99,Sandy Clay Loam,17.06,81.11,0.23,NPK,At planting time (basal application)
Kyela,-9.36,34.036,5.5,580.0,1.6,44.08,Sandy Clay Loam,23.15,60.35,0.21,NPK,At planting time (basal application)
Kyela,-9.6,33.94,5.5,336.0,2.4,39.12,Sandy Clay Loam,15.59,81.08,0.32,NPK,At planting time (basal application)
Kyela,-9.45,33.94,5.8,288.0,2.16,39.12,Loam,22.22,80.45,6.14,NPK,At planting time (basal application)
Kyela,-9.3,33.972,5.8,506.0,1.58,65.54,Sandy Clay Loam,25.25,56.63,0.12,No Fertilizer,No application needed
Kyela,-9.6,33.844,5.6,260.0,2.6,46.88,Sandy Clay Loam,17.32,69.89,0.0,Urea,2-3 weeks after planting (top dressing)
Kyela,-9.51,33.908,5.6,336.0,2.16,39.12,Sandy Clay Loam,23.11,75.3,7.12,NPK,At planting time (basal application)
Kyela,-9.39,33.94,5.6,264.0,1.92,39.12,Sandy Clay Loam,22.75,81.26,7.76,NPK,At planting time (basal application)
Kyela,-9.51,33.78,5.6,260.0,2.34,42.38,Sandy Loam,15.74,81.9,0.0,Urea,2-3 weeks after planting (top dressing)
Kyela,-9.48,33.812,5.5,338.0,2.91,38.32,Clay Loam,20.94,81.17,0.74,NPK,At planting time (basal application)
Kyela,-9.48,33.78,5.5,338.0,2.34,46.88,Sandy Clay Loam,22.29,56.65,0.0,No Fertilizer,No application needed
Kyela,-9.42,33.812,5.6,288.0,2.16,39.12,Sandy Clay Loam,22.45,58.67,0.03,NPK,At planting time (basal application)
Kyela,-9.33,33.972,5.4,500.0,1.8,39.86,Sandy Clay Loam,24.23,74.36,2.46,Apply Lime,2-4 weeks before planting
Kyela,-9.45,33.844,5.4,312.0,2.16,31.99,Sandy Clay Loam,25.29,59.64,0.36,Apply Lime,2-4 weeks before planting
Kyela,-9.45,33.972,5.6,264.0,1.98,35.86,Sandy Clay Loam,25.74,46.13,0.0,NPK,At planting time (basal application)
Kyela,-9.3,33.94,5.5,418.0,1.76,53.61,Sandy Clay Loam,21.78,87.87,12.34,No Fertilizer,No application needed
Kyela,-9.51,33.78,5.6,260.0,2.34,42.38,Sandy Loam,20.99,68.56,0.21,Urea,2-3 weeks after planting (top dressing)
Kyela,-9.39,33.78,5.4,288.0,2.4,47.83,Sandy Clay Loam,22.43,69.12,0.52,Apply Lime,2-4 weeks before planting
Kyela,-9.48,33.844,5.6,286.0,2.6,34.66,Sandy Clay Loam,23.82,62.58,1.15,NPK,At planting time (basal application)
Kyela,-9.6,33.94,5.5,336.0,2.4,39.12,Sandy Clay Loam,20.0,88.49,4.35,NPK,At planting time (basal application)
Kyela,-9.51,34.1,5.4,352.0,1.98,32.43,Sandy Clay Loam,21.73,80.0,19.8,Apply Lime,2-4 weeks before planting
Kyela,-9.42,34.068,5.6,418.0,1.58,39.67,Clay Loam,22.16,54.77,0.0,NPK,At planting time (basal application)
Kyela,-9.45,33.78,5.6,312.0,2.91,38.32,Sandy Clay Loam,22.38,77.83,7.71,NPK,At planting time (basal application)
Kyela,-9.45,34.1,5.4,396.0,1.25,39.67,Clay Loam,24.49,58.95,1.01,Apply Lime,2-4 weeks before planting
Kyela,-9.51,33.812,5.6,286.0,3.25,38.32,Clay Loam,19.23,85.9,6.4,NPK,At planting time (basal application)
Kyela,-9.48,33.908,5.5,312.0,2.16,28.92,Clay Loam,22.11,80.89,1.81,NPK,At planting time (basal application)
Kyela,-9.36,34.1,5.7,500.0,1.8,44.08,Clay Loam,21.57,60.15,0.0,NPK,At planting time (basal application)
Kyela,-9.33,33.812,5.5,286.0,1.98,48.49,Sandy Clay Loam,16.34,83.99,0.43,No Fertilizer,No application needed
Kyela,-9.54,33.94,5.7,288.0,2.4,43.27,Sandy Clay Loam,17.46,85.95,0.0,NPK,At planting time (basal application)
Kyela,-9.6,33.908,5.8,286.0,3.25,38.32,Sandy Clay Loam,16.81,84.31,0.03,NPK,At planting time (basal application)
Kyela,-9.57,33.94,5.6,364.0,3.25,46.88,Clay Loam,19.96,79.12,2.6,No Fertilizer,No application needed
Kyela,-9.54,33.844,5.6,286.0,2.6,46.88,Sandy Clay Loam,21.04,53.98,0.0,No Fertilizer,No application needed
Kyela,-9.3,33.94,5.5,418.0,1.76,53.61,Sandy Clay Loam,25.22,50.81,0.12,No Fertilizer,No application needed
Kyela,-9.45,34.068,5.4,396.0,1.76,35.86,Clay Loam,21.17,85.23,4.6,Apply Lime,2-4 weeks before planting
Kyela,-9.3,34.036,5.4,620.0,1.8,48.74,Clay Loam,18.84,84.66,0.21,Apply Lime,2-4 weeks before planting
Kyela,-9.48,33.94,5.5,312.0,3.0,39.12,Sandy Clay Loam,21.14,83.85,6.51,NPK,At planting time (basal application)
Kyela,-9.6,33.78,5.5,312.0,2.91,38.32,Sandy Clay Loam,24.94,64.1,10.41,NPK,At planting time (basal application)
Kyela,-9.57,33.876,5.8,286.0,2.91,46.88,Sandy Clay Loam,22.24,77.74,1.73,No Fertilizer,No application needed
Kyela,-9.3,33.844,5.7,330.0,1.98,80.08,Sandy Clay Loam,22.14,56.16,0.0,No Fertilizer,No application needed
Kyela,-9.48,34.068,5.3,374.0,1.76,29.33,Sandy Clay Loam,22.22,79.68,10.59,Apply Lime,2-4 weeks before planting
Kyela,-9.57,33.908,5.7,288.0,2.4,31.99,Sandy Clay Loam,14.68,81.3,0.11,NPK,At planting time (basal application)
Kyela,-9.51,33.78,5.6,260.0,2.34,42.38,Sandy Loam,24.81,60.52,7.93,Urea,2-3 weeks after planting (top dressing)
Kyela,-9.51,33.876,6.0,312.0,2.91,34.66,Clay Loam,26.11,49.15,0.01,NPK,At planting time (basal application)
Kyela,-9.33,34.068,5.5,572.0,1.25,48.49,Clay Loam,17.03,60.17,0.0,No Fertilizer,No application needed
Kyela,-9.6,33.78,5.5,312.0,2.91,38.32,Sandy Clay Loam,21.6,63.12,0.0,NPK,At planting time (basal application)
Kyela,-9.45,33.94,5.8,288.0,2.16,39.12,Loam,21.57,80.65,30.97,NPK,At planting time (basal application)
Kyela,-9.45,33.908,5.5,308.0,2.2,32.43,Sandy Clay Loam,14.98,80.34,0.0,NPK,At planting time (basal application)
Kyela,-9.54,33.94,5.7,288.0,2.4,43.27,Sandy Clay Loam,21.91,81.64,50.9,NPK,At planting time (basal application)
Kyela,-9.6,33.908,5.8,286.0,3.25,38.32,Sandy Clay Loam,16.02,83.84,0.0,NPK,At planting time (basal application)
Kyela,-9.6,33.812,5.7,308.0,3.14,50.48,Sandy Clay Loam,17.31,74.24,0.0,No Fertilizer,No application needed
Kyela,-9.42,33.844,5.7,288.0,2.4,47.83,Clay Loam,16.94,80.07,25.76,No Fertilizer,No application needed
Kyela,-9.39,34.036,5.5,594.0,1.41,43.85,Clay Loam,20.61,72.98,0.0,NPK,At planting time (basal application)
Kyela,-9.42,33.908,5.6,288.0,2.4,43.27,Sandy Clay Loam,26.71,52.16,0.02,NPK,At planting time (basal application)
Kyela,-9.3,33.94,5.5,418.0,1.76,53.61,Sandy Clay Loam,18.4,59.43,0.0,No Fertilizer,No application needed
Kyela,-9.36,34.1,5.7,500.0,1.8,44.08,Clay Loam,26.85,52.41,0.52,NPK,At planting time (basal application)
Kyela,-9.42,33.876,5.7,312.0,2.16,43.27,Clay Loam,23.52,73.38,8.17,NPK,At planting time (basal application)
Kyela,-9.48,34.068,5.3,374.0,1.76,29.33,Sandy Clay Loam,16.72,73.27,0.0,Apply Lime,2-4 weeks before planting
Kyela,-9.39,33.908,5.5,286.0,1.98,43.85,Sandy Clay Loam,20.54,83.63,2.93,NPK,At planting time (basal application)
Kyela,-9.39,34.004,5.3,520.0,1.44,36.06,Clay Loam,25.12,43.75,0.0,Apply Lime,2-4 weeks before planting
Kyela,-9.54,33.844,5.6,286.0,2.6,46.88,Sandy Clay Loam,21.06,69.83,0.08,No Fertilizer,No application needed
Kyela,-9.45,33.844,5.4,312.0,2.16,31.99,Sandy Clay Loam,24.75,45.32,0.01,Apply Lime,2-4 weeks before planting
Kyela,-9.42,33.94,5.6,264.0,2.2,43.85,Sandy Clay Loam,25.58,49.12,0.0,NPK,At planting time (basal application)
Kyela,-9.48,33.94,5.5,312.0,3.0,39.12,Sandy Clay Loam,23.12,61.49,0.1,NPK,At planting time (basal application)
Kyela,-9.33,33.876,5.6,330.0,2.2,65.54,Sandy Clay Loam,22.86,77.84,27.18,No Fertilizer,No application needed
Kyela,-9.42,33.844,5.7,288.0,2.4,47.83,Clay Loam,20.64,87.83,7.58,No Fertilizer,No application needed
Kyela,-9.6,33.844,5.6,260.0,2.6,46.88,Sandy Clay Loam,21.64,82.9,2.91,Urea,2-3 weeks after planting (top dressing)
Kyela,-9.51,33.812,5.6,286.0,3.25,38.32,Clay Loam,22.09,86.43,1.01,NPK,At planting time (basal application)
Kyela,-9.3,33.908,5.6,352.0,1.41,53.61,Clay Loam,22.46,81.02,2.12,No Fertilizer,No application needed
Kyela,-9.36,33.844,5.5,308.0,2.2,43.85,Sandy Clay Loam,23.69,79.61,23.82,NPK,At planting time (basal application)
Kyela,-9.33,34.036,5.4,520.0,1.6,39.86,Clay Loam,19.19,82.32,0.0,Apply Lime,2-4 weeks before planting
Kyela,-9.33,34.036,5.4,520.0,1.6,39.86,Clay Loam,15.86,86.12,0.33,Apply Lime,2-4 weeks before planting
Kyela,-9.45,33.78,5.6,312.0,2.91,38.32,Sandy Clay Loam,22.05,77.39,33.71,NPK,At planting time (basal application)
Kyela,-9.3,34.004,5.5,560.0,1.6,53.88,Clay Loam,17.07,81.7,2.62,No Fertilizer,No application needed
Kyela,-9.57,33.812,5.5,312.0,2.16,35.38,Sandy Clay Loam,23.81,73.19,0.09,NPK,At planting time (basal application)
Kyela,-9.3,33.94,5.5,418.0,1.76,53.61,Sandy Clay Loam,20.72,78.82,0.08,No Fertilizer,No application needed
Kyela,-9.57,33.908,5.7,288.0,2.4,31.99,Sandy Clay Loam,23.96,78.59,6.64,NPK,At planting time (basal application)
Kyela,-9.3,33.972,5.8,506.0,1.58,65.54,Sandy Clay Loam,25.36,57.01,0.23,No Fertilizer,No application needed
Kyela,-9.51,34.1,5.4,352.0,1.98,32.43,Sandy Clay Loam,17.53,71.69,0.0,Apply Lime,2-4 weeks before planting
Kyela,-9.42,34.036,5.3,520.0,1.8,32.6,Clay Loam,19.38,77.44,0.33,Apply Lime,2-4 weeks before planting
Kyela,-9.51,33.972,5.5,312.0,3.0,39.12,Sandy Clay Loam,21.85,83.4,2.51,NPK,At planting time (basal application)
Kyela,-9.51,33.876,6.0,312.0,2.91,34.66,Clay Loam,20.54,59.01,0.0,NPK,At planting time (basal application)
Kyela,-9.54,33.78,5.5,260.0,2.34,38.32,Sandy Clay Loam,19.81,82.73,0.0,Urea,2-3 weeks after planting (top dressing)
Kyela,-9.33,33.908,5.6,308.0,1.98,53.61,Sandy Clay Loam,21.92,60.14,0.0,No Fertilizer,No application needed
Kyela,-9.57,33.908,5.7,288.0,2.4,31.99,Sandy Clay Loam,24.3,73.68,0.78,NPK,At planting time (basal application)
Kyela,-9.45,33.908,5.5,308.0,2.2,32.43,Sandy Clay Loam,22.63,79.74,5.09,NPK,At planting time (basal application)
Kyela,-9.45,33.844,5.4,312.0,2.16,31.99,Sandy Clay Loam,22.93,75.43,2.88,Apply Lime,2-4 weeks before planting
Kyela,-9.45,33.844,5.4,312.0,2.16,31.99,Sandy Clay Loam,21.74,81.14,4.28,Apply Lime,2-4 weeks before planting
Kyela,-9.42,33.94,5.6,264.0,2.2,43.85,Sandy Clay Loam,25.49,56.88,0.29,NPK,At planting time (basal application)
Kyela,-9.42,33.972,5.5,360.0,2.16,39.12,Sandy Clay Loam,21.03,85.86,36.53,NPK,At planting time (basal application)
Kyela,-9.39,34.068,5.6,480.0,1.44,48.74,Clay Loam,18.91,82.79,0.27,No Fertilizer,No application needed
Kyela,-9.54,34.1,5.6,330.0,2.2,32.43,Sandy Clay Loam,23.8,62.59,0.16,NPK,At planting time (basal application)
Kyela,-9.45,34.036,5.7,352.0,1.58,35.86,Sandy Clay Loam,22.18,73.46,2.41,NPK,At planting time (basal application)
Kyela,-9.42,33.78,5.5,288.0,2.4,35.38,Sandy Clay Loam,19.74,80.09,0.0,NPK,At planting time (basal application)
Kyela,-9.3,34.1,5.7,704.0,2.2,65.54,Clay Loam,22.52,80.85,8.42,No Fertilizer,No application needed
Kyela,-9.48,33.876,5.7,286.0,2.34,34.66,Clay Loam,24.97,58.15,0.19,NPK,At planting time (basal application)
Kyela,-9.36,34.1,5.7,500.0,1.8,44.08,Clay Loam,21.09,86.27,25.79,NPK,At planting time (basal application)
Kyela,-9.51,34.1,5.4,352.0,1.98,32.43,Sandy Clay Loam,23.49,77.87,4.29,Apply Lime,2-4 weeks before planting
Kyela,-9.51,33.812,5.6,286.0,3.25,38.32,Clay Loam,22.09,79.24,0.74,NPK,At planting time (basal application)
Kyela,-9.33,33.94,5.6,360.0,1.8,36.06,Sandy Clay Loam,21.82,81.63,4.62,NPK,At planting time (basal application)
Kyela,-9.36,33.844,5.5,308.0,2.2,43.85,Sandy Clay Loam,21.81,82.81,13.54,NPK,At planting time (basal application)
Kyela,-9.42,34.004,5.4,462.0,1.76,32.43,Sandy Clay Loam,20.76,83.61,0.42,Apply Lime,2-4 weeks before planting
Kyela,-9.54,33.908,5.5,312.0,2.6,42.38,Sandy Clay Loam,22.19,81.95,10.65,NPK,At planting time (basal application)
Kyela,-9.33,34.036,5.4,520.0,1.6,39.86,Clay Loam,21.97,63.38,0.38,Apply Lime,2-4 weeks before planting
Kyela,-9.3,34.1,5.7,704.0,2.2,65.54,Clay Loam,24.23,67.58,1.48,No Fertilizer,No application needed
Kyela,-9.6,33.812,5.7,308.0,3.14,50.48,Sandy Clay Loam,21.66,80.16,1.23,No Fertilizer,No application needed
Kyela,-9.57,33.78,5.7,364.0,2.6,42.38,Sandy Clay Loam,16.65,55.56,0.0,NPK,At planting time (basal application)
Kyela,-9.48,33.844,5.6,286.0,2.6,34.66,Sandy Clay Loam,24.63,49.23,0.0,NPK,At planting time (basal application)
Kyela,-9.39,33.78,5.4,288.0,2.4,47.83,Sandy Clay Loam,24.99,58.15,1.36,Apply Lime,2-4 weeks before planting
Kyela,-9.36,33.94,5.5,352.0,1.76,39.67,Sandy Clay Loam,23.73,53.44,0.0,NPK,At planting time (basal application)
Kyela,-9.33,34.004,5.5,620.0,1.8,44.08,Clay Loam,21.5,84.99,7.24,NPK,At planting time (basal application)
Kyela,-9.33,33.876,5.6,330.0,2.2,65.54,Sandy Clay Loam,22.19,76.85,17.34,No Fertilizer,No application needed
Kyela,-9.45,33.972,5.6,264.0,1.98,35.86,Sandy Clay Loam,25.78,51.59,0.02,NPK,At planting time (basal application)
Kyela,-9.57,33.812,5.5,312.0,2.16,35.38,Sandy Clay Loam,21.14,83.85,6.51,NPK,At planting time (basal application)
Kyela,-9.6,33.844,5.6,260.0,2.6,46.88,Sandy Clay Loam,21.01,84.56,1.42,Urea,2-3 weeks after planting (top dressing)
Kyela,-9.39,33.812,5.5,264.0,2.46,39.67,Clay Loam,14.65,79.61,0.88,NPK,At planting time (basal application)
Kyela,-9.45,33.972,5.6,264.0,1.98,35.86,Sandy Clay Loam,23.35,74.66,1.75,NPK,At planting time (basal application)
Kyela,-9.57,33.876,5.8,286.0,2.91,46.88,Sandy Clay Loam,21.32,83.49,3.57,No Fertilizer,No application needed
Kyela,-9.45,34.1,5.4,396.0,1.25,39.67,Clay Loam,21.66,81.88,10.68,Apply Lime,2-4 weeks before planting
Kyela,-9.3,34.004,5.5,560.0,1.6,53.88,Clay Loam,22.69,84.11,8.48,No Fertilizer,No application needed
Kyela,-9.3,34.068,5.6,540.0,1.6,53.88,Clay Loam,21.2,83.21,0.66,No Fertilizer,No application needed
Kyela,-9.42,34.1,5.4,418.0,1.41,43.85,Clay,24.16,70.73,1.36,Apply Lime,2-4 weeks before planting
Kyela,-9.6,33.94,5.5,336.0,2.4,39.12,Sandy Clay Loam,25.19,64.21,1.96,NPK,At planting time (basal application)
Kyela,-9.33,34.036,5.4,520.0,1.6,39.86,Clay Loam,16.93,81.54,0.02,Apply Lime,2-4 weeks before planting
Kyela,-9.33,33.844,5.6,286.0,1.76,65.54,Sandy Clay Loam,14.98,81.27,0.02,No Fertilizer,No application needed
Kyela,-9.3,33.972,5.8,506.0,1.58,65.54,Sandy Clay Loam,17.35,81.63,0.0,No Fertilizer,No application needed
Kyela,-9.54,34.1,5.6,330.0,2.2,32.43,Sandy Clay Loam,23.54,71.38,12.31,NPK,At planting time (basal application)
Kyela,-9.45,33.812,5.6,312.0,2.16,35.38,Sandy Clay Loam,23.46,65.86,4.45,NPK,At planting time (basal application)
Kyela,-9.48,33.844,5.6,286.0,2.6,34.66,Sandy Clay Loam,25.76,49.06,0.0,NPK,At planting time (basal application)
Kyela,-9.6,33.908,5.8,286.0,3.25,38.32,Sandy Clay Loam,14.78,76.92,0.0,NPK,At planting time (basal application)
Kyela,-9.51,33.78,5.6,260.0,2.34,42.38,Sandy Loam,24.06,56.06,0.03,Urea,2-3 weeks after planting (top dressing)
Kyela,-9.45,33.876,5.9,286.0,2.6,38.32,Clay Loam,17.87,77.88,0.04,NPK,At planting time (basal application)
Kyela,-9.54,33.812,5.6,312.0,2.6,42.38,Sandy Clay Loam,24.05,51.6,0.0,NPK,At planting time (basal application)
Kyela,-9.39,34.004,5.3,520.0,1.44,36.06,Clay Loam,15.56,88.1,4.3,Apply Lime,2-4 weeks before planting
Kyela,-9.36,34.036,5.5,580.0,1.6,44.08,Sandy Clay Loam,18.89,86.53,1.45,NPK,At planting time (basal application)
Kyela,-9.39,34.004,5.3,520.0,1.44,36.06,Clay Loam,23.97,71.12,18.76,Apply Lime,2-4 weeks before planting
Kyela,-9.33,33.78,5.5,330.0,2.2,43.85,Sandy Clay Loam,20.69,87.74,6.83,NPK,At planting time (basal application)
Kyela,-9.36,33.94,5.5,352.0,1.76,39.67,Sandy Clay Loam,17.86,69.46,0.0,NPK,At planting time (basal application)
Kyela,-9.39,33.94,5.6,264.0,1.92,39.12,Sandy Clay Loam,21.91,81.64,50.9,NPK,At planting time (basal application)
Kyela,-9.6,33.876,5.9,308.0,2.8,41.27,Clay Loam,20.91,82.3,7.87,NPK,At planting time (basal application)
Kyela,-9.48,33.908,5.5,312.0,2.16,28.92,Clay Loam,21.28,82.51,0.85,NPK,At planting time (basal application)
Kyela,-9.57,33.876,5.8,286.0,2.91,46.88,Sandy Clay Loam,16.09,75.95,0.0,No Fertilizer,No application needed
Kyela,-9.39,34.004,5.3,520.0,1.44,36.06,Clay Loam,20.54,85.31,7.57,Apply Lime,2-4 weeks before planting
Kyela,-9.51,33.972,5.5,312.0,3.0,39.12,Sandy Clay Loam,16.25,85.85,3.03,NPK,At planting time (basal application)
Kyela,-9.33,33.812,5.5,286.0,1.98,48.49,Sandy Clay Loam,19.56,58.18,0.0,No Fertilizer,No application needed
Kyela,-9.57,33.844,5.4,338.0,2.34,38.32,Sandy Clay Loam,17.04,87.23,0.05,Apply Lime,2-4 weeks before planting
Kyela,-9.3,33.812,5.7,360.0,1.8,98.34,Sandy Clay Loam,21.17,85.23,4.6,No Fertilizer,No application needed
Kyela,-9.3,33.972,5.8,506.0,1.58,65.54,Sandy Clay Loam,22.2,82.53,3.87,No Fertilizer,No application needed
Kyela,-9.36,34.004,5.5,540.0,1.8,39.86,Clay Loam,18.52,76.21,0.0,NPK,At planting time (basal application)
Kyela,-9.36,34.068,5.6,480.0,1.6,48.74,Clay Loam,16.66,72.7,0.0,No Fertilizer,No application needed
Kyela,-9.57,33.908,5.7,288.0,2.4,31.99,Sandy Clay Loam,20.56,69.05,0.85,NPK,At planting time (basal application)
Kyela,-9.51,34.1,5.4,352.0,1.98,32.43,Sandy Clay Loam,16.13,70.82,0.0,Apply Lime,2-4 weeks before planting
Kyela,-9.36,33.844,5.5,308.0,2.2,43.85,Sandy Clay Loam,21.18,87.63,13.33,NPK,At planting time (basal application)
Kyela,-9.39,33.908,5.5,286.0,1.98,43.85,Sandy Clay Loam,21.55,87.14,16.52,NPK,At planting time (basal application)
Kyela,-9.54,33.812,5.6,312.0,2.6,42.38,Sandy Clay Loam,21.68,81.62,0.78,NPK,At planting time (basal application)
Kyela,-9.48,34.036,5.6,396.0,2.2,29.33,Sandy Clay Loam,18.13,64.65,0.0,NPK,At planting time (basal application)
Kyela,-9.57,33.94,5.6,364.0,3.25,46.88,Clay Loam,21.17,81.44,2.94,No Fertilizer,No application needed
Kyela,-9.33,33.812,5.5,286.0,1.98,48.49,Sandy Clay Loam,17.61,82.34,0.0,No Fertilizer,No application needed
Kyela,-9.51,33.812,5.6,286.0,3.25,38.32,Clay Loam,18.75,63.57,0.0,NPK,At planting time (basal application)
Kyela,-9.42,34.036,5.3,520.0,1.8,32.6,Clay Loam,21.16,61.51,0.0,Apply Lime,2-4 weeks before planting
Kyela,-9.39,34.004,5.3,520.0,1.44,36.06,Clay Loam,16.6,84.85,0.17,Apply Lime,2-4 weeks before planting
Kyela,-9.33,33.78,5.5,330.0,2.2,43.85,Sandy Clay Loam,18.16,72.01,0.02,NPK,At planting time (basal application)
Kyela,-9.51,33.876,6.0,312.0,2.91,34.66,Clay Loam,22.45,75.79,14.72,NPK,At planting time (basal application)
Kyela,-9.45,34.1,5.4,396.0,1.25,39.67,Clay Loam,23.91,64.23,0.94,Apply Lime,2-4 weeks before planting
Kyela,-9.6,33.812,5.7,308.0,3.14,50.48,Sandy Clay Loam,21.4,80.77,6.26,No Fertilizer,No application needed
Kyela,-9.45,34.1,5.4,396.0,1.25,39.67,Clay Loam,21.6,83.65,6.85,Apply Lime,2-4 weeks before planting
Kyela,-9.3,33.94,5.5,418.0,1.76,53.61,Sandy Clay Loam,23.08,78.62,86.98,No Fertilizer,No application needed
Kyela,-9.39,34.1,5.6,506.0,1.76,53.61,Sandy Clay Loam,15.98,79.26,0.03,No Fertilizer,No application needed
Kyela,-9.51,34.068,5.7,288.0,2.4,35.38,Sandy Clay Loam,22.39,77.34,6.22,NPK,At planting time (basal application)
Kyela,-9.57,33.908,5.7,288.0,2.4,31.99,Sandy Clay Loam,20.0,82.17,0.35,NPK,At planting time (basal application)
Kyela,-9.36,33.812,5.5,308.0,2.2,43.85,Sandy Clay Loam,21.56,82.67,8.45,NPK,At planting time (basal application)
Kyela,-9.45,33.812,5.6,312.0,2.16,35.38,Sandy Clay Loam,15.95,84.26,0.01,NPK,At planting time (basal application)
Kyela,-9.3,34.036,5.4,620.0,1.8,48.74,Clay Loam,23.19,68.39,4.12,Apply Lime,2-4 weeks before planting
Kyela,-9.6,33.876,5.9,308.0,2.8,41.27,Clay Loam,21.06,87.18,1.57,NPK,At planting time (basal application)
Kyela,-9.42,34.068,5.6,418.0,1.58,39.67,Clay Loam,17.31,83.56,0.4,NPK,At planting time (basal application)
Kyela,-9.3,33.78,5.5,484.0,2.2,72.45,Sandy Clay Loam,16.23,77.73,0.0,No Fertilizer,No application needed
Kyela,-9.54,34.1,5.6,330.0,2.2,32.43,Sandy Clay Loam,22.01,82.95,10.09,NPK,At planting time (basal application)
Kyela,-9.51,33.78,5.6,260.0,2.34,42.38,Sandy Loam,22.25,60.49,0.0,Urea,2-3 weeks after planting (top dressing)
Kyela,-9.42,34.036,5.3,520.0,1.8,32.6,Clay Loam,22.36,81.08,1.89,Apply Lime,2-4 weeks before planting
Kyela,-9.36,34.068,5.6,480.0,1.6,48.74,Clay Loam,26.49,53.72,1.07,No Fertilizer,No application needed
Kyela,-9.45,34.068,5.4,396.0,1.76,35.86,Clay Loam,17.85,67.91,0.03,Apply Lime,2-4 weeks before planting
Kyela,-9.6,33.94,5.5,336.0,2.4,39.12,Sandy Clay Loam,19.79,86.76,1.62,NPK,At planting time (basal application)
Kyela,-9.36,33.844,5.5,308.0,2.2,43.85,Sandy Clay Loam,23.96,64.23,0.24,NPK,At planting time (basal application)
Kyela,-9.3,33.876,5.7,374.0,1.98,65.54,Sandy Clay Loam,15.04,82.25,0.0,No Fertilizer,No application needed
Kyela,-9.45,33.94,5.8,288.0,2.16,39.12,Loam,18.17,83.3,10.64,NPK,At planting time (basal application)
Kyela,-9.45,33.908,5.5,308.0,2.2,32.43,Sandy Clay Loam,22.1,76.02,0.79,NPK,At planting time (basal application)
Kyela,-9.39,34.036,5.5,594.0,1.41,43.85,Clay Loam,17.46,77.84,0.08,NPK,At planting time (basal application)
Kyela,-9.48,34.036,5.6,396.0,2.2,29.33,Sandy Clay Loam,22.2,53.68,0.08,NPK,At planting time (basal application)
Kyela,-9.42,33.908,5.6,288.0,2.4,43.27,Sandy Clay Loam,19.88,88.74,6.18,NPK,At planting time (basal application)
Kyela,-9.3,33.94,5.5,418.0,1.76,53.61,Sandy Clay Loam,22.51,83.39,18.3,No Fertilizer,No application needed
Kyela,-9.42,34.004,5.4,462.0,1.76,32.43,Sandy Clay Loam,25.9,54.29,0.14,Apply Lime,2-4 weeks before planting
Kyela,-9.57,33.876,5.8,286.0,2.91,46.88,Sandy Clay Loam,21.64,62.58,0.0,No Fertilizer,No application needed
Kyela,-9.42,33.876,5.7,312.0,2.16,43.27,Clay Loam,21.91,79.87,12.54,NPK,At planting time (basal application)
Kyela,-9.54,34.1,5.6,330.0,2.2,32.43,Sandy Clay Loam,20.25,87.36,1.46,NPK,At planting time (basal application)
Kyela,-9.48,33.94,5.5,312.0,3.0,39.12,Sandy Clay Loam,21.74,80.31,7.18,NPK,At planting time (basal application)
Kyela,-9.48,33.812,5.5,338.0,2.91,38.32,Clay Loam,18.79,73.74,0.28,NPK,At planting time (basal application)
Kyela,-9.48,33.844,5.6,286.0,2.6,34.66,Sandy Clay Loam,22.84,84.07,16.03,NPK,At planting time (basal application)
Kyela,-9.51,34.1,5.4,352.0,1.98,32.43,Sandy Clay Loam,24.64,69.31,48.29,Apply Lime,2-4 weeks before planting
Kyela,-9.54,33.94,5.7,288.0,2.4,43.27,Sandy Clay Loam,26.23,48.2,0.0,NPK,At planting time (basal application)
Kyela,-9.51,33.78,5.6,260.0,2.34,42.38,Sandy Loam,21.27,74.3,0.14,Urea,2-3 weeks after planting (top dressing)
Kyela,-9.3,34.004,5.5,560.0,1.6,53.88,Clay Loam,27.68,44.1,0.04,No Fertilizer,No application needed
Kyela,-9.48,34.068,5.3,374.0,1.76,29.33,Sandy Clay Loam,22.61,51.27,0.0,Apply Lime,2-4 weeks before planting
Kyela,-9.54,33.812,5.6,312.0,2.6,42.38,Sandy Clay Loam,21.51,60.43,0.0,NPK,At planting time (basal application)
Kyela,-9.6,33.844,5.6,260.0,2.6,46.88,Sandy Clay Loam,25.58,50.73,0.0,Urea,2-3 weeks after planting (top dressing)
Kyela,-9.6,33.812,5.7,308.0,3.14,50.48,Sandy Clay Loam,21.53,88.15,4.03,No Fertilizer,No application needed
Kyela,-9.6,33.94,5.5,336.0,2.4,39.12,Sandy Clay Loam,24.86,52.55,0.0,NPK,At planting time (basal application)
Kyela,-9.54,33.876,5.4,364.0,2.6,31.33,Clay Loam,20.33,69.87,0.15,Apply Lime,2-4 weeks before planting
Kyela,-9.57,33.812,5.5,312.0,2.16,35.38,Sandy Clay Loam,22.21,57.73,0.0,NPK,At planting time (basal application)
Kyela,-9.36,34.004,5.5,540.0,1.8,39.86,Clay Loam,24.69,53.03,0.02,NPK,At planting time (basal application)
Kyela,-9.33,33.844,5.6,286.0,1.76,65.54,Sandy Clay Loam,22.94,56.57,0.0,No Fertilizer,No application needed
Kyela,-9.39,34.1,5.6,506.0,1.76,53.61,Sandy Clay Loam,22.8,82.9,7.84,No Fertilizer,No application needed
Kyela,-9.42,34.036,5.3,520.0,1.8,32.6,Clay Loam,23.28,78.21,6.11,Apply Lime,2-4 weeks before planting
Kyela,-9.45,34.068,5.4,396.0,1.76,35.86,Clay Loam,23.42,72.05,8.53,Apply Lime,2-4 weeks before planting
Kyela,-9.48,33.972,5.8,308.0,1.98,35.86,Clay Loam,13.46,78.83,0.0,NPK,At planting time (basal application)
Kyela,-9.3,33.876,5.7,374.0,1.98,65.54,Sandy Clay Loam,18.81,83.57,0.07,No Fertilizer,No application needed
Kyela,-9.39,33.876,5.5,360.0,2.16,35.38,Clay Loam,21.94,62.97,0.0,NPK,At planting time (basal application)
Kyela,-9.33,33.908,5.6,308.0,1.98,53.61,Sandy Clay Loam,20.72,78.82,0.08,No Fertilizer,No application needed
Kyela,-9.48,33.876,5.7,286.0,2.34,34.66,Clay Loam,21.22,55.71,0.0,NPK,At planting time (basal application)
Kyela,-9.33,33.876,5.6,330.0,2.2,65.54,Sandy Clay Loam,23.28,75.68,1.4,No Fertilizer,No application needed
Kyela,-9.39,33.876,5.5,360.0,2.16,35.38,Clay Loam,21.16,61.51,0.0,NPK,At planting time (basal application)
Kyela,-9.6,33.844,5.6,260.0,2.6,46.88,Sandy Clay Loam,21.37,72.19,0.37,Urea,2-3 weeks after planting (top dressing)
Kyela,-9.3,33.972,5.8,506.0,1.58,65.54,Sandy Clay Loam,21.69,81.61,12.99,No Fertilizer,No application needed
Kyela,-9.39,34.1,5.6,506.0,1.76,53.61,Sandy Clay Loam,23.39,78.98,11.42,No Fertilizer,No application needed
Kyela,-9.51,33.812,5.6,286.0,3.25,38.32,Clay Loam,21.24,64.38,0.0,NPK,At planting time (basal application)
Kyela,-9.39,33.78,5.4,288.0,2.4,47.83,Sandy Clay Loam,19.57,59.14,0.0,Apply Lime,2-4 weeks before planting
Kyela,-9.48,33.908,5.5,312.0,2.16,28.92,Clay Loam,23.91,64.23,0.94,NPK,At planting time (basal application)
Kyela,-9.45,33.908,5.5,308.0,2.2,32.43,Sandy Clay Loam,15.69,88.25,1.21,NPK,At planting time (basal application)
Kyela,-9.36,33.812,5.5,308.0,2.2,43.85,Sandy Clay Loam,19.71,87.63,14.55,NPK,At planting time (basal application)
Kyela,-9.42,33.876,5.7,312.0,2.16,43.27,Clay Loam,19.72,69.25,0.0,NPK,At planting time (basal application)
Kyela,-9.36,33.972,5.5,418.0,1.76,43.85,Sandy Clay Loam,21.71,80.96,5.05,NPK,At planting time (basal application)
Kyela,-9.54,33.78,5.5,260.0,2.34,38.32,Sandy Clay Loam,26.81,51.63,0.0,Urea,2-3 weeks after planting (top dressing)
Kyela,-9.39,33.876,5.5,360.0,2.16,35.38,Clay Loam,21.22,86.31,2.0,NPK,At planting time (basal application)
Kyela,-9.54,33.812,5.6,312.0,2.6,42.38,Sandy Clay Loam,23.95,70.96,5.59,NPK,At planting time (basal application)
Kyela,-9.39,33.812,5.5,264.0,2.46,39.67,Clay Loam,21.42,85.86,9.6,NPK,At planting time (basal application)
Kyela,-9.3,34.004,5.5,560.0,1.6,53.88,Clay Loam,20.76,85.59,2.51,No Fertilizer,No application needed
Kyela,-9.39,33.844,5.6,288.0,2.16,39.12,Sandy Clay Loam,25.34,67.42,2.12,NPK,At planting time (basal application)
Kyela,-9.3,33.94,5.5,418.0,1.76,53.61,Sandy Clay Loam,21.32,84.78,9.44,No Fertilizer,No application needed
Kyela,-9.39,33.812,5.5,264.0,2.46,39.67,Clay Loam,23.78,77.23,5.21,NPK,At planting time (basal application)
Kyela,-9.33,34.068,5.5,572.0,1.25,48.49,Clay Loam,22.73,63.77,1.31,No Fertilizer,No application needed
Kyela,-9.36,33.972,5.5,418.0,1.76,43.85,Sandy Clay Loam,20.94,78.78,0.83,NPK,At planting time (basal application)
Kyela,-9.48,34.068,5.3,374.0,1.76,29.33,Sandy Clay Loam,21.54,82.42,29.08,Apply Lime,2-4 weeks before planting
Kyela,-9.3,33.78,5.5,484.0,2.2,72.45,Sandy Clay Loam,16.86,78.22,0.0,No Fertilizer,No application needed
Kyela,-9.36,33.812,5.5,308.0,2.2,43.85,Sandy Clay Loam,23.74,44.13,0.0,NPK,At planting time (basal application)
Kyela,-9.51,33.972,5.5,312.0,3.0,39.12,Sandy Clay Loam,22.39,77.72,2.17,NPK,At planting time (basal application)
Kyela,-9.39,33.908,5.5,286.0,1.98,43.85,Sandy Clay Loam,14.87,86.14,12.02,NPK,At planting time (basal application)
Kyela,-9.48,33.78,5.5,338.0,2.34,46.88,Sandy Clay Loam,15.35,82.18,5.11,No Fertilizer,No application needed
Kyela,-9.33,33.812,5.5,286.0,1.98,48.49,Sandy Clay Loam,21.99,84.18,4.94,No Fertilizer,No application needed
Kyela,-9.33,33.908,5.6,308.0,1.98,53.61,Sandy Clay Loam,24.98,65.46,3.52,No Fertilizer,No application needed
Kyela,-9.48,33.908,5.5,312.0,2.16,28.92,Clay Loam,21.88,60.76,0.0,NPK,At planting time (basal application)
Kyela,-9.3,34.068,5.6,540.0,1.6,53.88,Clay Loam,18.16,64.13,0.0,No Fertilizer,No application needed
Kyela,-9.51,33.812,5.6,286.0,3.25,38.32,Clay Loam,15.06,84.23,0.0,NPK,At planting time (basal application)
Kyela,-9.39,33.812,5.5,264.0,2.46,39.67,Clay Loam,25.16,51.79,0.01,NPK,At planting time (basal application)
Kyela,-9.36,34.036,5.5,580.0,1.6,44.08,Sandy Clay Loam,21.42,82.26,22.83,NPK,At planting time (basal application)
Kyela,-9.42,33.908,5.6,288.0,2.4,43.27,Sandy Clay Loam,17.56,66.08,0.0,NPK,At planting time (basal application)
Kyela,-9.39,34.036,5.5,594.0,1.41,43.85,Clay Loam,25.11,54.99,0.1,NPK,At planting time (basal application)
Kyela,-9.39,34.036,5.5,594.0,1.41,43.85,Clay Loam,20.03,83.79,0.25,NPK,At planting time (basal application)
Kyela,-9.3,33.94,5.5,418.0,1.76,53.61,Sandy Clay Loam,20.22,54.71,0.0,No Fertilizer,No application needed
Kyela,-9.42,34.068,5.6,418.0,1.58,39.67,Clay Loam,25.14,64.35,12.06,NPK,At planting time (basal application)
Kyela,-9.57,33.78,5.7,364.0,2.6,42.38,Sandy Clay Loam,20.76,85.59,2.51,NPK,At planting time (basal application)
Kyela,-9.3,34.036,5.4,620.0,1.8,48.74,Clay Loam,24.91,54.58,0.98,Apply Lime,2-4 weeks before planting
Kyela,-9.48,34.068,5.3,374.0,1.76,29.33,Sandy Clay Loam,18.53,63.9,0.0,Apply Lime,2-4 weeks before planting
Kyela,-9.6,33.78,5.5,312.0,2.91,38.32,Sandy Clay Loam,25.42,46.54,0.0,NPK,At planting time (basal application)
Kyela,-9.3,33.876,5.7,374.0,1.98,65.54,Sandy Clay Loam,18.79,73.74,0.28,No Fertilizer,No application needed
Kyela,-9.57,33.844,5.4,338.0,2.34,38.32,Sandy Clay Loam,21.24,64.38,0.0,Apply Lime,2-4 weeks before planting
Kyela,-9.33,33.972,5.4,500.0,1.8,39.86,Sandy Clay Loam,23.77,68.05,2.02,Apply Lime,2-4 weeks before planting
Kyela,-9.3,34.004,5.5,560.0,1.6,53.88,Clay Loam,24.01,49.72,0.0,No Fertilizer,No application needed
Kyela,-9.48,33.876,5.7,286.0,2.34,34.66,Clay Loam,21.73,79.74,5.45,NPK,At planting time (basal application)
Kyela,-9.36,33.844,5.5,308.0,2.2,43.85,Sandy Clay Loam,21.0,83.23,5.68,NPK,At planting time (basal application)
Kyela,-9.33,33.876,5.6,330.0,2.2,65.54,Sandy Clay Loam,16.36,78.7,0.0,No Fertilizer,No application needed
Kyela,-9.57,33.94,5.6,364.0,3.25,46.88,Clay Loam,22.22,82.73,11.9,No Fertilizer,No application needed
Kyela,-9.48,33.78,5.5,338.0,2.34,46.88,Sandy Clay Loam,14.29,84.82,8.74,No Fertilizer,No application needed
Kyela,-9.51,33.812,5.6,286.0,3.25,38.32,Clay Loam,20.36,88.38,33.42,NPK,At planting time (basal application)
Kyela,-9.33,33.844,5.6,286.0,1.76,65.54,Sandy Clay Loam,19.03,85.47,0.51,No Fertilizer,No application needed
Kyela,-9.42,33.78,5.5,288.0,2.4,35.38,Sandy Clay Loam,23.85,76.13,23.22,NPK,At planting time (basal application)
Kyela,-9.42,34.1,5.4,418.0,1.41,43.85,Clay,18.08,61.6,0.0,Apply Lime,2-4 weeks before planting
Kyela,-9.42,33.908,5.6,288.0,2.4,43.27,Sandy Clay Loam,16.06,77.98,0.0,NPK,At planting time (basal application)
Kyela,-9.48,34.1,5.5,352.0,1.58,39.67,Clay Loam,17.35,81.63,0.0,NPK,At planting time (basal application)
Kyela,-9.42,34.068,5.6,418.0,1.58,39.67,Clay Loam,20.97,86.77,11.53,NPK,At planting time (basal application)
Kyela,-9.36,33.844,5.5,308.0,2.2,43.85,Sandy Clay Loam,17.64,73.8,0.01,NPK,At planting time (basal application)
Kyela,-9.39,33.812,5.5,264.0,2.46,39.67,Clay Loam,22.76,87.22,18.56,NPK,At planting time (basal application)
Kyela,-9.48,33.876,5.7,286.0,2.34,34.66,Clay Loam,24.06,56.06,0.03,NPK,At planting time (basal application)
Kyela,-9.45,33.94,5.8,288.0,2.16,39.12,Loam,23.97,70.04,0.41,NPK,At planting time (basal application)
Kyela,-9.39,33.972,5.5,352.0,2.2,35.86,Sandy Clay Loam,19.72,68.21,3.72,NPK,At planting time (basal application)
Kyela,-9.3,34.036,5.4,620.0,1.8,48.74,Clay Loam,21.28,82.51,0.85,Apply Lime,2-4 weeks before planting
Kyela,-9.6,33.94,5.5,336.0,2.4,39.12,Sandy Clay Loam,20.56,69.05,0.85,NPK,At planting time (basal application)
Kyela,-9.48,34.1,5.5,352.0,1.58,39.67,Clay Loam,14.81,86.08,0.02,NPK,At planting time (basal application)
Kyela,-9.6,33.844,5.6,260.0,2.6,46.88,Sandy Clay Loam,21.12,85.27,10.85,Urea,2-3 weeks after planting (top dressing)
Kyela,-9.42,34.1,5.4,418.0,1.41,43.85,Clay,24.09,62.79,0.46,Apply Lime,2-4 weeks before planting
Kyela,-9.39,33.94,5.6,264.0,1.92,39.12,Sandy Clay Loam,21.59,85.22,10.94,NPK,At planting time (basal application)
Kyela,-9.39,33.812,5.5,264.0,2.46,39.67,Clay Loam,19.71,83.37,0.54,NPK,At planting time (basal application)
Kyela,-9.48,33.876,5.7,286.0,2.34,34.66,Clay Loam,23.66,62.29,0.08,NPK,At planting time (basal application)
Kyela,-9.57,33.812,5.5,312.0,2.16,35.38,Sandy Clay Loam,23.38,76.98,2.02,NPK,At planting time (basal application)
Kyela,-9.3,34.1,5.7,704.0,2.2,65.54,Clay Loam,21.69,86.19,44.36,No Fertilizer,No application needed
Kyela,-9.39,33.972,5.5,352.0,2.2,35.86,Sandy Clay Loam,23.5,76.91,37.29,NPK,At planting time (basal application)
Kyela,-9.42,33.812,5.6,288.0,2.16,39.12,Sandy Clay Loam,21.19,83.27,5.91,NPK,At planting time (basal application)
Kyela,-9.36,33.812,5.5,308.0,2.2,43.85,Sandy Clay Loam,20.59,84.74,30.28,NPK,At planting time (basal application)
Kyela,-9.36,34.036,5.5,580.0,1.6,44.08,Sandy Clay Loam,22.92,69.01,0.15,NPK,At planting time (basal application)
Kyela,-9.6,33.908,5.8,286.0,3.25,38.32,Sandy Clay Loam,17.1,83.81,0.37,NPK,At planting time (basal application)
Kyela,-9.33,33.972,5.4,500.0,1.8,39.86,Sandy Clay Loam,25.08,56.46,0.0,Apply Lime,2-4 weeks before planting
Kyela,-9.51,33.812,5.6,286.0,3.25,38.32,Clay Loam,22.99,66.52,0.52,NPK,At planting time (basal application)
Kyela,-9.51,33.94,5.6,288.0,2.69,39.12,Sandy Clay Loam,20.58,69.61,0.0,NPK,At planting time (basal application)
Kyela,-9.45,33.78,5.6,312.0,2.91,38.32,Sandy Clay Loam,21.91,80.74,3.32,NPK,At planting time (basal application)
Kyela,-9.33,33.78,5.5,330.0,2.2,43.85,Sandy Clay Loam,22.55,81.47,29.95,NPK,At planting time (basal application)
Kyela,-9.45,33.876,5.9,286.0,2.6,38.32,Clay Loam,21.24,59.66,0.0,NPK,At planting time (basal application)
Kyela,-9.45,33.78,5.6,312.0,2.91,38.32,Sandy Clay Loam,19.66,67.36,0.0,NPK,At planting time (basal application)
Kyela,-9.48,33.78,5.5,338.0,2.34,46.88,Sandy Clay Loam,17.25,80.34,0.05,No Fertilizer,No application needed
Kyela,-9.42,33.972,5.5,360.0,2.16,39.12,Sandy Clay Loam,24.72,63.68,2.74,NPK,At planting time (basal application)
Kyela,-9.33,33.844,5.6,286.0,1.76,65.54,Sandy Clay Loam,21.19,83.27,5.91,No Fertilizer,No application needed
Kyela,-9.51,33.876,6.0,312.0,2.91,34.66,Clay Loam,20.8,83.98,0.01,NPK,At planting time (basal application)
Kyela,-9.48,33.94,5.5,312.0,3.0,39.12,Sandy Clay Loam,21.02,88.57,12.38,NPK,At planting time (basal application)
Kyela,-9.36,34.004,5.5,540.0,1.8,39.86,Clay Loam,20.88,86.09,2.99,NPK,At planting time (basal application)
Kyela,-9.45,34.068,5.4,396.0,1.76,35.86,Clay Loam,17.49,74.37,0.0,Apply Lime,2-4 weeks before planting
Kyela,-9.45,33.94,5.8,288.0,2.16,39.12,Loam,16.12,79.55,0.0,NPK,At planting time (basal application)
Kyela,-9.33,33.876,5.6,330.0,2.2,65.54,Sandy Clay Loam,17.03,82.78,0.05,No Fertilizer,No application needed
Kyela,-9.33,33.908,5.6,308.0,1.98,53.61,Sandy Clay Loam,17.1,78.49,0.0,No Fertilizer,No application needed
Kyela,-9.48,33.94,5.5,312.0,3.0,39.12,Sandy Clay Loam,21.23,87.75,10.83,NPK,At planting time (basal application)
Kyela,-9.39,34.004,5.3,520.0,1.44,36.06,Clay Loam,24.18,61.29,4.67,Apply Lime,2-4 weeks before planting
Kyela,-9.6,33.78,5.5,312.0,2.91,38.32,Sandy Clay Loam,23.0,72.69,0.81,NPK,At planting time (basal application)
Kyela,-9.51,33.844,5.6,312.0,2.6,38.32,Sandy Clay Loam,22.72,82.7,3.63,NPK,At planting time (basal application)
Kyela,-9.48,34.036,5.6,396.0,2.2,29.33,Sandy Clay Loam,16.04,79.65,0.0,NPK,At planting time (basal application)
Kyela,-9.6,33.908,5.8,286.0,3.25,38.32,Sandy Clay Loam,17.24,86.24,0.0,NPK,At planting time (basal application)
Kyela,-9.33,33.876,5.6,330.0,2.2,65.54,Sandy Clay Loam,14.82,79.55,0.21,No Fertilizer,No application needed
Kyela,-9.54,33.844,5.6,286.0,2.6,46.88,Sandy Clay Loam,21.27,81.55,0.24,No Fertilizer,No application needed
Kyela,-9.36,34.068,5.6,480.0,1.6,48.74,Clay Loam,21.82,86.81,13.38,No Fertilizer,No application needed
Kyela,-9.48,33.908,5.5,312.0,2.16,28.92,Clay Loam,23.38,72.47,0.54,NPK,At planting time (basal application)
Kyela,-9.36,34.1,5.7,500.0,1.8,44.08,Clay Loam,21.16,84.99,3.91,NPK,At planting time (basal application)
Kyela,-9.57,33.908,5.7,288.0,2.4,31.99,Sandy Clay Loam,23.51,76.33,0.51,NPK,At planting time (basal application)
Kyela,-9.42,34.004,5.4,462.0,1.76,32.43,Sandy Clay Loam,16.76,81.89,0.0,Apply Lime,2-4 weeks before planting
Kyela,-9.42,34.036,5.3,520.0,1.8,32.6,Clay Loam,17.01,82.91,0.21,Apply Lime,2-4 weeks before planting
Kyela,-9.33,34.004,5.5,620.0,1.8,44.08,Clay Loam,17.65,86.1,0.29,NPK,At planting time (basal application)
Kyela,-9.57,33.844,5.4,338.0,2.34,38.32,Sandy Clay Loam,20.72,85.99,47.53,Apply Lime,2-4 weeks before planting
Kyela,-9.3,34.004,5.5,560.0,1.6,53.88,Clay Loam,21.96,86.24,3.85,No Fertilizer,No application needed
Kyela,-9.39,34.1,5.6,506.0,1.76,53.61,Sandy Clay Loam,18.36,84.02,0.07,No Fertilizer,No application needed
Kyela,-9.45,34.068,5.4,396.0,1.76,35.86,Clay Loam,20.49,87.31,5.48,Apply Lime,2-4 weeks before planting
Kyela,-9.6,33.908,5.8,286.0,3.25,38.32,Sandy Clay Loam,16.81,84.31,0.03,NPK,At planting time (basal application)
Kyela,-9.42,33.94,5.6,264.0,2.2,43.85,Sandy Clay Loam,16.45,80.73,0.01,NPK,At planting time (basal application)
Kyela,-9.48,34.036,5.6,396.0,2.2,29.33,Sandy Clay Loam,15.22,77.31,0.0,NPK,At planting time (basal application)
Kyela,-9.42,33.876,5.7,312.0,2.16,43.27,Clay Loam,16.8,80.27,0.0,NPK,At planting time (basal application)
Kyela,-9.51,34.1,5.4,352.0,1.98,32.43,Sandy Clay Loam,22.41,77.77,2.92,Apply Lime,2-4 weeks before planting
Kyela,-9.45,33.972,5.6,264.0,1.98,35.86,Sandy Clay Loam,19.67,77.51,0.46,NPK,At planting time (basal application)
Kyela,-9.45,33.78,5.6,312.0,2.91,38.32,Sandy Clay Loam,19.74,73.27,0.0,NPK,At planting time (basal application)
Kyela,-9.42,34.036,5.3,520.0,1.8,32.6,Clay Loam,14.92,70.74,0.0,Apply Lime,2-4 weeks before planting
Kyela,-9.39,34.036,5.5,594.0,1.41,43.85,Clay Loam,17.97,80.89,0.0,NPK,At planting time (basal application)
Kyela,-9.42,33.78,5.5,288.0,2.4,35.38,Sandy Clay Loam,22.03,67.89,0.3,NPK,At planting time (basal application)
Kyela,-9.36,34.068,5.6,480.0,1.6,48.74,Clay Loam,14.01,73.99,0.0,No Fertilizer,No application needed
Kyela,-9.36,34.004,5.5,540.0,1.8,39.86,Clay Loam,14.05,80.84,0.05,NPK,At planting time (basal application)
Kyela,-9.33,34.036,5.4,520.0,1.6,39.86,Clay Loam,19.9,89.33,7.39,Apply Lime,2-4 weeks before planting
Kyela,-9.54,33.78,5.5,260.0,2.34,38.32,Sandy Clay Loam,19.03,75.44,0.0,Urea,2-3 weeks after planting (top dressing)
Kyela,-9.45,34.036,5.7,352.0,1.58,35.86,Sandy Clay Loam,17.97,80.89,0.0,NPK,At planting time (basal application)
Kyela,-9.42,34.068,5.6,418.0,1.58,39.67,Clay Loam,18.41,73.62,0.0,NPK,At planting time (basal application)
Kyela,-9.45,33.972,5.6,264.0,1.98,35.86,Sandy Clay Loam,20.86,82.2,35.7,NPK,At planting time (basal application)
Kyela,-9.33,34.068,5.5,572.0,1.25,48.49,Clay Loam,19.23,85.9,6.4,No Fertilizer,No application needed
Kyela,-9.48,34.1,5.5,352.0,1.58,39.67,Clay Loam,18.05,82.07,0.13,NPK,At planting time (basal application)
Kyela,-9.45,33.844,5.4,312.0,2.16,31.99,Sandy Clay Loam,25.16,63.93,1.7,Apply Lime,2-4 weeks before planting
Kyela,-9.42,34.036,5.3,520.0,1.8,32.6,Clay Loam,24.9,65.7,5.79,Apply Lime,2-4 weeks before planting
Kyela,-9.6,33.908,5.8,286.0,3.25,38.32,Sandy Clay Loam,23.4,63.14,0.11,NPK,At planting time (basal application)
Kyela,-9.51,33.94,5.6,288.0,2.69,39.12,Sandy Clay Loam,16.9,77.74,0.0,NPK,At planting time (basal application)
Kyela,-9.54,34.1,5.6,330.0,2.2,32.43,Sandy Clay Loam,26.18,53.1,0.27,NPK,At planting time (basal application)
Kyela,-9.3,34.1,5.7,704.0,2.2,65.54,Clay Loam,20.36,86.49,30.43,No Fertilizer,No application needed
Kyela,-9.51,33.78,5.6,260.0,2.34,42.38,Sandy Loam,19.35,78.85,0.0,Urea,2-3 weeks after planting (top dressing)
Kyela,-9.57,33.876,5.8,286.0,2.91,46.88,Sandy Clay Loam,16.05,87.54,24.18,No Fertilizer,No application needed
Kyela,-9.3,34.1,5.7,704.0,2.2,65.54,Clay Loam,22.08,82.56,26.17,No Fertilizer,No application needed
Kyela,-9.36,34.036,5.5,580.0,1.6,44.08,Sandy Clay Loam,20.99,85.42,1.0,NPK,At planting time (basal application)
Kyela,-9.57,33.812,5.5,312.0,2.16,35.38,Sandy Clay Loam,20.25,87.94,9.64,NPK,At planting time (basal application)
Kyela,-9.36,33.78,5.6,288.0,2.69,52.9,Sandy Clay Loam,14.78,79.39,0.08,No Fertilizer,No application needed
Kyela,-9.51,33.908,5.6,336.0,2.16,39.12,Sandy Clay Loam,23.81,58.47,0.0,NPK,At planting time (basal application)
Kyela,-9.45,33.876,5.9,286.0,2.6,38.32,Clay Loam,20.58,69.61,0.0,NPK,At planting time (basal application)
Kyela,-9.6,33.812,5.7,308.0,3.14,50.48,Sandy Clay Loam,16.3,83.49,0.0,No Fertilizer,No application needed
Kyela,-9.45,33.812,5.6,312.0,2.16,35.38,Sandy Clay Loam,20.52,83.87,1.61,NPK,At planting time (basal application)
Kyela,-9.39,34.004,5.3,520.0,1.44,36.06,Clay Loam,25.66,59.69,2.44,Apply Lime,2-4 weeks before planting
Kyela,-9.6,33.94,5.5,336.0,2.4,39.12,Sandy Clay Loam,15.1,80.35,0.0,NPK,At planting time (basal application)
Kyela,-9.36,34.068,5.6,480.0,1.6,48.74,Clay Loam,17.0,73.92,0.0,No Fertilizer,No application needed
Kyela,-9.42,33.908,5.6,288.0,2.4,43.27,Sandy Clay Loam,15.3,84.72,0.0,NPK,At planting time (basal application)
Kyela,-9.45,33.78,5.6,312.0,2.91,38.32,Sandy Clay Loam,18.13,74.27,0.0,NPK,At planting time (basal application)
Kyela,-9.36,33.94,5.5,352.0,1.76,39.67,Sandy Clay Loam,26.02,48.84,0.0,NPK,At planting time (basal application)
Kyela,-9.33,33.908,5.6,308.0,1.98,53.61,Sandy Clay Loam,21.28,85.71,9.11,No Fertilizer,No application needed
Kyela,-9.51,33.908,5.6,336.0,2.16,39.12,Sandy Clay Loam,24.57,61.25,0.49,NPK,At planting time (basal application)
Kyela,-9.51,33.94,5.6,288.0,2.69,39.12,Sandy Clay Loam,22.14,80.03,46.84,NPK,At planting time (basal application)
Kyela,-9.42,33.94,5.6,264.0,2.2,43.85,Sandy Clay Loam,26.09,56.34,0.11,NPK,At planting time (basal application)
Kyela,-9.48,34.1,5.5,352.0,1.58,39.67,Clay Loam,20.71,84.69,0.4,NPK,At planting time (basal application)
Kyela,-9.36,33.812,5.5,308.0,2.2,43.85,Sandy Clay Loam,18.03,72.66,0.0,NPK,At planting time (basal application)
Kyela,-9.3,34.036,5.4,620.0,1.8,48.74,Clay Loam,24.35,66.54,0.39,Apply Lime,2-4 weeks before planting
Kyela,-9.48,33.812,5.5,338.0,2.91,38.32,Clay Loam,20.46,83.01,1.02,NPK,At planting time (basal application)
Kyela,-9.36,33.908,5.5,308.0,2.75,39.67,Sandy Clay Loam,18.4,71.83,0.0,NPK,At planting time (basal application)
Kyela,-9.51,34.1,5.4,352.0,1.98,32.43,Sandy Clay Loam,16.02,83.84,0.0,Apply Lime,2-4 weeks before planting
Kyela,-9.3,34.036,5.4,620.0,1.8,48.74,Clay Loam,21.53,80.86,8.35,Apply Lime,2-4 weeks before planting
Kyela,-9.33,33.94,5.6,360.0,1.8,36.06,Sandy Clay Loam,19.94,86.46,0.64,NPK,At planting time (basal application)
Kyela,-9.48,33.94,5.5,312.0,3.0,39.12,Sandy Clay Loam,22.51,82.07,2.97,NPK,At planting time (basal application)
Kyela,-9.36,33.94,5.5,352.0,1.76,39.67,Sandy Clay Loam,25.07,64.36,2.23,NPK,At planting time (basal application)
Kyela,-9.6,33.876,5.9,308.0,2.8,41.27,Clay Loam,18.66,71.03,0.05,NPK,At planting time (basal application)
Kyela,-9.51,33.812,5.6,286.0,3.25,38.32,Clay Loam,22.82,58.87,0.0,NPK,At planting time (basal application)
Chunya,-8.48,33.275,5.9,224.0,3.14,37.32,Sandy Loam,25.64,59.62,1.9,Urea,2-3 weeks after planting (top dressing)
Chunya,-8.21,32.75,6.0,252.0,2.24,41.27,Sandy Loam,17.83,73.97,0.14,Urea,2-3 weeks after planting (top dressing)
Chunya,-8.03,33.38,5.7,140.0,2.52,16.6,Sandy Loam,21.13,84.04,5.53,Urea,2-3 weeks after planting (top dressing)
Chunya,-8.57,33.38,6.0,260.0,2.6,46.88,Sandy Loam,21.53,86.29,21.73,Urea,2-3 weeks after planting (top dressing)
Chunya,-8.39,33.275,6.1,224.0,2.24,45.64,Sandy Loam,21.59,80.8,4.52,Urea,2-3 weeks after planting (top dressing)
Chunya,-8.39,33.8,6.1,234.0,2.08,46.88,Sandy Loam,15.92,70.39,0.0,Urea,2-3 weeks after planting (top dressing)
Chunya,-8.66,33.695,6.3,224.0,2.8,68.24,Sandy Loam,23.93,48.62,0.0,Urea,2-3 weeks after planting (top dressing)
Chunya,-8.66,33.38,5.9,312.0,2.08,46.88,Sandy Clay Loam,25.94,51.8,0.25,No Fertilizer,No application needed
Chunya,-8.21,33.38,6.0,196.0,2.02,30.49,Sandy Loam,21.75,80.51,12.23,Urea,2-3 weeks after planting (top dressing)
Chunya,-8.57,33.275,5.8,286.0,2.34,46.88,Sandy Loam,22.03,89.34,13.4,No Fertilizer,No application needed
Chunya,-8.75,32.96,5.9,312.0,2.16,47.83,Sandy Clay Loam,22.91,75.63,5.48,No Fertilizer,No application needed
Chunya,-7.94,32.855,5.6,252.0,2.52,37.32,Sandy Loam,18.77,70.35,0.0,Urea,2-3 weeks after planting (top dressing)
Chunya,-8.57,33.8,6.3,224.0,2.8,75.43,Sandy Clay Loam,22.45,83.77,18.09,Urea,2-3 weeks after planting (top dressing)
Chunya,-8.3,33.485,5.8,196.0,2.24,30.49,Sandy Loam,25.61,63.57,2.71,Urea,2-3 weeks after planting (top dressing)
Chunya,-8.03,33.17,5.7,234.0,1.87,28.31,Sandy Loam,21.88,85.65,1.65,DAP,At planting time (basal application)
Chunya,-8.57,33.17,5.8,312.0,2.91,51.82,Sandy Loam,19.98,73.34,0.0,No Fertilizer,No application needed
Chunya,-8.3,33.17,6.2,224.0,2.52,55.8,Sandy Loam,16.89,67.94,0.01,Urea,2-3 weeks after planting (top dressing)
Chunya,-7.94,33.275,5.7,196.0,2.8,22.54,Sandy Loam,22.13,75.01,0.07,Urea,2-3 weeks after planting (top dressing)
Chunya,-8.75,32.855,5.9,286.0,2.34,51.82,Sandy Loam,20.22,63.72,0.0,No Fertilizer,No application needed
Chunya,-8.39,33.8,6.1,234.0,2.08,46.88,Sandy Loam,18.83,71.22,0.0,Urea,2-3 weeks after planting (top dressing)
Chunya,-8.75,33.38,5.8,240.0,1.92,43.27,Loam,23.38,83.37,35.93,DAP,At planting time (basal application)
Chunya,-8.3,33.275,6.1,140.0,2.24,37.32,Sandy Loam,23.11,80.35,1.52,Urea,2-3 weeks after planting (top dressing)
Chunya,-8.57,33.59,5.8,260.0,2.08,38.32,Sandy Loam,19.02,67.72,0.01,Urea,2-3 weeks after planting (top dressing)
Chunya,-8.39,33.485,6.2,224.0,2.52,45.64,Sandy Loam,23.01,77.14,6.99,Urea,2-3 weeks after planting (top dressing)
Chunya,-8.39,33.695,6.1,260.0,2.34,42.38,Sandy Loam,20.45,77.11,0.74,Urea,2-3 weeks after planting (top dressing)
Chunya,-8.03,33.59,5.7,196.0,2.24,22.54,Sandy Loam,25.04,64.17,0.95,Urea,2-3 weeks after planting (top dressing)
Chunya,-7.94,33.695,5.6,252.0,2.24,30.49,Sandy Clay Loam,24.72,51.35,0.0,Urea,2-3 weeks after planting (top dressing)
Chunya,-8.48,33.485,6.0,224.0,2.02,50.48,Sandy Loam,24.19,54.53,0.0,Urea,2-3 weeks after planting (top dressing)
Chunya,-8.66,32.96,6.4,224.0,3.14,75.43,Sandy Loam,23.32,77.99,1.17,Urea,2-3 weeks after planting (top dressing)
Chunya,-7.85,33.485,5.5,224.0,2.24,27.58,Sandy Loam,23.27,70.03,6.0,Urea,2-3 weeks after planting (top dressing)
Chunya,-7.85,33.065,5.5,336.0,2.24,37.32,Sandy Clay Loam,21.95,80.05,9.56,NPK,At planting time (basal application)
Chunya,-8.12,33.59,5.4,180.0,2.7,21.81,Sandy Loam,20.23,63.98,0.0,Apply Lime,2-4 weeks before planting
Chunya,-8.03,33.275,5.9,140.0,2.24,30.49,Sandy Loam,17.08,59.42,0.0,Urea,2-3 weeks after planting (top dressing)
Chunya,-7.94,32.75,6.0,224.0,2.8,41.27,Sandy Loam,21.37,60.23,0.0,Urea,2-3 weeks after planting (top dressing)
Chunya,-8.12,33.695,5.7,240.0,3.0,32.67,Sandy Loam,24.24,51.14,0.0,Urea,2-3 weeks after planting (top dressing)
Chunya,-7.85,32.96,5.4,252.0,2.52,37.32,Sandy Loam,20.89,81.83,0.72,Apply Lime,2-4 weeks before planting
Chunya,-8.75,33.59,5.8,312.0,2.6,46.88,Sandy Clay Loam,20.04,49.52,0.0,No Fertilizer,No application needed
Chunya,-7.94,33.275,5.7,196.0,2.8,22.54,Sandy Loam,27.0,50.48,0.13,Urea,2-3 weeks after planting (top dressing)
Chunya,-7.94,33.065,5.5,224.0,2.8,30.49,Sandy Loam,19.43,79.02,0.77,Urea,2-3 weeks after planting (top dressing)
Chunya,-8.03,33.38,5.7,140.0,2.52,16.6,Sandy Loam,22.33,59.83,0.0,Urea,2-3 weeks after planting (top dressing)
Chunya,-8.48,33.065,6.3,280.0,2.8,68.24,Sandy Loam,25.99,57.22,0.41,No Fertilizer,No application needed
Chunya,-8.75,33.065,5.9,286.0,2.6,57.3,Sandy Loam,24.11,41.37,0.0,No Fertilizer,No application needed
Chunya,-8.39,33.065,6.1,252.0,2.8,55.8,Sandy Loam,19.71,62.38,0.0,Urea,2-3 weeks after planting (top dressing)
Chunya,-8.12,33.8,5.5,208.0,1.87,18.9,Sandy Loam,23.16,77.38,0.97,DAP,At planting time (basal application)
Chunya,-8.75,33.275,6.2,224.0,2.8,61.71,Sandy Loam,21.11,86.41,3.29,Urea,2-3 weeks after planting (top dressing)
Chunya,-8.48,33.8,6.1,240.0,3.0,73.11,Sandy Loam,21.7,79.38,0.84,Urea,2-3 weeks after planting (top dressing)
Chunya,-7.94,33.065,5.5,224.0,2.8,30.49,Sandy Loam,22.45,82.87,31.23,Urea,2-3 weeks after planting (top dressing)
Chunya,-7.85,32.96,5.4,252.0,2.52,37.32,Sandy Loam,20.88,68.8,0.0,Apply Lime,2-4 weeks before planting
Chunya,-8.03,32.855,5.6,280.0,2.52,45.64,Sandy Loam,23.24,47.88,0.0,No Fertilizer,No application needed
Chunya,-8.39,33.8,6.1,234.0,2.08,46.88,Sandy Loam,24.18,61.79,0.0,Urea,2-3 weeks after planting (top dressing)
Chunya,-8.21,32.855,5.9,252.0,2.52,37.32,Sandy Loam,22.61,80.41,3.21,Urea,2-3 weeks after planting (top dressing)
Chunya,-8.21,33.065,6.0,168.0,2.24,33.74,Sandy Loam,21.22,75.41,0.14,Urea,2-3 weeks after planting (top dressing)
Chunya,-8.12,33.8,5.5,208.0,1.87,18.9,Sandy Loam,20.15,73.72,0.02,DAP,At planting time (basal application)
Chunya,-8.57,33.17,5.8,312.0,2.91,51.82,Sandy Loam,20.74,62.21,0.0,No Fertilizer,No application needed
Chunya,-8.48,33.8,6.1,240.0,3.0,73.11,Sandy Loam,24.63,43.77,0.0,Urea,2-3 weeks after planting (top dressing)
Chunya,-7.94,33.485,5.7,168.0,2.24,18.4,Sandy Loam,18.5,65.84,0.0,Urea,2-3 weeks after planting (top dressing)
Chunya,-8.21,33.38,6.0,196.0,2.02,30.49,Sandy Loam,21.8,82.11,4.09,Urea,2-3 weeks after planting (top dressing)
Chunya,-8.3,32.96,6.0,280.0,2.24,41.27,Sandy Loam,23.0,60.57,0.0,NPK,At planting time (basal application)
Chunya,-8.03,32.75,5.8,252.0,2.24,27.58,Sandy Loam,21.54,80.94,6.02,Urea,2-3 weeks after planting (top dressing)
Chunya,-7.94,32.96,5.4,260.0,2.08,34.66,Sandy Loam,22.11,79.33,1.69,Apply Lime,2-4 weeks before planting
Chunya,-7.94,33.59,5.8,196.0,2.24,30.49,Sandy Loam,22.41,81.79,24.33,Urea,2-3 weeks after planting (top dressing)
Chunya,-8.75,32.96,5.9,312.0,2.16,47.83,Sandy Clay Loam,19.12,71.89,0.01,No Fertilizer,No application needed
Chunya,-8.03,33.59,5.7,196.0,2.24,22.54,Sandy Loam,22.07,78.67,3.96,Urea,2-3 weeks after planting (top dressing)
Chunya,-8.75,33.38,5.8,240.0,1.92,43.27,Loam,22.98,73.14,26.88,DAP,At planting time (basal application)
Chunya,-8.39,33.17,6.0,168.0,2.52,45.64,Sandy Loam,22.86,58.52,0.0,Urea,2-3 weeks after planting (top dressing)
Chunya,-8.21,33.38,6.0,196.0,2.02,30.49,Sandy Loam,20.25,63.37,0.0,Urea,2-3 weeks after planting (top dressing)
Chunya,-8.48,33.8,6.1,240.0,3.0,73.11,Sandy Loam,22.4,61.05,0.0,Urea,2-3 weeks after planting (top dressing)
Chunya,-8.21,33.485,5.7,196.0,2.02,37.32,Sandy Loam,25.22,60.35,3.16,Urea,2-3 weeks after planting (top dressing)
Chunya,-8.48,33.485,6.0,224.0,2.02,50.48,Sandy Loam,22.41,81.79,24.33,Urea,2-3 weeks after planting (top dressing)
Chunya,-8.12,33.275,6.1,112.0,2.24,27.58,Sandy Loam,22.12,81.05,23.71,Urea,2-3 weeks after planting (top dressing)
Chunya,-8.12,33.485,5.8,168.0,2.24,22.54,Sandy Loam,22.96,60.31,0.0,Urea,2-3 weeks after planting (top dressing)
Chunya,-8.57,32.96,7.0,196.0,2.8,92.2,Sandy Loam,27.26,47.99,0.07,Urea,2-3 weeks after planting (top dressing)
Chunya,-8.66,33.485,5.8,260.0,1.87,46.88,Sandy Loam,24.7,60.41,0.03,DAP,At planting time (basal application)
Chunya,-8.03,32.96,5.5,240.0,2.7,36.15,Sandy Loam,25.0,57.8,1.11,Urea,2-3 weeks after planting (top dressing)
Chunya,-8.48,33.695,6.0,260.0,2.6,46.88,Sandy Loam,22.1,78.81,1.89,Urea,2-3 weeks after planting (top dressing)
Chunya,-8.03,33.38,5.7,140.0,2.52,16.6,Sandy Loam,19.03,69.93,0.0,Urea,2-3 weeks after planting (top dressing)
Chunya,-8.03,33.275,5.9,140.0,2.24,30.49,Sandy Loam,24.02,58.44,0.03,Urea,2-3 weeks after planting (top dressing)
Chunya,-8.21,33.275,6.1,112.0,2.24,27.58,Sandy Loam,24.35,67.46,4.05,Urea,2-3 weeks after planting (top dressing)
Chunya,-8.03,32.855,5.6,280.0,2.52,45.64,Sandy Loam,22.94,80.96,8.92,No Fertilizer,No application needed
Chunya,-8.66,33.695,6.3,224.0,2.8,68.24,Sandy Loam,18.96,70.46,0.0,Urea,2-3 weeks after planting (top dressing)
Chunya,-8.03,33.275,5.9,140.0,2.24,30.49,Sandy Loam,23.75,65.4,0.51,Urea,2-3 weeks after planting (top dressing)
Chunya,-8.75,32.75,5.9,260.0,2.08,46.88,Sandy Loam,21.88,58.29,0.0,Urea,2-3 weeks after planting (top dressing)
Chunya,-7.85,33.695,5.5,224.0,1.79,27.58,Sandy Loam,21.69,88.62,26.94,DAP,At planting time (basal application)
Chunya,-8.39,33.59,5.9,224.0,2.24,37.32,Sandy Loam,24.95,40.74,0.0,Urea,2-3 weeks after planting (top dressing)
Chunya,-8.39,33.59,5.9,224.0,2.24,37.32,Sandy Loam,24.31,59.8,4.05,Urea,2-3 weeks after planting (top dressing)
Chunya,-8.75,33.38,5.8,240.0,1.92,43.27,Loam,24.55,39.03,0.0,DAP,At planting time (basal application)
Chunya,-7.94,33.065,5.5,224.0,2.8,30.49,Sandy Loam,19.52,90.02,8.51,Urea,2-3 weeks after planting (top dressing)
Chunya,-8.75,33.275,6.2,224.0,2.8,61.71,Sandy Loam,23.54,75.81,2.1,Urea,2-3 weeks after planting (top dressing)
Chunya,-7.85,33.275,5.5,252.0,2.24,22.54,Sandy Loam,24.13,47.47,0.0,Urea,2-3 weeks after planting (top dressing)
Chunya,-8.66,32.96,6.4,224.0,3.14,75.43,Sandy Loam,20.96,82.71,3.7,Urea,2-3 weeks after planting (top dressing)
Chunya,-8.3,33.8,5.8,252.0,2.24,45.64,Sandy Loam,22.66,71.22,0.43,Urea,2-3 weeks after planting (top dressing)
Chunya,-7.85,33.065,5.5,336.0,2.24,37.32,Sandy Clay Loam,23.1,51.04,0.01,NPK,At planting time (basal application)
Chunya,-8.03,32.855,5.6,280.0,2.52,45.64,Sandy Loam,19.22,69.52,0.07,No Fertilizer,No application needed
Chunya,-8.3,33.695,6.1,224.0,2.52,45.64,Sandy Loam,20.91,64.4,0.03,Urea,2-3 weeks after planting (top dressing)
Chunya,-8.57,33.8,6.3,224.0,2.8,75.43,Sandy Clay Loam,21.8,83.58,15.09,Urea,2-3 weeks after planting (top dressing)
Chunya,-7.85,33.485,5.5,224.0,2.24,27.58,Sandy Loam,21.7,61.24,0.0,Urea,2-3 weeks after planting (top dressing)
Chunya,-8.12,33.485,5.8,168.0,2.24,22.54,Sandy Loam,21.41,66.98,0.0,Urea,2-3 weeks after planting (top dressing)
Chunya,-8.75,33.695,5.9,260.0,2.6,63.36,Sandy Clay Loam,19.51,86.85,3.85,Urea,2-3 weeks after planting (top dressing)
Chunya,-8.03,33.485,5.9,168.0,2.52,24.92,Sandy Loam,24.58,56.23,0.0,Urea,2-3 weeks after planting (top dressing)
Chunya,-8.66,32.855,6.2,224.0,2.52,61.71,Sandy Loam,19.28,59.0,0.02,Urea,2-3 weeks after planting (top dressing)
Chunya,-8.12,33.485,5.8,168.0,2.24,22.54,Sandy Loam,21.77,51.2,0.0,Urea,2-3 weeks after planting (top dressing)
Chunya,-8.48,33.38,6.2,168.0,2.52,45.64,Sandy Loam,22.2,78.13,10.13,Urea,2-3 weeks after planting (top dressing)
Chunya,-8.48,33.065,6.3,280.0,2.8,68.24,Sandy Loam,21.34,65.72,0.0,No Fertilizer,No application needed
Chunya,-8.75,33.275,6.2,224.0,2.8,61.71,Sandy Loam,22.03,78.72,4.27,Urea,2-3 weeks after planting (top dressing)
Chunya,-7.94,33.275,5.7,196.0,2.8,22.54,Sandy Loam,23.11,62.94,0.01,Urea,2-3 weeks after planting (top dressing)
Chunya,-8.21,33.275,6.1,112.0,2.24,27.58,Sandy Loam,18.63,69.42,0.01,Urea,2-3 weeks after planting (top dressing)
Chunya,-8.39,33.38,6.2,168.0,2.02,37.32,Sandy Loam,24.11,75.91,3.13,Urea,2-3 weeks after planting (top dressing)
Chunya,-8.3,33.17,6.2,224.0,2.52,55.8,Sandy Loam,21.01,59.1,0.0,Urea,2-3 weeks after planting (top dressing)
Chunya,-8.75,32.75,5.9,260.0,2.08,46.88,Sandy Loam,27.19,40.18,0.0,Urea,2-3 weeks after planting (top dressing)
Chunya,-8.39,33.485,6.2,224.0,2.52,45.64,Sandy Loam,22.02,84.25,20.21,Urea,2-3 weeks after planting (top dressing)
Chunya,-8.3,32.855,6.0,252.0,2.52,45.64,Sandy Loam,18.6,72.23,0.0,Urea,2-3 weeks after planting (top dressing)
Chunya,-8.75,33.59,5.8,312.0,2.6,46.88,Sandy Clay Loam,24.0,47.36,0.0,No Fertilizer,No application needed
Chunya,-7.85,33.485,5.5,224.0,2.24,27.58,Sandy Loam,22.71,82.61,5.87,Urea,2-3 weeks after planting (top dressing)
Chunya,-8.75,33.59,5.8,312.0,2.6,46.88,Sandy Clay Loam,20.91,84.23,2.14,No Fertilizer,No application needed
Chunya,-7.85,33.695,5.5,224.0,1.79,27.58,Sandy Loam,21.27,80.64,1.96,DAP,At planting time (basal application)
Chunya,-8.57,33.695,6.2,252.0,2.8,61.71,Sandy Loam,19.98,73.34,0.0,Urea,2-3 weeks after planting (top dressing)
Chunya,-8.12,33.065,5.9,196.0,2.8,30.49,Sandy Loam,26.01,40.69,0.0,Urea,2-3 weeks after planting (top dressing)
Chunya,-8.3,33.065,6.1,252.0,2.8,50.48,Sandy Loam,22.62,73.79,0.97,Urea,2-3 weeks after planting (top dressing)
Chunya,-8.21,32.855,5.9,252.0,2.52,37.32,Sandy Loam,22.66,79.79,0.47,Urea,2-3 weeks after planting (top dressing)
Chunya,-8.12,33.17,6.0,168.0,2.24,37.32,Sandy Loam,24.92,58.5,0.17,Urea,2-3 weeks after planting (top dressing)
Chunya,-8.21,32.75,6.0,252.0,2.24,41.27,Sandy Loam,21.65,79.46,0.87,Urea,2-3 weeks after planting (top dressing)
Chunya,-8.39,33.8,6.1,234.0,2.08,46.88,Sandy Loam,22.25,78.29,0.33,Urea,2-3 weeks after planting (top dressing)
Chunya,-8.66,33.485,5.8,260.0,1.87,46.88,Sandy Loam,19.83,68.57,0.0,DAP,At planting time (basal application)
Chunya,-8.3,32.855,6.0,252.0,2.52,45.64,Sandy Loam,21.83,57.28,0.0,Urea,2-3 weeks after planting (top dressing)
Chunya,-8.3,33.695,6.1,224.0,2.52,45.64,Sandy Loam,22.73,83.28,11.31,Urea,2-3 weeks after planting (top dressing)
Chunya,-8.66,33.065,6.6,224.0,3.14,68.24,Sandy Loam,26.95,37.96,0.01,Urea,2-3 weeks after planting (top dressing)
Chunya,-8.48,32.96,6.3,252.0,3.14,68.24,Sandy Loam,22.54,59.35,0.0,Urea,2-3 weeks after planting (top dressing)
Chunya,-7.94,32.96,5.4,260.0,2.08,34.66,Sandy Loam,17.75,59.4,0.0,Apply Lime,2-4 weeks before planting
Chunya,-8.3,32.96,6.0,280.0,2.24,41.27,Sandy Loam,27.65,44.08,0.01,NPK,At planting time (basal application)
Chunya,-8.57,32.96,7.0,196.0,2.8,92.2,Sandy Loam,20.5,86.67,11.98,Urea,2-3 weeks after planting (top dressing)
Chunya,-8.39,32.96,6.4,224.0,2.8,61.71,Sandy Loam,17.51,68.87,0.0,Urea,2-3 weeks after planting (top dressing)
Chunya,-8.48,33.17,5.9,286.0,2.6,42.38,Sandy Loam,21.14,64.18,0.0,NPK,At planting time (basal application)
Chunya,-8.3,33.38,6.0,150.0,2.7,32.67,Sandy Loam,20.61,79.63,1.67,Urea,2-3 weeks after planting (top dressing)
Chunya,-8.3,33.695,6.1,224.0,2.52,45.64,Sandy Loam,21.58,80.07,21.7,Urea,2-3 weeks after planting (top dressing)
Chunya,-8.57,32.855,6.6,224.0,3.14,83.41,Sandy Loam,22.31,81.07,4.74,Urea,2-3 weeks after planting (top dressing)
Chunya,-8.75,33.8,6.4,224.0,2.52,83.41,Sandy Loam,18.67,76.74,0.55,Urea,2-3 weeks after planting (top dressing)
Chunya,-7.94,33.275,5.7,196.0,2.8,22.54,Sandy Loam,26.41,52.77,0.18,Urea,2-3 weeks after planting (top dressing)
Chunya,-7.85,33.17,5.6,196.0,2.24,22.54,Sandy Loam,21.92,83.1,8.78,Urea,2-3 weeks after planting (top dressing)
Chunya,-8.39,33.59,5.9,224.0,2.24,37.32,Sandy Loam,24.62,47.6,0.05,Urea,2-3 weeks after planting (top dressing)
Chunya,-8.48,33.485,6.0,224.0,2.02,50.48,Sandy Loam,25.1,55.24,0.04,Urea,2-3 weeks after planting (top dressing)
Chunya,-8.66,33.485,5.8,260.0,1.87,46.88,Sandy Loam,25.31,56.16,0.0,DAP,At planting time (basal application)
Chunya,-8.21,33.695,5.5,196.0,2.8,24.92,Sandy Loam,24.53,59.75,0.14,Urea,2-3 weeks after planting (top dressing)
Chunya,-7.94,32.75,6.0,224.0,2.8,41.27,Sandy Loam,19.21,70.39,0.0,Urea,2-3 weeks after planting (top dressing)
Chunya,-8.21,32.75,6.0,252.0,2.24,41.27,Sandy Loam,21.04,57.78,0.01,Urea,2-3 weeks after planting (top dressing)
Chunya,-8.39,33.17,6.0,168.0,2.52,45.64,Sandy Loam,20.87,77.14,0.39,Urea,2-3 weeks after planting (top dressing)
Chunya,-8.75,33.38,5.8,240.0,1.92,43.27,Loam,19.31,73.31,0.0,DAP,At planting time (basal application)
Chunya,-8.03,33.065,5.6,196.0,2.8,33.74,Sandy Loam,20.66,84.73,4.41,Urea,2-3 weeks after planting (top dressing)
Chunya,-8.21,33.8,5.6,196.0,2.52,24.92,Sandy Loam,24.35,67.73,0.09,Urea,2-3 weeks after planting (top dressing)
Chunya,-7.85,33.38,5.8,196.0,2.52,20.36,Sandy Loam,24.02,47.67,0.0,Urea,2-3 weeks after planting (top dressing)
Chunya,-7.94,33.59,5.8,196.0,2.24,30.49,Sandy Loam,21.14,59.41,0.0,Urea,2-3 weeks after planting (top dressing)
Chunya,-8.66,33.8,6.5,196.0,2.52,101.92,Sandy Clay Loam,20.04,73.04,0.02,Urea,2-3 weeks after planting (top dressing)
Chunya,-8.57,33.8,6.3,224.0,2.8,75.43,Sandy Clay Loam,21.27,61.28,0.03,Urea,2-3 weeks after planting (top dressing)
Chunya,-8.75,33.695,5.9,260.0,2.6,63.36,Sandy Clay Loam,19.66,77.02,0.07,Urea,2-3 weeks after planting (top dressing)
Chunya,-8.66,33.8,6.5,196.0,2.52,101.92,Sandy Clay Loam,22.76,53.68,0.0,Urea,2-3 weeks after planting (top dressing)
Chunya,-8.39,33.485,6.2,224.0,2.52,45.64,Sandy Loam,22.82,58.8,0.0,Urea,2-3 weeks after planting (top dressing)
Chunya,-8.57,33.065,6.7,252.0,3.14,92.2,Sandy Loam,19.71,61.33,0.0,Urea,2-3 weeks after planting (top dressing)
Chunya,-8.57,32.855,6.6,224.0,3.14,83.41,Sandy Loam,23.14,83.47,13.9,Urea,2-3 weeks after planting (top dressing)
Chunya,-8.03,33.8,5.7,286.0,2.08,23.14,Sandy Clay Loam,18.63,72.62,0.0,NPK,At planting time (basal application)
Chunya,-8.03,33.275,5.9,140.0,2.24,30.49,Sandy Loam,21.42,78.13,0.25,Urea,2-3 weeks after planting (top dressing)
Chunya,-7.94,32.96,5.4,260.0,2.08,34.66,Sandy Loam,22.03,89.34,13.4,Apply Lime,2-4 weeks before planting
Chunya,-8.12,32.855,5.6,312.0,2.6,34.66,Sandy Loam,21.04,43.29,0.0,NPK,At planting time (basal application)
Chunya,-7.94,33.17,5.7,168.0,2.52,24.92,Sandy Loam,21.25,55.5,0.0,Urea,2-3 weeks after planting (top dressing)
Chunya,-8.21,33.59,5.7,168.0,2.02,24.92,Sandy Loam,21.4,64.38,0.0,Urea,2-3 weeks after planting (top dressing)
Chunya,-8.12,33.8,5.5,208.0,1.87,18.9,Sandy Loam,19.89,86.72,11.3,DAP,At planting time (basal application)
Chunya,-8.75,33.59,5.8,312.0,2.6,46.88,Sandy Clay Loam,20.9,82.29,10.19,No Fertilizer,No application needed
Chunya,-8.3,33.485,5.8,196.0,2.24,30.49,Sandy Loam,18.93,73.17,0.0,Urea,2-3 weeks after planting (top dressing)
Chunya,-7.94,33.065,5.5,224.0,2.8,30.49,Sandy Loam,22.96,82.79,11.96,Urea,2-3 weeks after planting (top dressing)
Chunya,-8.57,32.96,7.0,196.0,2.8,92.2,Sandy Loam,21.32,54.51,0.0,Urea,2-3 weeks after planting (top dressing)
Chunya,-8.21,33.8,5.6,196.0,2.52,24.92,Sandy Loam,17.73,77.02,0.06,Urea,2-3 weeks after planting (top dressing)
Chunya,-7.85,32.855,5.5,252.0,2.24,33.74,Sandy Loam,16.66,71.22,0.88,Urea,2-3 weeks after planting (top dressing)
Chunya,-8.3,33.8,5.8,252.0,2.24,45.64,Sandy Loam,21.76,60.61,0.0,Urea,2-3 weeks after planting (top dressing)
Chunya,-8.03,33.8,5.7,286.0,2.08,23.14,Sandy Clay Loam,20.72,85.0,11.58,NPK,At planting time (basal application)
Chunya,-8.21,33.275,6.1,112.0,2.24,27.58,Sandy Loam,20.47,89.47,25.87,Urea,2-3 weeks after planting (top dressing)
Chunya,-8.75,33.695,5.9,260.0,2.6,63.36,Sandy Clay Loam,21.75,84.67,18.54,Urea,2-3 weeks after planting (top dressing)
Chunya,-8.3,32.855,6.0,252.0,2.52,45.64,Sandy Loam,23.38,75.95,2.65,Urea,2-3 weeks after planting (top dressing)
Chunya,-8.75,33.275,6.2,224.0,2.8,61.71,Sandy Loam,17.58,70.45,0.01,Urea,2-3 weeks after planting (top dressing)
Chunya,-8.21,33.065,6.0,168.0,2.24,33.74,Sandy Loam,20.4,63.23,0.06,Urea,2-3 weeks after planting (top dressing)
Chunya,-8.48,33.065,6.3,280.0,2.8,68.24,Sandy Loam,20.58,81.59,1.57,No Fertilizer,No application needed
Chunya,-8.39,33.59,5.9,224.0,2.24,37.32,Sandy Loam,22.97,79.34,2.4,Urea,2-3 weeks after planting (top dressing)
Chunya,-8.66,32.96,6.4,224.0,3.14,75.43,Sandy Loam,20.97,81.68,5.93,Urea,2-3 weeks after planting (top dressing)
Chunya,-8.3,33.275,6.1,140.0,2.24,37.32,Sandy Loam,23.02,53.26,0.05,Urea,2-3 weeks after planting (top dressing)
Chunya,-8.66,33.065,6.6,224.0,3.14,68.24,Sandy Loam,17.51,68.87,0.0,Urea,2-3 weeks after planting (top dressing)
Chunya,-8.48,33.065,6.3,280.0,2.8,68.24,Sandy Loam,23.31,48.67,0.0,No Fertilizer,No application needed
Chunya,-8.48,33.38,6.2,168.0,2.52,45.64,Sandy Loam,20.27,75.32,0.0,Urea,2-3 weeks after planting (top dressing)
Chunya,-8.66,33.59,5.9,216.0,1.92,39.12,Sandy Clay Loam,17.87,60.03,0.01,DAP,At planting time (basal application)
Chunya,-8.66,33.8,6.5,196.0,2.52,101.92,Sandy Clay Loam,23.38,60.57,5.94,Urea,2-3 weeks after planting (top dressing)
Chunya,-8.03,32.855,5.6,280.0,2.52,45.64,Sandy Loam,20.1,74.25,0.0,No Fertilizer,No application needed
Chunya,-8.75,33.17,6.1,280.0,2.24,61.71,Sandy Loam,23.0,79.0,0.2,No Fertilizer,No application needed
Chunya,-7.94,32.855,5.6,252.0,2.52,37.32,Sandy Loam,17.47,63.06,0.0,Urea,2-3 weeks after planting (top dressing)
Chunya,-8.39,33.485,6.2,224.0,2.52,45.64,Sandy Loam,19.68,70.28,0.01,Urea,2-3 weeks after planting (top dressing)
Chunya,-8.39,33.8,6.1,234.0,2.08,46.88,Sandy Loam,22.25,83.76,12.73,Urea,2-3 weeks after planting (top dressing)
Chunya,-8.57,33.8,6.3,224.0,2.8,75.43,Sandy Clay Loam,19.39,72.48,0.08,Urea,2-3 weeks after planting (top dressing)
Chunya,-8.3,33.275,6.1,140.0,2.24,37.32,Sandy Loam,20.57,88.21,33.0,Urea,2-3 weeks after planting (top dressing)
Chunya,-8.48,33.17,5.9,286.0,2.6,42.38,Sandy Loam,22.28,78.91,5.71,NPK,At planting time (basal application)
Chunya,-7.85,33.275,5.5,252.0,2.24,22.54,Sandy Loam,25.31,52.15,0.0,Urea,2-3 weeks after planting (top dressing)
Chunya,-7.94,32.75,6.0,224.0,2.8,41.27,Sandy Loam,18.08,77.16,0.01,Urea,2-3 weeks after planting (top dressing)
Chunya,-8.39,33.695,6.1,260.0,2.34,42.38,Sandy Loam,26.63,50.97,0.07,Urea,2-3 weeks after planting (top dressing)
Chunya,-8.12,33.38,5.9,168.0,2.24,24.92,Sandy Loam,17.28,73.01,1.52,Urea,2-3 weeks after planting (top dressing)
Chunya,-8.57,33.065,6.7,252.0,3.14,92.2,Sandy Loam,19.72,69.31,0.58,Urea,2-3 weeks after planting (top dressing)
Chunya,-7.94,33.275,5.7,196.0,2.8,22.54,Sandy Loam,20.8,55.1,0.01,Urea,2-3 weeks after planting (top dressing)
Chunya,-7.85,33.38,5.8,196.0,2.52,20.36,Sandy Loam,22.91,81.54,0.11,Urea,2-3 weeks after planting (top dressing)
Chunya,-8.03,33.065,5.6,196.0,2.8,33.74,Sandy Loam,21.35,82.18,1.78,Urea,2-3 weeks after planting (top dressing)
Chunya,-8.48,33.485,6.0,224.0,2.02,50.48,Sandy Loam,22.63,79.5,0.01,Urea,2-3 weeks after planting (top dressing)
Chunya,-7.94,33.38,5.8,168.0,2.52,16.6,Sandy Loam,20.73,77.07,0.44,Urea,2-3 weeks after planting (top dressing)
Chunya,-8.75,33.8,6.4,224.0,2.52,83.41,Sandy Loam,22.45,78.12,2.43,Urea,2-3 weeks after planting (top dressing)
Chunya,-7.85,33.695,5.5,224.0,1.79,27.58,Sandy Loam,21.79,82.34,0.77,DAP,At planting time (basal application)
Chunya,-8.48,33.59,5.9,168.0,2.24,33.74,Sandy Loam,23.41,58.69,0.0,Urea,2-3 weeks after planting (top dressing)
Chunya,-8.48,33.38,6.2,168.0,2.52,45.64,Sandy Loam,26.8,42.73,0.01,Urea,2-3 weeks after planting (top dressing)
Chunya,-8.75,33.59,5.8,312.0,2.6,46.88,Sandy Clay Loam,21.24,82.02,4.13,No Fertilizer,No application needed
Chunya,-7.94,33.59,5.8,196.0,2.24,30.49,Sandy Loam,20.5,77.81,0.0,Urea,2-3 weeks after planting (top dressing)
Chunya,-8.21,33.065,6.0,168.0,2.24,33.74,Sandy Loam,23.97,73.52,13.24,Urea,2-3 weeks after planting (top dressing)
Chunya,-8.39,33.38,6.2,168.0,2.02,37.32,Sandy Loam,21.96,81.16,0.85,Urea,2-3 weeks after planting (top dressing)
Chunya,-8.75,33.065,5.9,286.0,2.6,57.3,Sandy Loam,27.36,45.08,0.04,No Fertilizer,No application needed
Chunya,-8.21,32.75,6.0,252.0,2.24,41.27,Sandy Loam,22.1,76.68,2.86,Urea,2-3 weeks after planting (top dressing)
Chunya,-8.57,32.96,7.0,196.0,2.8,92.2,Sandy Loam,25.46,44.56,0.0,Urea,2-3 weeks after planting (top dressing)
Chunya,-8.39,33.59,5.9,224.0,2.24,37.32,Sandy Loam,26.17,52.62,0.59,Urea,2-3 weeks after planting (top dressing)
Chunya,-8.21,33.38,6.0,196.0,2.02,30.49,Sandy Loam,21.01,79.35,0.4,Urea,2-3 weeks after planting (top dressing)
Chunya,-8.39,33.38,6.2,168.0,2.02,37.32,Sandy Loam,20.92,61.82,0.13,Urea,2-3 weeks after planting (top dressing)
Chunya,-7.94,33.275,5.7,196.0,2.8,22.54,Sandy Loam,24.04,69.89,0.45,Urea,2-3 weeks after planting (top dressing)
Chunya,-7.85,33.8,5.6,196.0,2.52,24.92,Sandy Loam,21.52,81.84,2.07,Urea,2-3 weeks after planting (top dressing)
Chunya,-7.85,33.065,5.5,336.0,2.24,37.32,Sandy Clay Loam,19.29,69.56,0.0,NPK,At planting time (basal application)
Chunya,-8.48,33.8,6.1,240.0,3.0,73.11,Sandy Loam,23.82,74.85,1.2,Urea,2-3 weeks after planting (top dressing)
Chunya,-7.94,33.485,5.7,168.0,2.24,18.4,Sandy Loam,20.66,80.27,4.46,Urea,2-3 weeks after planting (top dressing)
Chunya,-8.03,32.855,5.6,280.0,2.52,45.64,Sandy Loam,22.19,76.62,7.55,No Fertilizer,No application needed
Chunya,-7.94,33.485,5.7,168.0,2.24,18.4,Sandy Loam,19.76,89.19,8.04,Urea,2-3 weeks after planting (top dressing)
Chunya,-8.39,33.485,6.2,224.0,2.52,45.64,Sandy Loam,16.95,73.72,0.06,Urea,2-3 weeks after planting (top dressing)
Chunya,-8.66,33.38,5.9,312.0,2.08,46.88,Sandy Clay Loam,19.77,76.58,0.0,No Fertilizer,No application needed
Chunya,-8.39,32.96,6.4,224.0,2.8,61.71,Sandy Loam,17.59,73.08,0.01,Urea,2-3 weeks after planting (top dressing)
Chunya,-8.48,33.8,6.1,240.0,3.0,73.11,Sandy Loam,18.74,65.72,0.0,Urea,2-3 weeks after planting (top dressing)
Chunya,-7.94,32.855,5.6,252.0,2.52,37.32,Sandy Loam,23.25,78.09,0.82,Urea,2-3 weeks after planting (top dressing)
Chunya,-7.94,32.855,5.6,252.0,2.52,37.32,Sandy Loam,22.39,60.99,0.21,Urea,2-3 weeks after planting (top dressing)
Chunya,-8.03,33.8,5.7,286.0,2.08,23.14,Sandy Clay Loam,21.63,83.32,23.14,NPK,At planting time (basal application)
Chunya,-8.75,33.38,5.8,240.0,1.92,43.27,Loam,22.05,79.3,0.88,DAP,At planting time (basal application)
Chunya,-8.75,33.695,5.9,260.0,2.6,63.36,Sandy Clay Loam,21.68,80.3,2.86,Urea,2-3 weeks after planting (top dressing)
Chunya,-8.39,33.065,6.1,252.0,2.8,55.8,Sandy Loam,18.12,74.13,0.02,Urea,2-3 weeks after planting (top dressing)
Chunya,-8.12,33.065,5.9,196.0,2.8,30.49,Sandy Loam,23.67,48.42,0.0,Urea,2-3 weeks after planting (top dressing)
Chunya,-8.75,33.275,6.2,224.0,2.8,61.71,Sandy Loam,25.1,55.43,0.02,Urea,2-3 weeks after planting (top dressing)
Chunya,-8.57,33.17,5.8,312.0,2.91,51.82,Sandy Loam,23.91,44.87,0.0,No Fertilizer,No application needed
Chunya,-8.12,32.75,6.2,224.0,2.8,45.64,Sandy Loam,22.21,84.65,1.39,Urea,2-3 weeks after planting (top dressing)
Chunya,-8.03,33.17,5.7,234.0,1.87,28.31,Sandy Loam,22.77,78.65,5.87,DAP,At planting time (basal application)
Chunya,-7.85,33.485,5.5,224.0,2.24,27.58,Sandy Loam,21.72,83.97,10.39,Urea,2-3 weeks after planting (top dressing)
Chunya,-8.12,33.695,5.7,240.0,3.0,32.67,Sandy Loam,26.1,47.9,0.03,Urea,2-3 weeks after planting (top dressing)
Chunya,-8.66,33.695,6.3,224.0,2.8,68.24,Sandy Loam,23.8,75.13,0.31,Urea,2-3 weeks after planting (top dressing)
Chunya,-8.66,33.695,6.3,224.0,2.8,68.24,Sandy Loam,23.43,56.27,0.24,Urea,2-3 weeks after planting (top dressing)
Chunya,-8.21,32.96,5.8,224.0,2.52,30.49,Sandy Loam,21.28,80.62,26.02,Urea,2-3 weeks after planting (top dressing)
Chunya,-8.57,33.38,6.0,260.0,2.6,46.88,Sandy Loam,23.81,75.2,1.66,Urea,2-3 weeks after planting (top dressing)
Chunya,-8.3,33.065,6.1,252.0,2.8,50.48,Sandy Loam,23.08,78.35,2.07,Urea,2-3 weeks after planting (top dressing)
Chunya,-7.85,32.96,5.4,252.0,2.52,37.32,Sandy Loam,21.57,78.91,8.18,Apply Lime,2-4 weeks before planting
Chunya,-7.85,33.275,5.5,252.0,2.24,22.54,Sandy Loam,16.95,67.33,0.82,Urea,2-3 weeks after planting (top dressing)
Chunya,-8.75,33.17,6.1,280.0,2.24,61.71,Sandy Loam,26.73,38.05,0.0,No Fertilizer,No application needed
Chunya,-8.03,33.275,5.9,140.0,2.24,30.49,Sandy Loam,20.19,78.75,0.19,Urea,2-3 weeks after planting (top dressing)
Chunya,-8.48,33.17,5.9,286.0,2.6,42.38,Sandy Loam,20.7,63.54,0.04,NPK,At planting time (basal application)
Chunya,-8.75,33.065,5.9,286.0,2.6,57.3,Sandy Loam,21.47,73.09,0.0,No Fertilizer,No application needed
Chunya,-8.3,33.59,6.0,168.0,2.52,27.58,Sandy Loam,22.2,82.03,11.29,Urea,2-3 weeks after planting (top dressing)
Chunya,-8.3,32.96,6.0,280.0,2.24,41.27,Sandy Loam,23.05,76.68,3.72,NPK,At planting time (basal application)
Chunya,-8.75,32.855,5.9,286.0,2.34,51.82,Sandy Loam,23.05,73.76,1.44,No Fertilizer,No application needed
Chunya,-7.94,33.59,5.8,196.0,2.24,30.49,Sandy Loam,22.26,79.13,1.69,Urea,2-3 weeks after planting (top dressing)
Chunya,-8.39,33.17,6.0,168.0,2.52,45.64,Sandy Loam,23.65,79.66,0.41,Urea,2-3 weeks after planting (top dressing)
Chunya,-8.57,33.065,6.7,252.0,3.14,92.2,Sandy Loam,19.44,69.58,0.0,Urea,2-3 weeks after planting (top dressing)
Chunya,-8.48,33.38,6.2,168.0,2.52,45.64,Sandy Loam,22.38,81.25,20.79,Urea,2-3 weeks after planting (top dressing)
Chunya,-8.03,33.695,5.5,196.0,2.8,24.92,Sandy Loam,21.53,76.47,0.03,Urea,2-3 weeks after planting (top dressing)
Chunya,-8.39,33.695,6.1,260.0,2.34,42.38,Sandy Loam,27.55,46.44,0.26,Urea,2-3 weeks after planting (top dressing)
Chunya,-8.3,33.17,6.2,224.0,2.52,55.8,Sandy Loam,19.78,90.75,16.05,Urea,2-3 weeks after planting (top dressing)
Chunya,-8.12,33.17,6.0,168.0,2.24,37.32,Sandy Loam,20.82,77.25,0.04,Urea,2-3 weeks after planting (top dressing)
Chunya,-8.75,33.485,5.9,260.0,1.87,42.38,Sandy Loam,26.73,38.05,0.0,DAP,At planting time (basal application)
Chunya,-8.48,33.8,6.1,240.0,3.0,73.11,Sandy Loam,21.79,80.51,5.18,Urea,2-3 weeks after planting (top dressing)
Chunya,-8.66,33.695,6.3,224.0,2.8,68.24,Sandy Loam,21.88,58.29,0.0,Urea,2-3 weeks after planting (top dressing)
Chunya,-8.12,33.695,5.7,240.0,3.0,32.67,Sandy Loam,24.68,57.04,0.01,Urea,2-3 weeks after planting (top dressing)
Chunya,-8.57,32.96,7.0,196.0,2.8,92.2,Sandy Loam,17.34,73.37,0.0,Urea,2-3 weeks after planting (top dressing)
Chunya,-7.85,33.8,5.6,196.0,2.52,24.92,Sandy Loam,22.12,54.2,0.0,Urea,2-3 weeks after planting (top dressing)
Chunya,-8.66,33.8,6.5,196.0,2.52,101.92,Sandy Clay Loam,21.13,84.59,34.64,Urea,2-3 weeks after planting (top dressing)
Chunya,-8.3,33.485,5.8,196.0,2.24,30.49,Sandy Loam,19.4,72.41,0.33,Urea,2-3 weeks after planting (top dressing)
Chunya,-8.12,32.75,6.2,224.0,2.8,45.64,Sandy Loam,19.68,76.72,0.35,Urea,2-3 weeks after planting (top dressing)
Chunya,-8.21,33.275,6.1,112.0,2.24,27.58,Sandy Loam,25.1,55.24,0.04,Urea,2-3 weeks after planting (top dressing)
Chunya,-8.75,33.17,6.1,280.0,2.24,61.71,Sandy Loam,24.78,43.04,0.0,No Fertilizer,No application needed
Chunya,-7.94,32.96,5.4,260.0,2.08,34.66,Sandy Loam,22.69,79.63,12.86,Apply Lime,2-4 weeks before planting
Chunya,-8.03,33.17,5.7,234.0,1.87,28.31,Sandy Loam,18.67,72.17,0.02,DAP,At planting time (basal application)
Chunya,-8.3,33.59,6.0,168.0,2.52,27.58,Sandy Loam,21.33,85.65,2.69,Urea,2-3 weeks after planting (top dressing)
Chunya,-8.66,33.59,5.9,216.0,1.92,39.12,Sandy Clay Loam,21.46,63.39,0.0,DAP,At planting time (basal application)
Chunya,-8.39,33.485,6.2,224.0,2.52,45.64,Sandy Loam,25.85,41.2,0.0,Urea,2-3 weeks after planting (top dressing)
Chunya,-8.03,33.695,5.5,196.0,2.8,24.92,Sandy Loam,22.51,84.53,33.33,Urea,2-3 weeks after planting (top dressing)
Chunya,-8.75,32.75,5.9,260.0,2.08,46.88,Sandy Loam,23.03,78.12,0.1,Urea,2-3 weeks after planting (top dressing)
Chunya,-8.12,33.275,6.1,112.0,2.24,27.58,Sandy Loam,23.1,71.72,3.98,Urea,2-3 weeks after planting (top dressing)
Chunya,-8.3,33.275,6.1,140.0,2.24,37.32,Sandy Loam,17.62,75.46,0.03,Urea,2-3 weeks after planting (top dressing)
Chunya,-8.48,33.275,5.9,224.0,3.14,37.32,Sandy Loam,21.09,88.11,15.33,Urea,2-3 weeks after planting (top dressing)
Chunya,-8.03,33.485,5.9,168.0,2.52,24.92,Sandy Loam,23.6,77.68,1.44,Urea,2-3 weeks after planting (top dressing)
Chunya,-8.48,32.96,6.3,252.0,3.14,68.24,Sandy Loam,21.42,84.85,6.88,Urea,2-3 weeks after planting (top dressing)
Chunya,-8.3,33.695,6.1,224.0,2.52,45.64,Sandy Loam,18.36,75.59,0.0,Urea,2-3 weeks after planting (top dressing)
Chunya,-7.94,33.695,5.6,252.0,2.24,30.49,Sandy Clay Loam,21.93,74.2,0.25,Urea,2-3 weeks after planting (top dressing)
Chunya,-8.03,33.59,5.7,196.0,2.24,22.54,Sandy Loam,22.45,74.7,1.04,Urea,2-3 weeks after planting (top dressing)
Chunya,-8.12,33.275,6.1,112.0,2.24,27.58,Sandy Loam,20.79,87.46,20.79,Urea,2-3 weeks after planting (top dressing)
Chunya,-8.66,33.485,5.8,260.0,1.87,46.88,Sandy Loam,22.78,59.84,0.0,DAP,At planting time (basal application)
Chunya,-8.48,33.485,6.0,224.0,2.02,50.48,Sandy Loam,17.55,71.04,0.0,Urea,2-3 weeks after planting (top dressing)
Chunya,-7.85,33.065,5.5,336.0,2.24,37.32,Sandy Clay Loam,18.91,56.26,0.0,NPK,At planting time (basal application)
Chunya,-8.03,33.59,5.7,196.0,2.24,22.54,Sandy Loam,24.65,64.29,0.06,Urea,2-3 weeks after planting (top dressing)
Chunya,-8.39,33.485,6.2,224.0,2.52,45.64,Sandy Loam,21.01,79.35,0.4,Urea,2-3 weeks after planting (top dressing)
Chunya,-8.57,33.17,5.8,312.0,2.91,51.82,Sandy Loam,21.14,87.86,8.4,No Fertilizer,No application needed
Chunya,-8.75,32.855,5.9,286.0,2.34,51.82,Sandy Loam,24.68,64.98,14.12,No Fertilizer,No application needed
Chunya,-8.66,33.59,5.9,216.0,1.92,39.12,Sandy Clay Loam,23.46,69.61,5.64,DAP,At planting time (basal application)
Chunya,-8.75,33.275,6.2,224.0,2.8,61.71,Sandy Loam,22.91,62.5,0.01,Urea,2-3 weeks after planting (top dressing)
Chunya,-8.03,33.065,5.6,196.0,2.8,33.74,Sandy Loam,24.14,50.7,0.0,Urea,2-3 weeks after planting (top dressing)
Chunya,-7.94,33.065,5.5,224.0,2.8,30.49,Sandy Loam,25.72,57.35,4.19,Urea,2-3 weeks after planting (top dressing)
Chunya,-8.66,33.695,6.3,224.0,2.8,68.24,Sandy Loam,17.21,74.36,0.0,Urea,2-3 weeks after planting (top dressing)
Chunya,-8.39,33.275,6.1,224.0,2.24,45.64,Sandy Loam,23.63,73.38,2.51,Urea,2-3 weeks after planting (top dressing)
Chunya,-8.66,32.75,5.9,286.0,2.34,57.3,Sandy Loam,23.73,71.4,28.47,No Fertilizer,No application needed
Chunya,-8.75,33.8,6.4,224.0,2.52,83.41,Sandy Loam,22.41,78.82,8.84,Urea,2-3 weeks after planting (top dressing)
Chunya,-7.94,33.065,5.5,224.0,2.8,30.49,Sandy Loam,21.57,78.91,8.18,Urea,2-3 weeks after planting (top dressing)
Chunya,-8.21,33.275,6.1,112.0,2.24,27.58,Sandy Loam,22.55,81.05,8.25,Urea,2-3 weeks after planting (top dressing)
Chunya,-8.75,32.75,5.9,260.0,2.08,46.88,Sandy Loam,21.04,50.33,0.0,Urea,2-3 weeks after planting (top dressing)
Chunya,-8.75,33.17,6.1,280.0,2.24,61.71,Sandy Loam,19.26,74.77,0.0,No Fertilizer,No application needed
Chunya,-8.66,33.8,6.5,196.0,2.52,101.92,Sandy Clay Loam,19.36,66.29,0.0,Urea,2-3 weeks after planting (top dressing)
Chunya,-8.75,33.275,6.2,224.0,2.8,61.71,Sandy Loam,22.41,77.2,36.9,Urea,2-3 weeks after planting (top dressing)
Chunya,-8.21,32.855,5.9,252.0,2.52,37.32,Sandy Loam,20.26,78.9,0.05,Urea,2-3 weeks after planting (top dressing)
Chunya,-8.12,33.065,5.9,196.0,2.8,30.49,Sandy Loam,22.62,43.75,0.0,Urea,2-3 weeks after planting (top dressing)
Chunya,-8.57,33.485,6.0,208.0,2.6,46.88,Sandy Loam,25.22,38.22,0.0,Urea,2-3 weeks after planting (top dressing)
Chunya,-8.21,33.8,5.6,196.0,2.52,24.92,Sandy Loam,21.46,89.75,5.89,Urea,2-3 weeks after planting (top dressing)
Chunya,-8.75,33.065,5.9,286.0,2.6,57.3,Sandy Loam,17.67,63.04,0.0,No Fertilizer,No application needed
Chunya,-7.94,32.75,6.0,224.0,2.8,41.27,Sandy Loam,22.19,82.54,3.12,Urea,2-3 weeks after planting (top dressing)
Chunya,-7.94,33.17,5.7,168.0,2.52,24.92,Sandy Loam,23.43,52.82,0.0,Urea,2-3 weeks after planting (top dressing)
Chunya,-7.85,33.065,5.5,336.0,2.24,37.32,Sandy Clay Loam,21.99,78.59,0.13,NPK,At planting time (basal application)
Chunya,-7.94,32.96,5.4,260.0,2.08,34.66,Sandy Loam,22.65,45.76,0.0,Apply Lime,2-4 weeks before planting
Chunya,-8.21,32.855,5.9,252.0,2.52,37.32,Sandy Loam,21.9,84.18,1.65,Urea,2-3 weeks after planting (top dressing)
Chunya,-8.57,33.8,6.3,224.0,2.8,75.43,Sandy Clay Loam,20.9,64.5,0.01,Urea,2-3 weeks after planting (top dressing)
Chunya,-8.57,33.695,6.2,252.0,2.8,61.71,Sandy Loam,24.7,59.35,0.05,Urea,2-3 weeks after planting (top dressing)
Chunya,-8.3,33.59,6.0,168.0,2.52,27.58,Sandy Loam,23.78,74.22,2.32,Urea,2-3 weeks after planting (top dressing)
Chunya,-8.12,32.855,5.6,312.0,2.6,34.66,Sandy Loam,17.56,74.5,0.03,NPK,At planting time (basal application)
Chunya,-8.12,33.38,5.9,168.0,2.24,24.92,Sandy Loam,20.4,76.18,0.0,Urea,2-3 weeks after planting (top dressing)
Chunya,-7.85,33.485,5.5,224.0,2.24,27.58,Sandy Loam,25.91,57.26,4.11,Urea,2-3 weeks after planting (top dressing)
Chunya,-8.75,32.855,5.9,286.0,2.34,51.82,Sandy Loam,21.1,78.14,0.0,No Fertilizer,No application needed
Chunya,-8.3,32.855,6.0,252.0,2.52,45.64,Sandy Loam,22.05,61.94,0.0,Urea,2-3 weeks after planting (top dressing)
Chunya,-8.75,33.485,5.9,260.0,1.87,42.38,Sandy Loam,19.02,64.73,0.0,DAP,At planting time (basal application)
Chunya,-8.3,33.695,6.1,224.0,2.52,45.64,Sandy Loam,21.13,83.21,4.52,Urea,2-3 weeks after planting (top dressing)
Chunya,-8.48,33.59,5.9,168.0,2.24,33.74,Sandy Loam,26.31,54.94,0.14,Urea,2-3 weeks after planting (top dressing)
Chunya,-8.57,33.38,6.0,260.0,2.6,46.88,Sandy Loam,17.55,71.04,0.0,Urea,2-3 weeks after planting (top dressing)
Chunya,-8.48,33.8,6.1,240.0,3.0,73.11,Sandy Loam,21.15,59.67,0.02,Urea,2-3 weeks after planting (top dressing)
Chunya,-7.85,33.17,5.6,196.0,2.24,22.54,Sandy Loam,22.29,79.21,0.42,Urea,2-3 weeks after planting (top dressing)
Chunya,-7.85,33.275,5.5,252.0,2.24,22.54,Sandy Loam,17.37,67.39,0.0,Urea,2-3 weeks after planting (top dressing)
Chunya,-8.39,33.065,6.1,252.0,2.8,55.8,Sandy Loam,22.99,77.07,13.86,Urea,2-3 weeks after planting (top dressing)
Chunya,-8.39,33.065,6.1,252.0,2.8,55.8,Sandy Loam,21.7,81.58,9.26,Urea,2-3 weeks after planting (top dressing)
Chunya,-7.94,33.17,5.7,168.0,2.52,24.92,Sandy Loam,27.61,40.2,0.0,Urea,2-3 weeks after planting (top dressing)
Chunya,-7.94,33.695,5.6,252.0,2.24,30.49,Sandy Clay Loam,21.08,82.89,3.56,Urea,2-3 weeks after planting (top dressing)
Chunya,-8.03,33.065,5.6,196.0,2.8,33.74,Sandy Loam,25.25,39.75,0.0,Urea,2-3 weeks after planting (top dressing)
Chunya,-8.12,33.275,6.1,112.0,2.24,27.58,Sandy Loam,26.56,51.09,0.47,Urea,2-3 weeks after planting (top dressing)
Chunya,-8.03,33.695,5.5,196.0,2.8,24.92,Sandy Loam,19.58,88.75,5.71,Urea,2-3 weeks after planting (top dressing)
Chunya,-8.48,33.065,6.3,280.0,2.8,68.24,Sandy Loam,23.78,76.71,13.38,No Fertilizer,No application needed
Chunya,-8.3,33.065,6.1,252.0,2.8,50.48,Sandy Loam,22.08,79.15,1.13,Urea,2-3 weeks after planting (top dressing)
Chunya,-8.48,33.59,5.9,168.0,2.24,33.74,Sandy Loam,22.12,43.83,0.0,Urea,2-3 weeks after planting (top dressing)
Chunya,-8.3,33.17,6.2,224.0,2.52,55.8,Sandy Loam,22.76,80.13,6.93,Urea,2-3 weeks after planting (top dressing)
Chunya,-8.3,33.38,6.0,150.0,2.7,32.67,Sandy Loam,21.84,71.96,1.73,Urea,2-3 weeks after planting (top dressing)
Chunya,-7.85,33.695,5.5,224.0,1.79,27.58,Sandy Loam,23.05,80.55,1.37,DAP,At planting time (basal application)
Chunya,-8.21,33.275,6.1,112.0,2.24,27.58,Sandy Loam,19.72,63.21,0.0,Urea,2-3 weeks after planting (top dressing)
Chunya,-8.66,33.8,6.5,196.0,2.52,101.92,Sandy Clay Loam,18.68,72.15,0.0,Urea,2-3 weeks after planting (top dressing)
Chunya,-8.03,33.275,5.9,140.0,2.24,30.49,Sandy Loam,16.8,71.75,0.0,Urea,2-3 weeks after planting (top dressing)
Chunya,-7.85,33.485,5.5,224.0,2.24,27.58,Sandy Loam,20.81,87.61,27.24,Urea,2-3 weeks after planting (top dressing)
Chunya,-7.94,33.38,5.8,168.0,2.52,16.6,Sandy Loam,21.49,49.2,0.0,Urea,2-3 weeks after planting (top dressing)
Chunya,-8.39,33.8,6.1,234.0,2.08,46.88,Sandy Loam,22.45,74.7,1.04,Urea,2-3 weeks after planting (top dressing)
Chunya,-8.66,33.065,6.6,224.0,3.14,68.24,Sandy Loam,25.51,50.61,0.07,Urea,2-3 weeks after planting (top dressing)
Chunya,-7.85,32.96,5.4,252.0,2.52,37.32,Sandy Loam,22.91,79.36,2.22,Apply Lime,2-4 weeks before planting
Chunya,-8.21,33.59,5.7,168.0,2.02,24.92,Sandy Loam,21.51,47.23,0.0,Urea,2-3 weeks after planting (top dressing)
Chunya,-8.39,33.17,6.0,168.0,2.52,45.64,Sandy Loam,21.72,83.84,6.51,Urea,2-3 weeks after planting (top dressing)
Chunya,-8.57,33.38,6.0,260.0,2.6,46.88,Sandy Loam,23.69,57.63,2.57,Urea,2-3 weeks after planting (top dressing)
Chunya,-7.85,33.38,5.8,196.0,2.52,20.36,Sandy Loam,23.44,75.95,3.23,Urea,2-3 weeks after planting (top dressing)
Chunya,-7.85,33.065,5.5,336.0,2.24,37.32,Sandy Clay Loam,21.72,90.18,16.8,NPK,At planting time (basal application)
Chunya,-8.21,33.8,5.6,196.0,2.52,24.92,Sandy Loam,18.67,71.59,0.02,Urea,2-3 weeks after planting (top dressing)
Chunya,-8.12,33.38,5.9,168.0,2.24,24.92,Sandy Loam,20.82,83.87,4.95,Urea,2-3 weeks after planting (top dressing)
Chunya,-7.85,33.17,5.6,196.0,2.24,22.54,Sandy Loam,24.95,42.21,0.0,Urea,2-3 weeks after planting (top dressing)
Chunya,-8.03,33.38,5.7,140.0,2.52,16.6,Sandy Loam,17.25,69.46,0.0,Urea,2-3 weeks after planting (top dressing)
Chunya,-8.03,32.855,5.6,280.0,2.52,45.64,Sandy Loam,20.66,80.27,4.46,No Fertilizer,No application needed
Chunya,-7.85,32.75,5.5,224.0,2.02,27.58,Sandy Loam,21.77,51.2,0.0,Urea,2-3 weeks after planting (top dressing)
Chunya,-8.57,32.75,6.5,252.0,3.5,75.43,Sandy Loam,24.59,53.68,0.01,Urea,2-3 weeks after planting (top dressing)
Chunya,-8.75,32.855,5.9,286.0,2.34,51.82,Sandy Loam,23.71,53.97,0.0,No Fertilizer,No application needed
Chunya,-8.21,32.96,5.8,224.0,2.52,30.49,Sandy Loam,21.15,86.65,26.24,Urea,2-3 weeks after planting (top dressing)
Chunya,-8.57,33.8,6.3,224.0,2.8,75.43,Sandy Clay Loam,26.23,54.39,0.01,Urea,2-3 weeks after planting (top dressing)
Chunya,-8.57,33.485,6.0,208.0,2.6,46.88,Sandy Loam,22.2,82.03,11.29,Urea,2-3 weeks after planting (top dressing)
Chunya,-7.94,33.8,5.6,208.0,1.87,20.93,Sandy Clay Loam,22.8,80.51,0.07,DAP,At planting time (basal application)
Chunya,-8.39,33.17,6.0,168.0,2.52,45.64,Sandy Loam,22.93,84.17,18.46,Urea,2-3 weeks after planting (top dressing)
Chunya,-8.21,33.8,5.6,196.0,2.52,24.92,Sandy Loam,22.83,79.45,1.56,Urea,2-3 weeks after planting (top dressing)
Chunya,-8.75,33.59,5.8,312.0,2.6,46.88,Sandy Clay Loam,26.21,54.22,0.81,No Fertilizer,No application needed
Chunya,-7.85,33.59,5.5,252.0,2.24,33.74,Sandy Loam,19.79,57.67,0.01,Urea,2-3 weeks after planting (top dressing)
Chunya,-8.3,33.065,6.1,252.0,2.8,50.48,Sandy Loam,22.14,79.55,7.92,Urea,2-3 weeks after planting (top dressing)
Chunya,-8.75,33.17,6.1,280.0,2.24,61.71,Sandy Loam,19.99,89.96,9.69,No Fertilizer,No application needed
Chunya,-7.94,33.485,5.7,168.0,2.24,18.4,Sandy Loam,23.67,40.0,0.0,Urea,2-3 weeks after planting (top dressing)
Chunya,-8.12,32.855,5.6,312.0,2.6,34.66,Sandy Loam,22.54,74.64,0.01,NPK,At planting time (basal application)
Chunya,-7.94,32.75,6.0,224.0,2.8,41.27,Sandy Loam,19.32,60.15,0.0,Urea,2-3 weeks after planting (top dressing)
Chunya,-8.12,32.96,5.6,240.0,2.4,32.67,Sandy Loam,24.51,61.95,5.09,Urea,2-3 weeks after planting (top dressing)
Chunya,-7.94,32.96,5.4,260.0,2.08,34.66,Sandy Loam,21.13,83.22,12.36,Apply Lime,2-4 weeks before planting
Chunya,-8.57,33.17,5.8,312.0,2.91,51.82,Sandy Loam,24.23,45.11,0.0,No Fertilizer,No application needed
Chunya,-8.12,33.8,5.5,208.0,1.87,18.9,Sandy Loam,22.2,81.06,4.0,DAP,At planting time (basal application)
Chunya,-8.57,33.17,5.8,312.0,2.91,51.82,Sandy Loam,19.43,60.19,0.03,No Fertilizer,No application needed
Chunya,-8.66,33.275,6.1,288.0,2.4,47.83,Sandy Loam,21.57,84.1,5.88,No Fertilizer,No application needed
Chunya,-8.21,33.065,6.0,168.0,2.24,33.74,Sandy Loam,24.63,68.55,0.58,Urea,2-3 weeks after planting (top dressing)
Chunya,-8.3,33.17,6.2,224.0,2.52,55.8,Sandy Loam,22.7,76.43,0.8,Urea,2-3 weeks after planting (top dressing)
Chunya,-7.85,33.59,5.5,252.0,2.24,33.74,Sandy Loam,19.08,55.83,0.0,Urea,2-3 weeks after planting (top dressing)
Chunya,-8.21,33.38,6.0,196.0,2.02,30.49,Sandy Loam,24.6,56.1,0.73,Urea,2-3 weeks after planting (top dressing)
Chunya,-8.3,33.695,6.1,224.0,2.52,45.64,Sandy Loam,26.36,47.38,0.16,Urea,2-3 weeks after planting (top dressing)
Chunya,-7.85,33.17,5.6,196.0,2.24,22.54,Sandy Loam,18.8,75.37,0.05,Urea,2-3 weeks after planting (top dressing)
Chunya,-8.3,33.275,6.1,140.0,2.24,37.32,Sandy Loam,24.9,56.43,0.42,Urea,2-3 weeks after planting (top dressing)
Chunya,-8.39,33.38,6.2,168.0,2.02,37.32,Sandy Loam,20.64,88.97,13.8,Urea,2-3 weeks after planting (top dressing)
Chunya,-8.03,33.695,5.5,196.0,2.8,24.92,Sandy Loam,18.27,70.43,0.0,Urea,2-3 weeks after planting (top dressing)
Chunya,-8.21,33.065,6.0,168.0,2.24,33.74,Sandy Loam,22.66,71.22,0.43,Urea,2-3 weeks after planting (top dressing)
Chunya,-8.3,33.695,6.1,224.0,2.52,45.64,Sandy Loam,22.56,60.85,0.0,Urea,2-3 weeks after planting (top dressing)
Chunya,-8.3,33.59,6.0,168.0,2.52,27.58,Sandy Loam,19.65,76.13,0.04,Urea,2-3 weeks after planting (top dressing)
Chunya,-8.39,33.59,5.9,224.0,2.24,37.32,Sandy Loam,24.98,51.28,0.02,Urea,2-3 weeks after planting (top dressing)
Chunya,-7.94,32.75,6.0,224.0,2.8,41.27,Sandy Loam,20.81,89.42,37.6,Urea,2-3 weeks after planting (top dressing)
Chunya,-8.21,33.275,6.1,112.0,2.24,27.58,Sandy Loam,18.72,64.89,0.0,Urea,2-3 weeks after planting (top dressing)
Chunya,-8.03,33.275,5.9,140.0,2.24,30.49,Sandy Loam,21.81,75.27,0.0,Urea,2-3 weeks after planting (top dressing)
Chunya,-8.75,32.75,5.9,260.0,2.08,46.88,Sandy Loam,22.42,74.94,3.75,Urea,2-3 weeks after planting (top dressing)
Chunya,-8.03,33.065,5.6,196.0,2.8,33.74,Sandy Loam,23.27,80.59,2.23,Urea,2-3 weeks after planting (top dressing)
Chunya,-8.3,33.17,6.2,224.0,2.52,55.8,Sandy Loam,19.77,76.58,0.0,Urea,2-3 weeks after planting (top dressing)
Chunya,-8.66,33.485,5.8,260.0,1.87,46.88,Sandy Loam,19.97,65.55,0.0,DAP,At planting time (basal application)
Chunya,-8.3,33.695,6.1,224.0,2.52,45.64,Sandy Loam,21.31,85.2,14.21,Urea,2-3 weeks after planting (top dressing)
Chunya,-8.39,32.96,6.4,224.0,2.8,61.71,Sandy Loam,27.27,43.13,0.0,Urea,2-3 weeks after planting (top dressing)
Chunya,-8.66,33.065,6.6,224.0,3.14,68.24,Sandy Loam,22.71,52.0,0.0,Urea,2-3 weeks after planting (top dressing)
Chunya,-8.03,33.695,5.5,196.0,2.8,24.92,Sandy Loam,21.56,84.27,10.78,Urea,2-3 weeks after planting (top dressing)
Chunya,-7.94,33.275,5.7,196.0,2.8,22.54,Sandy Loam,19.93,54.51,0.01,Urea,2-3 weeks after planting (top dressing)
Chunya,-8.48,33.38,6.2,168.0,2.52,45.64,Sandy Loam,22.56,60.85,0.0,Urea,2-3 weeks after planting (top dressing)
Chunya,-7.94,33.485,5.7,168.0,2.24,18.4,Sandy Loam,20.5,86.67,11.98,Urea,2-3 weeks after planting (top dressing)
Chunya,-8.48,33.38,6.2,168.0,2.52,45.64,Sandy Loam,25.25,39.75,0.0,Urea,2-3 weeks after planting (top dressing)
Chunya,-7.85,32.75,5.5,224.0,2.02,27.58,Sandy Loam,22.8,75.42,17.27,Urea,2-3 weeks after planting (top dressing)
Chunya,-8.48,33.8,6.1,240.0,3.0,73.11,Sandy Loam,22.53,78.01,0.62,Urea,2-3 weeks after planting (top dressing)
Chunya,-8.48,33.065,6.3,280.0,2.8,68.24,Sandy Loam,24.75,62.85,7.82,No Fertilizer,No application needed
Chunya,-8.57,33.59,5.8,260.0,2.08,38.32,Sandy Loam,15.6,71.02,0.06,Urea,2-3 weeks after planting (top dressing)
Chunya,-8.75,33.59,5.8,312.0,2.6,46.88,Sandy Clay Loam,21.87,78.86,3.11,No Fertilizer,No application needed
Chunya,-8.03,33.17,5.7,234.0,1.87,28.31,Sandy Loam,25.71,49.37,0.05,DAP,At planting time (basal application)
Chunya,-8.57,32.75,6.5,252.0,3.5,75.43,Sandy Loam,18.11,71.55,0.01,Urea,2-3 weeks after planting (top dressing)
Chunya,-8.3,32.855,6.0,252.0,2.52,45.64,Sandy Loam,23.85,74.15,4.21,Urea,2-3 weeks after planting (top dressing)
Chunya,-8.03,33.065,5.6,196.0,2.8,33.74,Sandy Loam,20.39,86.58,10.81,Urea,2-3 weeks after planting (top dressing)
Chunya,-8.3,33.38,6.0,150.0,2.7,32.67,Sandy Loam,19.87,73.51,0.0,Urea,2-3 weeks after planting (top dressing)
Chunya,-8.39,33.17,6.0,168.0,2.52,45.64,Sandy Loam,21.48,59.23,0.0,Urea,2-3 weeks after planting (top dressing)
Chunya,-8.03,32.96,5.5,240.0,2.7,36.15,Sandy Loam,23.1,47.89,0.0,Urea,2-3 weeks after planting (top dressing)
Chunya,-8.75,33.065,5.9,286.0,2.6,57.3,Sandy Loam,24.59,73.88,1.81,No Fertilizer,No application needed
Chunya,-8.12,32.96,5.6,240.0,2.4,32.67,Sandy Loam,20.16,75.17,0.0,Urea,2-3 weeks after planting (top dressing)
Chunya,-8.66,32.96,6.4,224.0,3.14,75.43,Sandy Loam,17.67,63.04,0.0,Urea,2-3 weeks after planting (top dressing)
Chunya,-7.94,33.38,5.8,168.0,2.52,16.6,Sandy Loam,22.02,83.62,13.43,Urea,2-3 weeks after planting (top dressing)
Chunya,-8.21,32.75,6.0,252.0,2.24,41.27,Sandy Loam,21.67,81.65,3.22,Urea,2-3 weeks after planting (top dressing)
Chunya,-7.85,33.275,5.5,252.0,2.24,22.54,Sandy Loam,21.44,83.99,3.62,Urea,2-3 weeks after planting (top dressing)
Chunya,-7.85,33.59,5.5,252.0,2.24,33.74,Sandy Loam,21.32,54.51,0.0,Urea,2-3 weeks after planting (top dressing)
Chunya,-8.12,32.855,5.6,312.0,2.6,34.66,Sandy Loam,27.0,50.48,0.13,NPK,At planting time (basal application)
Chunya,-8.3,33.275,6.1,140.0,2.24,37.32,Sandy Loam,17.9,70.62,1.74,Urea,2-3 weeks after planting (top dressing)
Chunya,-8.66,33.485,5.8,260.0,1.87,46.88,Sandy Loam,26.72,47.56,0.0,DAP,At planting time (basal application)
Chunya,-8.57,32.855,6.6,224.0,3.14,83.41,Sandy Loam,19.11,75.37,0.01,Urea,2-3 weeks after planting (top dressing)
Chunya,-8.12,32.855,5.6,312.0,2.6,34.66,Sandy Loam,23.25,56.22,0.0,NPK,At planting time (basal application)
Chunya,-8.57,32.855,6.6,224.0,3.14,83.41,Sandy Loam,23.66,39.31,0.0,Urea,2-3 weeks after planting (top dressing)
Chunya,-8.03,32.75,5.8,252.0,2.24,27.58,Sandy Loam,19.57,74.64,0.0,Urea,2-3 weeks after planting (top dressing)
Chunya,-8.48,33.065,6.3,280.0,2.8,68.24,Sandy Loam,22.88,45.16,0.0,No Fertilizer,No application needed
Chunya,-8.75,32.855,5.9,286.0,2.34,51.82,Sandy Loam,25.07,54.42,0.22,No Fertilizer,No application needed
Chunya,-7.94,33.275,5.7,196.0,2.8,22.54,Sandy Loam,24.61,57.59,0.33,Urea,2-3 weeks after planting (top dressing)
Chunya,-8.57,33.59,5.8,260.0,2.08,38.32,Sandy Loam,19.9,63.22,0.13,Urea,2-3 weeks after planting (top dressing)
Chunya,-7.85,32.75,5.5,224.0,2.02,27.58,Sandy Loam,22.44,76.38,4.81,Urea,2-3 weeks after planting (top dressing)
Chunya,-7.94,33.8,5.6,208.0,1.87,20.93,Sandy Clay Loam,20.14,88.23,30.55,DAP,At planting time (basal application)
Chunya,-8.39,32.96,6.4,224.0,2.8,61.71,Sandy Loam,21.68,82.62,3.16,Urea,2-3 weeks after planting (top dressing)
Chunya,-8.48,32.96,6.3,252.0,3.14,68.24,Sandy Loam,23.44,77.04,2.63,Urea,2-3 weeks after planting (top dressing)
Chunya,-7.94,32.96,5.4,260.0,2.08,34.66,Sandy Loam,27.23,46.52,0.11,Apply Lime,2-4 weeks before planting
Chunya,-8.3,33.8,5.8,252.0,2.24,45.64,Sandy Loam,19.55,60.44,0.0,Urea,2-3 weeks after planting (top dressing)
Chunya,-8.21,33.8,5.6,196.0,2.52,24.92,Sandy Loam,20.9,90.24,14.51,Urea,2-3 weeks after planting (top dressing)
Chunya,-7.94,33.8,5.6,208.0,1.87,20.93,Sandy Clay Loam,20.77,85.09,8.07,DAP,At planting time (basal application)
Chunya,-8.39,33.8,6.1,234.0,2.08,46.88,Sandy Loam,20.82,82.07,2.29,Urea,2-3 weeks after planting (top dressing)
Chunya,-8.66,33.695,6.3,224.0,2.8,68.24,Sandy Loam,22.51,76.08,21.48,Urea,2-3 weeks after planting (top dressing)
Chunya,-8.57,33.8,6.3,224.0,2.8,75.43,Sandy Clay Loam,22.13,54.94,0.0,Urea,2-3 weeks after planting (top dressing)
Chunya,-8.12,33.275,6.1,112.0,2.24,27.58,Sandy Loam,25.24,59.16,0.63,Urea,2-3 weeks after planting (top dressing)
Chunya,-8.66,33.38,5.9,312.0,2.08,46.88,Sandy Clay Loam,27.56,42.87,0.0,No Fertilizer,No application needed
Chunya,-8.12,32.855,5.6,312.0,2.6,34.66,Sandy Loam,23.2,77.3,0.37,NPK,At planting time (basal application)
Chunya,-8.66,33.8,6.5,196.0,2.52,101.92,Sandy Clay Loam,20.9,82.29,10.19,Urea,2-3 weeks after planting (top dressing)
Chunya,-7.94,33.695,5.6,252.0,2.24,30.49,Sandy Clay Loam,20.75,88.35,11.56,Urea,2-3 weeks after planting (top dressing)
Chunya,-8.12,32.855,5.6,312.0,2.6,34.66,Sandy Loam,19.06,69.9,0.0,NPK,At planting time (basal application)
Chunya,-8.75,33.8,6.4,224.0,2.52,83.41,Sandy Loam,18.21,77.26,0.01,Urea,2-3 weeks after planting (top dressing)
Chunya,-8.3,32.96,6.0,280.0,2.24,41.27,Sandy Loam,22.98,74.14,0.48,NPK,At planting time (basal application)
Chunya,-8.75,33.59,5.8,312.0,2.6,46.88,Sandy Clay Loam,22.57,75.28,6.37,No Fertilizer,No application needed
Chunya,-8.48,33.485,6.0,224.0,2.02,50.48,Sandy Loam,22.91,62.5,0.01,Urea,2-3 weeks after planting (top dressing)
Chunya,-8.21,32.96,5.8,224.0,2.52,30.49,Sandy Loam,21.18,79.55,3.78,Urea,2-3 weeks after planting (top dressing)
Chunya,-8.48,33.695,6.0,260.0,2.6,46.88,Sandy Loam,26.75,50.27,0.31,Urea,2-3 weeks after planting (top dressing)
Chunya,-7.85,32.75,5.5,224.0,2.02,27.58,Sandy Loam,20.04,66.76,0.08,Urea,2-3 weeks after planting (top dressing)
Chunya,-8.03,33.065,5.6,196.0,2.8,33.74,Sandy Loam,19.57,54.15,0.0,Urea,2-3 weeks after planting (top dressing)
Chunya,-7.94,33.17,5.7,168.0,2.52,24.92,Sandy Loam,22.55,80.62,25.03,Urea,2-3 weeks after planting (top dressing)
Chunya,-8.57,32.96,7.0,196.0,2.8,92.2,Sandy Loam,25.93,45.17,0.02,Urea,2-3 weeks after planting (top dressing)
Chunya,-8.57,33.065,6.7,252.0,3.14,92.2,Sandy Loam,17.88,71.34,0.0,Urea,2-3 weeks after planting (top dressing)
Chunya,-8.3,33.17,6.2,224.0,2.52,55.8,Sandy Loam,21.59,67.1,0.02,Urea,2-3 weeks after planting (top dressing)
Chunya,-8.75,33.695,5.9,260.0,2.6,63.36,Sandy Clay Loam,22.14,58.94,0.0,Urea,2-3 weeks after planting (top dressing)
Chunya,-7.85,33.59,5.5,252.0,2.24,33.74,Sandy Loam,17.57,65.6,0.0,Urea,2-3 weeks after planting (top dressing)
Chunya,-8.39,33.17,6.0,168.0,2.52,45.64,Sandy Loam,22.76,83.41,23.49,Urea,2-3 weeks after planting (top dressing)
Chunya,-7.85,33.17,5.6,196.0,2.24,22.54,Sandy Loam,21.86,80.98,0.72,Urea,2-3 weeks after planting (top dressing)
Chunya,-8.48,33.17,5.9,286.0,2.6,42.38,Sandy Loam,21.08,83.93,2.79,NPK,At planting time (basal application)
Chunya,-8.12,33.17,6.0,168.0,2.24,37.32,Sandy Loam,23.12,78.86,48.51,Urea,2-3 weeks after planting (top dressing)
Chunya,-7.85,33.485,5.5,224.0,2.24,27.58,Sandy Loam,19.4,75.35,0.0,Urea,2-3 weeks after planting (top dressing)
Chunya,-7.94,33.695,5.6,252.0,2.24,30.49,Sandy Clay Loam,23.1,51.04,0.01,Urea,2-3 weeks after planting (top dressing)
Chunya,-8.48,33.485,6.0,224.0,2.02,50.48,Sandy Loam,20.49,86.8,4.01,Urea,2-3 weeks after planting (top dressing)
Chunya,-8.3,32.96,6.0,280.0,2.24,41.27,Sandy Loam,23.79,77.93,7.18,NPK,At planting time (basal application)
Chunya,-8.12,33.065,5.9,196.0,2.8,30.49,Sandy Loam,20.04,49.52,0.0,Urea,2-3 weeks after planting (top dressing)
Chunya,-8.75,32.96,5.9,312.0,2.16,47.83,Sandy Clay Loam,19.52,80.71,0.53,No Fertilizer,No application needed
Chunya,-8.48,32.96,6.3,252.0,3.14,68.24,Sandy Loam,24.9,56.6,0.21,Urea,2-3 weeks after planting (top dressing)
Chunya,-8.12,33.38,5.9,168.0,2.24,24.92,Sandy Loam,21.28,82.06,8.65,Urea,2-3 weeks after planting (top dressing)
Chunya,-8.3,33.59,6.0,168.0,2.52,27.58,Sandy Loam,20.49,73.82,0.34,Urea,2-3 weeks after planting (top dressing)
Chunya,-7.85,33.065,5.5,336.0,2.24,37.32,Sandy Clay Loam,21.1,61.47,2.2,NPK,At planting time (basal application)
Chunya,-7.94,33.59,5.8,196.0,2.24,30.49,Sandy Loam,21.11,87.12,15.48,Urea,2-3 weeks after planting (top dressing)
Chunya,-8.75,32.75,5.9,260.0,2.08,46.88,Sandy Loam,17.83,73.97,0.14,Urea,2-3 weeks after planting (top dressing)
Chunya,-8.48,33.8,6.1,240.0,3.0,73.11,Sandy Loam,22.14,82.45,6.08,Urea,2-3 weeks after planting (top dressing)
Chunya,-8.21,32.855,5.9,252.0,2.52,37.32,Sandy Loam,19.93,73.3,0.0,Urea,2-3 weeks after planting (top dressing)
Chunya,-8.57,33.17,5.8,312.0,2.91,51.82,Sandy Loam,18.21,66.4,0.03,No Fertilizer,No application needed
Chunya,-8.21,32.75,6.0,252.0,2.24,41.27,Sandy Loam,26.95,37.96,0.01,Urea,2-3 weeks after planting (top dressing)
Chunya,-8.57,32.96,7.0,196.0,2.8,92.2,Sandy Loam,19.28,65.02,0.0,Urea,2-3 weeks after planting (top dressing)
Chunya,-8.3,33.8,5.8,252.0,2.24,45.64,Sandy Loam,23.65,76.78,7.43,Urea,2-3 weeks after planting (top dressing)
Chunya,-8.21,33.275,6.1,112.0,2.24,27.58,Sandy Loam,19.78,63.61,0.41,Urea,2-3 weeks after planting (top dressing)
Chunya,-8.66,32.75,5.9,286.0,2.34,57.3,Sandy Loam,21.33,80.05,3.26,No Fertilizer,No application needed
Chunya,-8.75,32.75,5.9,260.0,2.08,46.88,Sandy Loam,21.47,85.05,18.69,Urea,2-3 weeks after planting (top dressing)
Chunya,-7.94,33.17,5.7,168.0,2.52,24.92,Sandy Loam,17.83,69.38,0.2,Urea,2-3 weeks after planting (top dressing)
Chunya,-8.75,33.17,6.1,280.0,2.24,61.71,Sandy Loam,22.58,77.95,5.84,No Fertilizer,No application needed
Chunya,-8.03,33.8,5.7,286.0,2.08,23.14,Sandy Clay Loam,22.58,83.41,0.81,NPK,At planting time (basal application)
Chunya,-8.12,32.75,6.2,224.0,2.8,45.64,Sandy Loam,24.34,48.62,0.0,Urea,2-3 weeks after planting (top dressing)
Chunya,-8.39,33.695,6.1,260.0,2.34,42.38,Sandy Loam,21.04,88.84,18.39,Urea,2-3 weeks after planting (top dressing)
Chunya,-8.75,33.695,5.9,260.0,2.6,63.36,Sandy Clay Loam,20.63,49.53,0.0,Urea,2-3 weeks after planting (top dressing)
Chunya,-8.75,32.855,5.9,286.0,2.34,51.82,Sandy Loam,21.11,55.25,0.0,No Fertilizer,No application needed
Chunya,-8.03,33.38,5.7,140.0,2.52,16.6,Sandy Loam,19.32,70.44,0.0,Urea,2-3 weeks after planting (top dressing)
Chunya,-7.94,32.96,5.4,260.0,2.08,34.66,Sandy Loam,22.59,81.03,1.48,Apply Lime,2-4 weeks before planting
Chunya,-8.12,33.38,5.9,168.0,2.24,24.92,Sandy Loam,21.76,85.27,8.62,Urea,2-3 weeks after planting (top dressing)
Chunya,-8.21,32.855,5.9,252.0,2.52,37.32,Sandy Loam,18.92,78.29,0.18,Urea,2-3 weeks after planting (top dressing)
Chunya,-7.85,33.065,5.5,336.0,2.24,37.32,Sandy Clay Loam,23.81,75.2,1.66,NPK,At planting time (basal application)
Chunya,-8.57,33.275,5.8,286.0,2.34,46.88,Sandy Loam,19.77,76.58,0.0,No Fertilizer,No application needed
Chunya,-8.39,33.695,6.1,260.0,2.34,42.38,Sandy Loam,23.91,44.87,0.0,Urea,2-3 weeks after planting (top dressing)
Chunya,-8.48,33.065,6.3,280.0,2.8,68.24,Sandy Loam,25.86,61.07,0.64,No Fertilizer,No application needed
Chunya,-8.39,33.38,6.2,168.0,2.02,37.32,Sandy Loam,20.25,68.02,0.04,Urea,2-3 weeks after planting (top dressing)
Chunya,-8.03,32.75,5.8,252.0,2.24,27.58,Sandy Loam,21.1,80.42,4.07,Urea,2-3 weeks after planting (top dressing)
Chunya,-7.94,33.275,5.7,196.0,2.8,22.54,Sandy Loam,24.66,69.8,0.44,Urea,2-3 weeks after planting (top dressing)
Chunya,-8.57,33.38,6.0,260.0,2.6,46.88,Sandy Loam,18.68,72.15,0.0,Urea,2-3 weeks after planting (top dressing)
Chunya,-8.03,33.275,5.9,140.0,2.24,30.49,Sandy Loam,19.61,75.55,0.41,Urea,2-3 weeks after planting (top dressing)
Chunya,-7.85,33.695,5.5,224.0,1.79,27.58,Sandy Loam,21.31,82.04,10.29,DAP,At planting time (basal application)
Chunya,-8.21,33.59,5.7,168.0,2.02,24.92,Sandy Loam,22.52,84.5,6.45,Urea,2-3 weeks after planting (top dressing)
Chunya,-8.03,33.065,5.6,196.0,2.8,33.74,Sandy Loam,21.72,80.0,1.93,Urea,2-3 weeks after planting (top dressing)
Chunya,-8.3,33.59,6.0,168.0,2.52,27.58,Sandy Loam,20.26,78.9,0.05,Urea,2-3 weeks after planting (top dressing)
Chunya,-8.39,33.275,6.1,224.0,2.24,45.64,Sandy Loam,18.22,75.43,0.0,Urea,2-3 weeks after planting (top dressing)
Chunya,-8.3,33.17,6.2,224.0,2.52,55.8,Sandy Loam,25.9,47.53,0.14,Urea,2-3 weeks after planting (top dressing)
Chunya,-8.57,33.695,6.2,252.0,2.8,61.71,Sandy Loam,26.57,48.41,0.28,Urea,2-3 weeks after planting (top dressing)
Chunya,-8.12,33.17,6.0,168.0,2.24,37.32,Sandy Loam,21.85,82.1,1.2,Urea,2-3 weeks after planting (top dressing)
Chunya,-8.57,32.855,6.6,224.0,3.14,83.41,Sandy Loam,20.93,84.01,2.71,Urea,2-3 weeks after planting (top dressing)
Chunya,-8.03,33.8,5.7,286.0,2.08,23.14,Sandy Clay Loam,18.68,72.15,0.0,NPK,At planting time (basal application)
Chunya,-7.94,33.485,5.7,168.0,2.24,18.4,Sandy Loam,23.81,47.25,0.0,Urea,2-3 weeks after planting (top dressing)
Chunya,-7.85,33.8,5.6,196.0,2.52,24.92,Sandy Loam,17.89,68.19,0.01,Urea,2-3 weeks after planting (top dressing)
Chunya,-8.57,33.59,5.8,260.0,2.08,38.32,Sandy Loam,22.45,79.88,0.6,Urea,2-3 weeks after planting (top dressing)
Chunya,-8.12,33.065,5.9,196.0,2.8,30.49,Sandy Loam,21.9,81.62,2.83,Urea,2-3 weeks after planting (top dressing)
Chunya,-8.75,32.96,5.9,312.0,2.16,47.83,Sandy Clay Loam,23.04,79.36,12.5,No Fertilizer,No application needed
Chunya,-7.85,32.855,5.5,252.0,2.24,33.74,Sandy Loam,21.02,81.21,11.98,Urea,2-3 weeks after planting (top dressing)
Chunya,-8.3,33.275,6.1,140.0,2.24,37.32,Sandy Loam,17.69,68.22,0.01,Urea,2-3 weeks after planting (top dressing)
Chunya,-8.39,33.275,6.1,224.0,2.24,45.64,Sandy Loam,23.08,78.98,0.15,Urea,2-3 weeks after planting (top dressing)
Chunya,-8.39,33.695,6.1,260.0,2.34,42.38,Sandy Loam,17.19,69.72,0.0,Urea,2-3 weeks after planting (top dressing)
Chunya,-8.48,33.485,6.0,224.0,2.02,50.48,Sandy Loam,18.51,75.96,0.01,Urea,2-3 weeks after planting (top dressing)
Chunya,-8.03,32.96,5.5,240.0,2.7,36.15,Sandy Loam,21.59,80.8,4.52,Urea,2-3 weeks after planting (top dressing)
Chunya,-8.3,32.96,6.0,280.0,2.24,41.27,Sandy Loam,19.37,78.52,1.41,NPK,At planting time (basal application)
Chunya,-8.39,33.275,6.1,224.0,2.24,45.64,Sandy Loam,23.41,75.25,1.2,Urea,2-3 weeks after planting (top dressing)
Chunya,-8.48,33.065,6.3,280.0,2.8,68.24,Sandy Loam,23.95,68.65,21.85,No Fertilizer,No application needed
Chunya,-8.12,33.8,5.5,208.0,1.87,18.9,Sandy Loam,19.97,70.27,0.0,DAP,At planting time (basal application)
Chunya,-8.03,33.38,5.7,140.0,2.52,16.6,Sandy Loam,23.2,52.63,0.0,Urea,2-3 weeks after planting (top dressing)
Chunya,-8.57,33.275,5.8,286.0,2.34,46.88,Sandy Loam,20.16,61.55,0.0,No Fertilizer,No application needed
Chunya,-8.39,32.96,6.4,224.0,2.8,61.71,Sandy Loam,25.03,48.15,0.0,Urea,2-3 weeks after planting (top dressing)
Chunya,-8.66,33.485,5.8,260.0,1.87,46.88,Sandy Loam,20.2,73.34,0.0,DAP,At planting time (basal application)
Chunya,-8.75,33.59,5.8,312.0,2.6,46.88,Sandy Clay Loam,25.85,41.2,0.0,No Fertilizer,No application needed
Chunya,-8.75,33.065,5.9,286.0,2.6,57.3,Sandy Loam,21.95,83.08,11.73,No Fertilizer,No application needed
Chunya,-8.3,33.59,6.0,168.0,2.52,27.58,Sandy Loam,22.17,84.61,3.34,Urea,2-3 weeks after planting (top dressing)
Chunya,-8.75,32.855,5.9,286.0,2.34,51.82,Sandy Loam,26.19,50.12,0.01,No Fertilizer,No application needed
Chunya,-8.39,33.8,6.1,234.0,2.08,46.88,Sandy Loam,19.67,80.24,0.02,Urea,2-3 weeks after planting (top dressing)
Chunya,-7.94,33.065,5.5,224.0,2.8,30.49,Sandy Loam,20.08,75.28,0.0,Urea,2-3 weeks after planting (top dressing)
Chunya,-7.94,33.695,5.6,252.0,2.24,30.49,Sandy Clay Loam,23.39,73.68,0.74,Urea,2-3 weeks after planting (top dressing)
Chunya,-8.21,33.485,5.7,196.0,2.02,37.32,Sandy Loam,20.73,65.68,0.0,Urea,2-3 weeks after planting (top dressing)
Chunya,-7.85,33.17,5.6,196.0,2.24,22.54,Sandy Loam,21.69,79.62,0.42,Urea,2-3 weeks after planting (top dressing)
Chunya,-8.03,32.75,5.8,252.0,2.24,27.58,Sandy Loam,22.59,81.52,2.4,Urea,2-3 weeks after planting (top dressing)
Chunya,-7.94,32.75,6.0,224.0,2.8,41.27,Sandy Loam,22.11,77.38,0.87,Urea,2-3 weeks after planting (top dressing)
Chunya,-8.12,32.855,5.6,312.0,2.6,34.66,Sandy Loam,27.92,40.07,0.06,NPK,At planting time (basal application)
Chunya,-8.03,32.96,5.5,240.0,2.7,36.15,Sandy Loam,24.13,43.62,0.0,Urea,2-3 weeks after planting (top dressing)
Chunya,-8.21,33.275,6.1,112.0,2.24,27.58,Sandy Loam,25.7,52.98,0.93,Urea,2-3 weeks after planting (top dressing)
Chunya,-8.12,33.17,6.0,168.0,2.24,37.32,Sandy Loam,18.53,75.41,0.04,Urea,2-3 weeks after planting (top dressing)
Chunya,-8.75,33.59,5.8,312.0,2.6,46.88,Sandy Clay Loam,22.15,77.27,1.85,No Fertilizer,No application needed
Chunya,-8.03,32.855,5.6,280.0,2.52,45.64,Sandy Loam,23.05,73.76,1.44,No Fertilizer,No application needed
Chunya,-8.75,33.38,5.8,240.0,1.92,43.27,Loam,17.78,62.05,0.0,DAP,At planting time (basal application)
Chunya,-8.21,33.065,6.0,168.0,2.24,33.74,Sandy Loam,23.25,56.22,0.0,Urea,2-3 weeks after planting (top dressing)
Chunya,-8.3,33.275,6.1,140.0,2.24,37.32,Sandy Loam,23.41,75.25,1.2,Urea,2-3 weeks after planting (top dressing)
Chunya,-8.48,33.17,5.9,286.0,2.6,42.38,Sandy Loam,22.08,59.71,0.0,NPK,At planting time (basal application)
Chunya,-8.03,32.75,5.8,252.0,2.24,27.58,Sandy Loam,22.76,53.68,0.0,Urea,2-3 weeks after planting (top dressing)
Chunya,-7.94,33.065,5.5,224.0,2.8,30.49,Sandy Loam,22.69,56.45,0.0,Urea,2-3 weeks after planting (top dressing)
Chunya,-8.75,33.59,5.8,312.0,2.6,46.88,Sandy Clay Loam,19.6,75.02,0.09,No Fertilizer,No application needed
Chunya,-7.85,32.96,5.4,252.0,2.52,37.32,Sandy Loam,19.65,61.1,0.0,Apply Lime,2-4 weeks before planting
Chunya,-8.57,33.065,6.7,252.0,3.14,92.2,Sandy Loam,22.21,84.5,2.44,Urea,2-3 weeks after planting (top dressing)
Chunya,-8.57,32.96,7.0,196.0,2.8,92.2,Sandy Loam,21.79,86.5,15.52,Urea,2-3 weeks after planting (top dressing)
Chunya,-8.48,33.59,5.9,168.0,2.24,33.74,Sandy Loam,20.26,75.84,0.0,Urea,2-3 weeks after planting (top dressing)
Chunya,-8.39,32.96,6.4,224.0,2.8,61.71,Sandy Loam,18.91,58.59,0.01,Urea,2-3 weeks after planting (top dressing)
Chunya,-7.94,33.275,5.7,196.0,2.8,22.54,Sandy Loam,22.02,49.34,0.0,Urea,2-3 weeks after planting (top dressing)
Chunya,-8.57,33.8,6.3,224.0,2.8,75.43,Sandy Clay Loam,24.68,69.04,2.54,Urea,2-3 weeks after planting (top dressing)
Chunya,-8.21,32.855,5.9,252.0,2.52,37.32,Sandy Loam,22.71,80.11,11.6,Urea,2-3 weeks after planting (top dressing)
Chunya,-8.03,33.38,5.7,140.0,2.52,16.6,Sandy Loam,27.46,34.71,0.0,Urea,2-3 weeks after planting (top dressing)
Chunya,-7.85,33.17,5.6,196.0,2.24,22.54,Sandy Loam,25.6,36.2,0.0,Urea,2-3 weeks after planting (top dressing)
Chunya,-7.85,32.96,5.4,252.0,2.52,37.32,Sandy Loam,18.92,78.29,0.18,Apply Lime,2-4 weeks before planting
Chunya,-8.21,33.17,5.9,286.0,2.08,34.66,Sandy Loam,23.57,51.01,0.02,NPK,At planting time (basal application)
Chunya,-8.75,33.065,5.9,286.0,2.6,57.3,Sandy Loam,18.08,76.37,0.09,No Fertilizer,No application needed
Chunya,-8.21,33.065,6.0,168.0,2.24,33.74,Sandy Loam,24.58,57.51,0.38,Urea,2-3 weeks after planting (top dressing)
Chunya,-8.57,33.59,5.8,260.0,2.08,38.32,Sandy Loam,23.3,53.42,0.0,Urea,2-3 weeks after planting (top dressing)
Chunya,-8.48,32.96,6.3,252.0,3.14,68.24,Sandy Loam,25.23,53.75,0.01,Urea,2-3 weeks after planting (top dressing)
Chunya,-7.85,32.96,5.4,252.0,2.52,37.32,Sandy Loam,22.12,81.05,23.71,Apply Lime,2-4 weeks before planting
Chunya,-8.66,33.485,5.8,260.0,1.87,46.88,Sandy Loam,22.91,42.07,0.0,DAP,At planting time (basal application)
Chunya,-8.21,33.17,5.9,286.0,2.08,34.66,Sandy Loam,21.86,63.99,0.0,NPK,At planting time (basal application)
Chunya,-8.66,33.275,6.1,288.0,2.4,47.83,Sandy Loam,23.12,72.24,4.26,No Fertilizer,No application needed
Chunya,-8.21,33.695,5.5,196.0,2.8,24.92,Sandy Loam,18.64,66.21,0.0,Urea,2-3 weeks after planting (top dressing)
Chunya,-8.66,33.695,6.3,224.0,2.8,68.24,Sandy Loam,25.78,50.32,0.02,Urea,2-3 weeks after planting (top dressing)
Chunya,-7.94,33.8,5.6,208.0,1.87,20.93,Sandy Clay Loam,21.42,78.28,1.1,DAP,At planting time (basal application)
Chunya,-8.12,33.485,5.8,168.0,2.24,22.54,Sandy Loam,21.38,60.26,0.0,Urea,2-3 weeks after planting (top dressing)
Chunya,-8.21,33.695,5.5,196.0,2.8,24.92,Sandy Loam,24.08,71.24,14.91,Urea,2-3 weeks after planting (top dressing)
Chunya,-8.39,33.695,6.1,260.0,2.34,42.38,Sandy Loam,17.86,72.46,0.0,Urea,2-3 weeks after planting (top dressing)
Chunya,-8.39,32.96,6.4,224.0,2.8,61.71,Sandy Loam,17.34,73.37,0.0,Urea,2-3 weeks after planting (top dressing)
Chunya,-7.94,33.485,5.7,168.0,2.24,18.4,Sandy Loam,25.31,46.76,0.0,Urea,2-3 weeks after planting (top dressing)
Chunya,-8.3,33.695,6.1,224.0,2.52,45.64,Sandy Loam,21.9,77.65,0.57,Urea,2-3 weeks after planting (top dressing)
Chunya,-8.03,33.17,5.7,234.0,1.87,28.31,Sandy Loam,25.45,48.31,0.0,DAP,At planting time (basal application)
Chunya,-8.03,33.485,5.9,168.0,2.52,24.92,Sandy Loam,24.16,57.46,0.0,Urea,2-3 weeks after planting (top dressing)
Chunya,-8.21,32.96,5.8,224.0,2.52,30.49,Sandy Loam,25.3,65.24,0.68,Urea,2-3 weeks after planting (top dressing)
Chunya,-8.12,33.695,5.7,240.0,3.0,32.67,Sandy Loam,23.27,49.4,0.0,Urea,2-3 weeks after planting (top dressing)
Chunya,-8.12,33.695,5.7,240.0,3.0,32.67,Sandy Loam,19.22,69.52,0.07,Urea,2-3 weeks after planting (top dressing)
Chunya,-8.03,33.17,5.7,234.0,1.87,28.31,Sandy Loam,23.33,74.94,1.68,DAP,At planting time (basal application)
Chunya,-8.66,32.96,6.4,224.0,3.14,75.43,Sandy Loam,22.07,81.53,1.48,Urea,2-3 weeks after planting (top dressing)
Chunya,-8.66,33.695,6.3,224.0,2.8,68.24,Sandy Loam,23.66,77.13,1.23,Urea,2-3 weeks after planting (top dressing)
Chunya,-8.66,32.855,6.2,224.0,2.52,61.71,Sandy Loam,21.53,81.68,4.35,Urea,2-3 weeks after planting (top dressing)
Chunya,-8.57,33.485,6.0,208.0,2.6,46.88,Sandy Loam,24.06,77.43,38.92,Urea,2-3 weeks after planting (top dressing)
Chunya,-8.48,32.96,6.3,252.0,3.14,68.24,Sandy Loam,22.19,78.16,1.39,Urea,2-3 weeks after planting (top dressing)
Chunya,-8.21,33.59,5.7,168.0,2.02,24.92,Sandy Loam,23.51,75.28,33.15,Urea,2-3 weeks after planting (top dressing)
Chunya,-7.94,33.17,5.7,168.0,2.52,24.92,Sandy Loam,21.46,81.37,4.41,Urea,2-3 weeks after planting (top dressing)
Chunya,-8.57,32.96,7.0,196.0,2.8,92.2,Sandy Loam,17.7,71.77,0.03,Urea,2-3 weeks after planting (top dressing)
Chunya,-8.48,33.59,5.9,168.0,2.24,33.74,Sandy Loam,20.94,83.44,8.14,Urea,2-3 weeks after planting (top dressing)
Chunya,-8.3,33.38,6.0,150.0,2.7,32.67,Sandy Loam,19.5,78.22,4.15,Urea,2-3 weeks after planting (top dressing)
Chunya,-8.75,33.485,5.9,260.0,1.87,42.38,Sandy Loam,24.62,53.9,0.0,DAP,At planting time (basal application)
Chunya,-8.57,32.96,7.0,196.0,2.8,92.2,Sandy Loam,21.68,46.24,0.05,Urea,2-3 weeks after planting (top dressing)
Chunya,-8.75,33.38,5.8,240.0,1.92,43.27,Loam,24.95,40.74,0.0,DAP,At planting time (basal application)
Chunya,-8.3,33.485,5.8,196.0,2.24,30.49,Sandy Loam,22.23,81.32,0.03,Urea,2-3 weeks after planting (top dressing)
Chunya,-8.3,33.38,6.0,150.0,2.7,32.67,Sandy Loam,21.75,82.35,3.75,Urea,2-3 weeks after planting (top dressing)
Chunya,-7.94,32.75,6.0,224.0,2.8,41.27,Sandy Loam,22.17,82.6,3.5,Urea,2-3 weeks after planting (top dressing)
Chunya,-7.94,33.17,5.7,168.0,2.52,24.92,Sandy Loam,22.97,75.35,1.87,Urea,2-3 weeks after planting (top dressing)
Chunya,-8.03,32.75,5.8,252.0,2.24,27.58,Sandy Loam,20.8,67.88,0.0,Urea,2-3 weeks after planting (top dressing)
Chunya,-7.94,33.065,5.5,224.0,2.8,30.49,Sandy Loam,22.46,47.2,0.0,Urea,2-3 weeks after planting (top dressing)
Chunya,-8.57,33.59,5.8,260.0,2.08,38.32,Sandy Loam,19.52,80.71,0.53,Urea,2-3 weeks after planting (top dressing)
Chunya,-8.48,33.485,6.0,224.0,2.02,50.48,Sandy Loam,22.8,80.51,0.07,Urea,2-3 weeks after planting (top dressing)
Chunya,-7.94,32.855,5.6,252.0,2.52,37.32,Sandy Loam,22.31,83.8,31.35,Urea,2-3 weeks after planting (top dressing)
Chunya,-8.57,33.695,6.2,252.0,2.8,61.71,Sandy Loam,21.88,79.76,1.61,Urea,2-3 weeks after planting (top dressing)
Chunya,-7.94,33.275,5.7,196.0,2.8,22.54,Sandy Loam,18.59,64.8,0.0,Urea,2-3 weeks after planting (top dressing)
Chunya,-8.66,32.96,6.4,224.0,3.14,75.43,Sandy Loam,21.18,84.52,22.77,Urea,2-3 weeks after planting (top dressing)
Chunya,-8.66,32.96,6.4,224.0,3.14,75.43,Sandy Loam,23.8,75.13,0.31,Urea,2-3 weeks after planting (top dressing)
Chunya,-8.48,33.8,6.1,240.0,3.0,73.11,Sandy Loam,25.49,53.63,0.19,Urea,2-3 weeks after planting (top dressing)
Chunya,-7.85,33.8,5.6,196.0,2.52,24.92,Sandy Loam,23.33,64.07,0.07,Urea,2-3 weeks after planting (top dressing)
Chunya,-8.21,33.485,5.7,196.0,2.02,37.32,Sandy Loam,25.14,66.53,0.29,Urea,2-3 weeks after planting (top dressing)
Chunya,-8.66,33.38,5.9,312.0,2.08,46.88,Sandy Clay Loam,16.9,69.72,0.01,No Fertilizer,No application needed
Chunya,-8.12,32.96,5.6,240.0,2.4,32.67,Sandy Loam,22.18,82.24,8.53,Urea,2-3 weeks after planting (top dressing)
Chunya,-8.57,32.855,6.6,224.0,3.14,83.41,Sandy Loam,20.82,85.55,5.21,Urea,2-3 weeks after planting (top dressing)
Chunya,-8.57,33.065,6.7,252.0,3.14,92.2,Sandy Loam,23.19,78.15,1.79,Urea,2-3 weeks after planting (top dressing)
Chunya,-7.85,32.855,5.5,252.0,2.24,33.74,Sandy Loam,17.54,77.71,0.01,Urea,2-3 weeks after planting (top dressing)
Chunya,-8.66,32.855,6.2,224.0,2.52,61.71,Sandy Loam,19.19,52.54,0.0,Urea,2-3 weeks after planting (top dressing)
Chunya,-8.75,33.17,6.1,280.0,2.24,61.71,Sandy Loam,23.56,46.6,0.0,No Fertilizer,No application needed
Chunya,-8.03,33.485,5.9,168.0,2.52,24.92,Sandy Loam,21.48,80.95,4.03,Urea,2-3 weeks after planting (top dressing)
Chunya,-8.39,33.38,6.2,168.0,2.02,37.32,Sandy Loam,22.03,89.34,13.4,Urea,2-3 weeks after planting (top dressing)
Chunya,-8.3,33.065,6.1,252.0,2.8,50.48,Sandy Loam,22.8,66.12,0.01,Urea,2-3 weeks after planting (top dressing)
Chunya,-8.39,33.275,6.1,224.0,2.24,45.64,Sandy Loam,22.13,75.01,0.07,Urea,2-3 weeks after planting (top dressing)
Chunya,-8.57,33.065,6.7,252.0,3.14,92.2,Sandy Loam,17.94,75.83,3.57,Urea,2-3 weeks after planting (top dressing)
Chunya,-8.39,33.59,5.9,224.0,2.24,37.32,Sandy Loam,19.48,59.84,0.01,Urea,2-3 weeks after planting (top dressing)
Chunya,-8.12,33.485,5.8,168.0,2.24,22.54,Sandy Loam,22.16,82.51,1.05,Urea,2-3 weeks after planting (top dressing)
Chunya,-7.85,33.275,5.5,252.0,2.24,22.54,Sandy Loam,25.28,63.87,2.72,Urea,2-3 weeks after planting (top dressing)
Chunya,-8.66,32.855,6.2,224.0,2.52,61.71,Sandy Loam,20.84,86.67,17.57,Urea,2-3 weeks after planting (top dressing)
Chunya,-8.12,33.8,5.5,208.0,1.87,18.9,Sandy Loam,21.22,87.47,21.71,DAP,At planting time (basal application)
Chunya,-8.39,33.8,6.1,234.0,2.08,46.88,Sandy Loam,22.05,82.69,2.13,Urea,2-3 weeks after planting (top dressing)
Chunya,-8.39,33.8,6.1,234.0,2.08,46.88,Sandy Loam,21.74,85.34,15.26,Urea,2-3 weeks after planting (top dressing)
Chunya,-8.57,33.275,5.8,286.0,2.34,46.88,Sandy Loam,23.25,74.01,1.37,No Fertilizer,No application needed
Chunya,-7.94,33.8,5.6,208.0,1.87,20.93,Sandy Clay Loam,22.28,81.38,9.55,DAP,At planting time (basal application)
Chunya,-8.03,33.59,5.7,196.0,2.24,22.54,Sandy Loam,22.48,60.42,0.01,Urea,2-3 weeks after planting (top dressing)
Chunya,-8.57,32.96,7.0,196.0,2.8,92.2,Sandy Loam,17.63,74.92,0.04,Urea,2-3 weeks after planting (top dressing)
Chunya,-8.75,33.8,6.4,224.0,2.52,83.41,Sandy Loam,20.8,76.33,0.04,Urea,2-3 weeks after planting (top dressing)
Chunya,-8.3,32.96,6.0,280.0,2.24,41.27,Sandy Loam,18.6,72.68,0.0,NPK,At planting time (basal application)
Chunya,-8.39,33.275,6.1,224.0,2.24,45.64,Sandy Loam,24.39,67.25,1.23,Urea,2-3 weeks after planting (top dressing)
Chunya,-8.21,33.17,5.9,286.0,2.08,34.66,Sandy Loam,24.19,48.11,0.01,NPK,At planting time (basal application)
Chunya,-8.12,33.485,5.8,168.0,2.24,22.54,Sandy Loam,24.65,62.8,1.4,Urea,2-3 weeks after planting (top dressing)
Chunya,-8.66,33.17,6.3,224.0,3.14,75.43,Sandy Loam,23.84,80.23,2.24,Urea,2-3 weeks after planting (top dressing)
Chunya,-8.39,33.17,6.0,168.0,2.52,45.64,Sandy Loam,21.36,62.8,2.58,Urea,2-3 weeks after planting (top dressing)
Chunya,-8.57,33.065,6.7,252.0,3.14,92.2,Sandy Loam,23.39,83.07,8.13,Urea,2-3 weeks after planting (top dressing)
Chunya,-8.57,33.065,6.7,252.0,3.14,92.2,Sandy Loam,21.35,84.24,18.75,Urea,2-3 weeks after planting (top dressing)
Chunya,-8.57,32.75,6.5,252.0,3.5,75.43,Sandy Loam,19.26,71.82,0.39,Urea,2-3 weeks after planting (top dressing)
Chunya,-8.39,33.695,6.1,260.0,2.34,42.38,Sandy Loam,25.75,45.76,0.04,Urea,2-3 weeks after planting (top dressing)
Chunya,-7.85,33.8,5.6,196.0,2.52,24.92,Sandy Loam,25.85,49.87,0.52,Urea,2-3 weeks after planting (top dressing)
Chunya,-7.94,32.855,5.6,252.0,2.52,37.32,Sandy Loam,19.32,70.44,0.0,Urea,2-3 weeks after planting (top dressing)
Chunya,-8.03,33.695,5.5,196.0,2.8,24.92,Sandy Loam,20.4,76.18,0.0,Urea,2-3 weeks after planting (top dressing)
Chunya,-8.75,33.485,5.9,260.0,1.87,42.38,Sandy Loam,21.6,80.41,1.02,DAP,At planting time (basal application)
Chunya,-7.85,33.8,5.6,196.0,2.52,24.92,Sandy Loam,21.87,82.75,14.15,Urea,2-3 weeks after planting (top dressing)
Chunya,-7.85,33.59,5.5,252.0,2.24,33.74,Sandy Loam,18.35,74.28,0.01,Urea,2-3 weeks after planting (top dressing)
Chunya,-8.66,32.855,6.2,224.0,2.52,61.71,Sandy Loam,19.52,90.02,8.51,Urea,2-3 weeks after planting (top dressing)
Chunya,-8.3,33.485,5.8,196.0,2.24,30.49,Sandy Loam,25.24,59.16,0.63,Urea,2-3 weeks after planting (top dressing)
Chunya,-8.75,33.275,6.2,224.0,2.8,61.71,Sandy Loam,19.87,87.42,7.5,Urea,2-3 weeks after planting (top dressing)
Chunya,-7.85,32.96,5.4,252.0,2.52,37.32,Sandy Loam,18.15,71.08,0.03,Apply Lime,2-4 weeks before planting
Chunya,-7.94,33.065,5.5,224.0,2.8,30.49,Sandy Loam,24.67,51.51,0.0,Urea,2-3 weeks after planting (top dressing)
Chunya,-7.85,33.8,5.6,196.0,2.52,24.92,Sandy Loam,23.64,74.98,1.5,Urea,2-3 weeks after planting (top dressing)
Chunya,-8.39,33.38,6.2,168.0,2.02,37.32,Sandy Loam,23.29,59.77,0.0,Urea,2-3 weeks after planting (top dressing)
Chunya,-8.3,32.96,6.0,280.0,2.24,41.27,Sandy Loam,23.36,79.53,0.43,NPK,At planting time (basal application)
Chunya,-8.03,33.38,5.7,140.0,2.52,16.6,Sandy Loam,18.93,74.25,0.03,Urea,2-3 weeks after planting (top dressing)
Chunya,-8.21,32.96,5.8,224.0,2.52,30.49,Sandy Loam,20.66,84.73,4.41,Urea,2-3 weeks after planting (top dressing)
Chunya,-7.85,33.38,5.8,196.0,2.52,20.36,Sandy Loam,23.67,73.38,2.93,Urea,2-3 weeks after planting (top dressing)
Chunya,-8.57,33.065,6.7,252.0,3.14,92.2,Sandy Loam,21.67,83.38,4.9,Urea,2-3 weeks after planting (top dressing)
Chunya,-8.39,33.695,6.1,260.0,2.34,42.38,Sandy Loam,23.79,79.64,2.37,Urea,2-3 weeks after planting (top dressing)
Chunya,-8.75,33.695,5.9,260.0,2.6,63.36,Sandy Clay Loam,19.79,68.56,0.0,Urea,2-3 weeks after planting (top dressing)
Chunya,-7.94,33.8,5.6,208.0,1.87,20.93,Sandy Clay Loam,21.5,59.22,0.16,DAP,At planting time (basal application)
Chunya,-8.75,33.275,6.2,224.0,2.8,61.71,Sandy Loam,22.05,80.91,1.08,Urea,2-3 weeks after planting (top dressing)
Chunya,-8.57,33.275,5.8,286.0,2.34,46.88,Sandy Loam,22.91,81.8,71.54,No Fertilizer,No application needed
Chunya,-7.94,32.855,5.6,252.0,2.52,37.32,Sandy Loam,20.22,57.48,0.01,Urea,2-3 weeks after planting (top dressing)
Chunya,-8.75,32.855,5.9,286.0,2.34,51.82,Sandy Loam,25.7,46.01,0.0,No Fertilizer,No application needed
Chunya,-8.75,33.17,6.1,280.0,2.24,61.71,Sandy Loam,22.33,79.14,7.77,No Fertilizer,No application needed
Chunya,-8.75,33.17,6.1,280.0,2.24,61.71,Sandy Loam,19.33,66.4,0.08,No Fertilizer,No application needed
Chunya,-7.85,33.17,5.6,196.0,2.24,22.54,Sandy Loam,23.39,76.08,0.68,Urea,2-3 weeks after planting (top dressing)
Chunya,-8.03,33.485,5.9,168.0,2.52,24.92,Sandy Loam,17.59,73.08,0.01,Urea,2-3 weeks after planting (top dressing)
Chunya,-8.66,33.065,6.6,224.0,3.14,68.24,Sandy Loam,24.62,47.6,0.05,Urea,2-3 weeks after planting (top dressing)
Chunya,-8.57,33.8,6.3,224.0,2.8,75.43,Sandy Clay Loam,24.9,56.6,0.21,Urea,2-3 weeks after planting (top dressing)
Chunya,-8.66,33.38,5.9,312.0,2.08,46.88,Sandy Clay Loam,22.05,80.91,1.08,No Fertilizer,No application needed
Chunya,-8.12,33.275,6.1,112.0,2.24,27.58,Sandy Loam,21.96,80.68,1.58,Urea,2-3 weeks after planting (top dressing)
Chunya,-8.21,33.59,5.7,168.0,2.02,24.92,Sandy Loam,17.46,56.3,0.0,Urea,2-3 weeks after planting (top dressing)
Chunya,-8.03,33.38,5.7,140.0,2.52,16.6,Sandy Loam,22.94,81.29,1.81,Urea,2-3 weeks after planting (top dressing)
Chunya,-8.21,32.855,5.9,252.0,2.52,37.32,Sandy Loam,25.48,53.72,0.24,Urea,2-3 weeks after planting (top dressing)
Chunya,-8.3,33.8,5.8,252.0,2.24,45.64,Sandy Loam,20.31,85.47,21.53,Urea,2-3 weeks after planting (top dressing)
Chunya,-8.66,32.75,5.9,286.0,2.34,57.3,Sandy Loam,19.33,75.51,0.0,No Fertilizer,No application needed
Chunya,-8.75,33.065,5.9,286.0,2.6,57.3,Sandy Loam,22.24,56.62,0.0,No Fertilizer,No application needed
Mbarali,-8.785,33.99,6.3,196.0,2.02,75.43,Sandy Loam,18.85,67.11,0.03,Urea,2-3 weeks after planting (top dressing)
Mbarali,-8.73,33.81,6.1,224.0,2.02,83.41,Sandy Clay Loam,20.49,92.84,12.73,Urea,2-3 weeks after planting (top dressing)
Mbarali,-8.565,34.23,6.8,280.0,2.02,124.57,Clay Loam,16.41,68.29,0.0,No Fertilizer,No application needed
Mbarali,-8.895,33.87,5.8,462.0,1.98,39.67,Clay Loam,21.38,87.76,23.72,NPK,At planting time (basal application)
Mbarali,-8.62,33.75,6.1,224.0,3.14,68.24,Sandy Loam,21.44,74.91,0.33,Urea,2-3 weeks after planting (top dressing)
Mbarali,-8.895,34.35,5.8,260.0,1.87,42.38,Sandy Clay Loam,21.65,75.92,2.26,DAP,At planting time (basal application)
Mbarali,-8.895,33.81,5.6,418.0,1.58,43.85,Clay,22.0,81.51,0.14,NPK,At planting time (basal application)
Mbarali,-8.455,34.11,6.7,260.0,2.91,85.62,Clay,19.95,83.35,2.14,Urea,2-3 weeks after planting (top dressing)
Mbarali,-8.785,34.05,6.3,270.0,3.0,73.11,Sandy Loam,18.05,60.1,0.02,No Fertilizer,No application needed
Mbarali,-8.565,34.35,6.2,180.0,2.16,80.82,Sandy Loam,22.6,74.82,1.84,Urea,2-3 weeks after planting (top dressing)
Mbarali,-8.4,34.29,6.6,252.0,2.8,68.24,Clay,21.25,83.18,1.56,Urea,2-3 weeks after planting (top dressing)
Mbarali,-8.4,33.87,6.2,280.0,2.52,45.64,Sandy Loam,17.48,56.72,0.0,No Fertilizer,No application needed
Mbarali,-8.455,34.11,6.7,260.0,2.91,85.62,Clay,21.67,79.21,27.43,Urea,2-3 weeks after planting (top dressing)
Mbarali,-8.62,33.75,6.1,224.0,3.14,68.24,Sandy Loam,24.41,68.25,2.56,Urea,2-3 weeks after planting (top dressing)
Mbarali,-8.84,33.87,5.9,252.0,2.52,61.71,Sandy Clay Loam,20.77,81.72,1.29,Urea,2-3 weeks after planting (top dressing)
Mbarali,-8.675,34.11,6.3,280.0,3.14,68.24,Sandy Clay Loam,18.27,75.32,0.04,No Fertilizer,No application needed
Mbarali,-8.84,34.29,6.0,252.0,2.24,55.8,Sandy Loam,24.51,45.09,0.0,Urea,2-3 weeks after planting (top dressing)
Mbarali,-8.95,33.81,5.7,620.0,2.0,80.48,Sandy Clay Loam,21.59,80.03,0.74,No Fertilizer,No application needed
Mbarali,-8.565,33.81,6.2,224.0,3.14,83.41,Sandy Clay Loam,24.2,66.35,0.61,Urea,2-3 weeks after planting (top dressing)
Mbarali,-8.95,34.35,5.8,312.0,1.66,46.88,Sandy Clay Loam,20.73,58.53,0.0,No Fertilizer,No application needed
Mbarali,-8.73,33.93,6.2,210.0,2.16,80.82,Sandy Clay Loam,21.37,74.84,0.7,Urea,2-3 weeks after planting (top dressing)
Mbarali,-8.73,34.35,6.5,196.0,2.24,92.2,Sandy Loam,22.74,53.78,0.0,Urea,2-3 weeks after planting (top dressing)
Mbarali,-8.455,34.23,7.1,252.0,3.14,83.41,Clay,21.34,82.18,5.23,Urea,2-3 weeks after planting (top dressing)
Mbarali,-8.565,34.35,6.2,180.0,2.16,80.82,Sandy Loam,25.21,59.31,0.01,Urea,2-3 weeks after planting (top dressing)
Mbarali,-8.895,34.17,5.9,286.0,2.34,57.3,Sandy Clay Loam,21.7,84.83,2.3,No Fertilizer,No application needed
Mbarali,-8.95,34.17,5.6,390.0,1.66,42.38,Clay Loam,19.09,50.86,0.0,NPK,At planting time (basal application)
Mbarali,-8.73,33.81,6.1,224.0,2.02,83.41,Sandy Clay Loam,20.11,89.33,7.81,Urea,2-3 weeks after planting (top dressing)
Mbarali,-8.62,34.17,6.6,196.0,1.79,92.2,Sandy Clay Loam,21.81,82.39,5.11,DAP,At planting time (basal application)
Mbarali,-8.455,34.29,6.9,252.0,2.8,83.41,Clay Loam,22.78,77.6,11.45,Urea,2-3 weeks after planting (top dressing)
Mbarali,-8.455,34.35,6.7,168.0,1.6,75.43,Sandy Loam,18.0,70.11,0.0,DAP,At planting time (basal application)
Mbarali,-8.73,34.11,6.3,308.0,2.8,68.24,Sandy Clay Loam,23.12,53.11,0.23,No Fertilizer,No application needed
Mbarali,-8.4,33.87,6.2,280.0,2.52,45.64,Sandy Loam,24.14,57.91,0.25,No Fertilizer,No application needed
Mbarali,-8.455,33.75,6.2,224.0,2.8,68.24,Sandy Loam,19.24,63.8,0.0,Urea,2-3 weeks after planting (top dressing)
Mbarali,-8.4,34.23,6.6,210.0,2.16,89.37,Sandy Loam,17.68,60.76,0.0,Urea,2-3 weeks after planting (top dressing)
Mbarali,-8.51,34.11,7.0,252.0,2.8,92.2,Clay,21.38,81.78,3.41,Urea,2-3 weeks after planting (top dressing)
Mbarali,-8.95,34.29,5.7,432.0,1.92,31.99,Sandy Clay Loam,21.22,81.97,4.42,NPK,At planting time (basal application)
Mbarali,-8.62,33.99,6.7,260.0,2.08,104.62,Sandy Clay Loam,19.87,66.32,0.03,Urea,2-3 weeks after planting (top dressing)
Mbarali,-8.895,34.17,5.9,286.0,2.34,57.3,Sandy Clay Loam,20.0,78.98,0.52,No Fertilizer,No application needed
Mbarali,-8.675,33.93,6.6,196.0,2.24,112.67,Sandy Loam,20.28,83.11,0.01,Urea,2-3 weeks after planting (top dressing)
Mbarali,-8.51,33.81,6.6,252.0,2.8,83.41,Sandy Clay Loam,19.25,70.46,0.01,Urea,2-3 weeks after planting (top dressing)
Mbarali,-8.4,33.87,6.2,280.0,2.52,45.64,Sandy Loam,20.21,83.3,15.3,No Fertilizer,No application needed
Mbarali,-8.785,34.23,6.5,252.0,2.24,83.41,Sandy Loam,20.98,81.88,30.82,Urea,2-3 weeks after planting (top dressing)
Mbarali,-8.4,34.23,6.6,210.0,2.16,89.37,Sandy Loam,17.46,76.85,0.0,Urea,2-3 weeks after planting (top dressing)
Mbarali,-8.51,34.11,7.0,252.0,2.8,92.2,Clay,19.58,83.59,0.74,Urea,2-3 weeks after planting (top dressing)
Mbarali,-8.455,33.99,6.7,264.0,2.69,79.03,Clay,21.05,81.81,4.83,No Fertilizer,No application needed
Mbarali,-8.565,33.81,6.2,224.0,3.14,83.41,Sandy Clay Loam,20.78,54.63,0.0,Urea,2-3 weeks after planting (top dressing)
Mbarali,-8.95,33.93,5.7,506.0,1.25,53.61,Sandy Clay Loam,19.84,65.32,0.0,No Fertilizer,No application needed
Mbarali,-8.73,34.23,6.9,210.0,2.16,98.79,Sandy Loam,21.95,85.22,4.51,Urea,2-3 weeks after planting (top dressing)
Mbarali,-8.84,33.99,5.9,224.0,2.02,50.48,Sandy Clay Loam,20.6,81.45,6.03,Urea,2-3 weeks after planting (top dressing)
Mbarali,-8.51,33.75,6.2,224.0,2.52,75.43,Sandy Loam,22.43,74.89,11.26,Urea,2-3 weeks after planting (top dressing)
Mbarali,-8.455,34.05,6.8,260.0,1.87,77.45,Clay,22.12,75.11,4.39,DAP,At planting time (basal application)
Mbarali,-8.62,34.29,6.2,240.0,2.16,73.11,Sandy Loam,22.35,79.0,21.08,Urea,2-3 weeks after planting (top dressing)
Mbarali,-8.455,34.05,6.8,260.0,1.87,77.45,Clay,20.65,57.06,0.0,DAP,At planting time (basal application)
Mbarali,-8.84,34.23,5.9,208.0,2.6,46.88,Sandy Clay Loam,22.76,79.38,1.25,Urea,2-3 weeks after planting (top dressing)
Mbarali,-8.84,33.87,5.9,252.0,2.52,61.71,Sandy Clay Loam,18.91,56.27,0.0,Urea,2-3 weeks after planting (top dressing)
Mbarali,-8.84,34.05,5.8,312.0,2.08,46.88,Sandy Clay Loam,22.78,55.74,0.0,No Fertilizer,No application needed
Mbarali,-8.73,34.17,6.3,252.0,2.02,83.41,Sandy Clay Loam,19.36,62.05,0.0,Urea,2-3 weeks after planting (top dressing)
Mbarali,-8.455,34.05,6.8,260.0,1.87,77.45,Clay,18.87,42.96,0.0,DAP,At planting time (basal application)
Mbarali,-8.675,33.75,6.0,252.0,2.52,75.43,Sandy Clay Loam,18.55,63.36,0.05,Urea,2-3 weeks after planting (top dressing)
Mbarali,-8.95,33.87,5.8,720.0,2.0,108.72,Sandy Clay Loam,17.99,69.56,0.03,No Fertilizer,No application needed
Mbarali,-8.95,33.75,5.8,520.0,1.8,53.88,Clay Loam,20.46,94.64,21.45,No Fertilizer,No application needed
Mbarali,-8.84,34.29,6.0,252.0,2.24,55.8,Sandy Loam,21.63,58.3,0.0,Urea,2-3 weeks after planting (top dressing)
Mbarali,-8.62,33.93,6.6,224.0,1.79,137.68,Sandy Clay Loam,21.91,70.94,0.46,DAP,At planting time (basal application)
Mbarali,-8.895,33.87,5.8,462.0,1.98,39.67,Clay Loam,20.28,83.11,0.01,NPK,At planting time (basal application)
Mbarali,-8.455,34.17,7.0,252.0,2.8,83.41,Clay,25.05,51.42,0.0,Urea,2-3 weeks after planting (top dressing)
Mbarali,-8.785,34.29,6.2,252.0,2.24,75.43,Sandy Loam,24.9,57.96,0.11,Urea,2-3 weeks after planting (top dressing)
Mbarali,-8.455,33.75,6.2,224.0,2.8,68.24,Sandy Loam,22.47,58.65,0.0,Urea,2-3 weeks after planting (top dressing)
Mbarali,-8.675,34.35,6.3,180.0,2.7,54.09,Sandy Loam,18.72,50.68,0.0,Urea,2-3 weeks after planting (top dressing)
Mbarali,-8.675,33.99,6.5,196.0,1.79,137.68,Sandy Loam,22.23,64.76,0.2,DAP,At planting time (basal application)
Mbarali,-8.675,33.81,6.2,224.0,2.8,101.92,Sandy Clay Loam,17.12,75.56,0.01,Urea,2-3 weeks after planting (top dressing)
Mbarali,-8.51,34.35,6.5,240.0,2.4,89.37,Sandy Clay Loam,20.54,79.02,1.04,Urea,2-3 weeks after planting (top dressing)
Mbarali,-8.73,34.17,6.3,252.0,2.02,83.41,Sandy Clay Loam,16.41,69.21,0.0,Urea,2-3 weeks after planting (top dressing)
Mbarali,-8.4,34.11,6.7,252.0,2.8,92.2,Clay,17.1,69.19,0.0,Urea,2-3 weeks after planting (top dressing)
Mbarali,-8.785,34.17,6.3,252.0,2.02,75.43,Sandy Clay Loam,22.35,81.06,3.23,Urea,2-3 weeks after planting (top dressing)
Mbarali,-8.895,33.87,5.8,462.0,1.98,39.67,Clay Loam,20.45,80.18,0.32,NPK,At planting time (basal application)
Mbarali,-8.51,34.17,6.3,280.0,2.24,75.43,Clay Loam,20.33,80.35,2.64,No Fertilizer,No application needed
Mbarali,-8.95,33.87,5.8,720.0,2.0,108.72,Sandy Clay Loam,24.8,44.32,0.0,No Fertilizer,No application needed
Mbarali,-8.62,34.35,5.9,270.0,2.4,73.11,Sandy Loam,17.97,75.14,0.61,No Fertilizer,No application needed
Mbarali,-8.455,34.35,6.7,168.0,1.6,75.43,Sandy Loam,21.51,81.52,5.51,DAP,At planting time (basal application)
Mbarali,-8.675,34.17,6.4,252.0,1.79,75.43,Sandy Clay Loam,19.04,70.45,0.03,DAP,At planting time (basal application)
Mbarali,-8.895,33.81,5.6,418.0,1.58,43.85,Clay,18.83,58.35,0.0,NPK,At planting time (basal application)
Mbarali,-8.62,33.99,6.7,260.0,2.08,104.62,Sandy Clay Loam,20.12,86.21,20.51,Urea,2-3 weeks after planting (top dressing)
Mbarali,-8.95,34.35,5.8,312.0,1.66,46.88,Sandy Clay Loam,20.86,86.57,22.42,No Fertilizer,No application needed
Mbarali,-8.51,34.35,6.5,240.0,2.4,89.37,Sandy Clay Loam,20.55,85.91,6.88,Urea,2-3 weeks after planting (top dressing)
Mbarali,-8.84,33.99,5.9,224.0,2.02,50.48,Sandy Clay Loam,20.98,82.49,12.29,Urea,2-3 weeks after planting (top dressing)
Mbarali,-8.4,34.05,6.7,208.0,2.91,85.62,Clay Loam,22.35,84.84,6.78,Urea,2-3 weeks after planting (top dressing)
Mbarali,-8.73,34.23,6.9,210.0,2.16,98.79,Sandy Loam,17.62,63.69,0.0,Urea,2-3 weeks after planting (top dressing)
Mbarali,-8.4,33.99,6.9,224.0,2.02,61.71,Sandy Loam,21.77,85.45,2.6,Urea,2-3 weeks after planting (top dressing)
Mbarali,-8.785,33.99,6.3,196.0,2.02,75.43,Sandy Loam,20.44,85.84,11.48,Urea,2-3 weeks after planting (top dressing)
Mbarali,-8.84,33.87,5.9,252.0,2.52,61.71,Sandy Clay Loam,18.72,50.41,0.01,Urea,2-3 weeks after planting (top dressing)
Mbarali,-8.51,34.17,6.3,280.0,2.24,75.43,Clay Loam,21.37,80.31,3.55,No Fertilizer,No application needed
Mbarali,-8.62,33.93,6.6,224.0,1.79,137.68,Sandy Clay Loam,17.07,62.24,0.0,DAP,At planting time (basal application)
Mbarali,-8.785,34.35,6.2,224.0,2.52,61.71,Sandy Loam,18.33,59.52,0.0,Urea,2-3 weeks after planting (top dressing)
Mbarali,-8.73,33.81,6.1,224.0,2.02,83.41,Sandy Clay Loam,20.18,82.76,2.41,Urea,2-3 weeks after planting (top dressing)
Mbarali,-8.84,33.93,6.0,224.0,1.79,45.64,Sandy Loam,19.92,82.27,4.71,DAP,At planting time (basal application)
Mbarali,-8.95,34.29,5.7,432.0,1.92,31.99,Sandy Clay Loam,20.21,85.77,3.9,NPK,At planting time (basal application)
Mbarali,-8.84,34.05,5.8,312.0,2.08,46.88,Sandy Clay Loam,18.05,60.1,0.02,No Fertilizer,No application needed
Mbarali,-8.95,34.11,5.8,336.0,1.73,39.12,Clay Loam,19.68,58.03,0.0,NPK,At planting time (basal application)
Mbarali,-8.895,34.35,5.8,260.0,1.87,42.38,Sandy Clay Loam,19.72,70.76,0.01,DAP,At planting time (basal application)
Mbarali,-8.675,33.93,6.6,196.0,2.24,112.67,Sandy Loam,21.97,74.98,0.03,Urea,2-3 weeks after planting (top dressing)
Mbarali,-8.565,34.29,5.9,252.0,2.02,83.41,Sandy Clay Loam,19.48,72.83,0.0,Urea,2-3 weeks after planting (top dressing)
Mbarali,-8.51,34.17,6.3,280.0,2.24,75.43,Clay Loam,22.0,77.55,1.82,No Fertilizer,No application needed
Mbarali,-8.4,34.35,6.5,252.0,2.8,68.24,Clay Loam,20.92,70.91,0.0,Urea,2-3 weeks after planting (top dressing)
Mbarali,-8.95,33.75,5.8,520.0,1.8,53.88,Clay Loam,21.66,84.05,21.88,No Fertilizer,No application needed
Mbarali,-8.895,33.87,5.8,462.0,1.98,39.67,Clay Loam,20.08,83.64,9.71,NPK,At planting time (basal application)
Mbarali,-8.895,34.29,5.7,288.0,1.92,39.12,Sandy Clay Loam,19.43,73.69,0.02,NPK,At planting time (basal application)
Mbarali,-8.95,34.29,5.7,432.0,1.92,31.99,Sandy Clay Loam,23.86,62.25,0.4,NPK,At planting time (basal application)
Mbarali,-8.95,34.23,5.7,364.0,1.66,42.38,Sandy Clay Loam,19.54,77.24,0.0,NPK,At planting time (basal application)
Mbarali,-8.675,34.17,6.4,252.0,1.79,75.43,Sandy Clay Loam,23.52,67.63,0.18,DAP,At planting time (basal application)
Mbarali,-8.785,34.05,6.3,270.0,3.0,73.11,Sandy Loam,16.86,63.02,0.0,No Fertilizer,No application needed
Mbarali,-8.455,33.75,6.2,224.0,2.8,68.24,Sandy Loam,20.98,81.35,0.21,Urea,2-3 weeks after planting (top dressing)
Mbarali,-8.895,34.35,5.8,260.0,1.87,42.38,Sandy Clay Loam,20.66,85.29,15.26,DAP,At planting time (basal application)
Mbarali,-8.84,34.17,6.1,260.0,2.34,63.36,Sandy Clay Loam,21.21,87.06,3.01,Urea,2-3 weeks after planting (top dressing)
Mbarali,-8.675,34.05,6.9,168.0,1.79,112.67,Sandy Loam,17.33,78.33,0.02,DAP,At planting time (basal application)
Mbarali,-8.84,34.35,6.1,260.0,1.87,51.82,Sandy Loam,18.55,63.36,0.05,DAP,At planting time (basal application)
Mbarali,-8.51,33.87,6.7,224.0,2.24,112.67,Sandy Loam,17.37,66.51,0.0,Urea,2-3 weeks after planting (top dressing)
Mbarali,-8.675,34.29,6.2,252.0,2.24,61.71,Sandy Clay Loam,20.92,77.17,0.0,Urea,2-3 weeks after planting (top dressing)
Mbarali,-8.62,33.81,6.2,224.0,2.24,92.2,Sandy Clay Loam,20.41,87.12,8.07,Urea,2-3 weeks after planting (top dressing)
Mbarali,-8.675,33.87,6.2,224.0,2.8,83.41,Sandy Clay Loam,21.94,58.73,0.0,Urea,2-3 weeks after planting (top dressing)
Mbarali,-8.73,33.87,6.2,224.0,2.52,83.41,Sandy Clay Loam,19.96,88.06,10.11,Urea,2-3 weeks after planting (top dressing)
Mbarali,-8.73,33.99,6.1,240.0,2.7,98.79,Sandy Clay Loam,21.83,78.57,1.93,Urea,2-3 weeks after planting (top dressing)
Mbarali,-8.73,33.99,6.1,240.0,2.7,98.79,Sandy Clay Loam,22.5,82.56,3.56,Urea,2-3 weeks after planting (top dressing)
Mbarali,-8.51,34.35,6.5,240.0,2.4,89.37,Sandy Clay Loam,25.03,57.85,0.08,Urea,2-3 weeks after planting (top dressing)
Mbarali,-8.62,33.87,6.4,224.0,2.24,101.92,Sandy Loam,21.18,84.76,0.99,Urea,2-3 weeks after planting (top dressing)
Mbarali,-8.84,34.23,5.9,208.0,2.6,46.88,Sandy Clay Loam,20.93,81.92,0.75,Urea,2-3 weeks after planting (top dressing)
Mbarali,-8.785,34.23,6.5,252.0,2.24,83.41,Sandy Loam,21.66,58.71,0.0,Urea,2-3 weeks after planting (top dressing)
Mbarali,-8.51,34.11,7.0,252.0,2.8,92.2,Clay,20.64,83.65,2.56,Urea,2-3 weeks after planting (top dressing)
Mbarali,-8.84,33.81,5.9,286.0,1.87,51.82,Sandy Clay Loam,17.46,78.64,0.01,No Fertilizer,No application needed
Mbarali,-8.675,33.75,6.0,252.0,2.52,75.43,Sandy Clay Loam,20.99,83.43,7.36,Urea,2-3 weeks after planting (top dressing)
Mbarali,-8.95,33.99,5.7,432.0,1.54,52.9,Sandy Clay Loam,17.46,76.85,0.0,No Fertilizer,No application needed
Mbarali,-8.675,34.11,6.3,280.0,3.14,68.24,Sandy Clay Loam,19.4,82.13,14.62,No Fertilizer,No application needed
Mbarali,-8.895,34.05,5.6,418.0,1.76,32.43,Clay Loam,18.5,59.46,0.0,NPK,At planting time (basal application)
Mbarali,-8.4,33.93,6.2,252.0,2.52,55.8,Sandy Loam,18.04,57.44,0.0,Urea,2-3 weeks after planting (top dressing)
Mbarali,-8.95,33.81,5.7,620.0,2.0,80.48,Sandy Clay Loam,17.54,69.33,0.0,No Fertilizer,No application needed
Mbarali,-8.51,34.11,7.0,252.0,2.8,92.2,Clay,22.99,62.13,0.0,Urea,2-3 weeks after planting (top dressing)
Mbarali,-8.675,33.99,6.5,196.0,1.79,137.68,Sandy Loam,21.68,79.4,1.77,DAP,At planting time (basal application)
Mbarali,-8.73,34.29,7.1,224.0,2.24,83.41,Sandy Loam,16.34,69.17,0.08,Urea,2-3 weeks after planting (top dressing)
Mbarali,-8.4,33.87,6.2,280.0,2.52,45.64,Sandy Loam,21.24,74.82,0.08,No Fertilizer,No application needed
Mbarali,-8.455,34.17,7.0,252.0,2.8,83.41,Clay,24.25,60.54,0.15,Urea,2-3 weeks after planting (top dressing)
Mbarali,-8.51,33.81,6.6,252.0,2.8,83.41,Sandy Clay Loam,21.14,80.27,8.43,Urea,2-3 weeks after planting (top dressing)
Mbarali,-8.455,34.11,6.7,260.0,2.91,85.62,Clay,23.62,67.08,0.98,Urea,2-3 weeks after planting (top dressing)
Mbarali,-8.785,34.35,6.2,224.0,2.52,61.71,Sandy Loam,18.19,79.45,0.03,Urea,2-3 weeks after planting (top dressing)
Mbarali,-8.73,33.75,6.3,196.0,2.52,83.41,Sandy Clay Loam,22.85,79.08,7.05,Urea,2-3 weeks after planting (top dressing)
Mbarali,-8.565,33.75,6.1,280.0,2.8,83.41,Sandy Clay Loam,21.19,85.55,9.39,No Fertilizer,No application needed
Mbarali,-8.62,33.99,6.7,260.0,2.08,104.62,Sandy Clay Loam,22.82,79.8,2.23,Urea,2-3 weeks after planting (top dressing)
Mbarali,-8.73,34.23,6.9,210.0,2.16,98.79,Sandy Loam,18.62,73.55,0.0,Urea,2-3 weeks after planting (top dressing)
Mbarali,-8.95,34.23,5.7,364.0,1.66,42.38,Sandy Clay Loam,19.0,63.32,0.0,NPK,At planting time (basal application)
Mbarali,-8.565,33.87,6.7,168.0,2.24,137.68,Sandy Clay Loam,21.68,80.58,1.23,Urea,2-3 weeks after planting (top dressing)
Mbarali,-8.455,33.87,6.3,180.0,1.92,73.11,Sandy Loam,22.2,79.4,0.95,DAP,At planting time (basal application)
Mbarali,-8.4,33.87,6.2,280.0,2.52,45.64,Sandy Loam,18.67,73.66,0.0,No Fertilizer,No application needed
Mbarali,-8.675,34.23,6.4,252.0,3.89,68.24,Sandy Clay Loam,22.55,70.05,2.95,Urea,2-3 weeks after planting (top dressing)
Mbarali,-8.95,34.23,5.7,364.0,1.66,42.38,Sandy Clay Loam,18.62,78.37,0.08,NPK,At planting time (basal application)
Mbarali,-8.895,33.75,5.8,336.0,1.92,58.49,Clay,22.06,82.31,2.47,No Fertilizer,No application needed
Mbarali,-8.95,34.29,5.7,432.0,1.92,31.99,Sandy Clay Loam,19.62,67.49,0.54,NPK,At planting time (basal application)
Mbarali,-8.565,34.29,5.9,252.0,2.02,83.41,Sandy Clay Loam,19.71,79.71,0.6,Urea,2-3 weeks after planting (top dressing)
Mbarali,-8.95,34.17,5.6,390.0,1.66,42.38,Clay Loam,18.66,72.88,0.06,NPK,At planting time (basal application)
Mbarali,-8.565,34.05,7.0,224.0,2.24,101.92,Sandy Clay Loam,22.03,80.34,0.58,Urea,2-3 weeks after planting (top dressing)
Mbarali,-8.675,34.35,6.3,180.0,2.7,54.09,Sandy Loam,22.28,78.68,2.14,Urea,2-3 weeks after planting (top dressing)
Mbarali,-8.51,34.11,7.0,252.0,2.8,92.2,Clay,22.03,78.99,3.24,Urea,2-3 weeks after planting (top dressing)
Mbarali,-8.565,34.05,7.0,224.0,2.24,101.92,Sandy Clay Loam,20.03,85.06,6.46,Urea,2-3 weeks after planting (top dressing)
Mbarali,-8.51,33.81,6.6,252.0,2.8,83.41,Sandy Clay Loam,16.5,72.05,4.63,Urea,2-3 weeks after planting (top dressing)
Mbarali,-8.95,34.17,5.6,390.0,1.66,42.38,Clay Loam,19.93,77.39,0.0,NPK,At planting time (basal application)
Mbarali,-8.785,33.93,6.3,196.0,2.8,75.43,Sandy Clay Loam,20.55,83.18,26.41,Urea,2-3 weeks after planting (top dressing)
Mbarali,-8.565,34.11,6.0,168.0,1.79,112.67,Clay,18.68,67.3,0.0,DAP,At planting time (basal application)
Mbarali,-8.84,33.99,5.9,224.0,2.02,50.48,Sandy Clay Loam,20.4,84.61,14.07,Urea,2-3 weeks after planting (top dressing)
Mbarali,-8.84,33.87,5.9,252.0,2.52,61.71,Sandy Clay Loam,20.36,90.57,10.87,Urea,2-3 weeks after planting (top dressing)
Mbarali,-8.51,34.17,6.3,280.0,2.24,75.43,Clay Loam,17.51,65.04,0.09,No Fertilizer,No application needed
Mbarali,-8.62,33.75,6.1,224.0,3.14,68.24,Sandy Loam,18.28,82.11,2.01,Urea,2-3 weeks after planting (top dressing)
Mbarali,-8.895,34.29,5.7,288.0,1.92,39.12,Sandy Clay Loam,22.15,82.39,20.26,NPK,At planting time (basal application)
Mbarali,-8.675,34.11,6.3,280.0,3.14,68.24,Sandy Clay Loam,22.28,63.11,0.0,No Fertilizer,No application needed
Mbarali,-8.4,33.93,6.2,252.0,2.52,55.8,Sandy Loam,16.95,68.04,0.0,Urea,2-3 weeks after planting (top dressing)
Mbarali,-8.84,34.11,6.3,224.0,1.79,61.71,Sandy Clay Loam,14.87,73.55,1.26,DAP,At planting time (basal application)
Mbarali,-8.62,33.81,6.2,224.0,2.24,92.2,Sandy Clay Loam,23.49,74.85,45.44,Urea,2-3 weeks after planting (top dressing)
Mbarali,-8.51,34.17,6.3,280.0,2.24,75.43,Clay Loam,20.74,86.43,1.44,No Fertilizer,No application needed
Mbarali,-8.73,33.87,6.2,224.0,2.52,83.41,Sandy Clay Loam,17.22,69.94,0.01,Urea,2-3 weeks after planting (top dressing)
Mbarali,-8.51,34.29,6.4,270.0,2.4,98.79,Sandy Clay Loam,20.82,86.4,8.78,No Fertilizer,No application needed
Mbarali,-8.95,33.81,5.7,620.0,2.0,80.48,Sandy Clay Loam,20.46,67.88,0.02,No Fertilizer,No application needed
Mbarali,-8.73,33.87,6.2,224.0,2.52,83.41,Sandy Clay Loam,23.75,73.04,7.47,Urea,2-3 weeks after planting (top dressing)
Mbarali,-8.785,34.29,6.2,252.0,2.24,75.43,Sandy Loam,20.88,84.02,3.55,Urea,2-3 weeks after planting (top dressing)
Mbarali,-8.565,34.17,6.5,252.0,2.24,101.92,Clay,17.84,79.34,1.45,Urea,2-3 weeks after planting (top dressing)
Mbarali,-8.95,34.23,5.7,364.0,1.66,42.38,Sandy Clay Loam,22.09,53.97,0.01,NPK,At planting time (basal application)
Mbarali,-8.84,33.81,5.9,286.0,1.87,51.82,Sandy Clay Loam,23.95,58.85,0.12,No Fertilizer,No application needed
Mbarali,-8.73,34.29,7.1,224.0,2.24,83.41,Sandy Loam,15.54,74.08,4.91,Urea,2-3 weeks after planting (top dressing)
Mbarali,-8.785,33.93,6.3,196.0,2.8,75.43,Sandy Clay Loam,15.94,66.6,0.08,Urea,2-3 weeks after planting (top dressing)
Mbarali,-8.62,33.75,6.1,224.0,3.14,68.24,Sandy Loam,22.4,80.96,28.46,Urea,2-3 weeks after planting (top dressing)
Mbarali,-8.62,34.11,6.4,280.0,2.24,92.2,Sandy Clay Loam,20.26,69.04,0.09,No Fertilizer,No application needed
Mbarali,-8.895,34.17,5.9,286.0,2.34,57.3,Sandy Clay Loam,19.29,76.56,0.01,No Fertilizer,No application needed
Mbarali,-8.95,33.87,5.8,720.0,2.0,108.72,Sandy Clay Loam,20.85,86.17,32.92,No Fertilizer,No application needed
Mbarali,-8.895,34.35,5.8,260.0,1.87,42.38,Sandy Clay Loam,18.9,56.58,0.0,DAP,At planting time (basal application)
Mbarali,-8.455,33.93,6.6,240.0,2.4,98.79,Sandy Clay Loam,20.63,84.9,19.37,Urea,2-3 weeks after planting (top dressing)
Mbarali,-8.895,34.23,5.9,364.0,1.87,42.38,Sandy Clay Loam,20.94,53.41,0.0,NPK,At planting time (basal application)
Mbarali,-8.62,34.29,6.2,240.0,2.16,73.11,Sandy Loam,20.34,64.02,0.14,Urea,2-3 weeks after planting (top dressing)
Mbarali,-8.565,33.81,6.2,224.0,3.14,83.41,Sandy Clay Loam,18.59,73.82,0.0,Urea,2-3 weeks after planting (top dressing)
Mbarali,-8.675,33.87,6.2,224.0,2.8,83.41,Sandy Clay Loam,22.69,64.4,0.02,Urea,2-3 weeks after planting (top dressing)
Mbarali,-8.73,33.81,6.1,224.0,2.02,83.41,Sandy Clay Loam,24.7,57.8,0.02,Urea,2-3 weeks after planting (top dressing)
Mbarali,-8.84,33.75,5.7,192.0,1.92,52.9,Sandy Clay Loam,17.17,71.95,0.0,DAP,At planting time (basal application)
Mbarali,-8.455,33.93,6.6,240.0,2.4,98.79,Sandy Clay Loam,23.11,52.56,0.01,Urea,2-3 weeks after planting (top dressing)
Mbarali,-8.73,34.11,6.3,308.0,2.8,68.24,Sandy Clay Loam,20.51,83.37,2.59,No Fertilizer,No application needed
Mbarali,-8.455,34.35,6.7,168.0,1.6,75.43,Sandy Loam,21.32,84.69,9.77,DAP,At planting time (basal application)
Mbarali,-8.73,33.93,6.2,210.0,2.16,80.82,Sandy Clay Loam,20.6,85.94,3.3,Urea,2-3 weeks after planting (top dressing)
Mbarali,-8.675,33.81,6.2,224.0,2.8,101.92,Sandy Clay Loam,20.07,50.9,0.0,Urea,2-3 weeks after planting (top dressing)
Mbarali,-8.84,33.93,6.0,224.0,1.79,45.64,Sandy Loam,18.73,69.02,0.08,DAP,At planting time (basal application)
Mbarali,-8.84,34.23,5.9,208.0,2.6,46.88,Sandy Clay Loam,20.56,82.36,2.69,Urea,2-3 weeks after planting (top dressing)
Mbarali,-8.785,33.93,6.3,196.0,2.8,75.43,Sandy Clay Loam,24.24,59.18,0.5,Urea,2-3 weeks after planting (top dressing)
Mbarali,-8.84,33.87,5.9,252.0,2.52,61.71,Sandy Clay Loam,21.74,76.94,0.08,Urea,2-3 weeks after planting (top dressing)
Mbarali,-8.455,33.99,6.7,264.0,2.69,79.03,Clay,23.45,62.9,0.0,No Fertilizer,No application needed
Mbarali,-8.84,34.17,6.1,260.0,2.34,63.36,Sandy Clay Loam,20.83,86.27,26.34,Urea,2-3 weeks after planting (top dressing)
Mbarali,-8.565,33.93,6.8,308.0,2.24,152.21,Sandy Clay Loam,21.35,83.87,1.89,No Fertilizer,No application needed
Mbarali,-8.895,34.17,5.9,286.0,2.34,57.3,Sandy Clay Loam,20.28,87.79,2.82,No Fertilizer,No application needed
Mbarali,-8.675,34.35,6.3,180.0,2.7,54.09,Sandy Loam,21.01,61.4,0.1,Urea,2-3 weeks after planting (top dressing)
Mbarali,-8.95,34.23,5.7,364.0,1.66,42.38,Sandy Clay Loam,22.13,58.98,0.0,NPK,At planting time (basal application)
Mbarali,-8.565,33.99,6.3,252.0,2.52,92.2,Clay,22.76,79.85,3.23,Urea,2-3 weeks after planting (top dressing)
Mbarali,-8.95,33.99,5.7,432.0,1.54,52.9,Sandy Clay Loam,19.85,52.81,0.0,No Fertilizer,No application needed
Mbarali,-8.62,34.29,6.2,240.0,2.16,73.11,Sandy Loam,22.05,61.88,0.0,Urea,2-3 weeks after planting (top dressing)
Mbarali,-8.4,34.11,6.7,252.0,2.8,92.2,Clay,19.44,78.39,0.11,Urea,2-3 weeks after planting (top dressing)
Mbarali,-8.4,34.11,6.7,252.0,2.8,92.2,Clay,17.52,76.81,0.63,Urea,2-3 weeks after planting (top dressing)
Mbarali,-8.785,34.35,6.2,224.0,2.52,61.71,Sandy Loam,21.78,76.87,16.81,Urea,2-3 weeks after planting (top dressing)
Mbarali,-8.675,34.11,6.3,280.0,3.14,68.24,Sandy Clay Loam,23.75,67.56,0.07,No Fertilizer,No application needed
Mbarali,-8.565,34.05,7.0,224.0,2.24,101.92,Sandy Clay Loam,20.19,82.64,3.03,Urea,2-3 weeks after planting (top dressing)
Mbarali,-8.455,33.75,6.2,224.0,2.8,68.24,Sandy Loam,24.84,56.01,0.02,Urea,2-3 weeks after planting (top dressing)
Mbarali,-8.62,34.29,6.2,240.0,2.16,73.11,Sandy Loam,20.98,85.56,2.23,Urea,2-3 weeks after planting (top dressing)
Mbarali,-8.73,33.99,6.1,240.0,2.7,98.79,Sandy Clay Loam,20.59,79.03,0.63,Urea,2-3 weeks after planting (top dressing)
Mbarali,-8.895,34.29,5.7,288.0,1.92,39.12,Sandy Clay Loam,23.16,54.35,0.0,NPK,At planting time (basal application)
Mbarali,-8.51,34.29,6.4,270.0,2.4,98.79,Sandy Clay Loam,21.13,81.04,3.07,No Fertilizer,No application needed
Mbarali,-8.73,33.81,6.1,224.0,2.02,83.41,Sandy Clay Loam,23.55,63.4,0.74,Urea,2-3 weeks after planting (top dressing)
Mbarali,-8.95,33.81,5.7,620.0,2.0,80.48,Sandy Clay Loam,25.15,52.1,0.25,No Fertilizer,No application needed
Mbarali,-8.455,34.35,6.7,168.0,1.6,75.43,Sandy Loam,22.09,58.0,0.27,DAP,At planting time (basal application)
Mbarali,-8.675,33.75,6.0,252.0,2.52,75.43,Sandy Clay Loam,20.45,83.76,8.26,Urea,2-3 weeks after planting (top dressing)
Mbarali,-8.565,34.23,6.8,280.0,2.02,124.57,Clay Loam,20.71,81.64,0.14,No Fertilizer,No application needed
Mbarali,-8.62,33.75,6.1,224.0,3.14,68.24,Sandy Loam,22.52,84.34,24.06,Urea,2-3 weeks after planting (top dressing)
Mbarali,-8.4,33.81,6.5,270.0,2.16,80.82,Sandy Loam,18.52,75.2,0.06,No Fertilizer,No application needed
Mbarali,-8.51,34.29,6.4,270.0,2.4,98.79,Sandy Clay Loam,24.45,54.52,2.71,No Fertilizer,No application needed
Mbarali,-8.51,34.17,6.3,280.0,2.24,75.43,Clay Loam,21.4,87.67,11.37,No Fertilizer,No application needed
Mbarali,-8.51,34.29,6.4,270.0,2.4,98.79,Sandy Clay Loam,18.91,81.59,2.97,No Fertilizer,No application needed
Mbarali,-8.455,33.93,6.6,240.0,2.4,98.79,Sandy Clay Loam,16.95,68.74,0.0,Urea,2-3 weeks after planting (top dressing)
Mbarali,-8.84,33.81,5.9,286.0,1.87,51.82,Sandy Clay Loam,22.31,61.76,0.05,No Fertilizer,No application needed
Mbarali,-8.455,33.99,6.7,264.0,2.69,79.03,Clay,20.26,56.72,0.01,No Fertilizer,No application needed
Mbarali,-8.84,34.17,6.1,260.0,2.34,63.36,Sandy Clay Loam,19.06,67.49,0.0,Urea,2-3 weeks after planting (top dressing)
Mbarali,-8.73,34.05,6.4,180.0,1.92,80.82,Sandy Loam,21.07,85.18,1.3,DAP,At planting time (basal application)
Mbarali,-8.73,34.29,7.1,224.0,2.24,83.41,Sandy Loam,18.7,79.16,0.02,Urea,2-3 weeks after planting (top dressing)
Mbarali,-8.675,34.29,6.2,252.0,2.24,61.71,Sandy Clay Loam,23.08,56.19,0.05,Urea,2-3 weeks after planting (top dressing)
Mbarali,-8.895,33.93,5.7,528.0,1.58,35.86,Clay Loam,19.6,64.47,0.01,NPK,At planting time (basal application)
Mbarali,-8.785,34.29,6.2,252.0,2.24,75.43,Sandy Loam,22.11,83.51,19.36,Urea,2-3 weeks after planting (top dressing)
Mbarali,-8.785,33.99,6.3,196.0,2.02,75.43,Sandy Loam,18.75,79.83,0.14,Urea,2-3 weeks after planting (top dressing)
Mbarali,-8.565,34.17,6.5,252.0,2.24,101.92,Clay,19.95,83.35,2.14,Urea,2-3 weeks after planting (top dressing)
Mbarali,-8.675,34.05,6.9,168.0,1.79,112.67,Sandy Loam,23.3,66.67,2.64,DAP,At planting time (basal application)
Mbarali,-8.73,33.81,6.1,224.0,2.02,83.41,Sandy Clay Loam,25.24,53.81,0.1,Urea,2-3 weeks after planting (top dressing)
Mbarali,-8.62,34.17,6.6,196.0,1.79,92.2,Sandy Clay Loam,23.47,56.56,0.05,DAP,At planting time (basal application)
Mbarali,-8.675,33.87,6.2,224.0,2.8,83.41,Sandy Clay Loam,25.17,53.35,0.22,Urea,2-3 weeks after planting (top dressing)
Mbarali,-8.84,33.99,5.9,224.0,2.02,50.48,Sandy Clay Loam,17.77,76.53,0.07,Urea,2-3 weeks after planting (top dressing)
Mbarali,-8.455,34.11,6.7,260.0,2.91,85.62,Clay,18.7,55.3,0.0,Urea,2-3 weeks after planting (top dressing)
Mbarali,-8.565,33.75,6.1,280.0,2.8,83.41,Sandy Clay Loam,24.21,61.86,0.54,No Fertilizer,No application needed
Mbarali,-8.73,34.05,6.4,180.0,1.92,80.82,Sandy Loam,21.18,84.76,0.99,DAP,At planting time (basal application)
Mbarali,-8.62,33.75,6.1,224.0,3.14,68.24,Sandy Loam,19.48,90.68,8.15,Urea,2-3 weeks after planting (top dressing)
Mbarali,-8.565,34.35,6.2,180.0,2.16,80.82,Sandy Loam,22.41,81.37,30.1,Urea,2-3 weeks after planting (top dressing)
Mbarali,-8.895,33.75,5.8,336.0,1.92,58.49,Clay,23.11,52.56,0.01,No Fertilizer,No application needed
Mbarali,-8.895,34.35,5.8,260.0,1.87,42.38,Sandy Clay Loam,21.37,70.98,0.05,DAP,At planting time (basal application)
Mbarali,-8.84,34.35,6.1,260.0,1.87,51.82,Sandy Loam,17.2,60.79,0.0,DAP,At planting time (basal application)
Mbarali,-8.785,34.35,6.2,224.0,2.52,61.71,Sandy Loam,19.59,77.33,0.02,Urea,2-3 weeks after planting (top dressing)
Mbarali,-8.73,33.93,6.2,210.0,2.16,80.82,Sandy Clay Loam,21.62,84.94,47.6,Urea,2-3 weeks after planting (top dressing)
Mbarali,-8.95,34.11,5.8,336.0,1.73,39.12,Clay Loam,18.01,65.14,0.0,NPK,At planting time (basal application)
Mbarali,-8.95,34.23,5.7,364.0,1.66,42.38,Sandy Clay Loam,18.81,78.24,0.99,NPK,At planting time (basal application)
Mbarali,-8.895,34.17,5.9,286.0,2.34,57.3,Sandy Clay Loam,20.94,83.4,2.75,No Fertilizer,No application needed
Mbarali,-8.84,33.81,5.9,286.0,1.87,51.82,Sandy Clay Loam,20.99,81.73,0.24,No Fertilizer,No application needed
Mbarali,-8.455,33.75,6.2,224.0,2.8,68.24,Sandy Loam,22.04,76.56,4.67,Urea,2-3 weeks after planting (top dressing)
Mbarali,-8.84,34.05,5.8,312.0,2.08,46.88,Sandy Clay Loam,22.28,52.53,0.0,No Fertilizer,No application needed
Mbarali,-8.62,34.35,5.9,270.0,2.4,73.11,Sandy Loam,18.26,70.01,0.0,No Fertilizer,No application needed
Mbarali,-8.62,34.35,5.9,270.0,2.4,73.11,Sandy Loam,20.0,61.55,0.0,No Fertilizer,No application needed
Mbarali,-8.95,34.23,5.7,364.0,1.66,42.38,Sandy Clay Loam,23.69,67.55,0.55,NPK,At planting time (basal application)
Mbarali,-8.62,34.17,6.6,196.0,1.79,92.2,Sandy Clay Loam,23.87,63.0,0.0,DAP,At planting time (basal application)
Mbarali,-8.785,33.93,6.3,196.0,2.8,75.43,Sandy Clay Loam,21.73,57.78,0.0,Urea,2-3 weeks after planting (top dressing)
Mbarali,-8.73,34.23,6.9,210.0,2.16,98.79,Sandy Loam,18.75,77.76,0.05,Urea,2-3 weeks after planting (top dressing)
Mbarali,-8.62,33.99,6.7,260.0,2.08,104.62,Sandy Clay Loam,17.95,76.77,0.01,Urea,2-3 weeks after planting (top dressing)
Mbarali,-8.62,34.05,6.7,196.0,1.6,124.57,Sandy Clay Loam,19.48,72.83,0.0,DAP,At planting time (basal application)
Mbarali,-8.84,33.87,5.9,252.0,2.52,61.71,Sandy Clay Loam,18.9,74.4,0.18,Urea,2-3 weeks after planting (top dressing)
Mbarali,-8.51,34.23,7.2,252.0,2.24,124.57,Clay Loam,24.7,49.59,0.01,Urea,2-3 weeks after planting (top dressing)
Mbarali,-8.565,34.23,6.8,280.0,2.02,124.57,Clay Loam,22.07,56.79,0.12,No Fertilizer,No application needed
Mbarali,-8.84,34.35,6.1,260.0,1.87,51.82,Sandy Loam,18.85,67.11,0.03,DAP,At planting time (basal application)
Mbarali,-8.73,34.23,6.9,210.0,2.16,98.79,Sandy Loam,20.45,84.28,6.1,Urea,2-3 weeks after planting (top dressing)
Mbarali,-8.73,34.11,6.3,308.0,2.8,68.24,Sandy Clay Loam,22.54,59.79,0.0,No Fertilizer,No application needed
Mbarali,-8.785,33.75,6.1,252.0,2.8,61.71,Sandy Loam,20.93,79.65,9.51,Urea,2-3 weeks after planting (top dressing)
Mbarali,-8.565,34.29,5.9,252.0,2.02,83.41,Sandy Clay Loam,24.86,41.1,0.0,Urea,2-3 weeks after planting (top dressing)
Mbarali,-8.675,33.93,6.6,196.0,2.24,112.67,Sandy Loam,22.04,80.77,4.71,Urea,2-3 weeks after planting (top dressing)
Mbarali,-8.895,34.05,5.6,418.0,1.76,32.43,Clay Loam,23.3,49.73,0.0,NPK,At planting time (basal application)
Mbarali,-8.785,34.11,6.1,240.0,2.16,73.11,Sandy Clay Loam,20.02,89.21,4.23,Urea,2-3 weeks after planting (top dressing)
Mbarali,-8.785,34.11,6.1,240.0,2.16,73.11,Sandy Clay Loam,22.13,74.49,1.7,Urea,2-3 weeks after planting (top dressing)
Mbarali,-8.73,34.05,6.4,180.0,1.92,80.82,Sandy Loam,20.33,80.35,2.64,DAP,At planting time (basal application)
Mbarali,-8.675,34.11,6.3,280.0,3.14,68.24,Sandy Clay Loam,20.66,80.65,0.47,No Fertilizer,No application needed
Mbarali,-8.895,34.05,5.6,418.0,1.76,32.43,Clay Loam,21.0,58.25,0.01,NPK,At planting time (basal application)
Mbarali,-8.565,33.75,6.1,280.0,2.8,83.41,Sandy Clay Loam,20.42,86.31,19.5,No Fertilizer,No application needed
Mbarali,-8.62,34.23,6.1,252.0,2.24,83.41,Sandy Clay Loam,22.42,79.34,0.03,Urea,2-3 weeks after planting (top dressing)
Mbarali,-8.565,34.35,6.2,180.0,2.16,80.82,Sandy Loam,20.26,84.81,9.34,Urea,2-3 weeks after planting (top dressing)
Mbarali,-8.95,33.99,5.7,432.0,1.54,52.9,Sandy Clay Loam,19.08,59.27,0.0,No Fertilizer,No application needed
Mbarali,-8.895,33.87,5.8,462.0,1.98,39.67,Clay Loam,18.34,79.83,0.03,NPK,At planting time (basal application)
Mbarali,-8.62,34.05,6.7,196.0,1.6,124.57,Sandy Clay Loam,16.57,63.28,0.0,DAP,At planting time (basal application)
Mbarali,-8.73,34.11,6.3,308.0,2.8,68.24,Sandy Clay Loam,21.7,86.63,20.64,No Fertilizer,No application needed
Mbarali,-8.675,34.23,6.4,252.0,3.89,68.24,Sandy Clay Loam,18.16,79.92,0.04,Urea,2-3 weeks after planting (top dressing)
Mbarali,-8.51,34.29,6.4,270.0,2.4,98.79,Sandy Clay Loam,20.59,58.44,0.0,No Fertilizer,No application needed
Mbarali,-8.455,34.17,7.0,252.0,2.8,83.41,Clay,22.43,82.64,6.65,Urea,2-3 weeks after planting (top dressing)
Mbarali,-8.84,34.29,6.0,252.0,2.24,55.8,Sandy Loam,23.7,59.59,0.56,Urea,2-3 weeks after planting (top dressing)
Mbarali,-8.51,33.87,6.7,224.0,2.24,112.67,Sandy Loam,18.24,72.51,0.0,Urea,2-3 weeks after planting (top dressing)
Mbarali,-8.73,34.35,6.5,196.0,2.24,92.2,Sandy Loam,24.94,55.89,0.87,Urea,2-3 weeks after planting (top dressing)
Mbarali,-8.675,33.99,6.5,196.0,1.79,137.68,Sandy Loam,17.95,65.14,0.0,DAP,At planting time (basal application)
Mbarali,-8.95,34.35,5.8,312.0,1.66,46.88,Sandy Clay Loam,21.18,80.02,3.92,No Fertilizer,No application needed
Mbarali,-8.73,34.23,6.9,210.0,2.16,98.79,Sandy Loam,21.69,79.64,2.28,Urea,2-3 weeks after planting (top dressing)
Mbarali,-8.73,33.99,6.1,240.0,2.7,98.79,Sandy Clay Loam,20.91,50.93,0.0,Urea,2-3 weeks after planting (top dressing)
Mbarali,-8.51,34.23,7.2,252.0,2.24,124.57,Clay Loam,21.17,65.11,0.0,Urea,2-3 weeks after planting (top dressing)
Mbarali,-8.62,33.81,6.2,224.0,2.24,92.2,Sandy Clay Loam,21.82,80.21,2.36,Urea,2-3 weeks after planting (top dressing)
Mbarali,-8.455,33.87,6.3,180.0,1.92,73.11,Sandy Loam,20.39,75.83,0.0,DAP,At planting time (basal application)
Mbarali,-8.73,34.05,6.4,180.0,1.92,80.82,Sandy Loam,22.01,81.17,10.34,DAP,At planting time (basal application)
Mbarali,-8.895,34.23,5.9,364.0,1.87,42.38,Sandy Clay Loam,21.26,86.39,15.32,NPK,At planting time (basal application)
Mbarali,-8.4,34.35,6.5,252.0,2.8,68.24,Clay Loam,20.43,87.23,23.27,Urea,2-3 weeks after planting (top dressing)
Mbarali,-8.785,34.29,6.2,252.0,2.24,75.43,Sandy Loam,22.19,80.75,0.87,Urea,2-3 weeks after planting (top dressing)
Mbarali,-8.4,33.75,5.9,260.0,2.08,46.88,Sandy Loam,17.69,74.28,0.0,Urea,2-3 weeks after planting (top dressing)
Mbarali,-8.51,33.87,6.7,224.0,2.24,112.67,Sandy Loam,21.51,79.78,3.53,Urea,2-3 weeks after planting (top dressing)
Mbarali,-8.84,34.11,6.3,224.0,1.79,61.71,Sandy Clay Loam,22.78,77.6,11.45,DAP,At planting time (basal application)
Mbarali,-8.455,34.23,7.1,252.0,3.14,83.41,Clay,17.33,78.33,0.02,Urea,2-3 weeks after planting (top dressing)
Mbarali,-8.73,34.35,6.5,196.0,2.24,92.2,Sandy Loam,26.42,53.84,0.33,Urea,2-3 weeks after planting (top dressing)
Mbarali,-8.455,33.93,6.6,240.0,2.4,98.79,Sandy Clay Loam,21.15,83.78,4.46,Urea,2-3 weeks after planting (top dressing)
Mbarali,-8.675,34.05,6.9,168.0,1.79,112.67,Sandy Loam,24.43,59.12,0.08,DAP,At planting time (basal application)
Mbarali,-8.675,33.87,6.2,224.0,2.8,83.41,Sandy Clay Loam,23.78,58.57,0.1,Urea,2-3 weeks after planting (top dressing)
Mbarali,-8.455,34.35,6.7,168.0,1.6,75.43,Sandy Loam,20.48,87.4,11.56,DAP,At planting time (basal application)
Mbarali,-8.895,34.29,5.7,288.0,1.92,39.12,Sandy Clay Loam,20.27,85.81,2.19,NPK,At planting time (basal application)
Mbarali,-8.895,34.11,6.0,312.0,2.08,46.88,Sandy Clay Loam,24.8,59.68,2.61,No Fertilizer,No application needed
Mbarali,-8.73,33.81,6.1,224.0,2.02,83.41,Sandy Clay Loam,21.46,81.87,1.46,Urea,2-3 weeks after planting (top dressing)
Mbarali,-8.895,34.17,5.9,286.0,2.34,57.3,Sandy Clay Loam,16.32,51.82,0.0,No Fertilizer,No application needed
Mbarali,-8.62,33.93,6.6,224.0,1.79,137.68,Sandy Clay Loam,20.92,85.74,4.74,DAP,At planting time (basal application)
Mbarali,-8.785,34.17,6.3,252.0,2.02,75.43,Sandy Clay Loam,21.39,80.0,1.24,Urea,2-3 weeks after planting (top dressing)
Mbarali,-8.455,33.87,6.3,180.0,1.92,73.11,Sandy Loam,19.37,82.05,0.88,DAP,At planting time (basal application)
Mbarali,-8.95,34.23,5.7,364.0,1.66,42.38,Sandy Clay Loam,21.79,65.86,6.24,NPK,At planting time (basal application)
Mbarali,-8.84,33.99,5.9,224.0,2.02,50.48,Sandy Clay Loam,21.22,84.08,1.56,Urea,2-3 weeks after planting (top dressing)
Mbarali,-8.51,34.35,6.5,240.0,2.4,89.37,Sandy Clay Loam,21.95,80.49,18.84,Urea,2-3 weeks after planting (top dressing)
Mbarali,-8.84,33.93,6.0,224.0,1.79,45.64,Sandy Loam,18.67,73.66,0.0,DAP,At planting time (basal application)
Mbarali,-8.62,33.75,6.1,224.0,3.14,68.24,Sandy Loam,19.85,82.69,8.86,Urea,2-3 weeks after planting (top dressing)
Mbarali,-8.565,33.99,6.3,252.0,2.52,92.2,Clay,20.45,82.18,1.37,Urea,2-3 weeks after planting (top dressing)
Mbarali,-8.565,34.11,6.0,168.0,1.79,112.67,Clay,22.58,72.55,0.28,DAP,At planting time (basal application)
Mbarali,-8.84,34.05,5.8,312.0,2.08,46.88,Sandy Clay Loam,19.12,68.46,0.22,No Fertilizer,No application needed
Mbarali,-8.895,33.81,5.6,418.0,1.58,43.85,Clay,21.31,69.39,0.11,NPK,At planting time (basal application)
Mbarali,-8.565,34.23,6.8,280.0,2.02,124.57,Clay Loam,20.22,85.37,1.67,No Fertilizer,No application needed
Mbarali,-8.785,33.75,6.1,252.0,2.8,61.71,Sandy Loam,19.86,94.24,26.53,Urea,2-3 weeks after planting (top dressing)
Mbarali,-8.95,34.17,5.6,390.0,1.66,42.38,Clay Loam,17.38,71.1,0.01,NPK,At planting time (basal application)
Mbarali,-8.455,34.05,6.8,260.0,1.87,77.45,Clay,19.85,84.87,4.07,DAP,At planting time (basal application)
Mbarali,-8.51,34.23,7.2,252.0,2.24,124.57,Clay Loam,20.57,86.05,9.49,Urea,2-3 weeks after planting (top dressing)
Mbarali,-8.95,33.93,5.7,506.0,1.25,53.61,Sandy Clay Loam,21.58,67.11,0.01,No Fertilizer,No application needed
Mbarali,-8.62,33.87,6.4,224.0,2.24,101.92,Sandy Loam,20.07,86.79,32.12,Urea,2-3 weeks after planting (top dressing)
Mbarali,-8.62,34.23,6.1,252.0,2.24,83.41,Sandy Clay Loam,20.1,85.44,39.12,Urea,2-3 weeks after planting (top dressing)
Mbarali,-8.895,33.93,5.7,528.0,1.58,35.86,Clay Loam,20.49,62.16,0.0,NPK,At planting time (basal application)
Mbarali,-8.84,34.17,6.1,260.0,2.34,63.36,Sandy Clay Loam,18.04,67.85,0.0,Urea,2-3 weeks after planting (top dressing)
Mbarali,-8.84,34.05,5.8,312.0,2.08,46.88,Sandy Clay Loam,22.89,51.51,0.0,No Fertilizer,No application needed
Mbarali,-8.565,34.11,6.0,168.0,1.79,112.67,Clay,21.7,61.29,0.0,DAP,At planting time (basal application)
Mbarali,-8.675,33.87,6.2,224.0,2.8,83.41,Sandy Clay Loam,22.26,55.09,0.0,Urea,2-3 weeks after planting (top dressing)
Mbarali,-8.785,34.35,6.2,224.0,2.52,61.71,Sandy Loam,25.24,63.66,1.62,Urea,2-3 weeks after planting (top dressing)
Mbarali,-8.73,34.29,7.1,224.0,2.24,83.41,Sandy Loam,20.01,80.18,0.23,Urea,2-3 weeks after planting (top dressing)
Mbarali,-8.95,33.99,5.7,432.0,1.54,52.9,Sandy Clay Loam,22.69,79.33,2.87,No Fertilizer,No application needed
Mbarali,-8.455,34.05,6.8,260.0,1.87,77.45,Clay,22.08,84.54,4.24,DAP,At planting time (basal application)
Mbarali,-8.785,34.05,6.3,270.0,3.0,73.11,Sandy Loam,17.14,71.77,0.0,No Fertilizer,No application needed
Mbarali,-8.785,33.81,6.0,224.0,2.52,75.43,Sandy Clay Loam,22.64,79.78,5.92,Urea,2-3 weeks after planting (top dressing)
Mbarali,-8.4,34.17,6.9,224.0,2.02,101.92,Sandy Clay Loam,24.69,65.21,1.82,Urea,2-3 weeks after planting (top dressing)
Mbarali,-8.455,33.87,6.3,180.0,1.92,73.11,Sandy Loam,18.07,75.07,0.11,DAP,At planting time (basal application)
Mbarali,-8.62,33.93,6.6,224.0,1.79,137.68,Sandy Clay Loam,20.19,82.64,3.03,DAP,At planting time (basal application)
Mbarali,-8.785,34.05,6.3,270.0,3.0,73.11,Sandy Loam,19.57,81.99,0.05,No Fertilizer,No application needed
Mbarali,-8.95,33.93,5.7,506.0,1.25,53.61,Sandy Clay Loam,19.91,82.13,3.06,No Fertilizer,No application needed
Mbarali,-8.565,33.99,6.3,252.0,2.52,92.2,Clay,20.07,58.01,0.01,Urea,2-3 weeks after planting (top dressing)
Mbarali,-8.455,34.05,6.8,260.0,1.87,77.45,Clay,17.5,71.13,0.06,DAP,At planting time (basal application)
Mbarali,-8.84,34.29,6.0,252.0,2.24,55.8,Sandy Loam,22.95,60.29,0.16,Urea,2-3 weeks after planting (top dressing)
Mbarali,-8.565,33.99,6.3,252.0,2.52,92.2,Clay,16.46,69.61,0.35,Urea,2-3 weeks after planting (top dressing)
Mbarali,-8.73,33.75,6.3,196.0,2.52,83.41,Sandy Clay Loam,21.34,82.18,5.23,Urea,2-3 weeks after planting (top dressing)
Mbarali,-8.4,33.75,5.9,260.0,2.08,46.88,Sandy Loam,25.03,57.85,0.08,Urea,2-3 weeks after planting (top dressing)
Mbarali,-8.455,34.11,6.7,260.0,2.91,85.62,Clay,15.97,70.82,0.0,Urea,2-3 weeks after planting (top dressing)
Mbarali,-8.95,33.81,5.7,620.0,2.0,80.48,Sandy Clay Loam,19.03,76.15,0.0,No Fertilizer,No application needed
Mbarali,-8.84,34.23,5.9,208.0,2.6,46.88,Sandy Clay Loam,22.14,61.89,0.0,Urea,2-3 weeks after planting (top dressing)
Mbarali,-8.84,34.35,6.1,260.0,1.87,51.82,Sandy Loam,22.07,80.73,3.07,DAP,At planting time (basal application)
Mbarali,-8.785,34.05,6.3,270.0,3.0,73.11,Sandy Loam,23.7,69.96,0.23,No Fertilizer,No application needed
Mbarali,-8.675,33.99,6.5,196.0,1.79,137.68,Sandy Loam,21.03,81.49,5.12,DAP,At planting time (basal application)
Mbarali,-8.4,34.23,6.6,210.0,2.16,89.37,Sandy Loam,20.07,66.46,0.0,Urea,2-3 weeks after planting (top dressing)
Mbarali,-8.73,34.29,7.1,224.0,2.24,83.41,Sandy Loam,19.2,77.8,0.29,Urea,2-3 weeks after planting (top dressing)
Mbarali,-8.565,34.05,7.0,224.0,2.24,101.92,Sandy Clay Loam,17.98,79.95,0.06,Urea,2-3 weeks after planting (top dressing)
Mbarali,-8.895,34.17,5.9,286.0,2.34,57.3,Sandy Clay Loam,20.73,84.16,3.88,No Fertilizer,No application needed
Mbarali,-8.84,33.93,6.0,224.0,1.79,45.64,Sandy Loam,20.55,83.18,26.41,DAP,At planting time (basal application)
Mbarali,-8.95,33.81,5.7,620.0,2.0,80.48,Sandy Clay Loam,17.42,80.49,0.04,No Fertilizer,No application needed
Mbarali,-8.785,33.81,6.0,224.0,2.52,75.43,Sandy Clay Loam,24.03,57.3,0.04,Urea,2-3 weeks after planting (top dressing)
Mbarali,-8.675,33.81,6.2,224.0,2.8,101.92,Sandy Clay Loam,21.06,85.86,10.9,Urea,2-3 weeks after planting (top dressing)
Mbarali,-8.51,34.29,6.4,270.0,2.4,98.79,Sandy Clay Loam,18.26,80.54,0.37,No Fertilizer,No application needed
Mbarali,-8.51,33.87,6.7,224.0,2.24,112.67,Sandy Loam,18.31,72.19,0.0,Urea,2-3 weeks after planting (top dressing)
Mbarali,-8.51,33.87,6.7,224.0,2.24,112.67,Sandy Loam,19.04,70.45,0.03,Urea,2-3 weeks after planting (top dressing)
Mbarali,-8.4,34.05,6.7,208.0,2.91,85.62,Clay Loam,20.41,86.56,25.2,Urea,2-3 weeks after planting (top dressing)
Mbarali,-8.895,34.29,5.7,288.0,1.92,39.12,Sandy Clay Loam,18.84,70.6,0.11,NPK,At planting time (basal application)
Mbarali,-8.73,34.23,6.9,210.0,2.16,98.79,Sandy Loam,22.0,64.37,0.17,Urea,2-3 weeks after planting (top dressing)
Mbarali,-8.455,33.81,6.3,270.0,3.36,80.82,Sandy Loam,24.94,43.58,0.0,No Fertilizer,No application needed
Mbarali,-8.73,34.23,6.9,210.0,2.16,98.79,Sandy Loam,17.88,69.95,0.05,Urea,2-3 weeks after planting (top dressing)
Mbarali,-8.4,33.87,6.2,280.0,2.52,45.64,Sandy Loam,16.82,74.95,0.0,No Fertilizer,No application needed
Mbarali,-8.84,33.99,5.9,224.0,2.02,50.48,Sandy Clay Loam,23.14,78.64,0.1,Urea,2-3 weeks after planting (top dressing)
Mbarali,-8.62,34.29,6.2,240.0,2.16,73.11,Sandy Loam,20.31,86.7,10.26,Urea,2-3 weeks after planting (top dressing)
Mbarali,-8.895,34.23,5.9,364.0,1.87,42.38,Sandy Clay Loam,21.43,86.23,20.96,NPK,At planting time (basal application)
Mbarali,-8.455,33.93,6.6,240.0,2.4,98.79,Sandy Clay Loam,17.89,71.07,0.0,Urea,2-3 weeks after planting (top dressing)
Mbarali,-8.73,33.99,6.1,240.0,2.7,98.79,Sandy Clay Loam,25.27,45.86,0.0,Urea,2-3 weeks after planting (top dressing)
Mbarali,-8.84,33.75,5.7,192.0,1.92,52.9,Sandy Clay Loam,25.27,50.61,0.0,DAP,At planting time (basal application)
Mbarali,-8.785,33.87,6.0,224.0,2.24,75.43,Sandy Loam,20.73,84.67,7.73,Urea,2-3 weeks after planting (top dressing)
Mbarali,-8.565,34.29,5.9,252.0,2.02,83.41,Sandy Clay Loam,16.48,76.36,1.05,Urea,2-3 weeks after planting (top dressing)
Mbarali,-8.895,34.23,5.9,364.0,1.87,42.38,Sandy Clay Loam,18.31,61.13,0.0,NPK,At planting time (basal application)
Mbarali,-8.4,34.23,6.6,210.0,2.16,89.37,Sandy Loam,22.5,47.45,0.0,Urea,2-3 weeks after planting (top dressing)
Mbarali,-8.675,34.11,6.3,280.0,3.14,68.24,Sandy Clay Loam,20.22,60.04,0.0,No Fertilizer,No application needed
Mbarali,-8.455,33.81,6.3,270.0,3.36,80.82,Sandy Loam,23.72,66.56,0.55,No Fertilizer,No application needed
Mbarali,-8.4,33.93,6.2,252.0,2.52,55.8,Sandy Loam,21.25,86.35,6.65,Urea,2-3 weeks after planting (top dressing)
Mbarali,-8.84,33.99,5.9,224.0,2.02,50.48,Sandy Clay Loam,24.97,47.12,0.02,Urea,2-3 weeks after planting (top dressing)
Mbarali,-8.895,34.17,5.9,286.0,2.34,57.3,Sandy Clay Loam,20.1,86.78,3.79,No Fertilizer,No application needed
Mbarali,-8.675,33.93,6.6,196.0,2.24,112.67,Sandy Loam,22.2,88.0,16.7,Urea,2-3 weeks after planting (top dressing)
Mbarali,-8.73,34.05,6.4,180.0,1.92,80.82,Sandy Loam,22.69,75.8,2.64,DAP,At planting time (basal application)
Mbarali,-8.4,33.93,6.2,252.0,2.52,55.8,Sandy Loam,22.37,53.23,0.0,Urea,2-3 weeks after planting (top dressing)
Mbarali,-8.51,33.87,6.7,224.0,2.24,112.67,Sandy Loam,19.68,77.75,0.42,Urea,2-3 weeks after planting (top dressing)
Mbarali,-8.895,34.35,5.8,260.0,1.87,42.38,Sandy Clay Loam,21.7,77.77,17.59,DAP,At planting time (basal application)
Mbarali,-8.84,33.87,5.9,252.0,2.52,61.71,Sandy Clay Loam,20.31,83.93,2.51,Urea,2-3 weeks after planting (top dressing)
Mbarali,-8.95,34.29,5.7,432.0,1.92,31.99,Sandy Clay Loam,18.18,70.37,0.0,NPK,At planting time (basal application)
Mbarali,-8.73,33.87,6.2,224.0,2.52,83.41,Sandy Clay Loam,21.51,81.01,10.12,Urea,2-3 weeks after planting (top dressing)
Mbarali,-8.4,33.93,6.2,252.0,2.52,55.8,Sandy Loam,21.7,84.57,1.6,Urea,2-3 weeks after planting (top dressing)
Mbarali,-8.62,33.99,6.7,260.0,2.08,104.62,Sandy Clay Loam,17.23,71.17,0.0,Urea,2-3 weeks after planting (top dressing)
Mbarali,-8.73,34.23,6.9,210.0,2.16,98.79,Sandy Loam,21.41,82.36,1.63,Urea,2-3 weeks after planting (top dressing)
Mbarali,-8.4,33.87,6.2,280.0,2.52,45.64,Sandy Loam,23.62,67.08,0.98,No Fertilizer,No application needed
Mbarali,-8.675,34.05,6.9,168.0,1.79,112.67,Sandy Loam,25.22,52.64,0.0,DAP,At planting time (basal application)
Mbarali,-8.84,34.11,6.3,224.0,1.79,61.71,Sandy Clay Loam,21.36,86.67,9.72,DAP,At planting time (basal application)
Mbarali,-8.455,33.81,6.3,270.0,3.36,80.82,Sandy Loam,22.41,84.36,43.1,No Fertilizer,No application needed
Mbarali,-8.455,33.81,6.3,270.0,3.36,80.82,Sandy Loam,21.21,81.95,3.17,No Fertilizer,No application needed
Mbarali,-8.895,33.93,5.7,528.0,1.58,35.86,Clay Loam,20.46,94.64,21.45,NPK,At planting time (basal application)
Mbarali,-8.84,33.87,5.9,252.0,2.52,61.71,Sandy Clay Loam,19.67,84.43,5.96,Urea,2-3 weeks after planting (top dressing)
Mbarali,-8.62,34.35,5.9,270.0,2.4,73.11,Sandy Loam,18.78,63.37,0.0,No Fertilizer,No application needed
Mbarali,-8.95,34.05,5.7,480.0,1.37,39.12,Sandy Clay Loam,17.24,67.64,0.0,NPK,At planting time (basal application)
Mbarali,-8.4,34.35,6.5,252.0,2.8,68.24,Clay Loam,19.11,69.99,0.36,Urea,2-3 weeks after planting (top dressing)
Mbarali,-8.84,34.11,6.3,224.0,1.79,61.71,Sandy Clay Loam,24.72,60.34,1.17,DAP,At planting time (basal application)
Mbarali,-8.455,33.93,6.6,240.0,2.4,98.79,Sandy Clay Loam,21.97,79.3,1.2,Urea,2-3 weeks after planting (top dressing)
Mbarali,-8.895,34.29,5.7,288.0,1.92,39.12,Sandy Clay Loam,17.42,80.49,0.04,NPK,At planting time (basal application)
Mbarali,-8.84,33.81,5.9,286.0,1.87,51.82,Sandy Clay Loam,22.1,74.04,0.05,No Fertilizer,No application needed
Mbarali,-8.4,34.23,6.6,210.0,2.16,89.37,Sandy Loam,19.29,76.56,0.01,Urea,2-3 weeks after planting (top dressing)
Mbarali,-8.675,34.29,6.2,252.0,2.24,61.71,Sandy Clay Loam,23.11,74.85,5.49,Urea,2-3 weeks after planting (top dressing)
Mbarali,-8.95,34.05,5.7,480.0,1.37,39.12,Sandy Clay Loam,22.7,55.32,0.26,NPK,At planting time (basal application)
Mbarali,-8.895,33.75,5.8,336.0,1.92,58.49,Clay,21.7,83.31,1.29,No Fertilizer,No application needed
Mbarali,-8.4,33.93,6.2,252.0,2.52,55.8,Sandy Loam,20.03,72.93,0.1,Urea,2-3 weeks after planting (top dressing)
Mbarali,-8.95,34.23,5.7,364.0,1.66,42.38,Sandy Clay Loam,20.26,69.04,0.09,NPK,At planting time (basal application)
Mbarali,-8.675,33.93,6.6,196.0,2.24,112.67,Sandy Loam,21.01,84.12,4.97,Urea,2-3 weeks after planting (top dressing)
Mbarali,-8.565,33.99,6.3,252.0,2.52,92.2,Clay,22.42,60.29,0.01,Urea,2-3 weeks after planting (top dressing)
Mbarali,-8.675,34.11,6.3,280.0,3.14,68.24,Sandy Clay Loam,20.78,84.68,7.07,No Fertilizer,No application needed
Mbarali,-8.84,34.11,6.3,224.0,1.79,61.71,Sandy Clay Loam,19.85,52.81,0.0,DAP,At planting time (basal application)
Mbarali,-8.95,34.29,5.7,432.0,1.92,31.99,Sandy Clay Loam,17.64,73.38,0.03,NPK,At planting time (basal application)
Mbarali,-8.785,33.81,6.0,224.0,2.52,75.43,Sandy Clay Loam,22.36,54.83,0.0,Urea,2-3 weeks after planting (top dressing)
Mbarali,-8.785,33.99,6.3,196.0,2.02,75.43,Sandy Loam,21.95,78.03,23.09,Urea,2-3 weeks after planting (top dressing)
Mbarali,-8.4,34.17,6.9,224.0,2.02,101.92,Sandy Clay Loam,22.76,78.99,3.78,Urea,2-3 weeks after planting (top dressing)
Mbarali,-8.455,34.11,6.7,260.0,2.91,85.62,Clay,20.21,46.93,0.0,Urea,2-3 weeks after planting (top dressing)
Mbarali,-8.675,33.87,6.2,224.0,2.8,83.41,Sandy Clay Loam,18.97,81.22,0.09,Urea,2-3 weeks after planting (top dressing)
Mbarali,-8.84,34.17,6.1,260.0,2.34,63.36,Sandy Clay Loam,22.2,64.82,0.2,Urea,2-3 weeks after planting (top dressing)
Mbarali,-8.565,34.11,6.0,168.0,1.79,112.67,Clay,25.78,48.99,0.0,DAP,At planting time (basal application)
Mbarali,-8.51,33.99,7.4,286.0,3.25,115.67,Clay,21.68,80.51,0.31,No Fertilizer,No application needed
Mbarali,-8.675,34.29,6.2,252.0,2.24,61.71,Sandy Clay Loam,18.06,59.64,0.03,Urea,2-3 weeks after planting (top dressing)
Mbarali,-8.4,33.75,5.9,260.0,2.08,46.88,Sandy Loam,16.48,68.86,0.15,Urea,2-3 weeks after planting (top dressing)
Mbarali,-8.895,34.29,5.7,288.0,1.92,39.12,Sandy Clay Loam,16.75,69.97,0.0,NPK,At planting time (basal application)
Mbarali,-8.895,34.11,6.0,312.0,2.08,46.88,Sandy Clay Loam,18.96,67.7,0.0,No Fertilizer,No application needed
Mbarali,-8.4,34.17,6.9,224.0,2.02,101.92,Sandy Clay Loam,18.5,64.08,0.0,Urea,2-3 weeks after planting (top dressing)
Mbarali,-8.675,33.99,6.5,196.0,1.79,137.68,Sandy Loam,17.19,70.08,0.01,DAP,At planting time (basal application)
Mbarali,-8.565,34.35,6.2,180.0,2.16,80.82,Sandy Loam,19.73,88.73,9.42,Urea,2-3 weeks after planting (top dressing)
Mbarali,-8.84,33.87,5.9,252.0,2.52,61.71,Sandy Clay Loam,19.16,57.71,0.0,Urea,2-3 weeks after planting (top dressing)
Mbarali,-8.4,34.23,6.6,210.0,2.16,89.37,Sandy Loam,18.65,61.08,0.0,Urea,2-3 weeks after planting (top dressing)
Mbarali,-8.895,33.99,5.6,440.0,1.76,29.33,Sandy Clay Loam,21.08,54.74,0.0,NPK,At planting time (basal application)
Mbarali,-8.51,34.05,6.7,260.0,2.34,104.62,Clay,22.16,63.44,0.22,Urea,2-3 weeks after planting (top dressing)
Mbarali,-8.84,34.35,6.1,260.0,1.87,51.82,Sandy Loam,22.12,81.19,3.51,DAP,At planting time (basal application)
Mbarali,-8.895,34.17,5.9,286.0,2.34,57.3,Sandy Clay Loam,20.88,85.51,20.07,No Fertilizer,No application needed
Mbarali,-8.73,34.35,6.5,196.0,2.24,92.2,Sandy Loam,21.87,82.3,3.36,Urea,2-3 weeks after planting (top dressing)
Mbarali,-8.895,33.81,5.6,418.0,1.58,43.85,Clay,16.83,70.96,0.09,NPK,At planting time (basal application)
Mbarali,-8.62,33.81,6.2,224.0,2.24,92.2,Sandy Clay Loam,18.25,66.56,0.0,Urea,2-3 weeks after planting (top dressing)
Mbarali,-8.62,34.11,6.4,280.0,2.24,92.2,Sandy Clay Loam,20.87,84.59,0.36,No Fertilizer,No application needed
Mbarali,-8.4,33.75,5.9,260.0,2.08,46.88,Sandy Loam,18.57,57.89,0.0,Urea,2-3 weeks after planting (top dressing)
Mbarali,-8.95,34.29,5.7,432.0,1.92,31.99,Sandy Clay Loam,21.87,65.32,0.36,NPK,At planting time (basal application)
Mbarali,-8.73,33.75,6.3,196.0,2.52,83.41,Sandy Clay Loam,21.63,80.87,3.82,Urea,2-3 weeks after planting (top dressing)
Mbarali,-8.51,34.29,6.4,270.0,2.4,98.79,Sandy Clay Loam,22.15,55.88,0.0,No Fertilizer,No application needed
Mbarali,-8.51,33.75,6.2,224.0,2.52,75.43,Sandy Loam,19.14,61.17,0.0,Urea,2-3 weeks after planting (top dressing)
Mbarali,-8.785,33.99,6.3,196.0,2.02,75.43,Sandy Loam,20.06,82.33,2.66,Urea,2-3 weeks after planting (top dressing)
Mbarali,-8.455,34.17,7.0,252.0,2.8,83.41,Clay,18.6,90.79,25.2,Urea,2-3 weeks after planting (top dressing)
Mbarali,-8.895,33.81,5.6,418.0,1.58,43.85,Clay,20.93,85.74,4.03,NPK,At planting time (basal application)
Mbarali,-8.62,33.87,6.4,224.0,2.24,101.92,Sandy Loam,17.5,70.31,0.0,Urea,2-3 weeks after planting (top dressing)
Mbarali,-8.675,34.23,6.4,252.0,3.89,68.24,Sandy Clay Loam,22.59,71.59,4.3,Urea,2-3 weeks after planting (top dressing)
Mbarali,-8.4,34.35,6.5,252.0,2.8,68.24,Clay Loam,18.84,61.22,0.0,Urea,2-3 weeks after planting (top dressing)
Mbarali,-8.675,33.75,6.0,252.0,2.52,75.43,Sandy Clay Loam,23.69,65.68,0.47,Urea,2-3 weeks after planting (top dressing)
Mbarali,-8.895,34.11,6.0,312.0,2.08,46.88,Sandy Clay Loam,19.01,65.07,0.01,No Fertilizer,No application needed
Mbarali,-8.675,33.99,6.5,196.0,1.79,137.68,Sandy Loam,23.89,62.79,0.55,DAP,At planting time (basal application)
Mbarali,-8.51,34.11,7.0,252.0,2.8,92.2,Clay,19.14,67.46,0.03,Urea,2-3 weeks after planting (top dressing)
Mbarali,-8.4,34.17,6.9,224.0,2.02,101.92,Sandy Clay Loam,24.07,59.3,0.0,Urea,2-3 weeks after planting (top dressing)
Mbarali,-8.51,33.75,6.2,224.0,2.52,75.43,Sandy Loam,19.43,77.83,7.41,Urea,2-3 weeks after planting (top dressing)
Mbarali,-8.895,34.29,5.7,288.0,1.92,39.12,Sandy Clay Loam,20.46,85.55,15.14,NPK,At planting time (basal application)
Mbarali,-8.675,34.11,6.3,280.0,3.14,68.24,Sandy Clay Loam,17.43,78.04,0.01,No Fertilizer,No application needed
Mbarali,-8.95,34.05,5.7,480.0,1.37,39.12,Sandy Clay Loam,21.6,84.37,5.49,NPK,At planting time (basal application)
Mbarali,-8.4,33.93,6.2,252.0,2.52,55.8,Sandy Loam,24.63,63.41,0.38,Urea,2-3 weeks after planting (top dressing)
Mbarali,-8.73,34.35,6.5,196.0,2.24,92.2,Sandy Loam,20.91,84.53,3.59,Urea,2-3 weeks after planting (top dressing)
Mbarali,-8.675,33.99,6.5,196.0,1.79,137.68,Sandy Loam,20.49,92.84,12.73,DAP,At planting time (basal application)
Mbarali,-8.84,33.75,5.7,192.0,1.92,52.9,Sandy Clay Loam,17.58,62.59,0.0,DAP,At planting time (basal application)
Mbarali,-8.675,33.99,6.5,196.0,1.79,137.68,Sandy Loam,17.73,62.49,0.0,DAP,At planting time (basal application)
Mbarali,-8.675,33.75,6.0,252.0,2.52,75.43,Sandy Clay Loam,17.0,68.17,0.0,Urea,2-3 weeks after planting (top dressing)
Mbarali,-8.785,33.75,6.1,252.0,2.8,61.71,Sandy Loam,20.19,77.94,0.26,Urea,2-3 weeks after planting (top dressing)
Mbarali,-8.455,33.99,6.7,264.0,2.69,79.03,Clay,23.75,75.46,1.56,No Fertilizer,No application needed
Mbarali,-8.73,34.29,7.1,224.0,2.24,83.41,Sandy Loam,23.44,56.03,0.0,Urea,2-3 weeks after planting (top dressing)
Mbarali,-8.4,33.93,6.2,252.0,2.52,55.8,Sandy Loam,21.53,83.43,4.66,Urea,2-3 weeks after planting (top dressing)
Mbarali,-8.51,34.35,6.5,240.0,2.4,89.37,Sandy Clay Loam,23.99,65.49,9.4,Urea,2-3 weeks after planting (top dressing)
Mbarali,-8.4,34.11,6.7,252.0,2.8,92.2,Clay,20.46,84.58,5.12,Urea,2-3 weeks after planting (top dressing)
Mbarali,-8.95,34.35,5.8,312.0,1.66,46.88,Sandy Clay Loam,21.1,80.5,2.93,No Fertilizer,No application needed
Mbarali,-8.895,34.17,5.9,286.0,2.34,57.3,Sandy Clay Loam,19.05,61.08,0.0,No Fertilizer,No application needed
Mbarali,-8.675,34.05,6.9,168.0,1.79,112.67,Sandy Loam,21.55,78.3,11.84,DAP,At planting time (basal application)
Mbarali,-8.51,34.17,6.3,280.0,2.24,75.43,Clay Loam,20.93,79.65,9.51,No Fertilizer,No application needed
Mbarali,-8.95,33.93,5.7,506.0,1.25,53.61,Sandy Clay Loam,22.18,71.13,1.5,No Fertilizer,No application needed
Mbarali,-8.4,34.17,6.9,224.0,2.02,101.92,Sandy Clay Loam,21.03,84.03,23.18,Urea,2-3 weeks after planting (top dressing)
Mbarali,-8.785,33.75,6.1,252.0,2.8,61.71,Sandy Loam,21.1,77.81,0.07,Urea,2-3 weeks after planting (top dressing)
Mbarali,-8.4,34.11,6.7,252.0,2.8,92.2,Clay,17.63,59.69,0.0,Urea,2-3 weeks after planting (top dressing)
Mbarali,-8.73,34.05,6.4,180.0,1.92,80.82,Sandy Loam,19.7,73.77,0.0,DAP,At planting time (basal application)
Mbarali,-8.51,34.05,6.7,260.0,2.34,104.62,Clay,20.6,84.64,8.35,Urea,2-3 weeks after planting (top dressing)
Mbarali,-8.455,33.87,6.3,180.0,1.92,73.11,Sandy Loam,22.05,77.97,0.89,DAP,At planting time (basal application)
Mbarali,-8.73,33.87,6.2,224.0,2.52,83.41,Sandy Clay Loam,23.59,65.24,0.68,Urea,2-3 weeks after planting (top dressing)
Mbarali,-8.785,33.87,6.0,224.0,2.24,75.43,Sandy Loam,20.43,78.89,0.01,Urea,2-3 weeks after planting (top dressing)
Mbarali,-8.785,34.05,6.3,270.0,3.0,73.11,Sandy Loam,18.0,70.11,0.0,No Fertilizer,No application needed
Mbarali,-8.675,34.35,6.3,180.0,2.7,54.09,Sandy Loam,23.13,78.25,2.23,Urea,2-3 weeks after planting (top dressing)
Mbarali,-8.84,33.93,6.0,224.0,1.79,45.64,Sandy Loam,21.69,79.64,2.28,DAP,At planting time (basal application)
Mbarali,-8.84,34.35,6.1,260.0,1.87,51.82,Sandy Loam,16.14,78.91,0.04,DAP,At planting time (basal application)
Mbarali,-8.84,34.23,5.9,208.0,2.6,46.88,Sandy Clay Loam,18.44,66.31,0.0,Urea,2-3 weeks after planting (top dressing)
Mbarali,-8.95,33.75,5.8,520.0,1.8,53.88,Clay Loam,19.24,67.43,0.0,No Fertilizer,No application needed
Mbarali,-8.455,34.23,7.1,252.0,3.14,83.41,Clay,21.77,85.45,2.6,Urea,2-3 weeks after planting (top dressing)
Mbarali,-8.62,34.17,6.6,196.0,1.79,92.2,Sandy Clay Loam,24.69,54.63,0.14,DAP,At planting time (basal application)
Mbarali,-8.95,34.17,5.6,390.0,1.66,42.38,Clay Loam,24.25,53.04,0.02,NPK,At planting time (basal application)
Mbarali,-8.565,33.81,6.2,224.0,3.14,83.41,Sandy Clay Loam,20.13,84.43,28.07,Urea,2-3 weeks after planting (top dressing)
Mbarali,-8.675,34.29,6.2,252.0,2.24,61.71,Sandy Clay Loam,20.08,79.35,0.31,Urea,2-3 weeks after planting (top dressing)
Mbarali,-8.785,33.81,6.0,224.0,2.52,75.43,Sandy Clay Loam,21.01,87.11,9.42,Urea,2-3 weeks after planting (top dressing)
Mbarali,-8.455,33.99,6.7,264.0,2.69,79.03,Clay,21.17,65.46,0.0,No Fertilizer,No application needed
Mbarali,-8.565,34.11,6.0,168.0,1.79,112.67,Clay,22.73,49.51,0.0,DAP,At planting time (basal application)
Mbarali,-8.785,34.29,6.2,252.0,2.24,75.43,Sandy Loam,23.32,67.77,1.16,Urea,2-3 weeks after planting (top dressing)
Mbarali,-8.455,33.99,6.7,264.0,2.69,79.03,Clay,22.22,77.02,1.2,No Fertilizer,No application needed
Mbarali,-8.565,33.75,6.1,280.0,2.8,83.41,Sandy Clay Loam,20.98,79.46,0.4,No Fertilizer,No application needed
Mbarali,-8.4,34.17,6.9,224.0,2.02,101.92,Sandy Clay Loam,21.53,81.43,9.42,Urea,2-3 weeks after planting (top dressing)
Mbarali,-8.455,34.11,6.7,260.0,2.91,85.62,Clay,18.74,64.21,0.0,Urea,2-3 weeks after planting (top dressing)
Mbarali,-8.51,34.35,6.5,240.0,2.4,89.37,Sandy Clay Loam,18.55,63.36,0.05,Urea,2-3 weeks after planting (top dressing)
Mbarali,-8.73,33.99,6.1,240.0,2.7,98.79,Sandy Clay Loam,25.11,54.14,0.0,Urea,2-3 weeks after planting (top dressing)
Mbarali,-8.4,34.05,6.7,208.0,2.91,85.62,Clay Loam,20.26,84.81,9.34,Urea,2-3 weeks after planting (top dressing)
Mbarali,-8.785,34.29,6.2,252.0,2.24,75.43,Sandy Loam,22.95,74.74,1.65,Urea,2-3 weeks after planting (top dressing)
Mbarali,-8.73,34.29,7.1,224.0,2.24,83.41,Sandy Loam,18.3,74.16,0.0,Urea,2-3 weeks after planting (top dressing)
Mbarali,-8.895,34.35,5.8,260.0,1.87,42.38,Sandy Clay Loam,19.52,56.91,0.0,DAP,At planting time (basal application)
Mbarali,-8.51,34.23,7.2,252.0,2.24,124.57,Clay Loam,20.85,88.38,8.67,Urea,2-3 weeks after planting (top dressing)
Mbarali,-8.785,34.17,6.3,252.0,2.02,75.43,Sandy Clay Loam,22.56,58.52,0.02,Urea,2-3 weeks after planting (top dressing)
Mbarali,-8.62,34.29,6.2,240.0,2.16,73.11,Sandy Loam,21.32,76.01,0.77,Urea,2-3 weeks after planting (top dressing)
Mbarali,-8.675,33.87,6.2,224.0,2.8,83.41,Sandy Clay Loam,19.52,67.31,0.15,Urea,2-3 weeks after planting (top dressing)
Mbarali,-8.62,33.93,6.6,224.0,1.79,137.68,Sandy Clay Loam,22.59,71.59,4.3,DAP,At planting time (basal application)
Mbarali,-8.895,34.17,5.9,286.0,2.34,57.3,Sandy Clay Loam,19.43,58.8,0.0,No Fertilizer,No application needed
Mbarali,-8.565,33.87,6.7,168.0,2.24,137.68,Sandy Clay Loam,22.12,81.37,15.21,Urea,2-3 weeks after planting (top dressing)
Mbarali,-8.51,34.29,6.4,270.0,2.4,98.79,Sandy Clay Loam,20.86,86.57,22.42,No Fertilizer,No application needed
Mbarali,-8.95,33.81,5.7,620.0,2.0,80.48,Sandy Clay Loam,23.13,78.25,2.23,No Fertilizer,No application needed
Mbarali,-8.84,34.17,6.1,260.0,2.34,63.36,Sandy Clay Loam,21.68,83.03,4.94,Urea,2-3 weeks after planting (top dressing)
Mbarali,-8.455,34.11,6.7,260.0,2.91,85.62,Clay,20.2,79.77,0.0,Urea,2-3 weeks after planting (top dressing)
Mbarali,-8.455,34.11,6.7,260.0,2.91,85.62,Clay,22.47,77.3,16.15,Urea,2-3 weeks after planting (top dressing)
Mbarali,-8.675,34.29,6.2,252.0,2.24,61.71,Sandy Clay Loam,19.43,77.83,7.41,Urea,2-3 weeks after planting (top dressing)
Mbarali,-8.95,34.35,5.8,312.0,1.66,46.88,Sandy Clay Loam,17.9,78.03,0.18,No Fertilizer,No application needed
Mbarali,-8.62,33.93,6.6,224.0,1.79,137.68,Sandy Clay Loam,16.74,64.41,0.0,DAP,At planting time (basal application)
Mbarali,-8.455,34.35,6.7,168.0,1.6,75.43,Sandy Loam,20.23,83.12,4.36,DAP,At planting time (basal application)
Mbarali,-8.73,33.81,6.1,224.0,2.02,83.41,Sandy Clay Loam,24.3,57.53,0.2,Urea,2-3 weeks after planting (top dressing)
Mbarali,-8.895,34.11,6.0,312.0,2.08,46.88,Sandy Clay Loam,22.4,63.85,1.37,No Fertilizer,No application needed
Mbarali,-8.455,34.23,7.1,252.0,3.14,83.41,Clay,20.3,72.4,0.01,Urea,2-3 weeks after planting (top dressing)
Mbarali,-8.95,33.81,5.7,620.0,2.0,80.48,Sandy Clay Loam,23.18,46.54,0.0,No Fertilizer,No application needed
Mbarali,-8.73,33.87,6.2,224.0,2.52,83.41,Sandy Clay Loam,21.76,86.49,0.82,Urea,2-3 weeks after planting (top dressing)
Mbarali,-8.565,34.05,7.0,224.0,2.24,101.92,Sandy Clay Loam,21.52,77.79,3.45,Urea,2-3 weeks after planting (top dressing)
Mbarali,-8.4,34.23,6.6,210.0,2.16,89.37,Sandy Loam,21.54,86.58,13.63,Urea,2-3 weeks after planting (top dressing)
Mbarali,-8.675,33.81,6.2,224.0,2.8,101.92,Sandy Clay Loam,22.47,79.56,6.39,Urea,2-3 weeks after planting (top dressing)
Mbarali,-8.84,34.23,5.9,208.0,2.6,46.88,Sandy Clay Loam,24.93,61.28,3.88,Urea,2-3 weeks after planting (top dressing)
Mbarali,-8.455,34.35,6.7,168.0,1.6,75.43,Sandy Loam,19.04,86.86,2.68,DAP,At planting time (basal application)
Mbarali,-8.84,34.17,6.1,260.0,2.34,63.36,Sandy Clay Loam,22.11,80.8,1.16,Urea,2-3 weeks after planting (top dressing)
Mbarali,-8.895,34.11,6.0,312.0,2.08,46.88,Sandy Clay Loam,20.39,86.2,9.2,No Fertilizer,No application needed
Mbarali,-8.785,34.23,6.5,252.0,2.24,83.41,Sandy Loam,19.08,76.71,0.0,Urea,2-3 weeks after planting (top dressing)
Mbarali,-8.895,34.17,5.9,286.0,2.34,57.3,Sandy Clay Loam,21.24,82.33,9.54,No Fertilizer,No application needed
Mbarali,-8.565,34.23,6.8,280.0,2.02,124.57,Clay Loam,23.18,79.47,6.29,No Fertilizer,No application needed
Mbarali,-8.4,33.81,6.5,270.0,2.16,80.82,Sandy Loam,20.51,76.92,0.0,No Fertilizer,No application needed
Mbarali,-8.95,34.17,5.6,390.0,1.66,42.38,Clay Loam,22.0,78.64,1.71,NPK,At planting time (basal application)
Mbarali,-8.95,33.75,5.8,520.0,1.8,53.88,Clay Loam,24.99,66.05,0.42,No Fertilizer,No application needed
Mbarali,-8.51,34.11,7.0,252.0,2.8,92.2,Clay,22.05,81.01,0.68,Urea,2-3 weeks after planting (top dressing)
Mbarali,-8.73,33.87,6.2,224.0,2.52,83.41,Sandy Clay Loam,20.33,86.85,5.31,Urea,2-3 weeks after planting (top dressing)
Mbarali,-8.565,34.35,6.2,180.0,2.16,80.82,Sandy Loam,24.65,58.5,0.0,Urea,2-3 weeks after planting (top dressing)
Mbarali,-8.62,34.05,6.7,196.0,1.6,124.57,Sandy Clay Loam,17.17,71.95,0.0,DAP,At planting time (basal application)
Mbarali,-8.51,34.35,6.5,240.0,2.4,89.37,Sandy Clay Loam,19.66,86.27,18.19,Urea,2-3 weeks after planting (top dressing)
Mbarali,-8.785,34.35,6.2,224.0,2.52,61.71,Sandy Loam,20.61,88.85,15.93,Urea,2-3 weeks after planting (top dressing)
Mbarali,-8.455,33.75,6.2,224.0,2.8,68.24,Sandy Loam,17.77,68.21,0.0,Urea,2-3 weeks after planting (top dressing)
Mbarali,-8.675,33.93,6.6,196.0,2.24,112.67,Sandy Loam,23.51,59.19,2.92,Urea,2-3 weeks after planting (top dressing)
Mbarali,-8.785,33.93,6.3,196.0,2.8,75.43,Sandy Clay Loam,19.17,68.73,0.0,Urea,2-3 weeks after planting (top dressing)
Mbarali,-8.785,33.93,6.3,196.0,2.8,75.43,Sandy Clay Loam,22.8,81.63,0.5,Urea,2-3 weeks after planting (top dressing)
Mbarali,-8.62,33.99,6.7,260.0,2.08,104.62,Sandy Clay Loam,22.62,66.52,0.25,Urea,2-3 weeks after planting (top dressing)
Mbarali,-8.73,34.23,6.9,210.0,2.16,98.79,Sandy Loam,22.91,56.0,0.02,Urea,2-3 weeks after planting (top dressing)
Mbarali,-8.785,34.11,6.1,240.0,2.16,73.11,Sandy Clay Loam,19.52,56.91,0.0,Urea,2-3 weeks after planting (top dressing)
Mbarali,-8.62,33.81,6.2,224.0,2.24,92.2,Sandy Clay Loam,21.47,63.45,0.02,Urea,2-3 weeks after planting (top dressing)
Mbarali,-8.785,33.99,6.3,196.0,2.02,75.43,Sandy Loam,17.52,76.81,0.63,Urea,2-3 weeks after planting (top dressing)
Mbarali,-8.455,34.23,7.1,252.0,3.14,83.41,Clay,19.59,76.11,0.0,Urea,2-3 weeks after planting (top dressing)
Mbarali,-8.73,33.87,6.2,224.0,2.52,83.41,Sandy Clay Loam,17.45,71.15,0.05,Urea,2-3 weeks after planting (top dressing)
Mbarali,-8.895,34.35,5.8,260.0,1.87,42.38,Sandy Clay Loam,21.16,89.13,9.17,DAP,At planting time (basal application)
Mbarali,-8.73,34.05,6.4,180.0,1.92,80.82,Sandy Loam,22.1,79.52,1.84,DAP,At planting time (basal application)
Mbarali,-8.785,33.93,6.3,196.0,2.8,75.43,Sandy Clay Loam,21.11,83.05,3.15,Urea,2-3 weeks after planting (top dressing)
Mbarali,-8.785,33.75,6.1,252.0,2.8,61.71,Sandy Loam,20.63,82.88,2.41,Urea,2-3 weeks after planting (top dressing)
Mbarali,-8.95,34.29,5.7,432.0,1.92,31.99,Sandy Clay Loam,18.4,52.4,0.0,NPK,At planting time (basal application)
Mbarali,-8.565,34.29,5.9,252.0,2.02,83.41,Sandy Clay Loam,22.32,75.11,0.23,Urea,2-3 weeks after planting (top dressing)
Mbarali,-8.675,33.75,6.0,252.0,2.52,75.43,Sandy Clay Loam,23.44,71.99,2.65,Urea,2-3 weeks after planting (top dressing)
Mbarali,-8.84,33.87,5.9,252.0,2.52,61.71,Sandy Clay Loam,21.68,52.38,0.0,Urea,2-3 weeks after planting (top dressing)
Mbarali,-8.675,33.99,6.5,196.0,1.79,137.68,Sandy Loam,17.52,65.97,0.0,DAP,At planting time (basal application)
Mbarali,-8.62,34.17,6.6,196.0,1.79,92.2,Sandy Clay Loam,20.07,87.6,2.42,DAP,At planting time (basal application)
Mbarali,-8.675,33.99,6.5,196.0,1.79,137.68,Sandy Loam,18.09,78.58,0.21,DAP,At planting time (basal application)
Mbarali,-8.95,33.75,5.8,520.0,1.8,53.88,Clay Loam,22.38,51.11,0.0,No Fertilizer,No application needed
Mbarali,-8.565,34.29,5.9,252.0,2.02,83.41,Sandy Clay Loam,20.83,87.04,10.57,Urea,2-3 weeks after planting (top dressing)
Mbarali,-8.95,33.75,5.8,520.0,1.8,53.88,Clay Loam,22.07,74.86,9.6,No Fertilizer,No application needed
Mbarali,-8.95,33.81,5.7,620.0,2.0,80.48,Sandy Clay Loam,21.03,87.31,18.23,No Fertilizer,No application needed
Mbarali,-8.62,33.87,6.4,224.0,2.24,101.92,Sandy Loam,18.84,73.01,0.0,Urea,2-3 weeks after planting (top dressing)
Mbarali,-8.73,34.35,6.5,196.0,2.24,92.2,Sandy Loam,22.45,61.22,0.0,Urea,2-3 weeks after planting (top dressing)
Mbarali,-8.62,33.87,6.4,224.0,2.24,101.92,Sandy Loam,17.33,69.73,0.01,Urea,2-3 weeks after planting (top dressing)
Mbarali,-8.565,34.29,5.9,252.0,2.02,83.41,Sandy Clay Loam,23.55,63.4,0.74,Urea,2-3 weeks after planting (top dressing)
Mbarali,-8.51,34.29,6.4,270.0,2.4,98.79,Sandy Clay Loam,16.12,71.95,0.04,No Fertilizer,No application needed
Mbarali,-8.51,34.29,6.4,270.0,2.4,98.79,Sandy Clay Loam,20.07,87.6,2.42,No Fertilizer,No application needed
Mbarali,-8.895,34.29,5.7,288.0,1.92,39.12,Sandy Clay Loam,18.99,73.42,0.0,NPK,At planting time (basal application)
Mbarali,-8.95,34.05,5.7,480.0,1.37,39.12,Sandy Clay Loam,18.7,55.3,0.0,NPK,At planting time (basal application)
Mbarali,-8.455,34.23,7.1,252.0,3.14,83.41,Clay,18.79,71.3,0.71,Urea,2-3 weeks after planting (top dressing)
Mbarali,-8.565,34.29,5.9,252.0,2.02,83.41,Sandy Clay Loam,20.06,87.7,0.86,Urea,2-3 weeks after planting (top dressing)
Mbarali,-8.62,33.93,6.6,224.0,1.79,137.68,Sandy Clay Loam,21.68,79.4,1.77,DAP,At planting time (basal application)
Mbarali,-8.84,34.35,6.1,260.0,1.87,51.82,Sandy Loam,20.95,83.27,0.01,DAP,At planting time (basal application)
Mbarali,-8.95,34.05,5.7,480.0,1.37,39.12,Sandy Clay Loam,20.26,77.57,0.01,NPK,At planting time (basal application)
Mbarali,-8.455,33.81,6.3,270.0,3.36,80.82,Sandy Loam,22.5,63.61,0.05,No Fertilizer,No application needed
Mbarali,-8.455,34.11,6.7,260.0,2.91,85.62,Clay,20.27,85.81,2.19,Urea,2-3 weeks after planting (top dressing)
Mbarali,-8.84,34.29,6.0,252.0,2.24,55.8,Sandy Loam,17.34,68.68,0.0,Urea,2-3 weeks after planting (top dressing)
Mbarali,-8.95,33.87,5.8,720.0,2.0,108.72,Sandy Clay Loam,22.17,73.65,1.74,No Fertilizer,No application needed
Mbarali,-8.84,33.93,6.0,224.0,1.79,45.64,Sandy Loam,19.94,84.5,12.25,DAP,At planting time (basal application)
Mbarali,-8.4,33.75,5.9,260.0,2.08,46.88,Sandy Loam,21.38,82.3,8.66,Urea,2-3 weeks after planting (top dressing)
Mbarali,-8.675,33.99,6.5,196.0,1.79,137.68,Sandy Loam,14.38,67.3,0.16,DAP,At planting time (basal application)
Mbarali,-8.51,34.23,7.2,252.0,2.24,124.57,Clay Loam,21.68,83.03,4.94,Urea,2-3 weeks after planting (top dressing)
Mbarali,-8.895,33.93,5.7,528.0,1.58,35.86,Clay Loam,23.44,71.99,2.65,NPK,At planting time (basal application)
Mbarali,-8.51,34.35,6.5,240.0,2.4,89.37,Sandy Clay Loam,21.08,82.37,2.83,Urea,2-3 weeks after planting (top dressing)
Mbarali,-8.4,33.93,6.2,252.0,2.52,55.8,Sandy Loam,24.18,62.62,0.89,Urea,2-3 weeks after planting (top dressing)
Mbarali,-8.51,34.23,7.2,252.0,2.24,124.57,Clay Loam,23.14,64.7,0.27,Urea,2-3 weeks after planting (top dressing)
Mbarali,-8.62,33.87,6.4,224.0,2.24,101.92,Sandy Loam,21.21,81.95,3.17,Urea,2-3 weeks after planting (top dressing)
Mbarali,-8.565,33.75,6.1,280.0,2.8,83.41,Sandy Clay Loam,22.95,77.58,0.38,No Fertilizer,No application needed
Mbarali,-8.565,34.29,5.9,252.0,2.02,83.41,Sandy Clay Loam,19.29,52.92,0.0,Urea,2-3 weeks after planting (top dressing)
Mbarali,-8.62,33.93,6.6,224.0,1.79,137.68,Sandy Clay Loam,20.26,84.81,9.34,DAP,At planting time (basal application)
Mbarali,-8.4,33.93,6.2,252.0,2.52,55.8,Sandy Loam,16.78,71.87,0.0,Urea,2-3 weeks after planting (top dressing)
Mbarali,-8.62,34.05,6.7,196.0,1.6,124.57,Sandy Clay Loam,20.9,83.29,4.92,DAP,At planting time (basal application)
Mbarali,-8.84,33.93,6.0,224.0,1.79,45.64,Sandy Loam,19.96,91.2,12.62,DAP,At planting time (basal application)
Mbarali,-8.95,33.93,5.7,506.0,1.25,53.61,Sandy Clay Loam,25.54,48.43,0.06,No Fertilizer,No application needed
Mbarali,-8.62,34.29,6.2,240.0,2.16,73.11,Sandy Loam,19.62,67.49,0.54,Urea,2-3 weeks after planting (top dressing)
Mbarali,-8.51,33.93,7.5,286.0,3.25,127.84,Clay,23.32,49.55,0.0,No Fertilizer,No application needed
Mbarali,-8.785,34.35,6.2,224.0,2.52,61.71,Sandy Loam,20.38,83.59,2.22,Urea,2-3 weeks after planting (top dressing)
Mbarali,-8.84,34.23,5.9,208.0,2.6,46.88,Sandy Clay Loam,22.85,75.19,1.09,Urea,2-3 weeks after planting (top dressing)
Mbarali,-8.95,34.29,5.7,432.0,1.92,31.99,Sandy Clay Loam,21.28,89.26,3.46,NPK,At planting time (basal application)
Mbarali,-8.62,34.29,6.2,240.0,2.16,73.11,Sandy Loam,21.28,65.31,0.0,Urea,2-3 weeks after planting (top dressing)
Mbarali,-8.785,34.17,6.3,252.0,2.02,75.43,Sandy Clay Loam,18.25,61.62,0.01,Urea,2-3 weeks after planting (top dressing)
Mbarali,-8.675,33.93,6.6,196.0,2.24,112.67,Sandy Loam,20.42,83.41,15.77,Urea,2-3 weeks after planting (top dressing)
Mbarali,-8.675,34.35,6.3,180.0,2.7,54.09,Sandy Loam,22.21,81.28,2.35,Urea,2-3 weeks after planting (top dressing)
Mbarali,-8.73,34.11,6.3,308.0,2.8,68.24,Sandy Clay Loam,18.17,76.75,0.0,No Fertilizer,No application needed
Mbarali,-8.675,33.93,6.6,196.0,2.24,112.67,Sandy Loam,25.48,61.28,2.42,Urea,2-3 weeks after planting (top dressing)
Mbarali,-8.895,34.05,5.6,418.0,1.76,32.43,Clay Loam,20.59,89.85,40.11,NPK,At planting time (basal application)
Mbarali,-8.84,34.11,6.3,224.0,1.79,61.71,Sandy Clay Loam,21.72,84.47,8.03,DAP,At planting time (basal application)
Mbarali,-8.95,34.35,5.8,312.0,1.66,46.88,Sandy Clay Loam,22.48,54.29,0.0,No Fertilizer,No application needed
Mbarali,-8.73,33.93,6.2,210.0,2.16,80.82,Sandy Clay Loam,22.5,63.61,0.05,Urea,2-3 weeks after planting (top dressing)
Mbarali,-8.51,34.35,6.5,240.0,2.4,89.37,Sandy Clay Loam,25.66,53.18,0.02,Urea,2-3 weeks after planting (top dressing)
Mbarali,-8.62,34.17,6.6,196.0,1.79,92.2,Sandy Clay Loam,20.16,81.37,0.21,DAP,At planting time (basal application)
Mbarali,-8.785,34.23,6.5,252.0,2.24,83.41,Sandy Loam,24.41,62.61,2.67,Urea,2-3 weeks after planting (top dressing)
Mbarali,-8.73,33.87,6.2,224.0,2.52,83.41,Sandy Clay Loam,21.62,51.37,0.0,Urea,2-3 weeks after planting (top dressing)
Mbarali,-8.95,34.35,5.8,312.0,1.66,46.88,Sandy Clay Loam,15.91,73.66,0.01,No Fertilizer,No application needed
Mbarali,-8.895,33.93,5.7,528.0,1.58,35.86,Clay Loam,20.16,82.04,0.08,NPK,At planting time (basal application)
Mbarali,-8.675,34.11,6.3,280.0,3.14,68.24,Sandy Clay Loam,24.89,57.9,1.53,No Fertilizer,No application needed
Mbarali,-8.62,33.93,6.6,224.0,1.79,137.68,Sandy Clay Loam,21.87,57.86,0.0,DAP,At planting time (basal application)
Mbarali,-8.675,33.87,6.2,224.0,2.8,83.41,Sandy Clay Loam,24.07,50.19,0.0,Urea,2-3 weeks after planting (top dressing)
Mbarali,-8.95,33.93,5.7,506.0,1.25,53.61,Sandy Clay Loam,21.11,84.04,2.37,No Fertilizer,No application needed
Mbarali,-8.565,34.35,6.2,180.0,2.16,80.82,Sandy Loam,21.72,84.35,13.58,Urea,2-3 weeks after planting (top dressing)
Mbarali,-8.73,33.87,6.2,224.0,2.52,83.41,Sandy Clay Loam,19.73,81.03,1.81,Urea,2-3 weeks after planting (top dressing)
Mbarali,-8.95,34.11,5.8,336.0,1.73,39.12,Clay Loam,18.34,79.83,0.03,NPK,At planting time (basal application)
Mbarali,-8.73,33.87,6.2,224.0,2.52,83.41,Sandy Clay Loam,20.55,86.9,20.4,Urea,2-3 weeks after planting (top dressing)
Mbarali,-8.675,34.11,6.3,280.0,3.14,68.24,Sandy Clay Loam,18.56,69.57,0.0,No Fertilizer,No application needed
Mbarali,-8.62,33.87,6.4,224.0,2.24,101.92,Sandy Loam,25.11,56.9,0.65,Urea,2-3 weeks after planting (top dressing)
Mbarali,-8.455,34.11,6.7,260.0,2.91,85.62,Clay,24.86,52.14,0.1,Urea,2-3 weeks after planting (top dressing)
Mbarali,-8.4,33.75,5.9,260.0,2.08,46.88,Sandy Loam,19.77,69.11,0.0,Urea,2-3 weeks after planting (top dressing)
Mbarali,-8.785,34.11,6.1,240.0,2.16,73.11,Sandy Clay Loam,21.52,64.22,0.39,Urea,2-3 weeks after planting (top dressing)
Mbarali,-8.62,33.87,6.4,224.0,2.24,101.92,Sandy Loam,20.31,81.46,6.28,Urea,2-3 weeks after planting (top dressing)
Mbarali,-8.51,34.23,7.2,252.0,2.24,124.57,Clay Loam,18.57,74.58,0.05,Urea,2-3 weeks after planting (top dressing)
Mbarali,-8.455,33.75,6.2,224.0,2.8,68.24,Sandy Loam,21.19,77.69,23.8,Urea,2-3 weeks after planting (top dressing)
Mbarali,-8.95,34.23,5.7,364.0,1.66,42.38,Sandy Clay Loam,19.49,88.73,3.03,NPK,At planting time (basal application)
Mbarali,-8.455,34.17,7.0,252.0,2.8,83.41,Clay,25.48,45.95,0.0,Urea,2-3 weeks after planting (top dressing)
Mbarali,-8.84,34.23,5.9,208.0,2.6,46.88,Sandy Clay Loam,20.51,86.11,21.51,Urea,2-3 weeks after planting (top dressing)
Mbarali,-8.95,33.99,5.7,432.0,1.54,52.9,Sandy Clay Loam,24.89,59.16,1.1,No Fertilizer,No application needed
Mbarali,-8.455,33.99,6.7,264.0,2.69,79.03,Clay,19.1,58.9,0.0,No Fertilizer,No application needed
Mbarali,-8.51,34.17,6.3,280.0,2.24,75.43,Clay Loam,22.31,78.72,1.41,No Fertilizer,No application needed
Mbarali,-8.84,34.11,6.3,224.0,1.79,61.71,Sandy Clay Loam,19.87,78.92,0.15,DAP,At planting time (basal application)
Mbarali,-8.895,33.93,5.7,528.0,1.58,35.86,Clay Loam,24.56,51.7,0.73,NPK,At planting time (basal application)
Mbarali,-8.84,34.23,5.9,208.0,2.6,46.88,Sandy Clay Loam,21.97,57.2,0.05,Urea,2-3 weeks after planting (top dressing)
Mbarali,-8.675,33.87,6.2,224.0,2.8,83.41,Sandy Clay Loam,23.95,56.27,0.07,Urea,2-3 weeks after planting (top dressing)
Mbarali,-8.895,33.81,5.6,418.0,1.58,43.85,Clay,18.68,73.94,0.0,NPK,At planting time (basal application)
Mbarali,-8.73,34.23,6.9,210.0,2.16,98.79,Sandy Loam,19.82,60.36,0.0,Urea,2-3 weeks after planting (top dressing)
Mbarali,-8.4,33.99,6.9,224.0,2.02,61.71,Sandy Loam,22.1,58.42,0.28,Urea,2-3 weeks after planting (top dressing)
Mbarali,-8.565,33.75,6.1,280.0,2.8,83.41,Sandy Clay Loam,19.94,66.34,0.0,No Fertilizer,No application needed
Mbarali,-8.455,33.81,6.3,270.0,3.36,80.82,Sandy Loam,20.6,89.69,21.1,No Fertilizer,No application needed
Mbarali,-8.95,34.23,5.7,364.0,1.66,42.38,Sandy Clay Loam,20.36,84.07,4.61,NPK,At planting time (basal application)
Mbarali,-8.51,34.11,7.0,252.0,2.8,92.2,Clay,19.9,80.9,5.29,Urea,2-3 weeks after planting (top dressing)
Mbarali,-8.51,34.11,7.0,252.0,2.8,92.2,Clay,18.81,63.03,0.0,Urea,2-3 weeks after planting (top dressing)
Mbarali,-8.95,34.05,5.7,480.0,1.37,39.12,Sandy Clay Loam,21.3,87.08,9.08,NPK,At planting time (basal application)
Mbarali,-8.455,33.87,6.3,180.0,1.92,73.11,Sandy Loam,23.09,64.24,0.29,DAP,At planting time (basal application)
Mbarali,-8.895,34.29,5.7,288.0,1.92,39.12,Sandy Clay Loam,21.53,74.4,1.74,NPK,At planting time (basal application)
Mbarali,-8.62,34.35,5.9,270.0,2.4,73.11,Sandy Loam,21.15,81.63,2.27,No Fertilizer,No application needed
Mbarali,-8.4,34.11,6.7,252.0,2.8,92.2,Clay,23.87,57.36,0.11,Urea,2-3 weeks after planting (top dressing)
Mbarali,-8.73,34.05,6.4,180.0,1.92,80.82,Sandy Loam,21.79,85.57,4.87,DAP,At planting time (basal application)
Mbarali,-8.675,34.17,6.4,252.0,1.79,75.43,Sandy Clay Loam,20.45,89.0,21.1,DAP,At planting time (basal application)
Mbarali,-8.785,33.75,6.1,252.0,2.8,61.71,Sandy Loam,20.51,88.0,12.08,Urea,2-3 weeks after planting (top dressing)
Mbarali,-8.84,33.99,5.9,224.0,2.02,50.48,Sandy Clay Loam,20.37,65.17,0.0,Urea,2-3 weeks after planting (top dressing)
Mbarali,-8.51,33.93,7.5,286.0,3.25,127.84,Clay,22.22,76.5,2.41,No Fertilizer,No application needed
Mbarali,-8.62,33.75,6.1,224.0,3.14,68.24,Sandy Loam,17.43,78.04,0.01,Urea,2-3 weeks after planting (top dressing)
Mbarali,-8.73,33.75,6.3,196.0,2.52,83.41,Sandy Clay Loam,24.03,48.1,0.0,Urea,2-3 weeks after planting (top dressing)
Mbarali,-8.675,33.87,6.2,224.0,2.8,83.41,Sandy Clay Loam,20.99,82.4,16.86,Urea,2-3 weeks after planting (top dressing)
Mbarali,-8.51,33.99,7.4,286.0,3.25,115.67,Clay,20.1,83.35,5.18,No Fertilizer,No application needed
Mbarali,-8.455,33.87,6.3,180.0,1.92,73.11,Sandy Loam,18.16,79.92,0.04,DAP,At planting time (basal application)
Mbarali,-8.4,34.29,6.6,252.0,2.8,68.24,Clay,17.38,69.71,0.0,Urea,2-3 weeks after planting (top dressing)
Mbarali,-8.95,33.75,5.8,520.0,1.8,53.88,Clay Loam,17.49,71.39,0.0,No Fertilizer,No application needed
Mbarali,-8.51,34.35,6.5,240.0,2.4,89.37,Sandy Clay Loam,18.93,64.52,0.02,Urea,2-3 weeks after planting (top dressing)
Mbarali,-8.73,33.93,6.2,210.0,2.16,80.82,Sandy Clay Loam,25.3,46.37,0.0,Urea,2-3 weeks after planting (top dressing)
Mbarali,-8.73,33.75,6.3,196.0,2.52,83.41,Sandy Clay Loam,22.41,84.36,43.1,Urea,2-3 weeks after planting (top dressing)
Mbarali,-8.675,33.93,6.6,196.0,2.24,112.67,Sandy Loam,21.62,79.79,0.81,Urea,2-3 weeks after planting (top dressing)
Mbarali,-8.62,33.99,6.7,260.0,2.08,104.62,Sandy Clay Loam,20.08,83.64,9.71,Urea,2-3 weeks after planting (top dressing)
Mbarali,-8.62,33.81,6.2,224.0,2.24,92.2,Sandy Clay Loam,20.11,72.99,0.0,Urea,2-3 weeks after planting (top dressing)
Busokelo,-9.125,33.475,5.6,460.0,2.0,65.86,Sandy Clay Loam,11.88,70.49,0.0,No Fertilizer,No application needed
Busokelo,-9.075,33.425,5.9,506.0,1.76,72.45,Clay Loam,18.9,80.47,0.13,No Fertilizer,No application needed
Busokelo,-8.925,33.6,5.7,342.0,1.3,65.52,Clay Loam,16.88,65.69,0.0,No Fertilizer,No application needed
Busokelo,-8.9,33.625,5.9,312.0,2.4,71.5,Sandy Clay Loam,19.25,82.73,0.81,No Fertilizer,No application needed
Busokelo,-8.975,33.6,5.8,440.0,1.6,98.34,Sandy Clay Loam,17.31,86.59,7.82,No Fertilizer,No application needed
Busokelo,-9.125,33.45,5.4,770.0,2.75,59.27,Sandy Clay Loam,17.38,71.21,0.0,Apply Lime,2-4 weeks before planting
Busokelo,-9.0,33.4,5.7,360.0,1.73,52.9,Sandy Clay Loam,18.79,89.31,35.96,No Fertilizer,No application needed
Busokelo,-9.125,33.65,5.7,840.0,2.24,53.88,Sandy Clay Loam,19.4,79.53,4.39,No Fertilizer,No application needed
Busokelo,-9.125,33.425,5.8,528.0,1.58,53.61,Sandy Clay Loam,12.93,78.3,0.0,No Fertilizer,No application needed
Busokelo,-8.925,33.55,5.8,336.0,2.4,71.5,Sandy Clay Loam,16.96,65.81,0.0,No Fertilizer,No application needed
Busokelo,-8.925,33.4,5.9,312.0,2.91,70.04,Sandy Clay Loam,19.42,72.4,1.56,No Fertilizer,No application needed
Busokelo,-9.075,33.525,5.7,440.0,2.0,132.82,Loam,17.29,73.27,0.31,No Fertilizer,No application needed
Busokelo,-8.9,33.45,5.8,312.0,2.4,58.49,Sandy Clay Loam,13.23,73.23,0.0,No Fertilizer,No application needed
Busokelo,-9.05,33.475,5.7,572.0,1.58,88.53,Sandy Clay Loam,15.21,72.7,0.0,No Fertilizer,No application needed
Busokelo,-8.925,33.55,5.8,336.0,2.4,71.5,Sandy Clay Loam,14.77,71.48,0.0,No Fertilizer,No application needed
Busokelo,-9.0,33.4,5.7,360.0,1.73,52.9,Sandy Clay Loam,17.06,64.81,0.0,No Fertilizer,No application needed
Busokelo,-9.1,33.45,5.7,460.0,2.0,72.8,Sandy Clay Loam,17.61,83.53,19.23,No Fertilizer,No application needed
Busokelo,-9.025,33.55,5.4,660.0,2.24,59.58,Clay Loam,17.83,87.9,10.84,Apply Lime,2-4 weeks before planting
Busokelo,-9.1,33.625,5.6,680.0,2.24,80.48,Clay Loam,17.77,86.62,12.43,No Fertilizer,No application needed
Busokelo,-9.15,33.425,5.5,616.0,2.46,59.27,Clay Loam,17.43,79.12,0.38,No Fertilizer,No application needed
Busokelo,-8.975,33.65,5.5,576.0,1.62,80.08,Clay Loam,14.76,87.27,2.26,No Fertilizer,No application needed
Busokelo,-8.975,33.425,5.8,360.0,1.92,52.9,Sandy Clay Loam,17.52,87.74,15.4,No Fertilizer,No application needed
Busokelo,-8.975,33.65,5.5,576.0,1.62,80.08,Clay Loam,15.6,82.78,0.01,No Fertilizer,No application needed
Busokelo,-8.9,33.45,5.8,312.0,2.4,58.49,Sandy Clay Loam,18.62,70.12,0.0,No Fertilizer,No application needed
Busokelo,-9.1,33.45,5.7,460.0,2.0,72.8,Sandy Clay Loam,19.14,61.89,0.0,No Fertilizer,No application needed
Busokelo,-8.9,33.5,6.0,288.0,1.73,71.5,Loam,18.17,70.01,0.0,No Fertilizer,No application needed
Busokelo,-9.125,33.575,5.6,520.0,2.0,132.82,Sandy Clay Loam,14.91,82.93,0.0,No Fertilizer,No application needed
Busokelo,-9.15,33.575,5.6,616.0,1.76,161.5,Sandy Loam,17.82,77.08,13.79,No Fertilizer,No application needed
Busokelo,-9.05,33.425,6.2,396.0,1.76,72.45,Clay Loam,16.96,86.13,13.28,No Fertilizer,No application needed
Busokelo,-9.0,33.575,5.4,760.0,2.24,72.8,Clay Loam,21.18,70.43,0.0,Apply Lime,2-4 weeks before planting
Busokelo,-8.925,33.625,6.0,320.0,2.0,72.8,Clay Loam,16.51,89.19,1.7,No Fertilizer,No application needed
Busokelo,-8.925,33.65,5.9,380.0,1.44,72.8,Clay Loam,17.48,86.98,4.54,No Fertilizer,No application needed
Busokelo,-9.075,33.6,5.6,500.0,2.0,120.16,Clay Loam,10.94,82.78,0.01,No Fertilizer,No application needed
Busokelo,-9.05,33.55,5.5,460.0,2.24,132.82,Sandy Clay Loam,19.0,76.26,1.18,No Fertilizer,No application needed
Busokelo,-8.9,33.6,5.8,286.0,1.41,65.54,Sandy Clay Loam,17.16,89.37,4.56,No Fertilizer,No application needed
Busokelo,-8.9,33.6,5.8,286.0,1.41,65.54,Sandy Clay Loam,13.45,75.77,0.0,No Fertilizer,No application needed
Busokelo,-8.95,33.55,5.9,330.0,1.41,80.08,Sandy Clay Loam,14.41,75.07,0.0,No Fertilizer,No application needed
Busokelo,-9.15,33.625,5.3,640.0,2.0,72.8,Clay Loam,14.62,80.38,0.0,Apply Lime,2-4 weeks before planting
Busokelo,-9.0,33.5,5.5,594.0,1.98,80.08,Sandy Clay Loam,15.58,81.89,0.0,No Fertilizer,No application needed
Busokelo,-9.125,33.575,5.6,520.0,2.0,132.82,Sandy Clay Loam,18.91,59.89,0.0,No Fertilizer,No application needed
Busokelo,-9.025,33.475,5.6,616.0,2.2,72.45,Clay Loam,13.09,80.51,0.0,No Fertilizer,No application needed
Busokelo,-8.95,33.425,5.9,312.0,2.08,70.04,Sandy Clay Loam,19.02,73.52,3.69,No Fertilizer,No application needed
Busokelo,-8.9,33.45,5.8,312.0,2.4,58.49,Sandy Clay Loam,13.07,81.04,0.15,No Fertilizer,No application needed
Busokelo,-9.15,33.65,5.4,780.0,2.24,72.8,Clay Loam,17.72,90.49,37.99,Apply Lime,2-4 weeks before planting
Busokelo,-9.05,33.65,5.4,620.0,1.8,80.48,Clay Loam,18.12,73.34,0.16,Apply Lime,2-4 weeks before planting
Busokelo,-8.95,33.55,5.9,330.0,1.41,80.08,Sandy Clay Loam,17.22,87.95,19.47,No Fertilizer,No application needed
Busokelo,-9.075,33.625,5.4,680.0,2.5,59.58,Clay Loam,17.38,66.99,0.0,Apply Lime,2-4 weeks before planting
Busokelo,-9.1,33.45,5.7,460.0,2.0,72.8,Sandy Clay Loam,17.18,89.83,12.38,No Fertilizer,No application needed
Busokelo,-9.15,33.475,5.5,600.0,1.8,53.88,Sandy Clay Loam,13.44,81.46,0.03,No Fertilizer,No application needed
Busokelo,-9.05,33.6,5.6,528.0,2.46,108.17,Sandy Clay Loam,18.26,85.12,0.64,No Fertilizer,No application needed
Busokelo,-9.1,33.5,5.7,460.0,1.8,98.34,Sandy Clay Loam,17.14,87.05,3.89,No Fertilizer,No application needed
Busokelo,-8.95,33.4,5.8,336.0,2.4,58.49,Sandy Clay Loam,17.3,60.44,0.0,No Fertilizer,No application needed
Busokelo,-8.925,33.525,5.6,396.0,1.58,72.45,Sandy Clay Loam,15.38,86.12,0.12,No Fertilizer,No application needed
Busokelo,-9.0,33.625,5.6,600.0,2.0,98.34,Clay Loam,13.77,75.03,0.0,No Fertilizer,No application needed
Busokelo,-8.925,33.4,5.9,312.0,2.91,70.04,Sandy Clay Loam,19.74,75.77,0.96,No Fertilizer,No application needed
Busokelo,-8.925,33.525,5.6,396.0,1.58,72.45,Sandy Clay Loam,14.31,82.48,0.02,No Fertilizer,No application needed
Busokelo,-9.1,33.525,5.8,440.0,2.0,146.82,Sandy Clay Loam,14.74,78.17,0.0,No Fertilizer,No application needed
Busokelo,-8.925,33.575,5.9,308.0,1.98,80.08,Sandy Clay Loam,12.71,80.32,0.76,No Fertilizer,No application needed
Busokelo,-9.05,33.575,5.4,500.0,2.5,98.34,Sandy Clay Loam,19.99,71.37,0.01,Apply Lime,2-4 weeks before planting
Busokelo,-8.925,33.525,5.6,396.0,1.58,72.45,Sandy Clay Loam,17.48,82.15,0.39,No Fertilizer,No application needed
Busokelo,-9.025,33.4,5.8,352.0,1.76,59.27,Sandy Clay Loam,16.92,88.71,2.55,No Fertilizer,No application needed
Busokelo,-9.15,33.45,5.5,704.0,1.76,72.45,Clay Loam,17.87,92.09,33.05,No Fertilizer,No application needed
Busokelo,-9.15,33.4,5.8,484.0,1.58,65.54,Sandy Clay Loam,18.1,79.6,1.06,No Fertilizer,No application needed
Busokelo,-9.1,33.625,5.6,680.0,2.24,80.48,Clay Loam,18.06,89.22,18.12,No Fertilizer,No application needed
Busokelo,-9.1,33.6,5.4,660.0,2.0,98.34,Clay Loam,17.64,61.63,0.0,Apply Lime,2-4 weeks before planting
Busokelo,-9.025,33.65,5.3,700.0,2.24,72.8,Clay Loam,18.01,69.86,0.0,Apply Lime,2-4 weeks before planting
Busokelo,-9.05,33.6,5.6,528.0,2.46,108.17,Sandy Clay Loam,17.58,87.26,0.76,No Fertilizer,No application needed
Busokelo,-8.9,33.525,6.0,264.0,2.4,71.5,Sandy Loam,13.53,67.63,0.0,No Fertilizer,No application needed
Busokelo,-8.925,33.5,5.8,288.0,2.69,64.66,Loam,12.79,80.43,0.02,No Fertilizer,No application needed
Busokelo,-8.975,33.425,5.8,360.0,1.92,52.9,Sandy Clay Loam,16.86,69.15,0.0,No Fertilizer,No application needed
Busokelo,-9.025,33.5,5.5,660.0,2.0,88.98,Clay Loam,17.59,91.08,24.96,No Fertilizer,No application needed
Busokelo,-9.025,33.425,6.0,330.0,1.76,65.54,Sandy Clay Loam,14.8,81.03,0.1,No Fertilizer,No application needed
Busokelo,-8.95,33.65,5.9,460.0,1.28,72.8,Clay Loam,18.31,86.2,13.1,No Fertilizer,No application needed
Busokelo,-9.05,33.575,5.4,500.0,2.5,98.34,Sandy Clay Loam,17.08,83.78,0.0,Apply Lime,2-4 weeks before planting
Busokelo,-8.9,33.55,6.1,288.0,3.0,64.66,Loam,17.27,69.69,0.0,No Fertilizer,No application needed
Busokelo,-9.075,33.575,5.8,440.0,1.8,132.82,Clay Loam,13.71,76.64,0.0,No Fertilizer,No application needed
Busokelo,-9.125,33.45,5.4,770.0,2.75,59.27,Sandy Clay Loam,14.89,65.98,0.0,Apply Lime,2-4 weeks before planting
Busokelo,-8.95,33.575,5.9,360.0,1.8,65.86,Clay Loam,11.17,74.94,0.0,No Fertilizer,No application needed
Busokelo,-9.15,33.45,5.5,704.0,1.76,72.45,Clay Loam,16.94,89.92,21.23,No Fertilizer,No application needed
Busokelo,-9.0,33.65,5.7,638.0,1.98,97.88,Sandy Clay Loam,16.71,89.07,14.37,No Fertilizer,No application needed
Busokelo,-8.925,33.65,5.9,380.0,1.44,72.8,Clay Loam,17.68,84.81,9.0,No Fertilizer,No application needed
Busokelo,-9.025,33.575,5.3,720.0,1.8,53.88,Clay Loam,15.29,92.11,3.37,Apply Lime,2-4 weeks before planting
Busokelo,-9.125,33.425,5.8,528.0,1.58,53.61,Sandy Clay Loam,18.02,75.81,0.18,No Fertilizer,No application needed
Busokelo,-9.0,33.5,5.5,594.0,1.98,80.08,Sandy Clay Loam,17.85,80.57,6.21,No Fertilizer,No application needed
Busokelo,-9.15,33.65,5.4,780.0,2.24,72.8,Clay Loam,16.59,89.08,25.94,Apply Lime,2-4 weeks before planting
Busokelo,-8.95,33.65,5.9,460.0,1.28,72.8,Clay Loam,17.06,87.51,1.95,No Fertilizer,No application needed
Busokelo,-9.1,33.5,5.7,460.0,1.8,98.34,Sandy Clay Loam,15.8,81.32,0.16,No Fertilizer,No application needed
Busokelo,-9.15,33.425,5.5,616.0,2.46,59.27,Clay Loam,17.02,82.38,0.1,No Fertilizer,No application needed
Busokelo,-9.0,33.475,5.8,418.0,1.58,59.27,Clay Loam,19.54,69.36,0.0,No Fertilizer,No application needed
Busokelo,-8.95,33.575,5.9,360.0,1.8,65.86,Clay Loam,17.3,88.66,0.87,No Fertilizer,No application needed
Busokelo,-9.15,33.6,5.6,560.0,2.0,108.72,Sandy Clay Loam,11.77,82.26,0.0,No Fertilizer,No application needed
Busokelo,-9.125,33.65,5.7,840.0,2.24,53.88,Sandy Clay Loam,17.94,88.31,16.1,No Fertilizer,No application needed
Busokelo,-9.025,33.475,5.6,616.0,2.2,72.45,Clay Loam,12.79,80.43,0.02,No Fertilizer,No application needed
Busokelo,-9.0,33.475,5.8,418.0,1.58,59.27,Clay Loam,17.51,95.53,56.7,No Fertilizer,No application needed
Busokelo,-9.075,33.65,5.5,580.0,2.24,65.86,Clay Loam,17.17,86.57,57.2,No Fertilizer,No application needed
Busokelo,-9.05,33.425,6.2,396.0,1.76,72.45,Clay Loam,16.57,82.62,0.53,No Fertilizer,No application needed
Busokelo,-9.1,33.475,6.0,396.0,1.76,80.08,Sandy Clay Loam,12.47,82.09,0.0,No Fertilizer,No application needed
Busokelo,-9.15,33.625,5.3,640.0,2.0,72.8,Clay Loam,18.0,73.31,0.06,Apply Lime,2-4 weeks before planting
Busokelo,-9.1,33.525,5.8,440.0,2.0,146.82,Sandy Clay Loam,16.64,92.65,1.48,No Fertilizer,No application needed
Busokelo,-9.05,33.5,5.7,484.0,1.98,132.18,Sandy Clay Loam,17.07,88.48,23.25,No Fertilizer,No application needed
Busokelo,-9.15,33.55,5.8,550.0,1.76,161.5,Sandy Clay Loam,16.68,91.01,1.3,No Fertilizer,No application needed
Busokelo,-8.975,33.625,5.6,480.0,1.8,88.98,Clay Loam,15.5,77.69,0.0,No Fertilizer,No application needed
Busokelo,-9.075,33.525,5.7,440.0,2.0,132.82,Loam,16.68,82.86,0.06,No Fertilizer,No application needed
Busokelo,-8.95,33.575,5.9,360.0,1.8,65.86,Clay Loam,16.83,87.42,6.12,No Fertilizer,No application needed
Busokelo,-8.9,33.65,5.8,330.0,1.58,65.54,Sandy Clay Loam,13.39,78.71,0.0,No Fertilizer,No application needed
Busokelo,-9.15,33.4,5.8,484.0,1.58,65.54,Sandy Clay Loam,18.89,81.91,54.85,No Fertilizer,No application needed
Busokelo,-9.125,33.45,5.4,770.0,2.75,59.27,Sandy Clay Loam,16.96,78.87,0.28,Apply Lime,2-4 weeks before planting
Busokelo,-9.125,33.625,5.2,720.0,2.24,53.88,Clay Loam,17.85,89.53,53.55,Apply Lime,2-4 weeks before planting
Busokelo,-9.15,33.625,5.3,640.0,2.0,72.8,Clay Loam,18.43,84.88,23.39,Apply Lime,2-4 weeks before planting
Busokelo,-9.125,33.65,5.7,840.0,2.24,53.88,Sandy Clay Loam,18.02,69.73,0.0,No Fertilizer,No application needed
Busokelo,-9.15,33.6,5.6,560.0,2.0,108.72,Sandy Clay Loam,18.11,86.97,5.19,No Fertilizer,No application needed
Busokelo,-9.1,33.575,5.6,550.0,1.98,146.1,Sandy Loam,18.43,82.07,2.16,No Fertilizer,No application needed
Busokelo,-9.15,33.5,5.8,506.0,1.98,88.53,Sandy Clay Loam,17.07,66.03,0.0,No Fertilizer,No application needed
Busokelo,-8.9,33.575,5.9,308.0,1.76,72.45,Clay Loam,15.87,85.17,0.71,No Fertilizer,No application needed
Busokelo,-8.9,33.65,5.8,330.0,1.58,65.54,Sandy Clay Loam,19.15,77.2,3.73,No Fertilizer,No application needed
Busokelo,-9.025,33.525,5.4,620.0,1.6,88.98,Sandy Clay Loam,14.26,80.5,0.0,Apply Lime,2-4 weeks before planting
Busokelo,-9.1,33.65,5.6,702.0,2.5,48.49,Sandy Clay Loam,16.43,84.28,0.03,No Fertilizer,No application needed
Busokelo,-8.95,33.45,5.7,360.0,2.4,64.66,Sandy Clay Loam,15.9,85.66,0.25,No Fertilizer,No application needed
Busokelo,-9.025,33.625,5.6,620.0,2.0,88.98,Clay Loam,15.92,92.51,9.93,No Fertilizer,No application needed
Busokelo,-9.0,33.425,5.7,336.0,1.73,58.49,Sandy Clay Loam,18.36,72.25,0.0,No Fertilizer,No application needed
Busokelo,-9.025,33.45,5.8,408.0,1.92,64.66,Clay,15.47,88.2,7.32,No Fertilizer,No application needed
Busokelo,-9.025,33.55,5.4,660.0,2.24,59.58,Clay Loam,18.37,82.63,14.07,Apply Lime,2-4 weeks before planting
Busokelo,-9.05,33.45,5.5,638.0,2.46,65.54,Clay Loam,16.52,77.51,0.24,No Fertilizer,No application needed
Busokelo,-8.95,33.65,5.9,460.0,1.28,72.8,Clay Loam,14.94,74.98,0.0,No Fertilizer,No application needed
Busokelo,-9.125,33.525,5.7,528.0,1.76,161.5,Sandy Clay Loam,15.64,61.75,0.0,No Fertilizer,No application needed
Busokelo,-9.0,33.45,5.9,432.0,1.92,71.5,Clay Loam,17.19,86.28,4.97,No Fertilizer,No application needed
Busokelo,-9.1,33.6,5.4,660.0,2.0,98.34,Clay Loam,18.11,85.2,37.47,Apply Lime,2-4 weeks before planting
Busokelo,-9.075,33.6,5.6,500.0,2.0,120.16,Clay Loam,16.23,92.19,13.02,No Fertilizer,No application needed
Busokelo,-8.95,33.55,5.9,330.0,1.41,80.08,Sandy Clay Loam,11.65,84.29,0.03,No Fertilizer,No application needed
Busokelo,-9.1,33.425,5.9,506.0,1.58,65.54,Sandy Clay Loam,17.85,89.53,53.55,No Fertilizer,No application needed
Busokelo,-9.025,33.4,5.8,352.0,1.76,59.27,Sandy Clay Loam,17.67,64.45,0.0,No Fertilizer,No application needed
Busokelo,-9.05,33.5,5.7,484.0,1.98,132.18,Sandy Clay Loam,16.23,92.19,13.02,No Fertilizer,No application needed
Busokelo,-9.025,33.575,5.3,720.0,1.8,53.88,Clay Loam,17.97,87.12,10.77,Apply Lime,2-4 weeks before planting
Busokelo,-8.925,33.4,5.9,312.0,2.91,70.04,Sandy Clay Loam,18.12,67.09,0.06,No Fertilizer,No application needed
Busokelo,-8.9,33.475,6.0,312.0,2.69,47.83,Loam,17.84,85.75,8.77,No Fertilizer,No application needed
Busokelo,-8.975,33.625,5.6,480.0,1.8,88.98,Clay Loam,18.75,76.13,0.26,No Fertilizer,No application needed
Busokelo,-8.975,33.4,5.9,336.0,1.73,64.66,Loam,13.78,80.72,0.0,No Fertilizer,No application needed
Busokelo,-9.025,33.5,5.5,660.0,2.0,88.98,Clay Loam,17.65,56.76,0.0,No Fertilizer,No application needed
Busokelo,-9.05,33.625,5.6,540.0,2.0,120.16,Clay Loam,13.51,76.11,0.0,No Fertilizer,No application needed
Busokelo,-8.9,33.45,5.8,312.0,2.4,58.49,Sandy Clay Loam,16.87,70.59,0.0,No Fertilizer,No application needed
Busokelo,-8.925,33.575,5.9,308.0,1.98,80.08,Sandy Clay Loam,17.68,87.89,12.02,No Fertilizer,No application needed
Busokelo,-8.95,33.425,5.9,312.0,2.08,70.04,Sandy Clay Loam,17.36,86.05,16.65,No Fertilizer,No application needed
Busokelo,-8.925,33.55,5.8,336.0,2.4,71.5,Sandy Clay Loam,18.98,77.51,1.6,No Fertilizer,No application needed
Busokelo,-9.15,33.575,5.6,616.0,1.76,161.5,Sandy Loam,18.06,89.22,18.12,No Fertilizer,No application needed
Busokelo,-9.075,33.65,5.5,580.0,2.24,65.86,Clay Loam,17.51,91.11,26.73,No Fertilizer,No application needed
Busokelo,-9.0,33.5,5.5,594.0,1.98,80.08,Sandy Clay Loam,18.11,59.09,0.0,No Fertilizer,No application needed
Busokelo,-9.15,33.625,5.3,640.0,2.0,72.8,Clay Loam,15.7,80.15,0.02,Apply Lime,2-4 weeks before planting
Busokelo,-9.05,33.6,5.6,528.0,2.46,108.17,Sandy Clay Loam,17.71,86.78,8.48,No Fertilizer,No application needed
Busokelo,-9.15,33.6,5.6,560.0,2.0,108.72,Sandy Clay Loam,18.09,87.92,5.48,No Fertilizer,No application needed
Busokelo,-8.975,33.45,5.8,352.0,2.2,53.61,Sandy Clay Loam,18.53,83.49,7.08,No Fertilizer,No application needed
Busokelo,-8.925,33.45,5.9,312.0,1.92,71.5,Sandy Clay Loam,16.97,91.01,13.63,No Fertilizer,No application needed
Busokelo,-8.9,33.45,5.8,312.0,2.4,58.49,Sandy Clay Loam,14.16,77.78,0.0,No Fertilizer,No application needed
Busokelo,-9.025,33.6,5.6,600.0,2.0,88.98,Sandy Clay Loam,16.08,73.52,0.03,No Fertilizer,No application needed
Busokelo,-9.05,33.4,6.0,352.0,1.58,72.45,Clay Loam,15.17,73.7,0.0,No Fertilizer,No application needed
Busokelo,-8.975,33.525,5.7,500.0,2.0,65.86,Clay Loam,14.36,66.33,0.0,No Fertilizer,No application needed
Busokelo,-8.95,33.625,5.7,580.0,2.0,88.98,Clay Loam,17.99,80.81,4.53,No Fertilizer,No application needed
Busokelo,-9.05,33.45,5.5,638.0,2.46,65.54,Clay Loam,16.88,68.52,0.0,No Fertilizer,No application needed
Busokelo,-9.15,33.425,5.5,616.0,2.46,59.27,Clay Loam,16.96,87.58,10.48,No Fertilizer,No application needed
Busokelo,-8.95,33.55,5.9,330.0,1.41,80.08,Sandy Clay Loam,18.54,81.89,13.52,No Fertilizer,No application needed
Busokelo,-9.025,33.65,5.3,700.0,2.24,72.8,Clay Loam,14.33,77.73,0.0,Apply Lime,2-4 weeks before planting
Busokelo,-8.95,33.55,5.9,330.0,1.41,80.08,Sandy Clay Loam,18.39,71.92,0.14,No Fertilizer,No application needed
Busokelo,-8.975,33.525,5.7,500.0,2.0,65.86,Clay Loam,16.16,91.99,15.55,No Fertilizer,No application needed
Busokelo,-8.95,33.425,5.9,312.0,2.08,70.04,Sandy Clay Loam,17.68,86.47,49.51,No Fertilizer,No application needed
Busokelo,-9.15,33.575,5.6,616.0,1.76,161.5,Sandy Loam,16.84,87.7,2.75,No Fertilizer,No application needed
Busokelo,-9.075,33.475,5.7,500.0,2.0,72.8,Sandy Clay Loam,16.86,84.25,19.45,No Fertilizer,No application needed
Busokelo,-8.975,33.55,5.5,572.0,2.2,108.17,Sandy Clay Loam,18.15,83.22,10.67,No Fertilizer,No application needed
Busokelo,-9.1,33.5,5.7,460.0,1.8,98.34,Sandy Clay Loam,16.47,93.7,3.83,No Fertilizer,No application needed
Busokelo,-9.1,33.45,5.7,460.0,2.0,72.8,Sandy Clay Loam,19.88,63.37,0.0,No Fertilizer,No application needed
Busokelo,-8.95,33.575,5.9,360.0,1.8,65.86,Clay Loam,15.32,83.66,0.2,No Fertilizer,No application needed
Busokelo,-9.0,33.4,5.7,360.0,1.73,52.9,Sandy Clay Loam,18.01,80.4,1.28,No Fertilizer,No application needed
Busokelo,-9.125,33.625,5.2,720.0,2.24,53.88,Clay Loam,16.37,95.34,19.31,Apply Lime,2-4 weeks before planting
Busokelo,-9.025,33.55,5.4,660.0,2.24,59.58,Clay Loam,16.44,92.78,9.55,Apply Lime,2-4 weeks before planting
Busokelo,-8.9,33.475,6.0,312.0,2.69,47.83,Loam,12.53,80.78,0.0,No Fertilizer,No application needed
Busokelo,-9.1,33.55,5.8,480.0,2.24,162.28,Loam,11.61,77.32,0.0,No Fertilizer,No application needed
Busokelo,-9.0,33.425,5.7,336.0,1.73,58.49,Sandy Clay Loam,18.29,80.98,3.18,No Fertilizer,No application needed
Busokelo,-8.95,33.575,5.9,360.0,1.8,65.86,Clay Loam,15.34,82.88,0.09,No Fertilizer,No application needed
Busokelo,-9.125,33.4,5.9,528.0,1.98,65.54,Clay Loam,17.73,83.97,10.63,No Fertilizer,No application needed
Busokelo,-9.075,33.5,5.8,440.0,1.98,108.17,Sandy Clay Loam,18.48,84.53,5.2,No Fertilizer,No application needed
Busokelo,-9.05,33.45,5.5,638.0,2.46,65.54,Clay Loam,17.12,87.94,0.68,No Fertilizer,No application needed
Busokelo,-9.075,33.625,5.4,680.0,2.5,59.58,Clay Loam,16.87,87.98,6.27,Apply Lime,2-4 weeks before planting
Busokelo,-9.125,33.65,5.7,840.0,2.24,53.88,Sandy Clay Loam,13.79,78.87,0.0,No Fertilizer,No application needed
Busokelo,-9.15,33.6,5.6,560.0,2.0,108.72,Sandy Clay Loam,19.4,72.59,0.05,No Fertilizer,No application needed
Busokelo,-9.1,33.425,5.9,506.0,1.58,65.54,Sandy Clay Loam,17.87,91.18,16.38,No Fertilizer,No application needed
Busokelo,-9.05,33.625,5.6,540.0,2.0,120.16,Clay Loam,18.66,72.75,0.0,No Fertilizer,No application needed
Busokelo,-9.075,33.475,5.7,500.0,2.0,72.8,Sandy Clay Loam,12.8,78.92,0.0,No Fertilizer,No application needed
Busokelo,-9.0,33.4,5.7,360.0,1.73,52.9,Sandy Clay Loam,15.79,75.43,0.0,No Fertilizer,No application needed
Busokelo,-9.0,33.55,5.4,594.0,2.25,48.49,Sandy Clay Loam,14.43,82.17,0.14,Apply Lime,2-4 weeks before planting
Busokelo,-9.125,33.575,5.6,520.0,2.0,132.82,Sandy Clay Loam,17.76,87.99,5.44,No Fertilizer,No application needed
Busokelo,-9.025,33.425,6.0,330.0,1.76,65.54,Sandy Clay Loam,15.3,83.4,0.31,No Fertilizer,No application needed
Busokelo,-9.15,33.45,5.5,704.0,1.76,72.45,Clay Loam,15.12,86.51,26.56,No Fertilizer,No application needed
Busokelo,-8.925,33.65,5.9,380.0,1.44,72.8,Clay Loam,11.54,80.51,0.09,No Fertilizer,No application needed
Busokelo,-9.125,33.6,5.4,594.0,2.2,97.88,Sandy Clay Loam,17.77,86.62,12.43,Apply Lime,2-4 weeks before planting
Busokelo,-9.0,33.625,5.6,600.0,2.0,98.34,Clay Loam,16.51,75.26,0.0,No Fertilizer,No application needed
Busokelo,-8.975,33.425,5.8,360.0,1.92,52.9,Sandy Clay Loam,13.57,85.11,0.56,No Fertilizer,No application needed
Busokelo,-9.025,33.45,5.8,408.0,1.92,64.66,Clay,17.1,90.27,8.44,No Fertilizer,No application needed
Busokelo,-9.05,33.425,6.2,396.0,1.76,72.45,Clay Loam,16.09,84.74,1.82,No Fertilizer,No application needed
Busokelo,-9.1,33.4,6.0,484.0,1.98,59.27,Sandy Clay Loam,19.15,83.62,16.58,No Fertilizer,No application needed
Busokelo,-8.925,33.475,6.0,288.0,3.34,87.36,Sandy Loam,18.63,82.79,15.35,No Fertilizer,No application needed
Busokelo,-8.925,33.475,6.0,288.0,3.34,87.36,Sandy Loam,17.22,87.05,16.29,No Fertilizer,No application needed
Busokelo,-9.05,33.55,5.5,460.0,2.24,132.82,Sandy Clay Loam,16.99,84.19,2.21,No Fertilizer,No application needed
Busokelo,-9.15,33.6,5.6,560.0,2.0,108.72,Sandy Clay Loam,13.22,81.05,0.0,No Fertilizer,No application needed
Busokelo,-8.925,33.4,5.9,312.0,2.91,70.04,Sandy Clay Loam,17.78,86.07,16.25,No Fertilizer,No application needed
Busokelo,-9.1,33.525,5.8,440.0,2.0,146.82,Sandy Clay Loam,15.05,83.64,0.26,No Fertilizer,No application needed
Busokelo,-9.1,33.6,5.4,660.0,2.0,98.34,Clay Loam,13.01,83.55,0.09,Apply Lime,2-4 weeks before planting
Busokelo,-9.075,33.475,5.7,500.0,2.0,72.8,Sandy Clay Loam,16.45,65.35,0.0,No Fertilizer,No application needed
Busokelo,-9.1,33.45,5.7,460.0,2.0,72.8,Sandy Clay Loam,17.7,83.48,29.14,No Fertilizer,No application needed
Busokelo,-8.925,33.5,5.8,288.0,2.69,64.66,Loam,18.17,82.25,5.25,No Fertilizer,No application needed
Busokelo,-9.1,33.575,5.6,550.0,1.98,146.1,Sandy Loam,13.14,78.17,0.0,No Fertilizer,No application needed
Busokelo,-8.975,33.475,5.8,374.0,1.98,65.54,Sandy Clay Loam,19.93,70.44,0.1,No Fertilizer,No application needed
Busokelo,-9.125,33.575,5.6,520.0,2.0,132.82,Sandy Clay Loam,14.83,72.7,0.0,No Fertilizer,No application needed
Busokelo,-9.1,33.475,6.0,396.0,1.76,80.08,Sandy Clay Loam,15.9,77.79,0.0,No Fertilizer,No application needed
Busokelo,-9.025,33.65,5.3,700.0,2.24,72.8,Clay Loam,18.97,74.23,1.46,Apply Lime,2-4 weeks before planting
Busokelo,-9.0,33.625,5.6,600.0,2.0,98.34,Clay Loam,17.5,88.42,6.33,No Fertilizer,No application needed
Busokelo,-9.15,33.5,5.8,506.0,1.98,88.53,Sandy Clay Loam,12.04,66.15,0.0,No Fertilizer,No application needed
Busokelo,-9.0,33.625,5.6,600.0,2.0,98.34,Clay Loam,19.13,71.53,2.32,No Fertilizer,No application needed
Busokelo,-8.9,33.55,6.1,288.0,3.0,64.66,Loam,12.22,76.13,0.0,No Fertilizer,No application needed
Busokelo,-8.9,33.55,6.1,288.0,3.0,64.66,Loam,14.66,66.07,0.0,No Fertilizer,No application needed
Busokelo,-9.075,33.65,5.5,580.0,2.24,65.86,Clay Loam,15.0,67.87,0.0,No Fertilizer,No application needed
Busokelo,-9.025,33.55,5.4,660.0,2.24,59.58,Clay Loam,19.03,70.6,0.25,Apply Lime,2-4 weeks before planting
Busokelo,-8.975,33.525,5.7,500.0,2.0,65.86,Clay Loam,18.88,78.51,0.48,No Fertilizer,No application needed
Busokelo,-8.975,33.5,5.8,396.0,1.76,59.27,Clay Loam,17.33,87.85,49.06,No Fertilizer,No application needed
Busokelo,-9.05,33.475,5.7,572.0,1.58,88.53,Sandy Clay Loam,13.25,82.05,0.0,No Fertilizer,No application needed
Busokelo,-9.05,33.5,5.7,484.0,1.98,132.18,Sandy Clay Loam,17.58,85.9,3.08,No Fertilizer,No application needed
Busokelo,-9.125,33.625,5.2,720.0,2.24,53.88,Clay Loam,15.34,71.58,0.0,Apply Lime,2-4 weeks before planting
Busokelo,-8.95,33.575,5.9,360.0,1.8,65.86,Clay Loam,14.3,79.19,0.0,No Fertilizer,No application needed
Busokelo,-9.05,33.425,6.2,396.0,1.76,72.45,Clay Loam,15.91,83.6,0.63,No Fertilizer,No application needed
Busokelo,-9.15,33.425,5.5,616.0,2.46,59.27,Clay Loam,15.24,74.98,0.03,No Fertilizer,No application needed
Busokelo,-8.925,33.65,5.9,380.0,1.44,72.8,Clay Loam,14.51,72.6,0.0,No Fertilizer,No application needed
Busokelo,-9.025,33.4,5.8,352.0,1.76,59.27,Sandy Clay Loam,17.67,83.98,6.59,No Fertilizer,No application needed
Busokelo,-8.975,33.6,5.8,440.0,1.6,98.34,Sandy Clay Loam,17.27,68.08,0.0,No Fertilizer,No application needed
Busokelo,-9.0,33.4,5.7,360.0,1.73,52.9,Sandy Clay Loam,15.19,82.47,0.0,No Fertilizer,No application needed
Busokelo,-8.9,33.425,5.9,336.0,1.92,43.27,Sandy Clay Loam,19.23,83.84,4.68,NPK,At planting time (basal application)
Busokelo,-9.075,33.5,5.8,440.0,1.98,108.17,Sandy Clay Loam,18.32,87.69,21.61,No Fertilizer,No application needed
Busokelo,-8.95,33.625,5.7,580.0,2.0,88.98,Clay Loam,16.94,86.92,60.23,No Fertilizer,No application needed
Busokelo,-9.075,33.625,5.4,680.0,2.5,59.58,Clay Loam,17.28,89.86,8.81,Apply Lime,2-4 weeks before planting
Busokelo,-8.925,33.475,6.0,288.0,3.34,87.36,Sandy Loam,16.03,65.23,0.0,No Fertilizer,No application needed
Busokelo,-9.1,33.425,5.9,506.0,1.58,65.54,Sandy Clay Loam,14.2,82.52,0.24,No Fertilizer,No application needed
Busokelo,-8.925,33.5,5.8,288.0,2.69,64.66,Loam,18.5,74.05,0.73,No Fertilizer,No application needed
Busokelo,-9.1,33.575,5.6,550.0,1.98,146.1,Sandy Loam,18.55,89.61,1.15,No Fertilizer,No application needed
Busokelo,-9.05,33.525,5.6,500.0,2.0,120.16,Sandy Clay Loam,16.56,84.29,0.31,No Fertilizer,No application needed
Busokelo,-9.05,33.625,5.6,540.0,2.0,120.16,Clay Loam,17.87,62.92,0.0,No Fertilizer,No application needed
Busokelo,-9.025,33.625,5.6,620.0,2.0,88.98,Clay Loam,20.55,74.43,2.34,No Fertilizer,No application needed
Busokelo,-8.95,33.625,5.7,580.0,2.0,88.98,Clay Loam,12.38,78.38,0.0,No Fertilizer,No application needed
Busokelo,-8.975,33.575,5.6,594.0,1.98,97.88,Sandy Clay Loam,16.35,84.02,3.13,No Fertilizer,No application needed
Busokelo,-9.025,33.525,5.4,620.0,1.6,88.98,Sandy Clay Loam,19.72,80.58,5.14,Apply Lime,2-4 weeks before planting
Busokelo,-8.925,33.4,5.9,312.0,2.91,70.04,Sandy Clay Loam,17.5,84.35,17.99,No Fertilizer,No application needed
Busokelo,-8.95,33.625,5.7,580.0,2.0,88.98,Clay Loam,18.51,85.79,10.05,No Fertilizer,No application needed
Busokelo,-9.05,33.425,6.2,396.0,1.76,72.45,Clay Loam,14.25,81.89,1.35,No Fertilizer,No application needed
Busokelo,-9.0,33.575,5.4,760.0,2.24,72.8,Clay Loam,17.06,90.0,5.27,Apply Lime,2-4 weeks before planting
Busokelo,-9.025,33.45,5.8,408.0,1.92,64.66,Clay,17.38,68.28,0.0,No Fertilizer,No application needed
Busokelo,-9.1,33.5,5.7,460.0,1.8,98.34,Sandy Clay Loam,18.36,83.71,24.79,No Fertilizer,No application needed
Busokelo,-8.925,33.55,5.8,336.0,2.4,71.5,Sandy Clay Loam,17.51,66.41,0.0,No Fertilizer,No application needed
Busokelo,-8.975,33.4,5.9,336.0,1.73,64.66,Loam,16.92,87.53,3.92,No Fertilizer,No application needed
Busokelo,-9.05,33.525,5.6,500.0,2.0,120.16,Sandy Clay Loam,18.22,80.74,9.78,No Fertilizer,No application needed
Busokelo,-9.0,33.4,5.7,360.0,1.73,52.9,Sandy Clay Loam,18.17,70.01,0.0,No Fertilizer,No application needed
Busokelo,-8.975,33.65,5.5,576.0,1.62,80.08,Clay Loam,13.16,83.69,0.0,No Fertilizer,No application needed
Busokelo,-9.125,33.4,5.9,528.0,1.98,65.54,Clay Loam,18.54,85.5,63.41,No Fertilizer,No application needed
Busokelo,-9.125,33.65,5.7,840.0,2.24,53.88,Sandy Clay Loam,17.57,79.53,1.94,No Fertilizer,No application needed
Busokelo,-9.1,33.65,5.6,702.0,2.5,48.49,Sandy Clay Loam,18.77,80.93,9.05,No Fertilizer,No application needed
Busokelo,-9.075,33.65,5.5,580.0,2.24,65.86,Clay Loam,19.51,78.17,2.73,No Fertilizer,No application needed
Busokelo,-9.05,33.475,5.7,572.0,1.58,88.53,Sandy Clay Loam,15.64,85.83,0.48,No Fertilizer,No application needed
Busokelo,-9.15,33.55,5.8,550.0,1.76,161.5,Sandy Clay Loam,17.47,87.97,9.01,No Fertilizer,No application needed
Busokelo,-9.15,33.6,5.6,560.0,2.0,108.72,Sandy Clay Loam,16.93,71.43,0.0,No Fertilizer,No application needed
Busokelo,-9.125,33.575,5.6,520.0,2.0,132.82,Sandy Clay Loam,19.16,80.66,0.97,No Fertilizer,No application needed
Busokelo,-9.1,33.425,5.9,506.0,1.58,65.54,Sandy Clay Loam,13.16,73.27,0.0,No Fertilizer,No application needed
Busokelo,-9.0,33.65,5.7,638.0,1.98,97.88,Sandy Clay Loam,14.98,86.48,0.08,No Fertilizer,No application needed
Busokelo,-9.0,33.65,5.7,638.0,1.98,97.88,Sandy Clay Loam,12.81,82.27,0.19,No Fertilizer,No application needed
Busokelo,-9.15,33.6,5.6,560.0,2.0,108.72,Sandy Clay Loam,18.63,75.4,0.0,No Fertilizer,No application needed
Busokelo,-8.95,33.65,5.9,460.0,1.28,72.8,Clay Loam,17.47,90.64,12.68,No Fertilizer,No application needed
Busokelo,-9.1,33.65,5.6,702.0,2.5,48.49,Sandy Clay Loam,17.13,84.02,2.67,No Fertilizer,No application needed
Busokelo,-9.0,33.575,5.4,760.0,2.24,72.8,Clay Loam,18.51,73.04,0.07,Apply Lime,2-4 weeks before planting
Busokelo,-9.075,33.475,5.7,500.0,2.0,72.8,Sandy Clay Loam,13.85,71.65,0.0,No Fertilizer,No application needed
Busokelo,-9.05,33.6,5.6,528.0,2.46,108.17,Sandy Clay Loam,18.2,82.4,9.03,No Fertilizer,No application needed
Busokelo,-9.0,33.5,5.5,594.0,1.98,80.08,Sandy Clay Loam,16.32,90.26,19.02,No Fertilizer,No application needed
Busokelo,-9.0,33.525,5.4,640.0,2.78,53.88,Clay Loam,15.22,81.99,0.02,Apply Lime,2-4 weeks before planting
Busokelo,-9.1,33.45,5.7,460.0,2.0,72.8,Sandy Clay Loam,18.79,89.31,35.96,No Fertilizer,No application needed
Busokelo,-8.95,33.6,6.0,460.0,1.6,80.48,Sandy Clay Loam,19.77,69.07,0.18,No Fertilizer,No application needed
Busokelo,-9.125,33.525,5.7,528.0,1.76,161.5,Sandy Clay Loam,17.73,84.87,27.87,No Fertilizer,No application needed
Busokelo,-8.975,33.6,5.8,440.0,1.6,98.34,Sandy Clay Loam,18.17,79.94,5.48,No Fertilizer,No application needed
Busokelo,-9.025,33.55,5.4,660.0,2.24,59.58,Clay Loam,20.55,74.43,2.34,Apply Lime,2-4 weeks before planting
Busokelo,-9.05,33.55,5.5,460.0,2.24,132.82,Sandy Clay Loam,17.9,81.58,1.15,No Fertilizer,No application needed
Busokelo,-9.075,33.4,6.0,440.0,1.76,65.54,Clay Loam,13.11,85.06,0.49,No Fertilizer,No application needed
Busokelo,-8.975,33.625,5.6,480.0,1.8,88.98,Clay Loam,16.93,88.7,5.45,No Fertilizer,No application needed
Busokelo,-9.025,33.475,5.6,616.0,2.2,72.45,Clay Loam,18.9,74.95,0.73,No Fertilizer,No application needed
Busokelo,-9.125,33.525,5.7,528.0,1.76,161.5,Sandy Clay Loam,18.14,82.64,22.19,No Fertilizer,No application needed
Busokelo,-9.075,33.55,5.8,462.0,1.76,178.51,Sandy Clay Loam,18.09,75.76,0.16,No Fertilizer,No application needed
Busokelo,-9.075,33.55,5.8,462.0,1.76,178.51,Sandy Clay Loam,17.07,93.84,31.13,No Fertilizer,No application needed
Busokelo,-9.05,33.6,5.6,528.0,2.46,108.17,Sandy Clay Loam,18.07,85.31,0.13,No Fertilizer,No application needed
Busokelo,-8.975,33.4,5.9,336.0,1.73,64.66,Loam,20.42,66.79,0.0,No Fertilizer,No application needed
Busokelo,-9.0,33.6,5.6,580.0,1.8,88.98,Clay Loam,13.32,78.09,0.0,No Fertilizer,No application needed
Busokelo,-9.05,33.525,5.6,500.0,2.0,120.16,Sandy Clay Loam,20.15,66.69,0.0,No Fertilizer,No application needed
Busokelo,-8.975,33.575,5.6,594.0,1.98,97.88,Sandy Clay Loam,16.62,83.94,0.04,No Fertilizer,No application needed
Busokelo,-8.975,33.65,5.5,576.0,1.62,80.08,Clay Loam,13.74,76.31,0.0,No Fertilizer,No application needed
Busokelo,-9.15,33.5,5.8,506.0,1.98,88.53,Sandy Clay Loam,18.5,81.42,3.02,No Fertilizer,No application needed
Busokelo,-9.125,33.45,5.4,770.0,2.75,59.27,Sandy Clay Loam,17.27,88.11,16.34,Apply Lime,2-4 weeks before planting
Busokelo,-9.0,33.525,5.4,640.0,2.78,53.88,Clay Loam,17.84,86.0,13.98,Apply Lime,2-4 weeks before planting
Busokelo,-9.05,33.55,5.5,460.0,2.24,132.82,Sandy Clay Loam,14.21,80.9,0.0,No Fertilizer,No application needed
Busokelo,-9.025,33.6,5.6,600.0,2.0,88.98,Sandy Clay Loam,17.11,88.01,3.7,No Fertilizer,No application needed
Busokelo,-8.95,33.625,5.7,580.0,2.0,88.98,Clay Loam,17.54,66.98,0.0,No Fertilizer,No application needed
Busokelo,-8.925,33.575,5.9,308.0,1.98,80.08,Sandy Clay Loam,18.31,86.2,13.1,No Fertilizer,No application needed
Busokelo,-9.1,33.625,5.6,680.0,2.24,80.48,Clay Loam,18.32,85.59,24.22,No Fertilizer,No application needed
Busokelo,-8.95,33.45,5.7,360.0,2.4,64.66,Sandy Clay Loam,18.56,73.74,0.19,No Fertilizer,No application needed
Busokelo,-9.05,33.65,5.4,620.0,1.8,80.48,Clay Loam,17.11,67.11,0.0,Apply Lime,2-4 weeks before planting
Busokelo,-9.025,33.5,5.5,660.0,2.0,88.98,Clay Loam,18.34,67.38,5.87,No Fertilizer,No application needed
Busokelo,-9.15,33.65,5.4,780.0,2.24,72.8,Clay Loam,13.66,82.49,0.03,Apply Lime,2-4 weeks before planting
Busokelo,-9.05,33.6,5.6,528.0,2.46,108.17,Sandy Clay Loam,18.11,59.09,0.0,No Fertilizer,No application needed
Busokelo,-9.05,33.5,5.7,484.0,1.98,132.18,Sandy Clay Loam,16.37,69.97,0.0,No Fertilizer,No application needed
Busokelo,-8.95,33.6,6.0,460.0,1.6,80.48,Sandy Clay Loam,14.21,80.8,0.0,No Fertilizer,No application needed
Busokelo,-9.0,33.425,5.7,336.0,1.73,58.49,Sandy Clay Loam,14.94,87.71,1.19,No Fertilizer,No application needed
Busokelo,-8.925,33.45,5.9,312.0,1.92,71.5,Sandy Clay Loam,18.78,75.33,1.98,No Fertilizer,No application needed
Busokelo,-9.05,33.525,5.6,500.0,2.0,120.16,Sandy Clay Loam,19.23,71.05,0.06,No Fertilizer,No application needed
Busokelo,-8.9,33.4,5.8,336.0,2.4,58.49,Sandy Clay Loam,18.16,90.72,20.39,No Fertilizer,No application needed
Busokelo,-9.125,33.6,5.4,594.0,2.2,97.88,Sandy Clay Loam,16.89,89.36,13.31,Apply Lime,2-4 weeks before planting
Busokelo,-9.075,33.525,5.7,440.0,2.0,132.82,Loam,15.52,73.85,0.0,No Fertilizer,No application needed
Busokelo,-9.125,33.625,5.2,720.0,2.24,53.88,Clay Loam,18.7,80.68,8.92,Apply Lime,2-4 weeks before planting
Busokelo,-8.95,33.45,5.7,360.0,2.4,64.66,Sandy Clay Loam,17.91,87.04,9.75,No Fertilizer,No application needed
Busokelo,-9.1,33.55,5.8,480.0,2.24,162.28,Loam,17.37,69.82,0.0,No Fertilizer,No application needed
Busokelo,-8.925,33.6,5.7,342.0,1.3,65.52,Clay Loam,16.54,69.04,0.01,No Fertilizer,No application needed
Busokelo,-9.05,33.65,5.4,620.0,1.8,80.48,Clay Loam,18.53,85.39,4.94,Apply Lime,2-4 weeks before planting
Busokelo,-8.925,33.475,6.0,288.0,3.34,87.36,Sandy Loam,16.6,89.76,5.11,No Fertilizer,No application needed
Busokelo,-9.025,33.525,5.4,620.0,1.6,88.98,Sandy Clay Loam,17.05,89.06,7.54,Apply Lime,2-4 weeks before planting
Busokelo,-9.025,33.45,5.8,408.0,1.92,64.66,Clay,17.88,86.54,34.3,No Fertilizer,No application needed
Busokelo,-9.0,33.4,5.7,360.0,1.73,52.9,Sandy Clay Loam,19.14,75.91,1.44,No Fertilizer,No application needed
Busokelo,-8.925,33.65,5.9,380.0,1.44,72.8,Clay Loam,15.44,79.47,0.01,No Fertilizer,No application needed
Busokelo,-9.1,33.475,6.0,396.0,1.76,80.08,Sandy Clay Loam,17.33,88.12,15.32,No Fertilizer,No application needed
Busokelo,-9.05,33.425,6.2,396.0,1.76,72.45,Clay Loam,17.2,89.52,8.7,No Fertilizer,No application needed
Busokelo,-9.125,33.575,5.6,520.0,2.0,132.82,Sandy Clay Loam,13.56,79.79,0.2,No Fertilizer,No application needed
Busokelo,-9.0,33.475,5.8,418.0,1.58,59.27,Clay Loam,18.71,82.07,1.99,No Fertilizer,No application needed
Busokelo,-9.075,33.575,5.8,440.0,1.8,132.82,Clay Loam,16.41,92.82,32.35,No Fertilizer,No application needed
Busokelo,-8.925,33.45,5.9,312.0,1.92,71.5,Sandy Clay Loam,14.32,80.25,0.07,No Fertilizer,No application needed
Busokelo,-9.15,33.6,5.6,560.0,2.0,108.72,Sandy Clay Loam,17.68,86.47,49.51,No Fertilizer,No application needed
Busokelo,-9.1,33.5,5.7,460.0,1.8,98.34,Sandy Clay Loam,16.97,91.01,13.63,No Fertilizer,No application needed
Busokelo,-9.125,33.55,5.7,572.0,1.76,161.5,Sandy Clay Loam,16.06,66.6,0.0,No Fertilizer,No application needed
Busokelo,-8.975,33.5,5.8,396.0,1.76,59.27,Clay Loam,15.45,85.27,0.45,No Fertilizer,No application needed
Busokelo,-8.975,33.55,5.5,572.0,2.2,108.17,Sandy Clay Loam,16.96,86.13,13.28,No Fertilizer,No application needed
Busokelo,-8.925,33.525,5.6,396.0,1.58,72.45,Sandy Clay Loam,19.11,80.14,10.35,No Fertilizer,No application needed
Busokelo,-8.9,33.4,5.8,336.0,2.4,58.49,Sandy Clay Loam,13.23,85.48,0.69,No Fertilizer,No application needed
Busokelo,-9.1,33.525,5.8,440.0,2.0,146.82,Sandy Clay Loam,17.99,80.48,0.29,No Fertilizer,No application needed
Busokelo,-9.125,33.425,5.8,528.0,1.58,53.61,Sandy Clay Loam,17.89,85.69,5.51,No Fertilizer,No application needed
Busokelo,-8.975,33.6,5.8,440.0,1.6,98.34,Sandy Clay Loam,16.96,87.93,10.79,No Fertilizer,No application needed
Busokelo,-9.075,33.4,6.0,440.0,1.76,65.54,Clay Loam,17.24,68.58,0.0,No Fertilizer,No application needed
Busokelo,-9.15,33.575,5.6,616.0,1.76,161.5,Sandy Loam,14.98,86.48,0.08,No Fertilizer,No application needed
Busokelo,-8.925,33.525,5.6,396.0,1.58,72.45,Sandy Clay Loam,17.65,86.77,4.07,No Fertilizer,No application needed
Busokelo,-8.95,33.6,6.0,460.0,1.6,80.48,Sandy Clay Loam,18.09,90.74,146.08,No Fertilizer,No application needed
Busokelo,-9.15,33.475,5.5,600.0,1.8,53.88,Sandy Clay Loam,18.7,80.68,8.92,No Fertilizer,No application needed
Busokelo,-9.0,33.45,5.9,432.0,1.92,71.5,Clay Loam,11.96,82.72,0.06,No Fertilizer,No application needed
Busokelo,-9.0,33.6,5.6,580.0,1.8,88.98,Clay Loam,17.96,83.2,3.25,No Fertilizer,No application needed
Busokelo,-9.125,33.475,5.6,460.0,2.0,65.86,Sandy Clay Loam,16.34,92.45,6.48,No Fertilizer,No application needed
Busokelo,-9.1,33.575,5.6,550.0,1.98,146.1,Sandy Loam,19.6,62.31,0.3,No Fertilizer,No application needed
Busokelo,-9.1,33.525,5.8,440.0,2.0,146.82,Sandy Clay Loam,16.06,82.28,0.07,No Fertilizer,No application needed
Busokelo,-8.975,33.55,5.5,572.0,2.2,108.17,Sandy Clay Loam,15.49,74.46,0.0,No Fertilizer,No application needed
Busokelo,-9.025,33.45,5.8,408.0,1.92,64.66,Clay,18.21,84.13,24.64,No Fertilizer,No application needed
Busokelo,-9.075,33.65,5.5,580.0,2.24,65.86,Clay Loam,12.72,76.63,0.0,No Fertilizer,No application needed
Busokelo,-9.05,33.625,5.6,540.0,2.0,120.16,Clay Loam,17.68,84.92,0.33,No Fertilizer,No application needed
Busokelo,-9.15,33.5,5.8,506.0,1.98,88.53,Sandy Clay Loam,16.62,85.63,0.28,No Fertilizer,No application needed
Busokelo,-9.075,33.625,5.4,680.0,2.5,59.58,Clay Loam,16.75,67.57,0.0,Apply Lime,2-4 weeks before planting
Busokelo,-9.0,33.425,5.7,336.0,1.73,58.49,Sandy Clay Loam,17.65,86.76,15.84,No Fertilizer,No application needed
Busokelo,-9.125,33.45,5.4,770.0,2.75,59.27,Sandy Clay Loam,18.31,72.94,0.5,Apply Lime,2-4 weeks before planting
Busokelo,-9.025,33.5,5.5,660.0,2.0,88.98,Clay Loam,12.35,77.73,0.0,No Fertilizer,No application needed
Busokelo,-9.0,33.475,5.8,418.0,1.58,59.27,Clay Loam,17.97,87.12,10.77,No Fertilizer,No application needed
Busokelo,-9.075,33.525,5.7,440.0,2.0,132.82,Loam,16.78,70.29,0.0,No Fertilizer,No application needed
Busokelo,-9.15,33.475,5.5,600.0,1.8,53.88,Sandy Clay Loam,18.22,77.22,0.08,No Fertilizer,No application needed
Busokelo,-8.975,33.5,5.8,396.0,1.76,59.27,Clay Loam,19.09,75.79,0.57,No Fertilizer,No application needed
Busokelo,-8.925,33.525,5.6,396.0,1.58,72.45,Sandy Clay Loam,12.39,75.61,0.0,No Fertilizer,No application needed
Busokelo,-9.1,33.625,5.6,680.0,2.24,80.48,Clay Loam,13.09,80.29,1.06,No Fertilizer,No application needed
Busokelo,-8.975,33.5,5.8,396.0,1.76,59.27,Clay Loam,17.76,85.34,3.4,No Fertilizer,No application needed
Busokelo,-9.05,33.4,6.0,352.0,1.58,72.45,Clay Loam,16.69,66.86,0.0,No Fertilizer,No application needed
Busokelo,-8.9,33.4,5.8,336.0,2.4,58.49,Sandy Clay Loam,19.8,74.5,0.35,No Fertilizer,No application needed
Busokelo,-8.925,33.55,5.8,336.0,2.4,71.5,Sandy Clay Loam,17.66,89.02,7.1,No Fertilizer,No application needed
Busokelo,-9.15,33.425,5.5,616.0,2.46,59.27,Clay Loam,11.76,83.07,5.51,No Fertilizer,No application needed
Busokelo,-9.1,33.6,5.4,660.0,2.0,98.34,Clay Loam,18.52,68.13,0.0,Apply Lime,2-4 weeks before planting
Busokelo,-9.1,33.65,5.6,702.0,2.5,48.49,Sandy Clay Loam,17.35,87.96,6.88,No Fertilizer,No application needed
Busokelo,-9.075,33.525,5.7,440.0,2.0,132.82,Loam,17.01,73.42,0.24,No Fertilizer,No application needed
Busokelo,-9.025,33.5,5.5,660.0,2.0,88.98,Clay Loam,17.1,90.27,8.44,No Fertilizer,No application needed
Busokelo,-8.9,33.6,5.8,286.0,1.41,65.54,Sandy Clay Loam,16.47,75.8,0.12,No Fertilizer,No application needed
Busokelo,-9.05,33.625,5.6,540.0,2.0,120.16,Clay Loam,17.6,88.38,5.25,No Fertilizer,No application needed
Busokelo,-8.975,33.525,5.7,500.0,2.0,65.86,Clay Loam,13.51,76.11,0.0,No Fertilizer,No application needed
Busokelo,-9.125,33.575,5.6,520.0,2.0,132.82,Sandy Clay Loam,18.17,85.43,11.04,No Fertilizer,No application needed
Busokelo,-9.1,33.475,6.0,396.0,1.76,80.08,Sandy Clay Loam,18.7,86.97,5.97,No Fertilizer,No application needed
Busokelo,-9.15,33.425,5.5,616.0,2.46,59.27,Clay Loam,15.59,81.74,0.03,No Fertilizer,No application needed
Busokelo,-9.075,33.425,5.9,506.0,1.76,72.45,Clay Loam,14.43,78.91,0.0,No Fertilizer,No application needed
Busokelo,-9.025,33.425,6.0,330.0,1.76,65.54,Sandy Clay Loam,17.07,87.38,16.27,No Fertilizer,No application needed
Busokelo,-8.95,33.625,5.7,580.0,2.0,88.98,Clay Loam,16.76,84.36,0.22,No Fertilizer,No application needed
Busokelo,-8.95,33.45,5.7,360.0,2.4,64.66,Sandy Clay Loam,13.77,75.03,0.0,No Fertilizer,No application needed
Busokelo,-8.95,33.45,5.7,360.0,2.4,64.66,Sandy Clay Loam,12.79,87.42,2.18,No Fertilizer,No application needed
Busokelo,-8.9,33.525,6.0,264.0,2.4,71.5,Sandy Loam,15.93,83.7,0.0,No Fertilizer,No application needed
Busokelo,-9.125,33.625,5.2,720.0,2.24,53.88,Clay Loam,18.13,68.91,0.08,Apply Lime,2-4 weeks before planting
Busokelo,-9.05,33.6,5.6,528.0,2.46,108.17,Sandy Clay Loam,17.66,89.05,7.42,No Fertilizer,No application needed
Busokelo,-8.925,33.425,6.5,286.0,2.6,63.36,Loam,18.64,87.18,8.39,No Fertilizer,No application needed
Busokelo,-9.05,33.6,5.6,528.0,2.46,108.17,Sandy Clay Loam,16.02,74.51,8.23,No Fertilizer,No application needed
Busokelo,-8.9,33.45,5.8,312.0,2.4,58.49,Sandy Clay Loam,20.38,67.58,0.15,No Fertilizer,No application needed
Busokelo,-9.1,33.5,5.7,460.0,1.8,98.34,Sandy Clay Loam,16.99,92.91,21.23,No Fertilizer,No application needed
Busokelo,-9.0,33.625,5.6,600.0,2.0,98.34,Clay Loam,12.43,69.75,0.0,No Fertilizer,No application needed
Busokelo,-9.125,33.6,5.4,594.0,2.2,97.88,Sandy Clay Loam,16.68,82.86,0.06,Apply Lime,2-4 weeks before planting
Busokelo,-8.925,33.475,6.0,288.0,3.34,87.36,Sandy Loam,14.17,81.69,0.02,No Fertilizer,No application needed
Busokelo,-9.05,33.5,5.7,484.0,1.98,132.18,Sandy Clay Loam,17.42,87.81,17.73,No Fertilizer,No application needed
Busokelo,-9.1,33.4,6.0,484.0,1.98,59.27,Sandy Clay Loam,13.47,80.69,0.37,No Fertilizer,No application needed
Busokelo,-9.075,33.45,5.7,506.0,2.2,65.54,Clay Loam,13.37,79.15,0.17,No Fertilizer,No application needed
Busokelo,-8.975,33.625,5.6,480.0,1.8,88.98,Clay Loam,18.56,73.74,0.19,No Fertilizer,No application needed
Busokelo,-9.125,33.6,5.4,594.0,2.2,97.88,Sandy Clay Loam,15.91,64.13,0.0,Apply Lime,2-4 weeks before planting
Busokelo,-8.9,33.6,5.8,286.0,1.41,65.54,Sandy Clay Loam,17.01,84.55,0.26,No Fertilizer,No application needed
Busokelo,-9.025,33.55,5.4,660.0,2.24,59.58,Clay Loam,17.64,91.65,17.89,Apply Lime,2-4 weeks before planting
Busokelo,-8.925,33.425,6.5,286.0,2.6,63.36,Loam,16.45,89.9,27.47,No Fertilizer,No application needed
Busokelo,-8.9,33.475,6.0,312.0,2.69,47.83,Loam,13.24,81.55,0.0,No Fertilizer,No application needed
Busokelo,-9.1,33.5,5.7,460.0,1.8,98.34,Sandy Clay Loam,15.77,79.02,0.0,No Fertilizer,No application needed
Busokelo,-9.125,33.575,5.6,520.0,2.0,132.82,Sandy Clay Loam,17.26,85.68,14.46,No Fertilizer,No application needed
Busokelo,-9.025,33.475,5.6,616.0,2.2,72.45,Clay Loam,16.84,90.81,6.59,No Fertilizer,No application needed
Busokelo,-9.05,33.525,5.6,500.0,2.0,120.16,Sandy Clay Loam,13.9,83.67,3.27,No Fertilizer,No application needed
Busokelo,-8.9,33.475,6.0,312.0,2.69,47.83,Loam,11.43,72.03,0.0,No Fertilizer,No application needed
Busokelo,-8.95,33.45,5.7,360.0,2.4,64.66,Sandy Clay Loam,15.54,75.05,0.0,No Fertilizer,No application needed
Busokelo,-9.125,33.65,5.7,840.0,2.24,53.88,Sandy Clay Loam,16.44,88.23,0.4,No Fertilizer,No application needed
Busokelo,-9.1,33.45,5.7,460.0,2.0,72.8,Sandy Clay Loam,11.74,84.09,0.0,No Fertilizer,No application needed
Busokelo,-9.15,33.625,5.3,640.0,2.0,72.8,Clay Loam,19.21,82.38,3.87,Apply Lime,2-4 weeks before planting
Busokelo,-9.05,33.45,5.5,638.0,2.46,65.54,Clay Loam,17.52,76.03,7.34,No Fertilizer,No application needed
Busokelo,-8.9,33.475,6.0,312.0,2.69,47.83,Loam,12.87,79.49,0.09,No Fertilizer,No application needed
Busokelo,-9.0,33.5,5.5,594.0,1.98,80.08,Sandy Clay Loam,16.72,85.84,17.04,No Fertilizer,No application needed
Busokelo,-9.05,33.6,5.6,528.0,2.46,108.17,Sandy Clay Loam,13.8,78.19,0.0,No Fertilizer,No application needed
Busokelo,-8.9,33.45,5.8,312.0,2.4,58.49,Sandy Clay Loam,18.61,89.5,6.46,No Fertilizer,No application needed
Busokelo,-9.025,33.525,5.4,620.0,1.6,88.98,Sandy Clay Loam,17.07,88.48,23.25,Apply Lime,2-4 weeks before planting
Busokelo,-9.1,33.55,5.8,480.0,2.24,162.28,Loam,16.36,84.54,2.38,No Fertilizer,No application needed
Busokelo,-8.925,33.425,6.5,286.0,2.6,63.36,Loam,12.38,79.64,0.0,No Fertilizer,No application needed
Busokelo,-8.925,33.425,6.5,286.0,2.6,63.36,Loam,18.4,82.53,33.56,No Fertilizer,No application needed
Busokelo,-9.125,33.475,5.6,460.0,2.0,65.86,Sandy Clay Loam,10.66,82.94,0.02,No Fertilizer,No application needed
Busokelo,-9.1,33.45,5.7,460.0,2.0,72.8,Sandy Clay Loam,14.41,75.07,0.0,No Fertilizer,No application needed
Busokelo,-9.0,33.65,5.7,638.0,1.98,97.88,Sandy Clay Loam,14.43,84.55,0.0,No Fertilizer,No application needed
Busokelo,-9.15,33.525,5.7,594.0,2.46,146.1,Sandy Clay Loam,17.16,88.45,5.88,No Fertilizer,No application needed
Busokelo,-8.9,33.65,5.8,330.0,1.58,65.54,Sandy Clay Loam,18.47,87.76,4.85,No Fertilizer,No application needed
Busokelo,-9.1,33.55,5.8,480.0,2.24,162.28,Loam,17.78,89.01,1.64,No Fertilizer,No application needed
Busokelo,-8.925,33.475,6.0,288.0,3.34,87.36,Sandy Loam,16.08,83.88,1.31,No Fertilizer,No application needed
Busokelo,-9.125,33.625,5.2,720.0,2.24,53.88,Clay Loam,15.74,84.62,0.0,Apply Lime,2-4 weeks before planting
Busokelo,-9.1,33.425,5.9,506.0,1.58,65.54,Sandy Clay Loam,13.38,84.18,0.15,No Fertilizer,No application needed
Busokelo,-8.9,33.6,5.8,286.0,1.41,65.54,Sandy Clay Loam,17.92,62.02,0.0,No Fertilizer,No application needed
Busokelo,-9.025,33.625,5.6,620.0,2.0,88.98,Clay Loam,14.29,81.94,0.0,No Fertilizer,No application needed
Busokelo,-9.15,33.525,5.7,594.0,2.46,146.1,Sandy Clay Loam,17.84,80.27,3.72,No Fertilizer,No application needed
Busokelo,-9.125,33.4,5.9,528.0,1.98,65.54,Clay Loam,18.75,66.28,0.0,No Fertilizer,No application needed
Busokelo,-8.9,33.475,6.0,312.0,2.69,47.83,Loam,16.64,94.48,20.5,No Fertilizer,No application needed
Busokelo,-9.15,33.6,5.6,560.0,2.0,108.72,Sandy Clay Loam,16.82,84.4,5.65,No Fertilizer,No application needed
Busokelo,-9.025,33.475,5.6,616.0,2.2,72.45,Clay Loam,18.7,86.25,5.38,No Fertilizer,No application needed
Busokelo,-8.975,33.5,5.8,396.0,1.76,59.27,Clay Loam,18.89,75.18,6.78,No Fertilizer,No application needed
Busokelo,-9.025,33.55,5.4,660.0,2.24,59.58,Clay Loam,17.21,86.95,2.91,Apply Lime,2-4 weeks before planting
Busokelo,-9.1,33.55,5.8,480.0,2.24,162.28,Loam,12.97,78.02,0.0,No Fertilizer,No application needed
Busokelo,-9.15,33.625,5.3,640.0,2.0,72.8,Clay Loam,17.64,86.14,1.54,Apply Lime,2-4 weeks before planting
Busokelo,-9.075,33.425,5.9,506.0,1.76,72.45,Clay Loam,19.3,71.28,0.14,No Fertilizer,No application needed
Busokelo,-9.075,33.5,5.8,440.0,1.98,108.17,Sandy Clay Loam,14.18,81.49,0.0,No Fertilizer,No application needed
Busokelo,-8.9,33.575,5.9,308.0,1.76,72.45,Clay Loam,17.89,89.01,14.5,No Fertilizer,No application needed
Busokelo,-9.025,33.45,5.8,408.0,1.92,64.66,Clay,18.94,86.25,2.32,No Fertilizer,No application needed
Busokelo,-8.9,33.525,6.0,264.0,2.4,71.5,Sandy Loam,16.62,89.67,3.23,No Fertilizer,No application needed
Busokelo,-9.1,33.575,5.6,550.0,1.98,146.1,Sandy Loam,18.48,84.53,5.2,No Fertilizer,No application needed
Busokelo,-8.975,33.55,5.5,572.0,2.2,108.17,Sandy Clay Loam,15.66,84.16,1.32,No Fertilizer,No application needed
Busokelo,-8.95,33.5,5.8,384.0,2.69,87.36,Sandy Clay Loam,16.7,76.44,0.36,No Fertilizer,No application needed
Busokelo,-9.025,33.625,5.6,620.0,2.0,88.98,Clay Loam,18.59,86.45,21.22,No Fertilizer,No application needed
Busokelo,-8.9,33.4,5.8,336.0,2.4,58.49,Sandy Clay Loam,17.02,89.81,21.82,No Fertilizer,No application needed
Busokelo,-9.125,33.625,5.2,720.0,2.24,53.88,Clay Loam,17.67,85.25,3.1,Apply Lime,2-4 weeks before planting
Busokelo,-9.125,33.55,5.7,572.0,1.76,161.5,Sandy Clay Loam,14.29,76.43,0.0,No Fertilizer,No application needed
Busokelo,-8.9,33.575,5.9,308.0,1.76,72.45,Clay Loam,16.45,91.28,9.95,No Fertilizer,No application needed
Busokelo,-9.025,33.5,5.5,660.0,2.0,88.98,Clay Loam,16.33,68.51,0.0,No Fertilizer,No application needed
Busokelo,-8.975,33.65,5.5,576.0,1.62,80.08,Clay Loam,16.56,83.64,19.12,No Fertilizer,No application needed
Busokelo,-9.1,33.45,5.7,460.0,2.0,72.8,Sandy Clay Loam,15.07,76.78,0.01,No Fertilizer,No application needed
Busokelo,-8.9,33.6,5.8,286.0,1.41,65.54,Sandy Clay Loam,14.57,80.9,0.02,No Fertilizer,No application needed
Busokelo,-9.125,33.5,5.7,520.0,1.8,162.28,Sandy Clay Loam,13.39,83.89,0.0,No Fertilizer,No application needed
Busokelo,-8.95,33.525,5.9,374.0,1.98,59.27,Sandy Clay Loam,12.7,83.17,0.56,No Fertilizer,No application needed
Busokelo,-9.1,33.65,5.6,702.0,2.5,48.49,Sandy Clay Loam,16.41,84.04,0.3,No Fertilizer,No application needed
Busokelo,-9.125,33.575,5.6,520.0,2.0,132.82,Sandy Clay Loam,13.38,84.18,0.15,No Fertilizer,No application needed
Busokelo,-9.05,33.65,5.4,620.0,1.8,80.48,Clay Loam,14.36,79.04,0.0,Apply Lime,2-4 weeks before planting
Busokelo,-9.125,33.425,5.8,528.0,1.58,53.61,Sandy Clay Loam,17.39,87.28,4.13,No Fertilizer,No application needed
Busokelo,-9.0,33.425,5.7,336.0,1.73,58.49,Sandy Clay Loam,16.04,78.53,0.0,No Fertilizer,No application needed
Busokelo,-9.0,33.55,5.4,594.0,2.25,48.49,Sandy Clay Loam,12.25,75.84,0.0,Apply Lime,2-4 weeks before planting
Busokelo,-9.15,33.625,5.3,640.0,2.0,72.8,Clay Loam,12.06,80.18,0.28,Apply Lime,2-4 weeks before planting
Busokelo,-9.025,33.4,5.8,352.0,1.76,59.27,Sandy Clay Loam,17.14,68.37,0.0,No Fertilizer,No application needed
Busokelo,-9.05,33.4,6.0,352.0,1.58,72.45,Clay Loam,17.91,86.22,7.42,No Fertilizer,No application needed
Busokelo,-8.925,33.45,5.9,312.0,1.92,71.5,Sandy Clay Loam,16.49,90.74,17.48,No Fertilizer,No application needed
Busokelo,-8.95,33.625,5.7,580.0,2.0,88.98,Clay Loam,16.64,68.42,0.05,No Fertilizer,No application needed
Busokelo,-8.95,33.4,5.8,336.0,2.4,58.49,Sandy Clay Loam,17.33,88.12,15.32,No Fertilizer,No application needed
Busokelo,-9.075,33.5,5.8,440.0,1.98,108.17,Sandy Clay Loam,12.34,82.33,0.05,No Fertilizer,No application needed
Busokelo,-8.925,33.575,5.9,308.0,1.98,80.08,Sandy Clay Loam,18.43,88.24,28.18,No Fertilizer,No application needed
Busokelo,-9.125,33.425,5.8,528.0,1.58,53.61,Sandy Clay Loam,13.42,82.38,0.38,No Fertilizer,No application needed
Busokelo,-9.0,33.45,5.9,432.0,1.92,71.5,Clay Loam,17.7,84.72,1.34,No Fertilizer,No application needed
Busokelo,-9.025,33.6,5.6,600.0,2.0,88.98,Sandy Clay Loam,16.35,90.23,12.11,No Fertilizer,No application needed
Busokelo,-8.9,33.65,5.8,330.0,1.58,65.54,Sandy Clay Loam,13.85,83.11,0.0,No Fertilizer,No application needed
Busokelo,-9.125,33.55,5.7,572.0,1.76,161.5,Sandy Clay Loam,16.94,87.64,6.28,No Fertilizer,No application needed
Busokelo,-9.05,33.65,5.4,620.0,1.8,80.48,Clay Loam,16.54,87.74,2.45,Apply Lime,2-4 weeks before planting
Busokelo,-9.025,33.5,5.5,660.0,2.0,88.98,Clay Loam,18.7,66.61,0.0,No Fertilizer,No application needed
Busokelo,-8.95,33.55,5.9,330.0,1.41,80.08,Sandy Clay Loam,13.85,75.65,0.0,No Fertilizer,No application needed
Busokelo,-8.9,33.575,5.9,308.0,1.76,72.45,Clay Loam,16.59,89.55,7.86,No Fertilizer,No application needed
Busokelo,-8.95,33.4,5.8,336.0,2.4,58.49,Sandy Clay Loam,14.83,81.53,0.1,No Fertilizer,No application needed
Busokelo,-9.125,33.625,5.2,720.0,2.24,53.88,Clay Loam,18.12,73.34,0.16,Apply Lime,2-4 weeks before planting
Busokelo,-9.025,33.55,5.4,660.0,2.24,59.58,Clay Loam,18.12,63.01,0.0,Apply Lime,2-4 weeks before planting
Busokelo,-9.15,33.525,5.7,594.0,2.46,146.1,Sandy Clay Loam,14.71,78.41,0.0,No Fertilizer,No application needed
Busokelo,-8.9,33.475,6.0,312.0,2.69,47.83,Loam,18.5,74.05,0.73,No Fertilizer,No application needed
Busokelo,-8.9,33.4,5.8,336.0,2.4,58.49,Sandy Clay Loam,15.29,92.11,3.37,No Fertilizer,No application needed
Busokelo,-8.925,33.55,5.8,336.0,2.4,71.5,Sandy Clay Loam,12.47,82.09,0.0,No Fertilizer,No application needed
Busokelo,-9.025,33.5,5.5,660.0,2.0,88.98,Clay Loam,17.86,88.7,1.83,No Fertilizer,No application needed
Busokelo,-9.025,33.5,5.5,660.0,2.0,88.98,Clay Loam,16.1,92.08,23.04,No Fertilizer,No application needed
Busokelo,-9.025,33.4,5.8,352.0,1.76,59.27,Sandy Clay Loam,13.99,71.95,0.0,No Fertilizer,No application needed
Busokelo,-9.075,33.4,6.0,440.0,1.76,65.54,Clay Loam,14.85,72.53,0.0,No Fertilizer,No application needed
Busokelo,-8.925,33.5,5.8,288.0,2.69,64.66,Loam,14.71,78.41,0.0,No Fertilizer,No application needed
Busokelo,-9.05,33.625,5.6,540.0,2.0,120.16,Clay Loam,19.09,74.57,0.94,No Fertilizer,No application needed
Busokelo,-8.9,33.475,6.0,312.0,2.69,47.83,Loam,16.9,89.36,12.7,No Fertilizer,No application needed
Busokelo,-8.95,33.65,5.9,460.0,1.28,72.8,Clay Loam,16.89,69.27,1.35,No Fertilizer,No application needed
Busokelo,-8.9,33.55,6.1,288.0,3.0,64.66,Loam,19.54,67.22,0.0,No Fertilizer,No application needed
Busokelo,-9.15,33.65,5.4,780.0,2.24,72.8,Clay Loam,19.56,66.34,0.0,Apply Lime,2-4 weeks before planting
Busokelo,-9.125,33.575,5.6,520.0,2.0,132.82,Sandy Clay Loam,12.98,79.12,0.0,No Fertilizer,No application needed
Busokelo,-9.025,33.525,5.4,620.0,1.6,88.98,Sandy Clay Loam,16.97,91.01,13.63,Apply Lime,2-4 weeks before planting
Busokelo,-8.95,33.575,5.9,360.0,1.8,65.86,Clay Loam,13.78,80.72,0.0,No Fertilizer,No application needed
Busokelo,-9.15,33.475,5.5,600.0,1.8,53.88,Sandy Clay Loam,17.18,90.03,3.74,No Fertilizer,No application needed
Busokelo,-8.9,33.575,5.9,308.0,1.76,72.45,Clay Loam,15.4,74.15,0.0,No Fertilizer,No application needed
Busokelo,-9.075,33.4,6.0,440.0,1.76,65.54,Clay Loam,16.66,85.53,19.3,No Fertilizer,No application needed
Busokelo,-8.9,33.55,6.1,288.0,3.0,64.66,Loam,18.21,87.53,2.38,No Fertilizer,No application needed
Busokelo,-9.05,33.525,5.6,500.0,2.0,120.16,Sandy Clay Loam,14.23,71.72,0.0,No Fertilizer,No application needed
Busokelo,-8.95,33.525,5.9,374.0,1.98,59.27,Sandy Clay Loam,18.64,86.68,21.1,No Fertilizer,No application needed
Busokelo,-8.925,33.45,5.9,312.0,1.92,71.5,Sandy Clay Loam,13.3,78.78,0.0,No Fertilizer,No application needed
Busokelo,-9.05,33.45,5.5,638.0,2.46,65.54,Clay Loam,16.69,66.86,0.0,No Fertilizer,No application needed
Busokelo,-9.075,33.45,5.7,506.0,2.2,65.54,Clay Loam,18.34,85.62,6.15,No Fertilizer,No application needed
Busokelo,-9.075,33.525,5.7,440.0,2.0,132.82,Loam,13.39,77.59,0.0,No Fertilizer,No application needed
Busokelo,-9.025,33.65,5.3,700.0,2.24,72.8,Clay Loam,17.99,80.81,4.53,Apply Lime,2-4 weeks before planting
Busokelo,-9.1,33.475,6.0,396.0,1.76,80.08,Sandy Clay Loam,16.62,92.56,27.24,No Fertilizer,No application needed
Busokelo,-9.1,33.65,5.6,702.0,2.5,48.49,Sandy Clay Loam,16.03,81.06,0.09,No Fertilizer,No application needed
Busokelo,-9.1,33.6,5.4,660.0,2.0,98.34,Clay Loam,19.3,70.35,2.21,Apply Lime,2-4 weeks before planting
Busokelo,-9.15,33.4,5.8,484.0,1.58,65.54,Sandy Clay Loam,13.77,83.14,0.0,No Fertilizer,No application needed
Busokelo,-8.925,33.6,5.7,342.0,1.3,65.52,Clay Loam,18.33,83.91,1.19,No Fertilizer,No application needed
Busokelo,-9.0,33.575,5.4,760.0,2.24,72.8,Clay Loam,16.39,72.09,2.16,Apply Lime,2-4 weeks before planting
Busokelo,-9.15,33.575,5.6,616.0,1.76,161.5,Sandy Loam,18.15,83.06,46.74,No Fertilizer,No application needed
Busokelo,-8.975,33.425,5.8,360.0,1.92,52.9,Sandy Clay Loam,16.08,92.03,60.81,No Fertilizer,No application needed
Busokelo,-9.025,33.625,5.6,620.0,2.0,88.98,Clay Loam,17.76,85.34,3.4,No Fertilizer,No application needed
Busokelo,-9.075,33.425,5.9,506.0,1.76,72.45,Clay Loam,18.52,68.13,0.0,No Fertilizer,No application needed
Busokelo,-8.925,33.5,5.8,288.0,2.69,64.66,Loam,13.47,81.45,0.03,No Fertilizer,No application needed
Busokelo,-8.975,33.55,5.5,572.0,2.2,108.17,Sandy Clay Loam,17.69,78.64,13.49,No Fertilizer,No application needed
Busokelo,-9.075,33.625,5.4,680.0,2.5,59.58,Clay Loam,12.25,79.93,0.01,Apply Lime,2-4 weeks before planting
Busokelo,-8.925,33.5,5.8,288.0,2.69,64.66,Loam,16.78,73.71,0.0,No Fertilizer,No application needed
Busokelo,-8.975,33.4,5.9,336.0,1.73,64.66,Loam,17.15,86.97,6.1,No Fertilizer,No application needed
Busokelo,-8.9,33.575,5.9,308.0,1.76,72.45,Clay Loam,18.11,59.09,0.0,No Fertilizer,No application needed
Busokelo,-8.925,33.55,5.8,336.0,2.4,71.5,Sandy Clay Loam,16.83,87.42,6.12,No Fertilizer,No application needed
Busokelo,-8.95,33.65,5.9,460.0,1.28,72.8,Clay Loam,18.89,76.22,2.11,No Fertilizer,No application needed
Busokelo,-9.05,33.5,5.7,484.0,1.98,132.18,Sandy Clay Loam,14.18,81.49,0.0,No Fertilizer,No application needed
Busokelo,-9.1,33.4,6.0,484.0,1.98,59.27,Sandy Clay Loam,18.95,86.01,13.07,No Fertilizer,No application needed
Busokelo,-9.075,33.625,5.4,680.0,2.5,59.58,Clay Loam,17.1,89.0,1.22,Apply Lime,2-4 weeks before planting
Busokelo,-9.05,33.425,6.2,396.0,1.76,72.45,Clay Loam,18.39,74.14,0.02,No Fertilizer,No application needed
Busokelo,-9.0,33.575,5.4,760.0,2.24,72.8,Clay Loam,13.5,79.9,0.0,Apply Lime,2-4 weeks before planting
Busokelo,-9.05,33.45,5.5,638.0,2.46,65.54,Clay Loam,16.59,89.08,25.94,No Fertilizer,No application needed
Busokelo,-9.15,33.425,5.5,616.0,2.46,59.27,Clay Loam,16.97,87.03,21.07,No Fertilizer,No application needed
Busokelo,-8.95,33.6,6.0,460.0,1.6,80.48,Sandy Clay Loam,12.62,83.07,0.15,No Fertilizer,No application needed
Busokelo,-9.075,33.575,5.8,440.0,1.8,132.82,Clay Loam,14.99,66.89,0.0,No Fertilizer,No application needed
Busokelo,-9.0,33.625,5.6,600.0,2.0,98.34,Clay Loam,18.37,85.62,6.04,No Fertilizer,No application needed
Busokelo,-9.025,33.45,5.8,408.0,1.92,64.66,Clay,18.86,64.72,0.0,No Fertilizer,No application needed
Busokelo,-9.0,33.475,5.8,418.0,1.58,59.27,Clay Loam,13.26,77.62,0.55,No Fertilizer,No application needed
Busokelo,-9.125,33.575,5.6,520.0,2.0,132.82,Sandy Clay Loam,16.94,87.64,6.28,No Fertilizer,No application needed
Busokelo,-8.975,33.6,5.8,440.0,1.6,98.34,Sandy Clay Loam,13.55,70.75,0.01,No Fertilizer,No application needed
Busokelo,-8.975,33.45,5.8,352.0,2.2,53.61,Sandy Clay Loam,18.15,86.9,5.85,No Fertilizer,No application needed
Busokelo,-9.1,33.575,5.6,550.0,1.98,146.1,Sandy Loam,15.95,82.58,0.09,No Fertilizer,No application needed
Busokelo,-8.925,33.6,5.7,342.0,1.3,65.52,Clay Loam,17.68,87.44,16.96,No Fertilizer,No application needed
Busokelo,-8.925,33.55,5.8,336.0,2.4,71.5,Sandy Clay Loam,17.43,86.71,9.69,No Fertilizer,No application needed
Busokelo,-8.925,33.55,5.8,336.0,2.4,71.5,Sandy Clay Loam,17.53,88.34,14.57,No Fertilizer,No application needed
Busokelo,-9.025,33.625,5.6,620.0,2.0,88.98,Clay Loam,15.04,74.08,0.0,No Fertilizer,No application needed
Busokelo,-9.15,33.65,5.4,780.0,2.24,72.8,Clay Loam,18.58,90.43,3.66,Apply Lime,2-4 weeks before planting
Busokelo,-9.0,33.475,5.8,418.0,1.58,59.27,Clay Loam,13.4,81.49,0.0,No Fertilizer,No application needed
Busokelo,-8.925,33.65,5.9,380.0,1.44,72.8,Clay Loam,19.89,69.66,0.0,No Fertilizer,No application needed
Busokelo,-8.95,33.625,5.7,580.0,2.0,88.98,Clay Loam,18.99,70.85,0.0,No Fertilizer,No application needed
Busokelo,-9.125,33.55,5.7,572.0,1.76,161.5,Sandy Clay Loam,17.35,85.86,46.02,No Fertilizer,No application needed
Busokelo,-8.975,33.525,5.7,500.0,2.0,65.86,Clay Loam,18.11,87.4,15.37,No Fertilizer,No application needed
Busokelo,-8.95,33.65,5.9,460.0,1.28,72.8,Clay Loam,13.99,64.03,0.0,No Fertilizer,No application needed
Busokelo,-8.95,33.6,6.0,460.0,1.6,80.48,Sandy Clay Loam,16.95,87.65,0.87,No Fertilizer,No application needed
Busokelo,-9.025,33.5,5.5,660.0,2.0,88.98,Clay Loam,11.77,80.39,3.58,No Fertilizer,No application needed
Busokelo,-8.9,33.6,5.8,286.0,1.41,65.54,Sandy Clay Loam,18.05,87.09,8.56,No Fertilizer,No application needed
Busokelo,-9.025,33.425,6.0,330.0,1.76,65.54,Sandy Clay Loam,16.78,84.65,1.34,No Fertilizer,No application needed
Busokelo,-9.1,33.6,5.4,660.0,2.0,98.34,Clay Loam,17.54,70.87,0.0,Apply Lime,2-4 weeks before planting
Busokelo,-8.925,33.65,5.9,380.0,1.44,72.8,Clay Loam,13.79,78.87,0.0,No Fertilizer,No application needed
Busokelo,-9.1,33.575,5.6,550.0,1.98,146.1,Sandy Loam,12.65,77.05,0.0,No Fertilizer,No application needed
Busokelo,-9.125,33.55,5.7,572.0,1.76,161.5,Sandy Clay Loam,17.48,86.93,0.74,No Fertilizer,No application needed
Busokelo,-9.075,33.65,5.5,580.0,2.24,65.86,Clay Loam,17.36,86.02,3.95,No Fertilizer,No application needed
Busokelo,-9.075,33.6,5.6,500.0,2.0,120.16,Clay Loam,17.17,85.52,2.76,No Fertilizer,No application needed
Busokelo,-8.9,33.425,5.9,336.0,1.92,43.27,Sandy Clay Loam,15.34,82.7,0.0,NPK,At planting time (basal application)
Busokelo,-8.925,33.4,5.9,312.0,2.91,70.04,Sandy Clay Loam,17.28,87.92,31.82,No Fertilizer,No application needed
Busokelo,-9.15,33.575,5.6,616.0,1.76,161.5,Sandy Loam,17.32,89.49,4.26,No Fertilizer,No application needed
Busokelo,-9.15,33.4,5.8,484.0,1.58,65.54,Sandy Clay Loam,15.03,82.81,0.0,No Fertilizer,No application needed
Busokelo,-8.95,33.55,5.9,330.0,1.41,80.08,Sandy Clay Loam,17.04,86.66,12.89,No Fertilizer,No application needed
Busokelo,-9.05,33.45,5.5,638.0,2.46,65.54,Clay Loam,17.8,79.51,1.3,No Fertilizer,No application needed
Busokelo,-8.975,33.65,5.5,576.0,1.62,80.08,Clay Loam,16.41,84.04,0.3,No Fertilizer,No application needed
Busokelo,-9.0,33.525,5.4,640.0,2.78,53.88,Clay Loam,13.3,80.13,0.07,Apply Lime,2-4 weeks before planting
Busokelo,-9.125,33.575,5.6,520.0,2.0,132.82,Sandy Clay Loam,18.42,90.93,21.99,No Fertilizer,No application needed
Busokelo,-9.15,33.425,5.5,616.0,2.46,59.27,Clay Loam,13.47,81.45,0.03,No Fertilizer,No application needed
Busokelo,-9.025,33.475,5.6,616.0,2.2,72.45,Clay Loam,18.14,66.13,0.02,No Fertilizer,No application needed
Busokelo,-9.075,33.475,5.7,500.0,2.0,72.8,Sandy Clay Loam,18.81,81.02,4.45,No Fertilizer,No application needed
Busokelo,-9.05,33.525,5.6,500.0,2.0,120.16,Sandy Clay Loam,11.57,82.58,0.17,No Fertilizer,No application needed
Busokelo,-9.0,33.5,5.5,594.0,1.98,80.08,Sandy Clay Loam,16.88,61.63,0.0,No Fertilizer,No application needed
Busokelo,-9.05,33.6,5.6,528.0,2.46,108.17,Sandy Clay Loam,16.83,78.21,0.06,No Fertilizer,No application needed
Busokelo,-9.075,33.55,5.8,462.0,1.76,178.51,Sandy Clay Loam,13.98,82.54,0.1,No Fertilizer,No application needed
Busokelo,-9.0,33.425,5.7,336.0,1.73,58.49,Sandy Clay Loam,13.07,71.74,0.0,No Fertilizer,No application needed
Busokelo,-9.075,33.5,5.8,440.0,1.98,108.17,Sandy Clay Loam,18.64,78.22,0.36,No Fertilizer,No application needed
Busokelo,-8.925,33.6,5.7,342.0,1.3,65.52,Clay Loam,19.88,63.37,0.0,No Fertilizer,No application needed
Busokelo,-9.05,33.45,5.5,638.0,2.46,65.54,Clay Loam,18.39,84.55,3.3,No Fertilizer,No application needed
Busokelo,-8.975,33.625,5.6,480.0,1.8,88.98,Clay Loam,18.5,81.42,3.02,No Fertilizer,No application needed
Busokelo,-9.125,33.65,5.7,840.0,2.24,53.88,Sandy Clay Loam,19.95,69.49,0.01,No Fertilizer,No application needed
Busokelo,-9.15,33.4,5.8,484.0,1.58,65.54,Sandy Clay Loam,12.49,72.46,0.0,No Fertilizer,No application needed
Busokelo,-9.075,33.4,6.0,440.0,1.76,65.54,Clay Loam,17.35,71.63,0.13,No Fertilizer,No application needed
Busokelo,-9.15,33.625,5.3,640.0,2.0,72.8,Clay Loam,18.69,82.94,7.87,Apply Lime,2-4 weeks before planting
Busokelo,-8.975,33.625,5.6,480.0,1.8,88.98,Clay Loam,19.75,60.83,0.0,No Fertilizer,No application needed
Busokelo,-9.025,33.4,5.8,352.0,1.76,59.27,Sandy Clay Loam,18.63,87.1,3.75,No Fertilizer,No application needed
Busokelo,-9.1,33.45,5.7,460.0,2.0,72.8,Sandy Clay Loam,17.8,83.47,4.32,No Fertilizer,No application needed
Busokelo,-9.025,33.5,5.5,660.0,2.0,88.98,Clay Loam,12.51,80.02,0.0,No Fertilizer,No application needed
Busokelo,-9.075,33.5,5.8,440.0,1.98,108.17,Sandy Clay Loam,13.18,82.38,0.0,No Fertilizer,No application needed
Busokelo,-9.075,33.475,5.7,500.0,2.0,72.8,Sandy Clay Loam,17.32,89.71,47.45,No Fertilizer,No application needed
Busokelo,-9.15,33.4,5.8,484.0,1.58,65.54,Sandy Clay Loam,16.57,83.7,0.04,No Fertilizer,No application needed
Busokelo,-9.15,33.425,5.5,616.0,2.46,59.27,Clay Loam,13.85,75.65,0.0,No Fertilizer,No application needed
Busokelo,-8.9,33.4,5.8,336.0,2.4,58.49,Sandy Clay Loam,12.42,73.99,0.03,No Fertilizer,No application needed
Busokelo,-9.075,33.475,5.7,500.0,2.0,72.8,Sandy Clay Loam,18.84,67.12,0.06,No Fertilizer,No application needed
Busokelo,-9.0,33.45,5.9,432.0,1.92,71.5,Clay Loam,17.98,86.87,13.19,No Fertilizer,No application needed
Busokelo,-9.05,33.65,5.4,620.0,1.8,80.48,Clay Loam,16.68,67.02,0.0,Apply Lime,2-4 weeks before planting
Busokelo,-9.0,33.45,5.9,432.0,1.92,71.5,Clay Loam,13.57,84.67,0.77,No Fertilizer,No application needed
Busokelo,-8.975,33.625,5.6,480.0,1.8,88.98,Clay Loam,15.03,82.81,0.0,No Fertilizer,No application needed
Busokelo,-8.95,33.625,5.7,580.0,2.0,88.98,Clay Loam,13.23,78.06,0.0,No Fertilizer,No application needed
Busokelo,-8.95,33.625,5.7,580.0,2.0,88.98,Clay Loam,18.52,65.88,0.0,No Fertilizer,No application needed
Busokelo,-9.125,33.625,5.2,720.0,2.24,53.88,Clay Loam,17.51,86.46,16.62,Apply Lime,2-4 weeks before planting
Busokelo,-9.15,33.525,5.7,594.0,2.46,146.1,Sandy Clay Loam,16.1,91.37,34.45,No Fertilizer,No application needed
Busokelo,-8.925,33.6,5.7,342.0,1.3,65.52,Clay Loam,16.99,86.03,7.79,No Fertilizer,No application needed
Busokelo,-8.975,33.625,5.6,480.0,1.8,88.98,Clay Loam,14.88,68.28,0.01,No Fertilizer,No application needed
Busokelo,-9.0,33.475,5.8,418.0,1.58,59.27,Clay Loam,17.84,79.33,3.69,No Fertilizer,No application needed
Busokelo,-9.1,33.65,5.6,702.0,2.5,48.49,Sandy Clay Loam,12.11,78.19,0.0,No Fertilizer,No application needed
Busokelo,-9.15,33.525,5.7,594.0,2.46,146.1,Sandy Clay Loam,16.29,70.98,0.0,No Fertilizer,No application needed
Busokelo,-8.925,33.425,6.5,286.0,2.6,63.36,Loam,18.43,88.04,2.48,No Fertilizer,No application needed
Busokelo,-8.925,33.55,5.8,336.0,2.4,71.5,Sandy Clay Loam,17.63,81.18,2.8,No Fertilizer,No application needed
Busokelo,-9.1,33.625,5.6,680.0,2.24,80.48,Clay Loam,16.93,87.56,10.39,No Fertilizer,No application needed
Busokelo,-9.15,33.45,5.5,704.0,1.76,72.45,Clay Loam,19.79,79.95,4.85,No Fertilizer,No application needed
Busokelo,-9.1,33.475,6.0,396.0,1.76,80.08,Sandy Clay Loam,17.25,66.57,0.0,No Fertilizer,No application needed
Busokelo,-9.125,33.475,5.6,460.0,2.0,65.86,Sandy Clay Loam,15.8,68.03,0.0,No Fertilizer,No application needed
Busokelo,-8.95,33.65,5.9,460.0,1.28,72.8,Clay Loam,17.35,85.03,7.48,No Fertilizer,No application needed
Busokelo,-9.05,33.425,6.2,396.0,1.76,72.45,Clay Loam,14.21,78.59,0.0,No Fertilizer,No application needed
Busokelo,-8.925,33.425,6.5,286.0,2.6,63.36,Loam,14.58,85.62,1.96,No Fertilizer,No application needed
Busokelo,-9.1,33.475,6.0,396.0,1.76,80.08,Sandy Clay Loam,16.97,85.94,0.59,No Fertilizer,No application needed
Busokelo,-8.9,33.475,6.0,312.0,2.69,47.83,Loam,15.85,84.67,0.02,No Fertilizer,No application needed
Busokelo,-8.95,33.6,6.0,460.0,1.6,80.48,Sandy Clay Loam,17.26,86.54,6.11,No Fertilizer,No application needed
Busokelo,-9.0,33.45,5.9,432.0,1.92,71.5,Clay Loam,18.51,85.79,10.05,No Fertilizer,No application needed
Busokelo,-8.975,33.4,5.9,336.0,1.73,64.66,Loam,15.32,89.11,4.39,No Fertilizer,No application needed
Busokelo,-8.975,33.625,5.6,480.0,1.8,88.98,Clay Loam,12.89,80.14,0.0,No Fertilizer,No application needed
Busokelo,-9.0,33.475,5.8,418.0,1.58,59.27,Clay Loam,16.43,83.62,0.0,No Fertilizer,No application needed
Busokelo,-8.9,33.475,6.0,312.0,2.69,47.83,Loam,15.74,84.62,0.0,No Fertilizer,No application needed
Busokelo,-9.025,33.475,5.6,616.0,2.2,72.45,Clay Loam,17.35,92.13,31.32,No Fertilizer,No application needed
Busokelo,-9.0,33.525,5.4,640.0,2.78,53.88,Clay Loam,11.95,80.12,0.0,Apply Lime,2-4 weeks before planting
Busokelo,-9.025,33.65,5.3,700.0,2.24,72.8,Clay Loam,12.92,80.01,0.0,Apply Lime,2-4 weeks before planting
Busokelo,-9.0,33.625,5.6,600.0,2.0,98.34,Clay Loam,18.95,82.02,0.09,No Fertilizer,No application needed
Busokelo,-8.95,33.475,6.0,336.0,1.92,96.58,Sandy Clay Loam,18.32,86.61,33.51,No Fertilizer,No application needed
Busokelo,-9.075,33.65,5.5,580.0,2.24,65.86,Clay Loam,16.84,67.05,0.0,No Fertilizer,No application needed
Busokelo,-9.1,33.6,5.4,660.0,2.0,98.34,Clay Loam,18.77,87.54,5.15,Apply Lime,2-4 weeks before planting
Busokelo,-9.15,33.625,5.3,640.0,2.0,72.8,Clay Loam,17.71,87.45,5.26,Apply Lime,2-4 weeks before planting
Busokelo,-9.0,33.625,5.6,600.0,2.0,98.34,Clay Loam,14.05,61.25,0.0,No Fertilizer,No application needed
Busokelo,-9.075,33.575,5.8,440.0,1.8,132.82,Clay Loam,14.85,77.53,0.0,No Fertilizer,No application needed
Busokelo,-9.15,33.475,5.5,600.0,1.8,53.88,Sandy Clay Loam,15.65,74.11,5.38,No Fertilizer,No application needed
Busokelo,-9.125,33.525,5.7,528.0,1.76,161.5,Sandy Clay Loam,14.95,74.41,0.0,No Fertilizer,No application needed
Busokelo,-9.0,33.45,5.9,432.0,1.92,71.5,Clay Loam,13.91,85.25,0.12,No Fertilizer,No application needed
Busokelo,-9.025,33.55,5.4,660.0,2.24,59.58,Clay Loam,16.76,89.11,21.45,Apply Lime,2-4 weeks before planting
Busokelo,-9.15,33.6,5.6,560.0,2.0,108.72,Sandy Clay Loam,19.03,86.9,5.55,No Fertilizer,No application needed
Busokelo,-9.125,33.65,5.7,840.0,2.24,53.88,Sandy Clay Loam,15.58,89.71,9.44,No Fertilizer,No application needed
Busokelo,-9.1,33.55,5.8,480.0,2.24,162.28,Loam,14.07,73.92,0.0,No Fertilizer,No application needed
Busokelo,-9.15,33.65,5.4,780.0,2.24,72.8,Clay Loam,16.19,93.17,30.49,Apply Lime,2-4 weeks before planting
Busokelo,-9.05,33.475,5.7,572.0,1.58,88.53,Sandy Clay Loam,19.3,76.03,2.54,No Fertilizer,No application needed
Busokelo,-8.95,33.65,5.9,460.0,1.28,72.8,Clay Loam,18.17,85.67,2.26,No Fertilizer,No application needed
Busokelo,-9.0,33.575,5.4,760.0,2.24,72.8,Clay Loam,17.47,75.26,0.62,Apply Lime,2-4 weeks before planting
Busokelo,-9.075,33.6,5.6,500.0,2.0,120.16,Clay Loam,17.41,90.93,28.08,No Fertilizer,No application needed
Busokelo,-9.05,33.45,5.5,638.0,2.46,65.54,Clay Loam,16.71,61.23,0.0,No Fertilizer,No application needed
Busokelo,-9.15,33.65,5.4,780.0,2.24,72.8,Clay Loam,17.06,64.81,0.0,Apply Lime,2-4 weeks before planting
Busokelo,-9.125,33.475,5.6,460.0,2.0,65.86,Sandy Clay Loam,17.5,76.54,0.06,No Fertilizer,No application needed
Busokelo,-9.025,33.55,5.4,660.0,2.24,59.58,Clay Loam,13.45,80.03,0.0,Apply Lime,2-4 weeks before planting
Busokelo,-9.0,33.475,5.8,418.0,1.58,59.27,Clay Loam,19.72,70.02,0.02,No Fertilizer,No application needed
Busokelo,-9.025,33.45,5.8,408.0,1.92,64.66,Clay,13.64,82.9,0.0,No Fertilizer,No application needed
Busokelo,-9.15,33.475,5.5,600.0,1.8,53.88,Sandy Clay Loam,13.31,84.54,0.96,No Fertilizer,No application needed
Busokelo,-8.975,33.65,5.5,576.0,1.62,80.08,Clay Loam,19.89,69.66,0.0,No Fertilizer,No application needed
Busokelo,-9.05,33.45,5.5,638.0,2.46,65.54,Clay Loam,17.27,65.76,0.0,No Fertilizer,No application needed
Busokelo,-9.15,33.55,5.8,550.0,1.76,161.5,Sandy Clay Loam,17.71,71.05,0.22,No Fertilizer,No application needed
Busokelo,-9.05,33.45,5.5,638.0,2.46,65.54,Clay Loam,16.22,85.79,0.83,No Fertilizer,No application needed
Busokelo,-9.025,33.475,5.6,616.0,2.2,72.45,Clay Loam,15.8,83.79,0.0,No Fertilizer,No application needed
Busokelo,-8.925,33.55,5.8,336.0,2.4,71.5,Sandy Clay Loam,11.6,79.84,0.0,No Fertilizer,No application needed
Busokelo,-9.05,33.55,5.5,460.0,2.24,132.82,Sandy Clay Loam,18.12,82.99,2.39,No Fertilizer,No application needed
Busokelo,-9.05,33.625,5.6,540.0,2.0,120.16,Clay Loam,13.61,75.32,0.0,No Fertilizer,No application needed
Busokelo,-9.15,33.525,5.7,594.0,2.46,146.1,Sandy Clay Loam,18.51,69.04,0.0,No Fertilizer,No application needed
Busokelo,-8.95,33.55,5.9,330.0,1.41,80.08,Sandy Clay Loam,18.86,74.34,0.23,No Fertilizer,No application needed
Busokelo,-9.1,33.55,5.8,480.0,2.24,162.28,Loam,17.13,86.69,4.18,No Fertilizer,No application needed
Busokelo,-8.95,33.6,6.0,460.0,1.6,80.48,Sandy Clay Loam,13.3,81.64,0.0,No Fertilizer,No application needed
Busokelo,-8.925,33.4,5.9,312.0,2.91,70.04,Sandy Clay Loam,18.79,81.38,10.51,No Fertilizer,No application needed
Busokelo,-9.15,33.6,5.6,560.0,2.0,108.72,Sandy Clay Loam,17.7,87.92,0.96,No Fertilizer,No application needed
Busokelo,-8.925,33.575,5.9,308.0,1.98,80.08,Sandy Clay Loam,16.65,82.44,0.0,No Fertilizer,No application needed
Busokelo,-9.1,33.6,5.4,660.0,2.0,98.34,Clay Loam,18.54,66.37,0.0,Apply Lime,2-4 weeks before planting
Busokelo,-9.15,33.5,5.8,506.0,1.98,88.53,Sandy Clay Loam,13.05,74.45,0.01,No Fertilizer,No application needed
Busokelo,-8.925,33.5,5.8,288.0,2.69,64.66,Loam,17.61,72.36,0.0,No Fertilizer,No application needed
Busokelo,-8.95,33.575,5.9,360.0,1.8,65.86,Clay Loam,16.97,88.94,3.14,No Fertilizer,No application needed
Busokelo,-9.125,33.475,5.6,460.0,2.0,65.86,Sandy Clay Loam,15.25,81.55,0.0,No Fertilizer,No application needed
Busokelo,-8.95,33.55,5.9,330.0,1.41,80.08,Sandy Clay Loam,17.42,90.72,5.68,No Fertilizer,No application needed
Busokelo,-9.1,33.6,5.4,660.0,2.0,98.34,Clay Loam,13.99,82.23,0.02,Apply Lime,2-4 weeks before planting
Busokelo,-9.025,33.45,5.8,408.0,1.92,64.66,Clay,12.97,80.03,0.95,No Fertilizer,No application needed
Busokelo,-9.125,33.425,5.8,528.0,1.58,53.61,Sandy Clay Loam,19.03,86.9,5.55,No Fertilizer,No application needed
Busokelo,-9.05,33.6,5.6,528.0,2.46,108.17,Sandy Clay Loam,16.31,85.32,0.05,No Fertilizer,No application needed
Busokelo,-8.9,33.5,6.0,288.0,1.73,71.5,Loam,18.18,84.41,56.76,No Fertilizer,No application needed
Busokelo,-9.075,33.55,5.8,462.0,1.76,178.51,Sandy Clay Loam,14.3,79.19,0.0,No Fertilizer,No application needed
Busokelo,-8.925,33.45,5.9,312.0,1.92,71.5,Sandy Clay Loam,18.17,70.01,0.0,No Fertilizer,No application needed
Busokelo,-9.025,33.475,5.6,616.0,2.2,72.45,Clay Loam,16.95,84.42,5.39,No Fertilizer,No application needed
Busokelo,-8.975,33.4,5.9,336.0,1.73,64.66,Loam,17.65,79.74,0.65,No Fertilizer,No application needed
Busokelo,-9.05,33.475,5.7,572.0,1.58,88.53,Sandy Clay Loam,16.45,91.32,104.72,No Fertilizer,No application needed
Busokelo,-9.05,33.4,6.0,352.0,1.58,72.45,Clay Loam,18.37,77.52,30.18,No Fertilizer,No application needed
Busokelo,-9.0,33.45,5.9,432.0,1.92,71.5,Clay Loam,17.35,85.03,7.48,No Fertilizer,No application needed
Busokelo,-9.125,33.625,5.2,720.0,2.24,53.88,Clay Loam,17.26,88.54,4.35,Apply Lime,2-4 weeks before planting
Busokelo,-9.0,33.65,5.7,638.0,1.98,97.88,Sandy Clay Loam,11.78,86.68,8.73,No Fertilizer,No application needed
Busokelo,-8.9,33.55,6.1,288.0,3.0,64.66,Loam,11.76,83.07,5.51,No Fertilizer,No application needed
Busokelo,-9.05,33.525,5.6,500.0,2.0,120.16,Sandy Clay Loam,13.01,66.06,0.0,No Fertilizer,No application needed
Busokelo,-9.025,33.575,5.3,720.0,1.8,53.88,Clay Loam,17.42,84.77,0.23,Apply Lime,2-4 weeks before planting
Busokelo,-9.075,33.4,6.0,440.0,1.76,65.54,Clay Loam,13.13,82.29,0.05,No Fertilizer,No application needed
Busokelo,-9.1,33.5,5.7,460.0,1.8,98.34,Sandy Clay Loam,15.8,81.32,0.16,No Fertilizer,No application needed
Busokelo,-9.0,33.5,5.5,594.0,1.98,80.08,Sandy Clay Loam,18.6,86.53,0.0,No Fertilizer,No application needed
Busokelo,-9.0,33.4,5.7,360.0,1.73,52.9,Sandy Clay Loam,15.29,77.51,0.51,No Fertilizer,No application needed
Busokelo,-9.05,33.4,6.0,352.0,1.58,72.45,Clay Loam,15.92,85.98,0.64,No Fertilizer,No application needed
Busokelo,-9.025,33.45,5.8,408.0,1.92,64.66,Clay,18.66,72.75,0.0,No Fertilizer,No application needed
Busokelo,-8.95,33.5,5.8,384.0,2.69,87.36,Sandy Clay Loam,18.21,73.08,0.04,No Fertilizer,No application needed
Busokelo,-8.925,33.45,5.9,312.0,1.92,71.5,Sandy Clay Loam,17.72,84.81,1.85,No Fertilizer,No application needed
Busokelo,-8.9,33.625,5.9,312.0,2.4,71.5,Sandy Clay Loam,16.02,76.53,0.01,No Fertilizer,No application needed
Busokelo,-9.15,33.4,5.8,484.0,1.58,65.54,Sandy Clay Loam,17.62,88.98,12.11,No Fertilizer,No application needed
Busokelo,-8.95,33.65,5.9,460.0,1.28,72.8,Clay Loam,19.07,84.05,6.07,No Fertilizer,No application needed
Busokelo,-8.95,33.475,6.0,336.0,1.92,96.58,Sandy Clay Loam,13.62,79.5,0.24,No Fertilizer,No application needed
Rungwe,-9.085,33.53,5.8,462.0,2.2,161.5,Sandy Clay Loam,19.54,67.22,0.0,No Fertilizer,No application needed
Rungwe,-9.05,33.81,5.6,720.0,1.62,65.52,Clay Loam,17.07,91.33,6.98,No Fertilizer,No application needed
Rungwe,-9.4,33.45,5.2,680.0,2.0,32.6,Clay Loam,12.65,77.05,0.0,Apply Lime,2-4 weeks before planting
Rungwe,-9.225,33.57,5.8,396.0,2.2,119.59,Sandy Clay Loam,18.31,75.87,0.76,No Fertilizer,No application needed
Rungwe,-9.26,33.57,5.5,462.0,2.46,80.08,Sandy Clay Loam,19.16,80.66,0.97,No Fertilizer,No application needed
Rungwe,-9.26,33.45,5.3,680.0,1.8,53.88,Clay Loam,12.95,82.64,0.34,Apply Lime,2-4 weeks before planting
Rungwe,-9.19,33.85,5.2,594.0,1.76,65.54,Sandy Clay Loam,18.97,79.37,5.26,Apply Lime,2-4 weeks before planting
Rungwe,-9.12,33.85,5.6,594.0,2.02,48.49,Sandy Clay Loam,17.1,94.56,20.24,No Fertilizer,No application needed
Rungwe,-9.12,33.61,5.3,704.0,2.75,72.45,Sandy Clay Loam,14.03,83.67,3.62,Apply Lime,2-4 weeks before planting
Rungwe,-9.12,33.57,5.5,560.0,1.6,120.16,Sandy Clay Loam,14.1,75.6,0.0,No Fertilizer,No application needed
Rungwe,-9.26,33.45,5.3,680.0,1.8,53.88,Clay Loam,17.12,92.14,21.82,Apply Lime,2-4 weeks before planting
Rungwe,-9.19,33.45,5.4,704.0,2.46,59.27,Clay Loam,12.97,78.83,0.05,Apply Lime,2-4 weeks before planting
Rungwe,-9.33,33.61,5.5,308.0,1.98,53.61,Sandy Clay Loam,14.33,79.67,1.34,No Fertilizer,No application needed
Rungwe,-9.295,33.45,5.5,540.0,1.6,39.86,Clay Loam,19.5,73.7,0.06,NPK,At planting time (basal application)
Rungwe,-9.225,33.73,5.9,506.0,2.2,119.59,Sandy Clay Loam,16.72,89.55,24.67,No Fertilizer,No application needed
Rungwe,-9.26,33.65,5.6,418.0,2.46,80.08,Sandy Clay Loam,16.49,77.49,0.48,No Fertilizer,No application needed
Rungwe,-9.05,33.69,5.5,600.0,2.24,88.98,Clay Loam,17.19,91.05,34.39,No Fertilizer,No application needed
Rungwe,-9.085,33.53,5.8,462.0,2.2,161.5,Sandy Clay Loam,17.71,71.05,0.22,No Fertilizer,No application needed
Rungwe,-9.225,33.53,5.7,396.0,1.98,88.53,Sandy Clay Loam,17.99,80.81,4.53,No Fertilizer,No application needed
Rungwe,-9.4,33.65,5.5,330.0,2.46,39.67,Sandy Clay Loam,17.07,88.48,23.25,NPK,At planting time (basal application)
Rungwe,-9.12,33.73,5.4,720.0,2.5,59.58,Clay Loam,14.24,82.44,0.0,Apply Lime,2-4 weeks before planting
Rungwe,-9.33,33.69,5.6,308.0,2.2,53.61,Sandy Clay Loam,17.86,72.98,0.0,No Fertilizer,No application needed
Rungwe,-9.365,33.81,5.5,312.0,2.4,43.27,Sandy Clay Loam,12.6,75.21,0.0,NPK,At planting time (basal application)
Rungwe,-9.4,33.77,5.5,336.0,2.69,43.27,Sandy Clay Loam,16.93,86.68,0.75,NPK,At planting time (basal application)
Rungwe,-9.085,33.49,5.7,506.0,1.76,88.53,Sandy Clay Loam,12.29,79.13,0.01,No Fertilizer,No application needed
Rungwe,-9.155,33.45,5.4,580.0,2.0,59.58,Sandy Clay Loam,16.97,87.03,21.07,Apply Lime,2-4 weeks before planting
Rungwe,-9.05,33.61,5.6,520.0,2.0,98.34,Sandy Clay Loam,13.2,73.65,0.01,No Fertilizer,No application needed
Rungwe,-9.26,33.77,5.5,550.0,2.2,108.17,Sandy Clay Loam,14.75,80.39,0.0,No Fertilizer,No application needed
Rungwe,-9.365,33.49,5.3,520.0,1.8,39.86,Clay Loam,16.13,85.37,5.15,Apply Lime,2-4 weeks before planting
Rungwe,-9.225,33.53,5.7,396.0,1.98,88.53,Sandy Clay Loam,12.67,68.11,0.0,No Fertilizer,No application needed
Rungwe,-9.12,33.69,5.4,860.0,1.8,72.8,Sandy Clay Loam,14.57,85.86,0.03,Apply Lime,2-4 weeks before planting
Rungwe,-9.33,33.77,5.5,286.0,1.98,43.85,Sandy Clay Loam,16.62,79.25,1.82,NPK,At planting time (basal application)
Rungwe,-9.365,33.57,5.6,286.0,1.98,43.85,Sandy Clay Loam,18.58,71.1,0.0,NPK,At planting time (basal application)
Rungwe,-9.085,33.61,5.4,700.0,2.0,80.48,Clay Loam,18.41,85.05,10.15,Apply Lime,2-4 weeks before planting
Rungwe,-9.4,33.61,5.4,330.0,2.46,43.85,Sandy Clay Loam,17.27,92.97,5.97,Apply Lime,2-4 weeks before planting
Rungwe,-9.33,33.77,5.5,286.0,1.98,43.85,Sandy Clay Loam,16.75,76.73,1.28,NPK,At planting time (basal application)
Rungwe,-9.085,33.73,5.5,702.0,1.8,72.43,Clay Loam,15.88,75.58,0.0,No Fertilizer,No application needed
Rungwe,-9.4,33.77,5.5,336.0,2.69,43.27,Sandy Clay Loam,15.34,82.7,0.0,NPK,At planting time (basal application)
Rungwe,-9.085,33.45,5.8,462.0,1.76,72.45,Clay Loam,13.23,85.29,0.0,No Fertilizer,No application needed
Rungwe,-9.12,33.77,5.5,680.0,2.0,72.8,Sandy Clay Loam,14.83,73.31,0.0,No Fertilizer,No application needed
Rungwe,-9.12,33.69,5.4,860.0,1.8,72.8,Sandy Clay Loam,20.08,67.33,0.06,Apply Lime,2-4 weeks before planting
Rungwe,-9.19,33.53,5.7,460.0,1.8,108.72,Sandy Clay Loam,12.36,81.83,0.04,No Fertilizer,No application needed
Rungwe,-9.4,33.85,5.7,288.0,2.4,47.83,Sandy Clay Loam,16.02,74.51,8.23,No Fertilizer,No application needed
Rungwe,-9.295,33.69,5.6,330.0,2.2,59.27,Sandy Clay Loam,17.52,86.06,0.43,No Fertilizer,No application needed
Rungwe,-9.19,33.53,5.7,460.0,1.8,108.72,Sandy Clay Loam,17.11,89.56,28.97,No Fertilizer,No application needed
Rungwe,-9.225,33.69,5.8,528.0,2.46,108.17,Sandy Clay Loam,19.05,86.69,37.01,No Fertilizer,No application needed
Rungwe,-9.26,33.53,5.6,374.0,1.98,48.49,Sandy Clay Loam,19.05,86.69,37.01,No Fertilizer,No application needed
Rungwe,-9.4,33.69,5.5,308.0,2.2,48.49,Sandy Clay Loam,17.66,72.68,0.0,No Fertilizer,No application needed
Rungwe,-9.26,33.53,5.6,374.0,1.98,48.49,Sandy Clay Loam,18.63,83.49,46.01,No Fertilizer,No application needed
Rungwe,-9.155,33.85,5.5,600.0,1.6,72.8,Sandy Clay Loam,19.23,71.05,0.06,No Fertilizer,No application needed
Rungwe,-9.4,33.57,5.6,286.0,1.76,39.67,Sandy Clay Loam,14.91,81.65,0.07,NPK,At planting time (basal application)
Rungwe,-9.225,33.53,5.7,396.0,1.98,88.53,Sandy Clay Loam,16.73,94.72,13.9,No Fertilizer,No application needed
Rungwe,-9.365,33.65,5.6,360.0,3.0,58.49,Sandy Clay Loam,19.68,82.36,1.52,No Fertilizer,No application needed
Rungwe,-9.19,33.57,5.7,506.0,2.2,132.18,Sandy Clay Loam,18.48,80.48,1.81,No Fertilizer,No application needed
Rungwe,-9.365,33.57,5.6,286.0,1.98,43.85,Sandy Clay Loam,17.72,90.94,10.27,NPK,At planting time (basal application)
Rungwe,-9.4,33.85,5.7,288.0,2.4,47.83,Sandy Clay Loam,13.2,79.21,0.0,No Fertilizer,No application needed
Rungwe,-9.26,33.53,5.6,374.0,1.98,48.49,Sandy Clay Loam,16.96,85.39,3.51,No Fertilizer,No application needed
Rungwe,-9.295,33.77,5.6,440.0,1.98,88.53,Clay Loam,13.5,78.35,0.0,No Fertilizer,No application needed
Rungwe,-9.19,33.73,5.7,540.0,2.0,120.16,Sandy Clay Loam,15.35,86.78,0.0,No Fertilizer,No application needed
Rungwe,-9.12,33.85,5.6,594.0,2.02,48.49,Sandy Clay Loam,18.61,64.37,0.0,No Fertilizer,No application needed
Rungwe,-9.26,33.57,5.5,462.0,2.46,80.08,Sandy Clay Loam,19.64,59.8,0.0,No Fertilizer,No application needed
Rungwe,-9.12,33.85,5.6,594.0,2.02,48.49,Sandy Clay Loam,14.4,80.51,0.01,No Fertilizer,No application needed
Rungwe,-9.225,33.69,5.8,528.0,2.46,108.17,Sandy Clay Loam,15.81,85.1,0.01,No Fertilizer,No application needed
Rungwe,-9.225,33.57,5.8,396.0,2.2,119.59,Sandy Clay Loam,16.17,71.31,0.0,No Fertilizer,No application needed
Rungwe,-9.26,33.69,5.6,374.0,2.2,59.27,Sandy Clay Loam,15.66,86.83,0.71,No Fertilizer,No application needed
Rungwe,-9.33,33.57,5.5,288.0,2.16,52.9,Sandy Clay Loam,14.21,78.59,0.0,No Fertilizer,No application needed
Rungwe,-9.085,33.69,5.6,540.0,2.5,98.34,Clay Loam,13.04,83.94,0.0,No Fertilizer,No application needed
Rungwe,-9.225,33.57,5.8,396.0,2.2,119.59,Sandy Clay Loam,18.88,71.82,0.04,No Fertilizer,No application needed
Rungwe,-9.295,33.73,5.5,308.0,2.2,53.61,Sandy Clay Loam,14.28,81.18,0.09,No Fertilizer,No application needed
Rungwe,-9.19,33.81,5.5,540.0,1.6,53.88,Sandy Clay Loam,17.35,92.13,31.32,No Fertilizer,No application needed
Rungwe,-9.4,33.81,5.6,312.0,2.69,43.27,Sandy Clay Loam,13.12,85.39,0.0,NPK,At planting time (basal application)
Rungwe,-9.33,33.77,5.5,286.0,1.98,43.85,Sandy Clay Loam,16.1,91.37,34.45,NPK,At planting time (basal application)
Rungwe,-9.295,33.85,5.6,352.0,1.98,97.88,Sandy Clay Loam,13.78,81.24,0.16,No Fertilizer,No application needed
Rungwe,-9.12,33.57,5.5,560.0,1.6,120.16,Sandy Clay Loam,13.35,83.47,0.02,No Fertilizer,No application needed
Rungwe,-9.19,33.81,5.5,540.0,1.6,53.88,Sandy Clay Loam,13.01,75.77,0.04,No Fertilizer,No application needed
Rungwe,-9.225,33.85,5.7,462.0,1.98,80.08,Sandy Clay Loam,16.98,94.55,6.11,No Fertilizer,No application needed
Rungwe,-9.4,33.57,5.6,286.0,1.76,39.67,Sandy Clay Loam,17.45,86.97,17.37,NPK,At planting time (basal application)
Rungwe,-9.19,33.65,5.6,660.0,2.5,98.34,Sandy Clay Loam,17.92,89.54,9.09,No Fertilizer,No application needed
Rungwe,-9.05,33.57,5.6,528.0,2.2,132.18,Sandy Clay Loam,19.43,79.54,1.42,No Fertilizer,No application needed
Rungwe,-9.19,33.57,5.7,506.0,2.2,132.18,Sandy Clay Loam,16.68,82.01,1.54,No Fertilizer,No application needed
Rungwe,-9.155,33.81,5.7,550.0,2.75,88.53,Sandy Clay Loam,15.22,66.97,0.0,No Fertilizer,No application needed
Rungwe,-9.155,33.45,5.4,580.0,2.0,59.58,Sandy Clay Loam,17.13,91.83,12.06,Apply Lime,2-4 weeks before planting
Rungwe,-9.19,33.53,5.7,460.0,1.8,108.72,Sandy Clay Loam,17.95,87.96,14.48,No Fertilizer,No application needed
Rungwe,-9.12,33.77,5.5,680.0,2.0,72.8,Sandy Clay Loam,18.71,87.45,36.56,No Fertilizer,No application needed
Rungwe,-9.05,33.57,5.6,528.0,2.2,132.18,Sandy Clay Loam,18.21,89.57,12.88,No Fertilizer,No application needed
Rungwe,-9.19,33.61,5.6,580.0,1.8,132.82,Sandy Clay Loam,14.12,80.54,0.0,No Fertilizer,No application needed
Rungwe,-9.365,33.57,5.6,286.0,1.98,43.85,Sandy Clay Loam,16.85,87.51,6.98,NPK,At planting time (basal application)
Rungwe,-9.085,33.53,5.8,462.0,2.2,161.5,Sandy Clay Loam,17.35,84.19,0.0,No Fertilizer,No application needed
Rungwe,-9.225,33.61,5.5,462.0,2.75,146.1,Sandy Clay Loam,17.63,76.85,3.11,No Fertilizer,No application needed
Rungwe,-9.05,33.45,5.5,638.0,2.46,65.54,Clay Loam,19.67,71.6,1.25,No Fertilizer,No application needed
Rungwe,-9.33,33.57,5.5,288.0,2.16,52.9,Sandy Clay Loam,14.12,78.34,0.0,No Fertilizer,No application needed
Rungwe,-9.4,33.53,5.1,500.0,2.24,36.06,Clay Loam,18.32,74.43,0.0,Apply Lime,2-4 weeks before planting
Rungwe,-9.33,33.81,5.5,286.0,2.2,43.85,Sandy Clay Loam,17.66,88.56,3.34,NPK,At planting time (basal application)
Rungwe,-9.085,33.69,5.6,540.0,2.5,98.34,Clay Loam,18.97,76.04,1.97,No Fertilizer,No application needed
Rungwe,-9.085,33.49,5.7,506.0,1.76,88.53,Sandy Clay Loam,16.25,91.67,5.08,No Fertilizer,No application needed
Rungwe,-9.4,33.65,5.5,330.0,2.46,39.67,Sandy Clay Loam,18.75,60.62,0.0,NPK,At planting time (basal application)
Rungwe,-9.33,33.85,5.4,330.0,2.2,65.54,Sandy Clay Loam,16.86,74.12,0.0,Apply Lime,2-4 weeks before planting
Rungwe,-9.4,33.49,5.2,520.0,1.8,36.06,Clay Loam,15.4,74.15,0.0,Apply Lime,2-4 weeks before planting
Rungwe,-9.19,33.57,5.7,506.0,2.2,132.18,Sandy Clay Loam,18.75,80.26,14.69,No Fertilizer,No application needed
Rungwe,-9.085,33.77,5.6,620.0,2.0,53.88,Sandy Clay Loam,17.31,87.49,4.1,No Fertilizer,No application needed
Rungwe,-9.4,33.65,5.5,330.0,2.46,39.67,Sandy Clay Loam,18.66,72.45,0.0,NPK,At planting time (basal application)
Rungwe,-9.365,33.81,5.5,312.0,2.4,43.27,Sandy Clay Loam,11.59,69.16,0.0,NPK,At planting time (basal application)
Rungwe,-9.12,33.81,5.7,528.0,2.46,97.88,Sandy Clay Loam,15.74,82.44,0.04,No Fertilizer,No application needed
Rungwe,-9.12,33.81,5.7,528.0,2.46,97.88,Sandy Clay Loam,17.05,71.81,0.0,No Fertilizer,No application needed
Rungwe,-9.155,33.81,5.7,550.0,2.75,88.53,Sandy Clay Loam,17.54,85.48,0.32,No Fertilizer,No application needed
Rungwe,-9.19,33.53,5.7,460.0,1.8,108.72,Sandy Clay Loam,14.5,80.01,0.0,No Fertilizer,No application needed
Rungwe,-9.26,33.85,5.6,418.0,2.2,88.53,Sandy Clay Loam,16.88,76.08,0.19,No Fertilizer,No application needed
Rungwe,-9.155,33.81,5.7,550.0,2.75,88.53,Sandy Clay Loam,12.34,81.05,0.22,No Fertilizer,No application needed
Rungwe,-9.4,33.45,5.2,680.0,2.0,32.6,Clay Loam,17.31,86.59,7.82,Apply Lime,2-4 weeks before planting
Rungwe,-9.155,33.81,5.7,550.0,2.75,88.53,Sandy Clay Loam,16.88,90.82,50.91,No Fertilizer,No application needed
Rungwe,-9.26,33.65,5.6,418.0,2.46,80.08,Sandy Clay Loam,16.68,91.01,1.3,No Fertilizer,No application needed
Rungwe,-9.33,33.69,5.6,308.0,2.2,53.61,Sandy Clay Loam,19.28,78.15,0.01,No Fertilizer,No application needed
Rungwe,-9.225,33.61,5.5,462.0,2.75,146.1,Sandy Clay Loam,15.8,83.79,0.0,No Fertilizer,No application needed
Rungwe,-9.19,33.73,5.7,540.0,2.0,120.16,Sandy Clay Loam,20.01,67.39,0.56,No Fertilizer,No application needed
Rungwe,-9.225,33.61,5.5,462.0,2.75,146.1,Sandy Clay Loam,13.01,79.03,0.0,No Fertilizer,No application needed
Rungwe,-9.33,33.53,5.5,312.0,2.16,52.9,Clay Loam,13.29,80.21,0.09,No Fertilizer,No application needed
Rungwe,-9.225,33.45,5.4,640.0,2.0,53.88,Sandy Clay Loam,17.04,88.32,1.96,Apply Lime,2-4 weeks before planting
Rungwe,-9.155,33.81,5.7,550.0,2.75,88.53,Sandy Clay Loam,17.19,74.82,0.0,No Fertilizer,No application needed
Rungwe,-9.4,33.81,5.6,312.0,2.69,43.27,Sandy Clay Loam,14.76,87.27,2.26,NPK,At planting time (basal application)
Rungwe,-9.295,33.45,5.5,540.0,1.6,39.86,Clay Loam,15.69,81.05,0.58,NPK,At planting time (basal application)
Rungwe,-9.4,33.45,5.2,680.0,2.0,32.6,Clay Loam,15.99,61.52,0.0,Apply Lime,2-4 weeks before planting
Rungwe,-9.295,33.57,5.5,286.0,1.76,53.61,Sandy Clay Loam,14.4,85.63,0.68,No Fertilizer,No application needed
Rungwe,-9.365,33.85,5.6,286.0,2.2,43.85,Sandy Clay Loam,17.3,82.87,12.71,NPK,At planting time (basal application)
Rungwe,-9.26,33.53,5.6,374.0,1.98,48.49,Sandy Clay Loam,17.69,89.0,14.26,No Fertilizer,No application needed
Rungwe,-9.085,33.77,5.6,620.0,2.0,53.88,Sandy Clay Loam,18.3,80.96,1.79,No Fertilizer,No application needed
Rungwe,-9.295,33.61,5.5,374.0,2.46,72.45,Sandy Clay Loam,11.26,66.48,0.0,No Fertilizer,No application needed
Rungwe,-9.19,33.49,5.6,550.0,1.98,59.27,Sandy Clay Loam,18.1,92.72,15.27,No Fertilizer,No application needed
Rungwe,-9.295,33.69,5.6,330.0,2.2,59.27,Sandy Clay Loam,10.97,73.9,0.0,No Fertilizer,No application needed
Rungwe,-9.26,33.77,5.5,550.0,2.2,108.17,Sandy Clay Loam,19.95,69.49,0.01,No Fertilizer,No application needed
Rungwe,-9.19,33.61,5.6,580.0,1.8,132.82,Sandy Clay Loam,18.94,79.77,7.3,No Fertilizer,No application needed
Rungwe,-9.19,33.53,5.7,460.0,1.8,108.72,Sandy Clay Loam,13.35,72.87,0.0,No Fertilizer,No application needed
Rungwe,-9.12,33.77,5.5,680.0,2.0,72.8,Sandy Clay Loam,18.58,85.48,27.88,No Fertilizer,No application needed
Rungwe,-9.295,33.57,5.5,286.0,1.76,53.61,Sandy Clay Loam,13.43,72.86,0.0,No Fertilizer,No application needed
Rungwe,-9.225,33.57,5.8,396.0,2.2,119.59,Sandy Clay Loam,18.09,89.56,9.46,No Fertilizer,No application needed
Rungwe,-9.295,33.85,5.6,352.0,1.98,97.88,Sandy Clay Loam,19.09,73.5,0.04,No Fertilizer,No application needed
Rungwe,-9.12,33.85,5.6,594.0,2.02,48.49,Sandy Clay Loam,14.02,80.17,0.04,No Fertilizer,No application needed
Rungwe,-9.19,33.65,5.6,660.0,2.5,98.34,Sandy Clay Loam,17.73,83.97,10.63,No Fertilizer,No application needed
Rungwe,-9.155,33.85,5.5,600.0,1.6,72.8,Sandy Clay Loam,19.08,85.29,1.12,No Fertilizer,No application needed
Rungwe,-9.26,33.53,5.6,374.0,1.98,48.49,Sandy Clay Loam,17.81,89.02,21.22,No Fertilizer,No application needed
Rungwe,-9.12,33.69,5.4,860.0,1.8,72.8,Sandy Clay Loam,18.99,75.86,0.0,Apply Lime,2-4 weeks before planting
Rungwe,-9.4,33.45,5.2,680.0,2.0,32.6,Clay Loam,16.5,66.68,0.06,Apply Lime,2-4 weeks before planting
Rungwe,-9.4,33.73,5.5,240.0,2.4,52.9,Sandy Clay Loam,16.95,90.16,14.64,Urea,2-3 weeks after planting (top dressing)
Rungwe,-9.155,33.65,5.4,680.0,2.24,72.8,Clay Loam,13.65,75.69,0.0,Apply Lime,2-4 weeks before planting
Rungwe,-9.085,33.45,5.8,462.0,1.76,72.45,Clay Loam,18.66,72.75,0.0,No Fertilizer,No application needed
Rungwe,-9.365,33.73,5.7,264.0,2.4,52.9,Sandy Clay Loam,18.82,72.28,0.61,No Fertilizer,No application needed
Rungwe,-9.295,33.77,5.6,440.0,1.98,88.53,Clay Loam,15.9,78.28,0.0,No Fertilizer,No application needed
Rungwe,-9.365,33.69,5.5,286.0,2.46,43.85,Sandy Clay Loam,14.8,71.39,0.0,NPK,At planting time (basal application)
Rungwe,-9.33,33.73,5.6,308.0,2.46,48.49,Sandy Clay Loam,14.53,76.26,0.09,No Fertilizer,No application needed
Rungwe,-9.085,33.85,5.6,820.0,2.5,80.48,Sandy Clay Loam,17.21,91.52,4.62,No Fertilizer,No application needed
Rungwe,-9.33,33.77,5.5,286.0,1.98,43.85,Sandy Clay Loam,16.81,87.66,12.55,NPK,At planting time (basal application)
Rungwe,-9.225,33.49,5.6,420.0,2.0,59.58,Sandy Clay Loam,17.55,86.66,11.8,No Fertilizer,No application needed
Rungwe,-9.05,33.77,5.5,666.0,1.62,80.08,Clay Loam,18.08,72.65,0.0,No Fertilizer,No application needed
Rungwe,-9.05,33.49,5.6,550.0,2.2,119.59,Sandy Clay Loam,13.69,74.55,0.0,No Fertilizer,No application needed
Rungwe,-9.155,33.77,5.7,560.0,1.6,98.34,Sandy Clay Loam,18.86,89.91,9.0,No Fertilizer,No application needed
Rungwe,-9.26,33.53,5.6,374.0,1.98,48.49,Sandy Clay Loam,13.82,82.22,0.0,No Fertilizer,No application needed
Rungwe,-9.4,33.49,5.2,520.0,1.8,36.06,Clay Loam,19.68,82.36,1.52,Apply Lime,2-4 weeks before planting
Rungwe,-9.4,33.49,5.2,520.0,1.8,36.06,Clay Loam,17.62,79.37,2.63,Apply Lime,2-4 weeks before planting
Rungwe,-9.365,33.69,5.5,286.0,2.46,43.85,Sandy Clay Loam,18.3,88.15,17.18,NPK,At planting time (basal application)
Rungwe,-9.26,33.49,5.5,400.0,1.6,48.74,Sandy Clay Loam,17.99,81.69,5.05,No Fertilizer,No application needed
Rungwe,-9.085,33.85,5.6,820.0,2.5,80.48,Sandy Clay Loam,15.08,68.76,0.0,No Fertilizer,No application needed
Rungwe,-9.19,33.57,5.7,506.0,2.2,132.18,Sandy Clay Loam,17.98,80.87,5.44,No Fertilizer,No application needed
Rungwe,-9.4,33.85,5.7,288.0,2.4,47.83,Sandy Clay Loam,15.22,66.97,0.0,No Fertilizer,No application needed
Rungwe,-9.225,33.81,5.5,620.0,1.6,53.88,Clay Loam,17.67,64.45,0.0,No Fertilizer,No application needed
Rungwe,-9.085,33.69,5.6,540.0,2.5,98.34,Clay Loam,16.66,91.48,13.94,No Fertilizer,No application needed
Rungwe,-9.085,33.69,5.6,540.0,2.5,98.34,Clay Loam,18.73,85.72,0.73,No Fertilizer,No application needed
Rungwe,-9.085,33.77,5.6,620.0,2.0,53.88,Sandy Clay Loam,13.75,73.38,0.0,No Fertilizer,No application needed
Rungwe,-9.33,33.73,5.6,308.0,2.46,48.49,Sandy Clay Loam,14.37,82.14,0.42,No Fertilizer,No application needed
Rungwe,-9.12,33.81,5.7,528.0,2.46,97.88,Sandy Clay Loam,17.95,78.11,1.38,No Fertilizer,No application needed
Rungwe,-9.155,33.53,5.8,572.0,2.2,132.18,Sandy Clay Loam,18.42,85.57,0.11,No Fertilizer,No application needed
Rungwe,-9.365,33.73,5.7,264.0,2.4,52.9,Sandy Clay Loam,18.49,82.41,1.62,No Fertilizer,No application needed
Rungwe,-9.19,33.57,5.7,506.0,2.2,132.18,Sandy Clay Loam,17.13,84.02,2.67,No Fertilizer,No application needed
Rungwe,-9.225,33.53,5.7,396.0,1.98,88.53,Sandy Clay Loam,18.58,71.1,0.0,No Fertilizer,No application needed
Rungwe,-9.19,33.81,5.5,540.0,1.6,53.88,Sandy Clay Loam,16.78,85.71,9.18,No Fertilizer,No application needed
Rungwe,-9.295,33.73,5.5,308.0,2.2,53.61,Sandy Clay Loam,13.37,82.64,1.09,No Fertilizer,No application needed
Rungwe,-9.12,33.77,5.5,680.0,2.0,72.8,Sandy Clay Loam,18.14,72.7,0.0,No Fertilizer,No application needed
Rungwe,-9.295,33.57,5.5,286.0,1.76,53.61,Sandy Clay Loam,16.39,86.34,0.51,No Fertilizer,No application needed
Rungwe,-9.365,33.85,5.6,286.0,2.2,43.85,Sandy Clay Loam,20.5,66.79,0.01,NPK,At planting time (basal application)
Rungwe,-9.225,33.49,5.6,420.0,2.0,59.58,Sandy Clay Loam,18.64,86.68,53.35,No Fertilizer,No application needed
Rungwe,-9.295,33.61,5.5,374.0,2.46,72.45,Sandy Clay Loam,17.21,87.62,8.74,No Fertilizer,No application needed
Rungwe,-9.26,33.61,5.6,440.0,2.46,108.17,Sandy Clay Loam,17.79,84.38,25.05,No Fertilizer,No application needed
Rungwe,-9.12,33.85,5.6,594.0,2.02,48.49,Sandy Clay Loam,13.51,81.59,0.0,No Fertilizer,No application needed
Rungwe,-9.085,33.69,5.6,540.0,2.5,98.34,Clay Loam,14.38,69.47,0.0,No Fertilizer,No application needed
Rungwe,-9.05,33.73,5.4,720.0,1.6,65.86,Clay Loam,17.7,71.83,0.0,Apply Lime,2-4 weeks before planting
Rungwe,-9.155,33.45,5.4,580.0,2.0,59.58,Sandy Clay Loam,17.32,92.84,21.58,Apply Lime,2-4 weeks before planting
Rungwe,-9.085,33.61,5.4,700.0,2.0,80.48,Clay Loam,20.03,75.47,4.38,Apply Lime,2-4 weeks before planting
Rungwe,-9.295,33.81,5.7,440.0,1.98,80.08,Sandy Clay Loam,17.65,86.76,15.84,No Fertilizer,No application needed
Rungwe,-9.155,33.69,5.5,684.0,2.25,59.27,Sandy Clay Loam,19.91,76.12,0.79,No Fertilizer,No application needed
Rungwe,-9.225,33.85,5.7,462.0,1.98,80.08,Sandy Clay Loam,18.36,90.46,23.78,No Fertilizer,No application needed
Rungwe,-9.085,33.61,5.4,700.0,2.0,80.48,Clay Loam,18.09,75.33,0.07,Apply Lime,2-4 weeks before planting
Rungwe,-9.225,33.81,5.5,620.0,1.6,53.88,Clay Loam,17.41,88.35,7.02,No Fertilizer,No application needed
Rungwe,-9.155,33.49,5.6,484.0,2.2,72.45,Sandy Clay Loam,15.89,77.3,0.01,No Fertilizer,No application needed
Rungwe,-9.4,33.73,5.5,240.0,2.4,52.9,Sandy Clay Loam,16.53,66.5,0.0,Urea,2-3 weeks after planting (top dressing)
Rungwe,-9.19,33.73,5.7,540.0,2.0,120.16,Sandy Clay Loam,18.45,86.02,6.86,No Fertilizer,No application needed
Rungwe,-9.085,33.77,5.6,620.0,2.0,53.88,Sandy Clay Loam,14.27,83.2,0.0,No Fertilizer,No application needed
Rungwe,-9.4,33.45,5.2,680.0,2.0,32.6,Clay Loam,17.69,87.77,11.47,Apply Lime,2-4 weeks before planting
Rungwe,-9.33,33.77,5.5,286.0,1.98,43.85,Sandy Clay Loam,17.9,81.58,1.15,NPK,At planting time (basal application)
Rungwe,-9.33,33.85,5.4,330.0,2.2,65.54,Sandy Clay Loam,13.13,73.8,0.0,Apply Lime,2-4 weeks before planting
Rungwe,-9.295,33.49,5.5,374.0,2.2,43.85,Sandy Clay Loam,18.34,67.38,5.87,NPK,At planting time (basal application)
Rungwe,-9.33,33.57,5.5,288.0,2.16,52.9,Sandy Clay Loam,17.7,80.31,0.07,No Fertilizer,No application needed
Rungwe,-9.295,33.65,5.7,340.0,1.8,72.8,Sandy Clay Loam,19.29,71.07,0.22,No Fertilizer,No application needed
Rungwe,-9.365,33.73,5.7,264.0,2.4,52.9,Sandy Clay Loam,18.91,84.93,18.88,No Fertilizer,No application needed
Rungwe,-9.085,33.53,5.8,462.0,2.2,161.5,Sandy Clay Loam,20.11,78.08,0.99,No Fertilizer,No application needed
Rungwe,-9.12,33.65,5.7,800.0,2.5,65.86,Sandy Clay Loam,18.03,83.39,5.37,No Fertilizer,No application needed
Rungwe,-9.26,33.65,5.6,418.0,2.46,80.08,Sandy Clay Loam,15.08,75.04,0.05,No Fertilizer,No application needed
Rungwe,-9.05,33.69,5.5,600.0,2.24,88.98,Clay Loam,17.19,86.94,5.65,No Fertilizer,No application needed
Rungwe,-9.295,33.45,5.5,540.0,1.6,39.86,Clay Loam,17.24,90.73,41.96,NPK,At planting time (basal application)
Rungwe,-9.05,33.73,5.4,720.0,1.6,65.86,Clay Loam,17.74,91.46,17.73,Apply Lime,2-4 weeks before planting
Rungwe,-9.4,33.57,5.6,286.0,1.76,39.67,Sandy Clay Loam,16.81,91.96,20.99,NPK,At planting time (basal application)
Rungwe,-9.12,33.73,5.4,720.0,2.5,59.58,Clay Loam,17.59,91.08,24.96,Apply Lime,2-4 weeks before planting
Rungwe,-9.295,33.53,5.6,384.0,2.4,52.9,Clay Loam,18.54,66.37,0.0,No Fertilizer,No application needed
Rungwe,-9.26,33.53,5.6,374.0,1.98,48.49,Sandy Clay Loam,15.61,77.94,0.0,No Fertilizer,No application needed
Rungwe,-9.4,33.85,5.7,288.0,2.4,47.83,Sandy Clay Loam,17.88,82.87,28.18,No Fertilizer,No application needed
Rungwe,-9.05,33.69,5.5,600.0,2.24,88.98,Clay Loam,16.54,85.99,3.27,No Fertilizer,No application needed
Rungwe,-9.12,33.85,5.6,594.0,2.02,48.49,Sandy Clay Loam,13.82,82.22,0.0,No Fertilizer,No application needed
Rungwe,-9.05,33.57,5.6,528.0,2.2,132.18,Sandy Clay Loam,12.21,81.08,0.1,No Fertilizer,No application needed
Rungwe,-9.26,33.81,5.4,560.0,2.0,98.34,Sandy Clay Loam,18.11,87.09,1.55,Apply Lime,2-4 weeks before planting
Rungwe,-9.085,33.61,5.4,700.0,2.0,80.48,Clay Loam,17.14,89.9,5.84,Apply Lime,2-4 weeks before planting
Rungwe,-9.295,33.45,5.5,540.0,1.6,39.86,Clay Loam,13.46,82.49,0.92,NPK,At planting time (basal application)
Rungwe,-9.225,33.45,5.4,640.0,2.0,53.88,Sandy Clay Loam,13.18,82.38,0.0,Apply Lime,2-4 weeks before planting
Rungwe,-9.225,33.65,5.7,528.0,2.46,161.5,Sandy Clay Loam,19.07,83.28,7.1,No Fertilizer,No application needed
Rungwe,-9.225,33.61,5.5,462.0,2.75,146.1,Sandy Clay Loam,12.97,75.52,0.0,No Fertilizer,No application needed
Rungwe,-9.33,33.45,5.2,640.0,2.24,48.74,Clay Loam,16.94,87.69,11.88,Apply Lime,2-4 weeks before planting
Rungwe,-9.225,33.61,5.5,462.0,2.75,146.1,Sandy Clay Loam,13.94,80.32,0.0,No Fertilizer,No application needed
Rungwe,-9.05,33.57,5.6,528.0,2.2,132.18,Sandy Clay Loam,17.87,84.32,0.22,No Fertilizer,No application needed
Rungwe,-9.4,33.65,5.5,330.0,2.46,39.67,Sandy Clay Loam,20.18,69.08,0.0,NPK,At planting time (basal application)
Rungwe,-9.225,33.69,5.8,528.0,2.46,108.17,Sandy Clay Loam,17.45,87.69,8.55,No Fertilizer,No application needed
Rungwe,-9.365,33.81,5.5,312.0,2.4,43.27,Sandy Clay Loam,14.78,79.69,0.57,NPK,At planting time (basal application)
Rungwe,-9.12,33.45,5.4,682.0,2.2,59.27,Clay Loam,18.46,85.04,16.1,Apply Lime,2-4 weeks before planting
Rungwe,-9.05,33.73,5.4,720.0,1.6,65.86,Clay Loam,17.65,75.56,0.0,Apply Lime,2-4 weeks before planting
Rungwe,-9.12,33.69,5.4,860.0,1.8,72.8,Sandy Clay Loam,13.38,82.6,0.47,Apply Lime,2-4 weeks before planting
Rungwe,-9.225,33.61,5.5,462.0,2.75,146.1,Sandy Clay Loam,15.37,84.99,0.22,No Fertilizer,No application needed
Rungwe,-9.26,33.45,5.3,680.0,1.8,53.88,Clay Loam,13.81,74.12,0.0,Apply Lime,2-4 weeks before planting
Rungwe,-9.26,33.85,5.6,418.0,2.2,88.53,Sandy Clay Loam,15.08,79.86,0.0,No Fertilizer,No application needed
Rungwe,-9.05,33.85,5.7,820.0,2.24,98.34,Sandy Clay Loam,17.24,71.54,0.07,No Fertilizer,No application needed
Rungwe,-9.225,33.77,5.5,460.0,1.44,59.58,Sandy Clay Loam,12.22,82.55,0.0,No Fertilizer,No application needed
Rungwe,-9.19,33.53,5.7,460.0,1.8,108.72,Sandy Clay Loam,19.54,69.36,0.0,No Fertilizer,No application needed
Rungwe,-9.365,33.49,5.3,520.0,1.8,39.86,Clay Loam,17.71,71.05,0.22,Apply Lime,2-4 weeks before planting
Rungwe,-9.085,33.73,5.5,702.0,1.8,72.43,Clay Loam,17.47,88.15,1.45,No Fertilizer,No application needed
Rungwe,-9.295,33.61,5.5,374.0,2.46,72.45,Sandy Clay Loam,11.88,70.49,0.0,No Fertilizer,No application needed
Rungwe,-9.12,33.45,5.4,682.0,2.2,59.27,Clay Loam,12.82,78.55,0.01,Apply Lime,2-4 weeks before planting
Rungwe,-9.12,33.81,5.7,528.0,2.46,97.88,Sandy Clay Loam,14.86,78.34,0.0,No Fertilizer,No application needed
Rungwe,-9.365,33.69,5.5,286.0,2.46,43.85,Sandy Clay Loam,19.13,70.27,2.48,NPK,At planting time (basal application)
Rungwe,-9.225,33.45,5.4,640.0,2.0,53.88,Sandy Clay Loam,17.81,88.56,1.23,Apply Lime,2-4 weeks before planting
Rungwe,-9.4,33.81,5.6,312.0,2.69,43.27,Sandy Clay Loam,11.72,78.57,0.0,NPK,At planting time (basal application)
Rungwe,-9.155,33.85,5.5,600.0,1.6,72.8,Sandy Clay Loam,13.47,79.45,0.08,No Fertilizer,No application needed
Rungwe,-9.05,33.45,5.5,638.0,2.46,65.54,Clay Loam,17.64,91.65,17.89,No Fertilizer,No application needed
Rungwe,-9.19,33.49,5.6,550.0,1.98,59.27,Sandy Clay Loam,15.38,82.2,0.0,No Fertilizer,No application needed
Rungwe,-9.365,33.49,5.3,520.0,1.8,39.86,Clay Loam,15.75,73.52,0.0,Apply Lime,2-4 weeks before planting
Rungwe,-9.26,33.85,5.6,418.0,2.2,88.53,Sandy Clay Loam,18.5,81.46,3.77,No Fertilizer,No application needed
Rungwe,-9.365,33.73,5.7,264.0,2.4,52.9,Sandy Clay Loam,17.42,92.66,20.78,No Fertilizer,No application needed
Rungwe,-9.33,33.85,5.4,330.0,2.2,65.54,Sandy Clay Loam,14.66,64.74,0.0,Apply Lime,2-4 weeks before planting
Rungwe,-9.12,33.65,5.7,800.0,2.5,65.86,Sandy Clay Loam,19.16,64.86,0.12,No Fertilizer,No application needed
Rungwe,-9.365,33.61,5.6,288.0,2.4,43.27,Sandy Clay Loam,19.77,60.97,0.0,NPK,At planting time (basal application)
Rungwe,-9.05,33.77,5.5,666.0,1.62,80.08,Clay Loam,18.21,87.83,0.98,No Fertilizer,No application needed
Rungwe,-9.19,33.69,5.6,726.0,1.98,108.17,Sandy Clay Loam,11.72,78.57,0.0,No Fertilizer,No application needed
Rungwe,-9.33,33.53,5.5,312.0,2.16,52.9,Clay Loam,14.05,61.25,0.0,No Fertilizer,No application needed
Rungwe,-9.225,33.61,5.5,462.0,2.75,146.1,Sandy Clay Loam,18.16,87.67,4.41,No Fertilizer,No application needed
Rungwe,-9.05,33.73,5.4,720.0,1.6,65.86,Clay Loam,12.63,81.3,0.17,Apply Lime,2-4 weeks before planting
Rungwe,-9.365,33.69,5.5,286.0,2.46,43.85,Sandy Clay Loam,18.15,88.51,8.09,NPK,At planting time (basal application)
Rungwe,-9.365,33.81,5.5,312.0,2.4,43.27,Sandy Clay Loam,17.67,73.37,0.21,NPK,At planting time (basal application)
Rungwe,-9.05,33.45,5.5,638.0,2.46,65.54,Clay Loam,16.1,88.33,1.76,No Fertilizer,No application needed
Rungwe,-9.225,33.81,5.5,620.0,1.6,53.88,Clay Loam,13.09,81.96,14.47,No Fertilizer,No application needed
Rungwe,-9.12,33.61,5.3,704.0,2.75,72.45,Sandy Clay Loam,16.61,86.06,0.49,Apply Lime,2-4 weeks before planting
Rungwe,-9.155,33.69,5.5,684.0,2.25,59.27,Sandy Clay Loam,16.02,74.51,8.23,No Fertilizer,No application needed
Rungwe,-9.33,33.73,5.6,308.0,2.46,48.49,Sandy Clay Loam,13.96,78.36,0.02,No Fertilizer,No application needed
Rungwe,-9.05,33.65,5.4,620.0,1.8,80.48,Clay Loam,18.19,88.2,10.79,Apply Lime,2-4 weeks before planting
Rungwe,-9.225,33.53,5.7,396.0,1.98,88.53,Sandy Clay Loam,16.54,87.54,19.62,No Fertilizer,No application needed
Rungwe,-9.05,33.73,5.4,720.0,1.6,65.86,Clay Loam,17.0,86.83,4.06,Apply Lime,2-4 weeks before planting
Rungwe,-9.19,33.85,5.2,594.0,1.76,65.54,Sandy Clay Loam,16.75,88.93,5.46,Apply Lime,2-4 weeks before planting
Rungwe,-9.295,33.61,5.5,374.0,2.46,72.45,Sandy Clay Loam,19.23,77.53,3.54,No Fertilizer,No application needed
Rungwe,-9.295,33.49,5.5,374.0,2.2,43.85,Sandy Clay Loam,13.96,80.93,0.0,NPK,At planting time (basal application)
Rungwe,-9.4,33.81,5.6,312.0,2.69,43.27,Sandy Clay Loam,14.12,76.46,0.01,NPK,At planting time (basal application)
Rungwe,-9.33,33.69,5.6,308.0,2.2,53.61,Sandy Clay Loam,16.58,61.15,0.0,No Fertilizer,No application needed
Rungwe,-9.225,33.69,5.8,528.0,2.46,108.17,Sandy Clay Loam,18.58,90.43,3.66,No Fertilizer,No application needed
Rungwe,-9.155,33.61,5.4,580.0,1.8,98.34,Sandy Clay Loam,13.3,76.57,0.0,Apply Lime,2-4 weeks before planting
Rungwe,-9.225,33.57,5.8,396.0,2.2,119.59,Sandy Clay Loam,18.26,86.28,3.44,No Fertilizer,No application needed
Rungwe,-9.33,33.53,5.5,312.0,2.16,52.9,Clay Loam,18.96,79.48,28.79,No Fertilizer,No application needed
Rungwe,-9.4,33.77,5.5,336.0,2.69,43.27,Sandy Clay Loam,17.3,89.84,28.15,NPK,At planting time (basal application)
Rungwe,-9.365,33.45,5.2,860.0,2.0,44.08,Sandy Clay Loam,13.44,81.46,0.03,Apply Lime,2-4 weeks before planting
Rungwe,-9.4,33.65,5.5,330.0,2.46,39.67,Sandy Clay Loam,17.07,90.61,2.84,NPK,At planting time (basal application)
Rungwe,-9.225,33.81,5.5,620.0,1.6,53.88,Clay Loam,16.31,81.89,0.03,No Fertilizer,No application needed
Rungwe,-9.05,33.77,5.5,666.0,1.62,80.08,Clay Loam,13.41,79.83,0.05,No Fertilizer,No application needed
Rungwe,-9.33,33.49,5.3,440.0,1.98,43.85,Sandy Clay Loam,17.85,80.57,6.21,Apply Lime,2-4 weeks before planting
Rungwe,-9.365,33.81,5.5,312.0,2.4,43.27,Sandy Clay Loam,13.16,82.49,12.3,NPK,At planting time (basal application)
Rungwe,-9.085,33.57,5.8,440.0,2.5,146.82,Loam,19.25,74.08,0.26,No Fertilizer,No application needed
Rungwe,-9.33,33.69,5.6,308.0,2.2,53.61,Sandy Clay Loam,15.56,80.59,0.94,No Fertilizer,No application needed
Rungwe,-9.05,33.57,5.6,528.0,2.2,132.18,Sandy Clay Loam,18.47,88.69,16.25,No Fertilizer,No application needed
Rungwe,-9.365,33.57,5.6,286.0,1.98,43.85,Sandy Clay Loam,15.32,89.11,4.39,NPK,At planting time (basal application)
Rungwe,-9.33,33.53,5.5,312.0,2.16,52.9,Clay Loam,14.18,76.6,0.46,No Fertilizer,No application needed
Rungwe,-9.05,33.57,5.6,528.0,2.2,132.18,Sandy Clay Loam,12.5,80.81,0.0,No Fertilizer,No application needed
Rungwe,-9.295,33.81,5.7,440.0,1.98,80.08,Sandy Clay Loam,14.31,77.86,0.0,No Fertilizer,No application needed
Rungwe,-9.085,33.69,5.6,540.0,2.5,98.34,Clay Loam,14.64,75.81,0.04,No Fertilizer,No application needed
Rungwe,-9.085,33.49,5.7,506.0,1.76,88.53,Sandy Clay Loam,12.95,82.64,0.34,No Fertilizer,No application needed
Rungwe,-9.33,33.69,5.6,308.0,2.2,53.61,Sandy Clay Loam,14.57,82.32,0.0,No Fertilizer,No application needed
Rungwe,-9.225,33.65,5.7,528.0,2.46,161.5,Sandy Clay Loam,17.12,70.82,0.0,No Fertilizer,No application needed
Rungwe,-9.05,33.53,5.7,506.0,2.2,132.18,Sandy Clay Loam,12.14,80.66,0.0,No Fertilizer,No application needed
Rungwe,-9.26,33.77,5.5,550.0,2.2,108.17,Sandy Clay Loam,15.99,61.52,0.0,No Fertilizer,No application needed
Rungwe,-9.19,33.61,5.6,580.0,1.8,132.82,Sandy Clay Loam,17.07,91.33,6.98,No Fertilizer,No application needed
Rungwe,-9.05,33.57,5.6,528.0,2.2,132.18,Sandy Clay Loam,17.38,69.41,0.01,No Fertilizer,No application needed
Rungwe,-9.26,33.53,5.6,374.0,1.98,48.49,Sandy Clay Loam,17.3,87.12,3.62,No Fertilizer,No application needed
Rungwe,-9.085,33.49,5.7,506.0,1.76,88.53,Sandy Clay Loam,17.93,83.71,3.11,No Fertilizer,No application needed
Rungwe,-9.4,33.81,5.6,312.0,2.69,43.27,Sandy Clay Loam,12.58,78.52,0.0,NPK,At planting time (basal application)
Rungwe,-9.365,33.85,5.6,286.0,2.2,43.85,Sandy Clay Loam,15.52,73.85,0.0,NPK,At planting time (basal application)
Rungwe,-9.12,33.53,5.7,572.0,1.98,178.51,Sandy Clay Loam,18.49,75.03,0.31,No Fertilizer,No application needed
Rungwe,-9.05,33.57,5.6,528.0,2.2,132.18,Sandy Clay Loam,12.22,73.06,0.0,No Fertilizer,No application needed
Rungwe,-9.26,33.65,5.6,418.0,2.46,80.08,Sandy Clay Loam,15.28,83.0,0.21,No Fertilizer,No application needed
Rungwe,-9.225,33.57,5.8,396.0,2.2,119.59,Sandy Clay Loam,18.56,73.74,0.19,No Fertilizer,No application needed
Rungwe,-9.365,33.73,5.7,264.0,2.4,52.9,Sandy Clay Loam,16.1,88.33,1.76,No Fertilizer,No application needed
Rungwe,-9.33,33.61,5.5,308.0,1.98,53.61,Sandy Clay Loam,12.62,71.4,0.0,No Fertilizer,No application needed
Rungwe,-9.05,33.85,5.7,820.0,2.24,98.34,Sandy Clay Loam,18.97,86.28,7.16,No Fertilizer,No application needed
Rungwe,-9.26,33.81,5.4,560.0,2.0,98.34,Sandy Clay Loam,19.75,60.83,0.0,Apply Lime,2-4 weeks before planting
Rungwe,-9.4,33.65,5.5,330.0,2.46,39.67,Sandy Clay Loam,17.76,85.34,3.4,NPK,At planting time (basal application)
Rungwe,-9.225,33.69,5.8,528.0,2.46,108.17,Sandy Clay Loam,17.49,85.11,0.59,No Fertilizer,No application needed
Rungwe,-9.295,33.49,5.5,374.0,2.2,43.85,Sandy Clay Loam,15.61,72.7,0.0,NPK,At planting time (basal application)
Rungwe,-9.155,33.81,5.7,550.0,2.75,88.53,Sandy Clay Loam,16.78,85.71,9.18,No Fertilizer,No application needed
Rungwe,-9.295,33.53,5.6,384.0,2.4,52.9,Clay Loam,17.91,87.04,9.75,No Fertilizer,No application needed
Rungwe,-9.33,33.45,5.2,640.0,2.24,48.74,Clay Loam,15.75,87.06,0.0,Apply Lime,2-4 weeks before planting
Rungwe,-9.26,33.61,5.6,440.0,2.46,108.17,Sandy Clay Loam,17.46,70.54,0.01,No Fertilizer,No application needed
Rungwe,-9.085,33.57,5.8,440.0,2.5,146.82,Loam,16.0,76.66,0.03,No Fertilizer,No application needed
Rungwe,-9.365,33.77,5.6,312.0,2.69,47.83,Sandy Clay Loam,16.36,72.43,0.11,No Fertilizer,No application needed
Rungwe,-9.19,33.81,5.5,540.0,1.6,53.88,Sandy Clay Loam,17.18,86.5,38.02,No Fertilizer,No application needed
Rungwe,-9.26,33.77,5.5,550.0,2.2,108.17,Sandy Clay Loam,13.53,80.97,0.0,No Fertilizer,No application needed
Rungwe,-9.33,33.61,5.5,308.0,1.98,53.61,Sandy Clay Loam,17.97,82.59,0.86,No Fertilizer,No application needed
Rungwe,-9.05,33.53,5.7,506.0,2.2,132.18,Sandy Clay Loam,18.84,89.62,9.0,No Fertilizer,No application needed
Rungwe,-9.085,33.49,5.7,506.0,1.76,88.53,Sandy Clay Loam,17.2,89.52,8.7,No Fertilizer,No application needed
Rungwe,-9.26,33.77,5.5,550.0,2.2,108.17,Sandy Clay Loam,14.03,85.74,1.59,No Fertilizer,No application needed
Rungwe,-9.365,33.81,5.5,312.0,2.4,43.27,Sandy Clay Loam,18.39,75.81,0.0,NPK,At planting time (basal application)
Rungwe,-9.05,33.65,5.4,620.0,1.8,80.48,Clay Loam,17.51,88.45,8.25,Apply Lime,2-4 weeks before planting
Rungwe,-9.12,33.53,5.7,572.0,1.98,178.51,Sandy Clay Loam,15.9,68.05,0.0,No Fertilizer,No application needed
Rungwe,-9.12,33.53,5.7,572.0,1.98,178.51,Sandy Clay Loam,17.13,91.03,31.44,No Fertilizer,No application needed
Rungwe,-9.12,33.81,5.7,528.0,2.46,97.88,Sandy Clay Loam,14.57,74.75,0.0,No Fertilizer,No application needed
Rungwe,-9.365,33.77,5.6,312.0,2.69,47.83,Sandy Clay Loam,15.03,80.51,0.0,No Fertilizer,No application needed
Rungwe,-9.4,33.49,5.2,520.0,1.8,36.06,Clay Loam,17.32,92.84,21.58,Apply Lime,2-4 weeks before planting
Rungwe,-9.05,33.45,5.5,638.0,2.46,65.54,Clay Loam,14.13,79.04,0.0,No Fertilizer,No application needed
Rungwe,-9.19,33.57,5.7,506.0,2.2,132.18,Sandy Clay Loam,19.27,75.68,0.13,No Fertilizer,No application needed
Rungwe,-9.05,33.77,5.5,666.0,1.62,80.08,Clay Loam,15.72,85.04,0.3,No Fertilizer,No application needed
Rungwe,-9.33,33.57,5.5,288.0,2.16,52.9,Sandy Clay Loam,17.46,87.07,7.8,No Fertilizer,No application needed
Rungwe,-9.155,33.65,5.4,680.0,2.24,72.8,Clay Loam,17.36,76.43,3.5,Apply Lime,2-4 weeks before planting
Rungwe,-9.26,33.81,5.4,560.0,2.0,98.34,Sandy Clay Loam,12.62,71.4,0.0,Apply Lime,2-4 weeks before planting
Rungwe,-9.05,33.77,5.5,666.0,1.62,80.08,Clay Loam,14.13,84.55,0.53,No Fertilizer,No application needed
Rungwe,-9.225,33.61,5.5,462.0,2.75,146.1,Sandy Clay Loam,15.59,82.1,0.0,No Fertilizer,No application needed
Rungwe,-9.295,33.65,5.7,340.0,1.8,72.8,Sandy Clay Loam,17.92,86.17,3.66,No Fertilizer,No application needed
Rungwe,-9.33,33.85,5.4,330.0,2.2,65.54,Sandy Clay Loam,13.5,79.9,0.0,Apply Lime,2-4 weeks before planting
Rungwe,-9.33,33.77,5.5,286.0,1.98,43.85,Sandy Clay Loam,18.49,75.03,0.31,NPK,At planting time (basal application)
Rungwe,-9.4,33.49,5.2,520.0,1.8,36.06,Clay Loam,14.07,83.12,0.0,Apply Lime,2-4 weeks before planting
Rungwe,-9.365,33.73,5.7,264.0,2.4,52.9,Sandy Clay Loam,12.36,81.83,0.04,No Fertilizer,No application needed
Rungwe,-9.085,33.69,5.6,540.0,2.5,98.34,Clay Loam,13.9,85.2,0.33,No Fertilizer,No application needed
Rungwe,-9.26,33.45,5.3,680.0,1.8,53.88,Clay Loam,17.76,85.54,3.72,Apply Lime,2-4 weeks before planting
Rungwe,-9.155,33.61,5.4,580.0,1.8,98.34,Sandy Clay Loam,18.07,86.52,7.85,Apply Lime,2-4 weeks before planting
Rungwe,-9.33,33.81,5.5,286.0,2.2,43.85,Sandy Clay Loam,18.37,89.5,1.96,NPK,At planting time (basal application)
Rungwe,-9.085,33.65,5.5,738.0,2.02,65.52,Clay Loam,18.03,83.39,5.37,No Fertilizer,No application needed
Rungwe,-9.155,33.61,5.4,580.0,1.8,98.34,Sandy Clay Loam,16.79,85.34,1.15,Apply Lime,2-4 weeks before planting
Rungwe,-9.4,33.57,5.6,286.0,1.76,39.67,Sandy Clay Loam,14.62,82.62,0.11,NPK,At planting time (basal application)
Rungwe,-9.295,33.65,5.7,340.0,1.8,72.8,Sandy Clay Loam,17.68,84.92,0.33,No Fertilizer,No application needed
Rungwe,-9.085,33.49,5.7,506.0,1.76,88.53,Sandy Clay Loam,15.94,65.82,0.0,No Fertilizer,No application needed
Rungwe,-9.19,33.49,5.6,550.0,1.98,59.27,Sandy Clay Loam,16.86,74.12,0.0,No Fertilizer,No application needed
Rungwe,-9.365,33.57,5.6,286.0,1.98,43.85,Sandy Clay Loam,18.21,85.97,20.29,NPK,At planting time (basal application)
Rungwe,-9.05,33.73,5.4,720.0,1.6,65.86,Clay Loam,17.11,67.96,0.0,Apply Lime,2-4 weeks before planting
Rungwe,-9.4,33.61,5.4,330.0,2.46,43.85,Sandy Clay Loam,16.57,82.62,0.53,Apply Lime,2-4 weeks before planting
Rungwe,-9.26,33.81,5.4,560.0,2.0,98.34,Sandy Clay Loam,17.42,88.85,26.1,Apply Lime,2-4 weeks before planting
Rungwe,-9.295,33.85,5.6,352.0,1.98,97.88,Sandy Clay Loam,18.94,83.78,2.07,No Fertilizer,No application needed
Rungwe,-9.225,33.53,5.7,396.0,1.98,88.53,Sandy Clay Loam,16.9,88.02,7.22,No Fertilizer,No application needed
Rungwe,-9.155,33.69,5.5,684.0,2.25,59.27,Sandy Clay Loam,13.53,80.84,4.56,No Fertilizer,No application needed
Rungwe,-9.33,33.65,5.6,330.0,2.2,53.61,Clay Loam,18.51,91.08,2.09,No Fertilizer,No application needed
Rungwe,-9.33,33.73,5.6,308.0,2.46,48.49,Sandy Clay Loam,11.77,80.39,3.58,No Fertilizer,No application needed
Rungwe,-9.365,33.57,5.6,286.0,1.98,43.85,Sandy Clay Loam,16.73,89.14,8.31,NPK,At planting time (basal application)
Rungwe,-9.085,33.65,5.5,738.0,2.02,65.52,Clay Loam,13.41,81.83,0.0,No Fertilizer,No application needed
Rungwe,-9.19,33.77,5.5,572.0,1.58,119.59,Sandy Clay Loam,19.75,74.54,0.08,No Fertilizer,No application needed
Rungwe,-9.4,33.57,5.6,286.0,1.76,39.67,Sandy Clay Loam,18.71,81.16,20.49,NPK,At planting time (basal application)
Rungwe,-9.12,33.77,5.5,680.0,2.0,72.8,Sandy Clay Loam,19.54,67.22,0.0,No Fertilizer,No application needed
Rungwe,-9.085,33.65,5.5,738.0,2.02,65.52,Clay Loam,14.09,75.42,0.0,No Fertilizer,No application needed
Rungwe,-9.4,33.73,5.5,240.0,2.4,52.9,Sandy Clay Loam,14.68,79.71,0.0,Urea,2-3 weeks after planting (top dressing)
Rungwe,-9.295,33.45,5.5,540.0,1.6,39.86,Clay Loam,12.65,75.33,0.0,NPK,At planting time (basal application)
Rungwe,-9.155,33.77,5.7,560.0,1.6,98.34,Sandy Clay Loam,16.93,86.12,0.28,No Fertilizer,No application needed
Rungwe,-9.365,33.49,5.3,520.0,1.8,39.86,Clay Loam,16.68,84.51,7.32,Apply Lime,2-4 weeks before planting
Rungwe,-9.33,33.65,5.6,330.0,2.2,53.61,Clay Loam,18.63,80.68,2.93,No Fertilizer,No application needed
Rungwe,-9.19,33.53,5.7,460.0,1.8,108.72,Sandy Clay Loam,17.74,86.43,9.74,No Fertilizer,No application needed
Rungwe,-9.05,33.45,5.5,638.0,2.46,65.54,Clay Loam,17.05,92.82,5.04,No Fertilizer,No application needed
Rungwe,-9.155,33.69,5.5,684.0,2.25,59.27,Sandy Clay Loam,17.72,91.32,10.33,No Fertilizer,No application needed
Rungwe,-9.19,33.45,5.4,704.0,2.46,59.27,Clay Loam,17.02,84.85,1.42,Apply Lime,2-4 weeks before planting
Rungwe,-9.33,33.61,5.5,308.0,1.98,53.61,Sandy Clay Loam,13.55,79.3,0.0,No Fertilizer,No application needed
Rungwe,-9.4,33.77,5.5,336.0,2.69,43.27,Sandy Clay Loam,18.65,88.79,13.64,NPK,At planting time (basal application)
Rungwe,-9.085,33.53,5.8,462.0,2.2,161.5,Sandy Clay Loam,17.9,86.18,16.92,No Fertilizer,No application needed
Rungwe,-9.295,33.73,5.5,308.0,2.2,53.61,Sandy Clay Loam,14.03,78.49,0.0,No Fertilizer,No application needed
Rungwe,-9.19,33.57,5.7,506.0,2.2,132.18,Sandy Clay Loam,17.52,86.24,6.98,No Fertilizer,No application needed
Rungwe,-9.365,33.73,5.7,264.0,2.4,52.9,Sandy Clay Loam,13.78,81.86,0.0,No Fertilizer,No application needed
Rungwe,-9.26,33.49,5.5,400.0,1.6,48.74,Sandy Clay Loam,12.42,72.12,0.0,No Fertilizer,No application needed
Rungwe,-9.33,33.57,5.5,288.0,2.16,52.9,Sandy Clay Loam,17.89,74.21,0.0,No Fertilizer,No application needed
Rungwe,-9.155,33.61,5.4,580.0,1.8,98.34,Sandy Clay Loam,13.56,79.79,0.2,Apply Lime,2-4 weeks before planting
Rungwe,-9.365,33.69,5.5,286.0,2.46,43.85,Sandy Clay Loam,17.92,86.17,3.66,NPK,At planting time (basal application)
Rungwe,-9.225,33.53,5.7,396.0,1.98,88.53,Sandy Clay Loam,15.49,83.45,14.12,No Fertilizer,No application needed
Rungwe,-9.225,33.65,5.7,528.0,2.46,161.5,Sandy Clay Loam,16.98,90.34,14.66,No Fertilizer,No application needed
Rungwe,-9.085,33.57,5.8,440.0,2.5,146.82,Loam,18.22,83.73,5.94,No Fertilizer,No application needed
Rungwe,-9.26,33.85,5.6,418.0,2.2,88.53,Sandy Clay Loam,14.48,78.82,0.0,No Fertilizer,No application needed
Rungwe,-9.085,33.77,5.6,620.0,2.0,53.88,Sandy Clay Loam,18.54,66.37,0.0,No Fertilizer,No application needed
Rungwe,-9.33,33.69,5.6,308.0,2.2,53.61,Sandy Clay Loam,17.3,95.67,13.11,No Fertilizer,No application needed
Rungwe,-9.12,33.53,5.7,572.0,1.98,178.51,Sandy Clay Loam,13.37,73.55,0.0,No Fertilizer,No application needed
Rungwe,-9.365,33.81,5.5,312.0,2.4,43.27,Sandy Clay Loam,18.51,91.08,2.09,NPK,At planting time (basal application)
Rungwe,-9.085,33.85,5.6,820.0,2.5,80.48,Sandy Clay Loam,18.12,80.48,4.09,No Fertilizer,No application needed
Rungwe,-9.295,33.65,5.7,340.0,1.8,72.8,Sandy Clay Loam,17.35,71.63,0.13,No Fertilizer,No application needed
Rungwe,-9.295,33.81,5.7,440.0,1.98,80.08,Sandy Clay Loam,20.18,80.57,0.91,No Fertilizer,No application needed
Rungwe,-9.365,33.77,5.6,312.0,2.69,47.83,Sandy Clay Loam,17.1,85.63,0.7,No Fertilizer,No application needed
Rungwe,-9.085,33.53,5.8,462.0,2.2,161.5,Sandy Clay Loam,14.37,83.33,0.65,No Fertilizer,No application needed
Rungwe,-9.19,33.49,5.6,550.0,1.98,59.27,Sandy Clay Loam,16.42,78.23,0.09,No Fertilizer,No application needed
Rungwe,-9.12,33.77,5.5,680.0,2.0,72.8,Sandy Clay Loam,16.98,91.56,19.9,No Fertilizer,No application needed
Rungwe,-9.26,33.61,5.6,440.0,2.46,108.17,Sandy Clay Loam,17.48,84.71,5.42,No Fertilizer,No application needed
Rungwe,-9.26,33.77,5.5,550.0,2.2,108.17,Sandy Clay Loam,13.86,83.43,0.01,No Fertilizer,No application needed
Rungwe,-9.4,33.85,5.7,288.0,2.4,47.83,Sandy Clay Loam,17.04,86.66,12.89,No Fertilizer,No application needed
Rungwe,-9.225,33.61,5.5,462.0,2.75,146.1,Sandy Clay Loam,14.57,71.58,0.0,No Fertilizer,No application needed
Rungwe,-9.26,33.85,5.6,418.0,2.2,88.53,Sandy Clay Loam,18.46,87.75,10.86,No Fertilizer,No application needed
Rungwe,-9.26,33.65,5.6,418.0,2.46,80.08,Sandy Clay Loam,16.72,90.63,9.05,No Fertilizer,No application needed
Rungwe,-9.12,33.53,5.7,572.0,1.98,178.51,Sandy Clay Loam,17.57,60.71,0.0,No Fertilizer,No application needed
Rungwe,-9.085,33.73,5.5,702.0,1.8,72.43,Clay Loam,17.53,82.08,0.71,No Fertilizer,No application needed
Rungwe,-9.12,33.81,5.7,528.0,2.46,97.88,Sandy Clay Loam,13.46,82.46,0.0,No Fertilizer,No application needed
Rungwe,-9.225,33.77,5.5,460.0,1.44,59.58,Sandy Clay Loam,17.36,90.89,6.11,No Fertilizer,No application needed
Rungwe,-9.26,33.69,5.6,374.0,2.2,59.27,Sandy Clay Loam,18.14,88.33,36.53,No Fertilizer,No application needed
Rungwe,-9.19,33.65,5.6,660.0,2.5,98.34,Sandy Clay Loam,12.14,80.66,0.0,No Fertilizer,No application needed
Rungwe,-9.365,33.53,5.6,330.0,2.2,53.61,Sandy Clay Loam,15.31,82.01,0.2,No Fertilizer,No application needed
Rungwe,-9.4,33.61,5.4,330.0,2.46,43.85,Sandy Clay Loam,17.44,87.92,5.51,Apply Lime,2-4 weeks before planting
Rungwe,-9.155,33.85,5.5,600.0,1.6,72.8,Sandy Clay Loam,12.38,78.38,0.0,No Fertilizer,No application needed
Rungwe,-9.33,33.81,5.5,286.0,2.2,43.85,Sandy Clay Loam,17.34,67.71,0.0,NPK,At planting time (basal application)
Rungwe,-9.19,33.77,5.5,572.0,1.58,119.59,Sandy Clay Loam,16.82,90.89,5.2,No Fertilizer,No application needed
Rungwe,-9.155,33.45,5.4,580.0,2.0,59.58,Sandy Clay Loam,12.55,78.05,0.0,Apply Lime,2-4 weeks before planting
Rungwe,-9.365,33.65,5.6,360.0,3.0,58.49,Sandy Clay Loam,16.62,81.58,0.01,No Fertilizer,No application needed
Rungwe,-9.26,33.65,5.6,418.0,2.46,80.08,Sandy Clay Loam,16.73,89.14,8.31,No Fertilizer,No application needed
Rungwe,-9.295,33.69,5.6,330.0,2.2,59.27,Sandy Clay Loam,18.25,83.28,1.44,No Fertilizer,No application needed
Rungwe,-9.295,33.69,5.6,330.0,2.2,59.27,Sandy Clay Loam,14.6,80.88,0.0,No Fertilizer,No application needed
Rungwe,-9.365,33.65,5.6,360.0,3.0,58.49,Sandy Clay Loam,18.7,89.59,3.87,No Fertilizer,No application needed
Rungwe,-9.225,33.57,5.8,396.0,2.2,119.59,Sandy Clay Loam,17.79,85.54,2.1,No Fertilizer,No application needed
Rungwe,-9.155,33.81,5.7,550.0,2.75,88.53,Sandy Clay Loam,17.87,92.09,33.05,No Fertilizer,No application needed
Rungwe,-9.295,33.45,5.5,540.0,1.6,39.86,Clay Loam,13.27,79.22,0.0,NPK,At planting time (basal application)
Rungwe,-9.26,33.69,5.6,374.0,2.2,59.27,Sandy Clay Loam,14.61,80.2,0.0,No Fertilizer,No application needed
Rungwe,-9.225,33.69,5.8,528.0,2.46,108.17,Sandy Clay Loam,11.96,82.72,0.06,No Fertilizer,No application needed
Rungwe,-9.26,33.77,5.5,550.0,2.2,108.17,Sandy Clay Loam,13.12,85.39,0.0,No Fertilizer,No application needed
Rungwe,-9.155,33.77,5.7,560.0,1.6,98.34,Sandy Clay Loam,17.19,91.05,34.39,No Fertilizer,No application needed
Rungwe,-9.12,33.77,5.5,680.0,2.0,72.8,Sandy Clay Loam,15.09,84.33,0.84,No Fertilizer,No application needed
Rungwe,-9.33,33.53,5.5,312.0,2.16,52.9,Clay Loam,13.47,80.7,0.42,No Fertilizer,No application needed
Rungwe,-9.19,33.65,5.6,660.0,2.5,98.34,Sandy Clay Loam,12.32,83.55,0.63,No Fertilizer,No application needed
Rungwe,-9.19,33.61,5.6,580.0,1.8,132.82,Sandy Clay Loam,17.66,72.68,0.0,No Fertilizer,No application needed
Rungwe,-9.26,33.77,5.5,550.0,2.2,108.17,Sandy Clay Loam,12.98,80.52,0.01,No Fertilizer,No application needed
Rungwe,-9.295,33.57,5.5,286.0,1.76,53.61,Sandy Clay Loam,14.59,77.61,0.43,No Fertilizer,No application needed
Rungwe,-9.19,33.73,5.7,540.0,2.0,120.16,Sandy Clay Loam,17.65,71.08,0.0,No Fertilizer,No application needed
Rungwe,-9.33,33.85,5.4,330.0,2.2,65.54,Sandy Clay Loam,17.24,90.31,6.28,Apply Lime,2-4 weeks before planting
Rungwe,-9.12,33.85,5.6,594.0,2.02,48.49,Sandy Clay Loam,17.99,60.93,0.0,No Fertilizer,No application needed
Rungwe,-9.4,33.77,5.5,336.0,2.69,43.27,Sandy Clay Loam,17.88,82.37,12.51,NPK,At planting time (basal application)
Rungwe,-9.19,33.85,5.2,594.0,1.76,65.54,Sandy Clay Loam,13.33,77.88,0.0,Apply Lime,2-4 weeks before planting
Rungwe,-9.19,33.85,5.2,594.0,1.76,65.54,Sandy Clay Loam,17.5,92.27,8.17,Apply Lime,2-4 weeks before planting
Rungwe,-9.33,33.49,5.3,440.0,1.98,43.85,Sandy Clay Loam,16.16,83.3,0.03,Apply Lime,2-4 weeks before planting
Rungwe,-9.365,33.73,5.7,264.0,2.4,52.9,Sandy Clay Loam,19.31,83.58,0.55,No Fertilizer,No application needed
Rungwe,-9.4,33.77,5.5,336.0,2.69,43.27,Sandy Clay Loam,17.79,91.45,18.07,NPK,At planting time (basal application)
Rungwe,-9.4,33.69,5.5,308.0,2.2,48.49,Sandy Clay Loam,14.39,81.97,0.18,No Fertilizer,No application needed
Rungwe,-9.26,33.57,5.5,462.0,2.46,80.08,Sandy Clay Loam,16.72,72.52,0.07,No Fertilizer,No application needed
Rungwe,-9.295,33.85,5.6,352.0,1.98,97.88,Sandy Clay Loam,16.45,73.92,0.15,No Fertilizer,No application needed
Rungwe,-9.33,33.85,5.4,330.0,2.2,65.54,Sandy Clay Loam,13.66,71.82,0.0,Apply Lime,2-4 weeks before planting
Rungwe,-9.365,33.85,5.6,286.0,2.2,43.85,Sandy Clay Loam,18.21,84.13,24.64,NPK,At planting time (basal application)
Rungwe,-9.085,33.45,5.8,462.0,1.76,72.45,Clay Loam,17.32,88.27,6.3,No Fertilizer,No application needed
Rungwe,-9.365,33.45,5.2,860.0,2.0,44.08,Sandy Clay Loam,16.83,79.38,0.09,Apply Lime,2-4 weeks before planting
Rungwe,-9.19,33.45,5.4,704.0,2.46,59.27,Clay Loam,17.98,91.28,24.04,Apply Lime,2-4 weeks before planting
Rungwe,-9.26,33.65,5.6,418.0,2.46,80.08,Sandy Clay Loam,19.77,60.97,0.0,No Fertilizer,No application needed
Rungwe,-9.155,33.45,5.4,580.0,2.0,59.58,Sandy Clay Loam,14.68,79.95,0.0,Apply Lime,2-4 weeks before planting
Rungwe,-9.085,33.69,5.6,540.0,2.5,98.34,Clay Loam,19.16,79.02,0.25,No Fertilizer,No application needed
Rungwe,-9.33,33.61,5.5,308.0,1.98,53.61,Sandy Clay Loam,15.9,85.66,0.25,No Fertilizer,No application needed
Rungwe,-9.225,33.53,5.7,396.0,1.98,88.53,Sandy Clay Loam,17.87,87.89,23.12,No Fertilizer,No application needed
Rungwe,-9.19,33.73,5.7,540.0,2.0,120.16,Sandy Clay Loam,16.59,68.07,0.0,No Fertilizer,No application needed
Rungwe,-9.26,33.49,5.5,400.0,1.6,48.74,Sandy Clay Loam,14.93,86.46,0.12,No Fertilizer,No application needed
Rungwe,-9.155,33.85,5.5,600.0,1.6,72.8,Sandy Clay Loam,16.82,72.39,0.0,No Fertilizer,No application needed
Rungwe,-9.225,33.65,5.7,528.0,2.46,161.5,Sandy Clay Loam,18.87,82.79,8.22,No Fertilizer,No application needed
Rungwe,-9.155,33.73,5.4,616.0,2.2,88.53,Sandy Clay Loam,12.47,82.09,0.0,Apply Lime,2-4 weeks before planting
Rungwe,-9.295,33.61,5.5,374.0,2.46,72.45,Sandy Clay Loam,17.87,91.0,15.71,No Fertilizer,No application needed
Rungwe,-9.26,33.49,5.5,400.0,1.6,48.74,Sandy Clay Loam,15.36,77.47,0.0,No Fertilizer,No application needed
Rungwe,-9.225,33.81,5.5,620.0,1.6,53.88,Clay Loam,17.16,90.76,7.14,No Fertilizer,No application needed
Rungwe,-9.26,33.81,5.4,560.0,2.0,98.34,Sandy Clay Loam,17.13,86.63,2.35,Apply Lime,2-4 weeks before planting
Rungwe,-9.26,33.65,5.6,418.0,2.46,80.08,Sandy Clay Loam,14.52,83.79,0.0,No Fertilizer,No application needed
Rungwe,-9.33,33.73,5.6,308.0,2.46,48.49,Sandy Clay Loam,12.33,73.92,0.0,No Fertilizer,No application needed
Rungwe,-9.085,33.61,5.4,700.0,2.0,80.48,Clay Loam,15.89,84.27,0.0,Apply Lime,2-4 weeks before planting
Rungwe,-9.33,33.49,5.3,440.0,1.98,43.85,Sandy Clay Loam,17.19,91.05,34.39,Apply Lime,2-4 weeks before planting
Rungwe,-9.085,33.57,5.8,440.0,2.5,146.82,Loam,16.16,81.71,0.01,No Fertilizer,No application needed
Rungwe,-9.295,33.81,5.7,440.0,1.98,80.08,Sandy Clay Loam,14.37,83.33,0.65,No Fertilizer,No application needed
Rungwe,-9.12,33.81,5.7,528.0,2.46,97.88,Sandy Clay Loam,18.3,69.77,0.0,No Fertilizer,No application needed
Rungwe,-9.12,33.81,5.7,528.0,2.46,97.88,Sandy Clay Loam,17.52,86.24,6.98,No Fertilizer,No application needed
Rungwe,-9.05,33.49,5.6,550.0,2.2,119.59,Sandy Clay Loam,14.53,82.45,0.24,No Fertilizer,No application needed
Rungwe,-9.19,33.45,5.4,704.0,2.46,59.27,Clay Loam,14.59,76.38,0.0,Apply Lime,2-4 weeks before planting
Rungwe,-9.155,33.77,5.7,560.0,1.6,98.34,Sandy Clay Loam,16.77,89.56,34.64,No Fertilizer,No application needed
Rungwe,-9.225,33.45,5.4,640.0,2.0,53.88,Sandy Clay Loam,18.27,65.23,0.0,Apply Lime,2-4 weeks before planting
Rungwe,-9.085,33.85,5.6,820.0,2.5,80.48,Sandy Clay Loam,16.35,87.85,6.48,No Fertilizer,No application needed
Rungwe,-9.4,33.49,5.2,520.0,1.8,36.06,Clay Loam,15.09,72.28,0.0,Apply Lime,2-4 weeks before planting
Rungwe,-9.26,33.49,5.5,400.0,1.6,48.74,Sandy Clay Loam,18.52,85.21,34.26,No Fertilizer,No application needed
Rungwe,-9.12,33.73,5.4,720.0,2.5,59.58,Clay Loam,16.14,79.33,1.08,Apply Lime,2-4 weeks before planting
Rungwe,-9.12,33.81,5.7,528.0,2.46,97.88,Sandy Clay Loam,17.82,78.52,7.69,No Fertilizer,No application needed
Rungwe,-9.155,33.73,5.4,616.0,2.2,88.53,Sandy Clay Loam,18.77,83.23,2.07,Apply Lime,2-4 weeks before planting
Rungwe,-9.365,33.81,5.5,312.0,2.4,43.27,Sandy Clay Loam,18.58,90.43,3.66,NPK,At planting time (basal application)
Rungwe,-9.26,33.57,5.5,462.0,2.46,80.08,Sandy Clay Loam,19.64,59.8,0.0,No Fertilizer,No application needed
Rungwe,-9.155,33.65,5.4,680.0,2.24,72.8,Clay Loam,17.98,86.14,17.86,Apply Lime,2-4 weeks before planting
Rungwe,-9.225,33.69,5.8,528.0,2.46,108.17,Sandy Clay Loam,13.57,85.11,0.56,No Fertilizer,No application needed
Rungwe,-9.295,33.85,5.6,352.0,1.98,97.88,Sandy Clay Loam,14.25,81.89,1.35,No Fertilizer,No application needed
Rungwe,-9.05,33.69,5.5,600.0,2.24,88.98,Clay Loam,17.88,71.89,0.13,No Fertilizer,No application needed
Rungwe,-9.05,33.69,5.5,600.0,2.24,88.98,Clay Loam,17.07,66.03,0.0,No Fertilizer,No application needed
Rungwe,-9.19,33.81,5.5,540.0,1.6,53.88,Sandy Clay Loam,16.51,77.13,0.0,No Fertilizer,No application needed
Rungwe,-9.4,33.61,5.4,330.0,2.46,43.85,Sandy Clay Loam,18.62,70.12,0.0,Apply Lime,2-4 weeks before planting
Rungwe,-9.19,33.81,5.5,540.0,1.6,53.88,Sandy Clay Loam,17.92,62.02,0.0,No Fertilizer,No application needed
Rungwe,-9.085,33.45,5.8,462.0,1.76,72.45,Clay Loam,18.91,84.93,18.88,No Fertilizer,No application needed
Rungwe,-9.155,33.61,5.4,580.0,1.8,98.34,Sandy Clay Loam,14.04,82.06,1.28,Apply Lime,2-4 weeks before planting
Rungwe,-9.365,33.73,5.7,264.0,2.4,52.9,Sandy Clay Loam,17.92,68.11,0.06,No Fertilizer,No application needed
Rungwe,-9.155,33.57,5.7,500.0,2.0,120.16,Sandy Clay Loam,17.31,79.52,4.8,No Fertilizer,No application needed
Rungwe,-9.33,33.73,5.6,308.0,2.46,48.49,Sandy Clay Loam,13.66,84.46,0.0,No Fertilizer,No application needed
Rungwe,-9.085,33.61,5.4,700.0,2.0,80.48,Clay Loam,14.63,81.3,0.0,Apply Lime,2-4 weeks before planting
Rungwe,-9.33,33.53,5.5,312.0,2.16,52.9,Clay Loam,18.58,90.43,3.66,No Fertilizer,No application needed
Rungwe,-9.295,33.57,5.5,286.0,1.76,53.61,Sandy Clay Loam,18.85,83.67,55.36,No Fertilizer,No application needed
Rungwe,-9.33,33.77,5.5,286.0,1.98,43.85,Sandy Clay Loam,17.78,90.37,14.04,NPK,At planting time (basal application)
Rungwe,-9.33,33.65,5.6,330.0,2.2,53.61,Clay Loam,16.54,84.31,0.02,No Fertilizer,No application needed
Rungwe,-9.225,33.85,5.7,462.0,1.98,80.08,Sandy Clay Loam,15.74,73.74,0.1,No Fertilizer,No application needed
Rungwe,-9.33,33.57,5.5,288.0,2.16,52.9,Sandy Clay Loam,17.28,84.65,1.01,No Fertilizer,No application needed
Rungwe,-9.4,33.77,5.5,336.0,2.69,43.27,Sandy Clay Loam,13.54,75.51,0.0,NPK,At planting time (basal application)
Rungwe,-9.225,33.49,5.6,420.0,2.0,59.58,Sandy Clay Loam,13.01,81.08,0.0,No Fertilizer,No application needed
Rungwe,-9.26,33.69,5.6,374.0,2.2,59.27,Sandy Clay Loam,17.3,73.56,0.0,No Fertilizer,No application needed
Rungwe,-9.085,33.57,5.8,440.0,2.5,146.82,Loam,13.15,84.65,0.0,No Fertilizer,No application needed
Rungwe,-9.33,33.45,5.2,640.0,2.24,48.74,Clay Loam,16.09,63.25,0.02,Apply Lime,2-4 weeks before planting
Rungwe,-9.26,33.49,5.5,400.0,1.6,48.74,Sandy Clay Loam,16.53,91.86,30.82,No Fertilizer,No application needed
Rungwe,-9.225,33.53,5.7,396.0,1.98,88.53,Sandy Clay Loam,12.41,81.55,0.0,No Fertilizer,No application needed
Rungwe,-9.155,33.49,5.6,484.0,2.2,72.45,Sandy Clay Loam,19.27,76.62,2.26,No Fertilizer,No application needed
Rungwe,-9.19,33.81,5.5,540.0,1.6,53.88,Sandy Clay Loam,17.31,90.23,24.98,No Fertilizer,No application needed
Rungwe,-9.365,33.77,5.6,312.0,2.69,47.83,Sandy Clay Loam,16.15,91.84,6.98,No Fertilizer,No application needed
Rungwe,-9.085,33.85,5.6,820.0,2.5,80.48,Sandy Clay Loam,18.15,86.59,9.94,No Fertilizer,No application needed
Rungwe,-9.085,33.57,5.8,440.0,2.5,146.82,Loam,12.36,79.23,0.01,No Fertilizer,No application needed
Rungwe,-9.4,33.53,5.1,500.0,2.24,36.06,Clay Loam,17.04,89.54,2.02,Apply Lime,2-4 weeks before planting
Rungwe,-9.365,33.73,5.7,264.0,2.4,52.9,Sandy Clay Loam,13.31,84.9,5.11,No Fertilizer,No application needed
Rungwe,-9.19,33.69,5.6,726.0,1.98,108.17,Sandy Clay Loam,13.47,80.82,0.17,No Fertilizer,No application needed
Rungwe,-9.19,33.45,5.4,704.0,2.46,59.27,Clay Loam,18.56,87.47,21.54,Apply Lime,2-4 weeks before planting
Rungwe,-9.295,33.57,5.5,286.0,1.76,53.61,Sandy Clay Loam,14.47,67.79,0.0,No Fertilizer,No application needed
Rungwe,-9.26,33.81,5.4,560.0,2.0,98.34,Sandy Clay Loam,17.77,69.31,0.0,Apply Lime,2-4 weeks before planting
Rungwe,-9.33,33.49,5.3,440.0,1.98,43.85,Sandy Clay Loam,13.98,82.54,0.1,Apply Lime,2-4 weeks before planting
Rungwe,-9.4,33.77,5.5,336.0,2.69,43.27,Sandy Clay Loam,15.42,65.37,0.0,NPK,At planting time (basal application)
Rungwe,-9.365,33.85,5.6,286.0,2.2,43.85,Sandy Clay Loam,17.01,84.45,0.31,NPK,At planting time (basal application)
Rungwe,-9.26,33.61,5.6,440.0,2.46,108.17,Sandy Clay Loam,17.42,90.72,5.68,No Fertilizer,No application needed
Rungwe,-9.05,33.45,5.5,638.0,2.46,65.54,Clay Loam,17.59,89.24,31.75,No Fertilizer,No application needed
Rungwe,-9.295,33.81,5.7,440.0,1.98,80.08,Sandy Clay Loam,18.54,82.64,0.88,No Fertilizer,No application needed
Rungwe,-9.295,33.61,5.5,374.0,2.46,72.45,Sandy Clay Loam,15.33,84.41,0.08,No Fertilizer,No application needed
Rungwe,-9.26,33.53,5.6,374.0,1.98,48.49,Sandy Clay Loam,19.35,84.13,1.03,No Fertilizer,No application needed
Rungwe,-9.12,33.73,5.4,720.0,2.5,59.58,Clay Loam,17.46,65.31,0.0,Apply Lime,2-4 weeks before planting
Rungwe,-9.19,33.49,5.6,550.0,1.98,59.27,Sandy Clay Loam,19.8,75.82,0.74,No Fertilizer,No application needed
Rungwe,-9.33,33.69,5.6,308.0,2.2,53.61,Sandy Clay Loam,13.89,81.88,0.03,No Fertilizer,No application needed
Rungwe,-9.05,33.57,5.6,528.0,2.2,132.18,Sandy Clay Loam,20.5,66.79,0.01,No Fertilizer,No application needed
Rungwe,-9.225,33.69,5.8,528.0,2.46,108.17,Sandy Clay Loam,16.62,79.25,1.82,No Fertilizer,No application needed
Rungwe,-9.365,33.81,5.5,312.0,2.4,43.27,Sandy Clay Loam,17.41,84.46,2.43,NPK,At planting time (basal application)
Rungwe,-9.19,33.45,5.4,704.0,2.46,59.27,Clay Loam,17.77,73.02,0.0,Apply Lime,2-4 weeks before planting
Rungwe,-9.12,33.81,5.7,528.0,2.46,97.88,Sandy Clay Loam,19.23,77.53,3.54,No Fertilizer,No application needed
Rungwe,-9.12,33.73,5.4,720.0,2.5,59.58,Clay Loam,17.81,83.59,9.71,Apply Lime,2-4 weeks before planting
Rungwe,-9.33,33.61,5.5,308.0,1.98,53.61,Sandy Clay Loam,14.93,86.46,0.12,No Fertilizer,No application needed
Rungwe,-9.155,33.69,5.5,684.0,2.25,59.27,Sandy Clay Loam,17.17,88.94,8.75,No Fertilizer,No application needed
Rungwe,-9.295,33.57,5.5,286.0,1.76,53.61,Sandy Clay Loam,16.68,82.86,0.06,No Fertilizer,No application needed
Rungwe,-9.4,33.73,5.5,240.0,2.4,52.9,Sandy Clay Loam,12.51,80.02,0.0,Urea,2-3 weeks after planting (top dressing)
Rungwe,-9.12,33.49,5.8,440.0,2.46,119.59,Sandy Clay Loam,16.39,84.84,6.75,No Fertilizer,No application needed
Rungwe,-9.155,33.65,5.4,680.0,2.24,72.8,Clay Loam,16.79,87.31,15.58,Apply Lime,2-4 weeks before planting
Rungwe,-9.12,33.69,5.4,860.0,1.8,72.8,Sandy Clay Loam,13.56,80.1,0.62,Apply Lime,2-4 weeks before planting
Rungwe,-9.225,33.85,5.7,462.0,1.98,80.08,Sandy Clay Loam,19.9,71.21,2.3,No Fertilizer,No application needed
Rungwe,-9.33,33.53,5.5,312.0,2.16,52.9,Clay Loam,13.66,83.12,0.61,No Fertilizer,No application needed
Rungwe,-9.12,33.69,5.4,860.0,1.8,72.8,Sandy Clay Loam,16.61,89.3,19.08,Apply Lime,2-4 weeks before planting
Rungwe,-9.155,33.65,5.4,680.0,2.24,72.8,Clay Loam,19.04,83.94,11.41,Apply Lime,2-4 weeks before planting
Rungwe,-9.155,33.81,5.7,550.0,2.75,88.53,Sandy Clay Loam,12.29,79.13,0.01,No Fertilizer,No application needed
Rungwe,-9.4,33.77,5.5,336.0,2.69,43.27,Sandy Clay Loam,18.95,69.01,2.53,NPK,At planting time (basal application)
Rungwe,-9.225,33.77,5.5,460.0,1.44,59.58,Sandy Clay Loam,17.51,90.37,24.89,No Fertilizer,No application needed
Rungwe,-9.05,33.53,5.7,506.0,2.2,132.18,Sandy Clay Loam,17.73,86.94,7.4,No Fertilizer,No application needed
Rungwe,-9.085,33.53,5.8,462.0,2.2,161.5,Sandy Clay Loam,17.81,88.56,1.23,No Fertilizer,No application needed
Rungwe,-9.155,33.53,5.8,572.0,2.2,132.18,Sandy Clay Loam,11.82,81.39,0.03,No Fertilizer,No application needed
Rungwe,-9.4,33.77,5.5,336.0,2.69,43.27,Sandy Clay Loam,12.89,83.52,1.07,NPK,At planting time (basal application)
Rungwe,-9.26,33.77,5.5,550.0,2.2,108.17,Sandy Clay Loam,19.36,67.69,0.16,No Fertilizer,No application needed
Rungwe,-9.4,33.81,5.6,312.0,2.69,43.27,Sandy Clay Loam,17.77,89.22,1.31,NPK,At planting time (basal application)
Rungwe,-9.4,33.73,5.5,240.0,2.4,52.9,Sandy Clay Loam,18.48,67.18,0.0,Urea,2-3 weeks after planting (top dressing)
Rungwe,-9.19,33.61,5.6,580.0,1.8,132.82,Sandy Clay Loam,16.09,64.83,0.0,No Fertilizer,No application needed
Rungwe,-9.295,33.85,5.6,352.0,1.98,97.88,Sandy Clay Loam,18.54,85.5,63.41,No Fertilizer,No application needed
Rungwe,-9.085,33.69,5.6,540.0,2.5,98.34,Clay Loam,16.59,68.07,0.0,No Fertilizer,No application needed
Rungwe,-9.12,33.49,5.8,440.0,2.46,119.59,Sandy Clay Loam,17.77,73.02,0.0,No Fertilizer,No application needed
Rungwe,-9.085,33.73,5.5,702.0,1.8,72.43,Clay Loam,17.05,76.02,0.0,No Fertilizer,No application needed
Rungwe,-9.05,33.53,5.7,506.0,2.2,132.18,Sandy Clay Loam,13.87,77.94,0.07,No Fertilizer,No application needed
Rungwe,-9.26,33.81,5.4,560.0,2.0,98.34,Sandy Clay Loam,17.21,91.52,4.62,Apply Lime,2-4 weeks before planting
Rungwe,-9.225,33.61,5.5,462.0,2.75,146.1,Sandy Clay Loam,12.49,78.91,0.01,No Fertilizer,No application needed
Rungwe,-9.155,33.45,5.4,580.0,2.0,59.58,Sandy Clay Loam,12.93,76.11,0.0,Apply Lime,2-4 weeks before planting
Rungwe,-9.26,33.45,5.3,680.0,1.8,53.88,Clay Loam,14.86,78.34,0.0,Apply Lime,2-4 weeks before planting
Rungwe,-9.4,33.49,5.2,520.0,1.8,36.06,Clay Loam,18.7,84.46,6.66,Apply Lime,2-4 weeks before planting
Rungwe,-9.05,33.57,5.6,528.0,2.2,132.18,Sandy Clay Loam,17.6,86.2,2.84,No Fertilizer,No application needed
Rungwe,-9.085,33.45,5.8,462.0,1.76,72.45,Clay Loam,17.1,85.63,0.7,No Fertilizer,No application needed
Rungwe,-9.4,33.61,5.4,330.0,2.46,43.85,Sandy Clay Loam,13.84,81.99,0.0,Apply Lime,2-4 weeks before planting
Rungwe,-9.225,33.45,5.4,640.0,2.0,53.88,Sandy Clay Loam,17.36,87.4,13.67,Apply Lime,2-4 weeks before planting
Rungwe,-9.33,33.49,5.3,440.0,1.98,43.85,Sandy Clay Loam,15.31,82.01,0.2,Apply Lime,2-4 weeks before planting
Rungwe,-9.12,33.69,5.4,860.0,1.8,72.8,Sandy Clay Loam,14.31,77.86,0.0,Apply Lime,2-4 weeks before planting
Rungwe,-9.295,33.77,5.6,440.0,1.98,88.53,Clay Loam,19.58,82.73,0.13,No Fertilizer,No application needed
Rungwe,-9.33,33.77,5.5,286.0,1.98,43.85,Sandy Clay Loam,17.16,63.31,0.0,NPK,At planting time (basal application)
Rungwe,-9.19,33.53,5.7,460.0,1.8,108.72,Sandy Clay Loam,17.27,88.44,1.07,No Fertilizer,No application needed
Rungwe,-9.365,33.65,5.6,360.0,3.0,58.49,Sandy Clay Loam,14.55,82.08,0.03,No Fertilizer,No application needed
Rungwe,-9.225,33.69,5.8,528.0,2.46,108.17,Sandy Clay Loam,12.65,75.33,0.0,No Fertilizer,No application needed
Rungwe,-9.12,33.85,5.6,594.0,2.02,48.49,Sandy Clay Loam,19.74,75.77,0.96,No Fertilizer,No application needed
Rungwe,-9.26,33.53,5.6,374.0,1.98,48.49,Sandy Clay Loam,18.92,71.1,0.0,No Fertilizer,No application needed
Rungwe,-9.225,33.53,5.7,396.0,1.98,88.53,Sandy Clay Loam,18.5,74.88,0.39,No Fertilizer,No application needed
Rungwe,-9.19,33.49,5.6,550.0,1.98,59.27,Sandy Clay Loam,16.03,84.9,1.93,No Fertilizer,No application needed
Rungwe,-9.225,33.81,5.5,620.0,1.6,53.88,Clay Loam,17.7,87.92,0.96,No Fertilizer,No application needed
Rungwe,-9.12,33.53,5.7,572.0,1.98,178.51,Sandy Clay Loam,14.31,80.99,0.11,No Fertilizer,No application needed
Rungwe,-9.33,33.85,5.4,330.0,2.2,65.54,Sandy Clay Loam,13.46,79.22,0.0,Apply Lime,2-4 weeks before planting
Rungwe,-9.225,33.65,5.7,528.0,2.46,161.5,Sandy Clay Loam,12.15,76.48,0.0,No Fertilizer,No application needed
Rungwe,-9.05,33.85,5.7,820.0,2.24,98.34,Sandy Clay Loam,14.34,83.78,1.97,No Fertilizer,No application needed
Rungwe,-9.26,33.61,5.6,440.0,2.46,108.17,Sandy Clay Loam,19.08,83.52,6.88,No Fertilizer,No application needed
Rungwe,-9.33,33.73,5.6,308.0,2.46,48.49,Sandy Clay Loam,16.96,78.87,0.28,No Fertilizer,No application needed
Rungwe,-9.26,33.61,5.6,440.0,2.46,108.17,Sandy Clay Loam,15.27,76.41,0.0,No Fertilizer,No application needed
Rungwe,-9.365,33.85,5.6,286.0,2.2,43.85,Sandy Clay Loam,13.94,77.53,0.0,NPK,At planting time (basal application)
Rungwe,-9.225,33.73,5.9,506.0,2.2,119.59,Sandy Clay Loam,16.61,89.3,19.08,No Fertilizer,No application needed
Rungwe,-9.4,33.77,5.5,336.0,2.69,43.27,Sandy Clay Loam,17.6,88.28,8.93,NPK,At planting time (basal application)
Rungwe,-9.4,33.81,5.6,312.0,2.69,43.27,Sandy Clay Loam,14.63,75.55,0.0,NPK,At planting time (basal application)
Rungwe,-9.365,33.81,5.5,312.0,2.4,43.27,Sandy Clay Loam,16.04,78.53,0.0,NPK,At planting time (basal application)
Rungwe,-9.365,33.53,5.6,330.0,2.2,53.61,Sandy Clay Loam,18.32,84.68,2.31,No Fertilizer,No application needed
Rungwe,-9.4,33.45,5.2,680.0,2.0,32.6,Clay Loam,17.6,86.45,6.34,Apply Lime,2-4 weeks before planting
Rungwe,-9.05,33.85,5.7,820.0,2.24,98.34,Sandy Clay Loam,17.19,86.28,4.97,No Fertilizer,No application needed
Rungwe,-9.12,33.73,5.4,720.0,2.5,59.58,Clay Loam,12.58,81.72,0.0,Apply Lime,2-4 weeks before planting
Rungwe,-9.295,33.65,5.7,340.0,1.8,72.8,Sandy Clay Loam,12.01,76.13,0.0,No Fertilizer,No application needed
Rungwe,-9.155,33.81,5.7,550.0,2.75,88.53,Sandy Clay Loam,19.72,62.62,0.0,No Fertilizer,No application needed
Rungwe,-9.365,33.85,5.6,286.0,2.2,43.85,Sandy Clay Loam,14.06,74.59,0.0,NPK,At planting time (basal application)
Rungwe,-9.4,33.69,5.5,308.0,2.2,48.49,Sandy Clay Loam,16.86,87.83,5.37,No Fertilizer,No application needed
Rungwe,-9.33,33.65,5.6,330.0,2.2,53.61,Clay Loam,15.79,87.33,0.94,No Fertilizer,No application needed
Rungwe,-9.4,33.81,5.6,312.0,2.69,43.27,Sandy Clay Loam,15.26,83.47,0.14,NPK,At planting time (basal application)
Rungwe,-9.33,33.57,5.5,288.0,2.16,52.9,Sandy Clay Loam,17.22,87.05,16.29,No Fertilizer,No application needed
Rungwe,-9.26,33.49,5.5,400.0,1.6,48.74,Sandy Clay Loam,18.72,63.2,0.02,No Fertilizer,No application needed
Rungwe,-9.295,33.85,5.6,352.0,1.98,97.88,Sandy Clay Loam,11.8,84.24,0.8,No Fertilizer,No application needed
Rungwe,-9.19,33.57,5.7,506.0,2.2,132.18,Sandy Clay Loam,15.54,75.05,0.0,No Fertilizer,No application needed
Rungwe,-9.225,33.57,5.8,396.0,2.2,119.59,Sandy Clay Loam,11.62,81.48,0.11,No Fertilizer,No application needed
Rungwe,-9.365,33.45,5.2,860.0,2.0,44.08,Sandy Clay Loam,17.64,87.92,43.56,Apply Lime,2-4 weeks before planting
Rungwe,-9.12,33.73,5.4,720.0,2.5,59.58,Clay Loam,18.39,89.47,10.1,Apply Lime,2-4 weeks before planting
Rungwe,-9.4,33.49,5.2,520.0,1.8,36.06,Clay Loam,19.21,82.38,3.87,Apply Lime,2-4 weeks before planting
Rungwe,-9.33,33.53,5.5,312.0,2.16,52.9,Clay Loam,15.88,84.33,0.0,No Fertilizer,No application needed
Rungwe,-9.05,33.65,5.4,620.0,1.8,80.48,Clay Loam,16.97,92.78,10.21,Apply Lime,2-4 weeks before planting
Rungwe,-9.33,33.61,5.5,308.0,1.98,53.61,Sandy Clay Loam,14.9,79.84,0.0,No Fertilizer,No application needed
Rungwe,-9.12,33.85,5.6,594.0,2.02,48.49,Sandy Clay Loam,19.3,83.34,11.8,No Fertilizer,No application needed
Rungwe,-9.4,33.85,5.7,288.0,2.4,47.83,Sandy Clay Loam,14.66,64.74,0.0,No Fertilizer,No application needed
Rungwe,-9.19,33.61,5.6,580.0,1.8,132.82,Sandy Clay Loam,17.47,88.15,1.45,No Fertilizer,No application needed
Rungwe,-9.365,33.49,5.3,520.0,1.8,39.86,Clay Loam,14.31,77.86,0.0,Apply Lime,2-4 weeks before planting
Rungwe,-9.225,33.73,5.9,506.0,2.2,119.59,Sandy Clay Loam,11.74,84.09,0.0,No Fertilizer,No application needed
Rungwe,-9.085,33.85,5.6,820.0,2.5,80.48,Sandy Clay Loam,11.75,77.25,0.0,No Fertilizer,No application needed
Rungwe,-9.26,33.77,5.5,550.0,2.2,108.17,Sandy Clay Loam,16.95,90.36,17.2,No Fertilizer,No application needed
Rungwe,-9.19,33.85,5.2,594.0,1.76,65.54,Sandy Clay Loam,18.57,65.41,0.0,Apply Lime,2-4 weeks before planting
Rungwe,-9.12,33.73,5.4,720.0,2.5,59.58,Clay Loam,17.69,87.24,10.21,Apply Lime,2-4 weeks before planting
Rungwe,-9.365,33.53,5.6,330.0,2.2,53.61,Sandy Clay Loam,17.57,85.96,0.41,No Fertilizer,No application needed
Rungwe,-9.295,33.73,5.5,308.0,2.2,53.61,Sandy Clay Loam,14.33,79.67,1.34,No Fertilizer,No application needed
Rungwe,-9.05,33.69,5.5,600.0,2.24,88.98,Clay Loam,19.78,72.69,0.17,No Fertilizer,No application needed
Rungwe,-9.26,33.73,5.7,374.0,1.98,97.88,Sandy Clay Loam,16.39,88.64,28.07,No Fertilizer,No application needed
Rungwe,-9.12,33.85,5.6,594.0,2.02,48.49,Sandy Clay Loam,19.56,70.55,0.01,No Fertilizer,No application needed
Rungwe,-9.225,33.49,5.6,420.0,2.0,59.58,Sandy Clay Loam,17.28,88.16,3.73,No Fertilizer,No application needed
Rungwe,-9.225,33.61,5.5,462.0,2.75,146.1,Sandy Clay Loam,16.83,87.42,6.12,No Fertilizer,No application needed
Rungwe,-9.4,33.53,5.1,500.0,2.24,36.06,Clay Loam,16.74,89.19,9.51,Apply Lime,2-4 weeks before planting
Rungwe,-9.225,33.85,5.7,462.0,1.98,80.08,Sandy Clay Loam,15.82,85.37,0.38,No Fertilizer,No application needed
Rungwe,-9.085,33.45,5.8,462.0,1.76,72.45,Clay Loam,17.26,88.72,2.83,No Fertilizer,No application needed
Rungwe,-9.295,33.81,5.7,440.0,1.98,80.08,Sandy Clay Loam,15.47,88.2,7.32,No Fertilizer,No application needed
Rungwe,-9.365,33.53,5.6,330.0,2.2,53.61,Sandy Clay Loam,17.54,74.16,0.0,No Fertilizer,No application needed
Rungwe,-9.19,33.57,5.7,506.0,2.2,132.18,Sandy Clay Loam,17.39,90.36,5.58,No Fertilizer,No application needed
Rungwe,-9.33,33.81,5.5,286.0,2.2,43.85,Sandy Clay Loam,12.08,80.59,0.45,NPK,At planting time (basal application)
Rungwe,-9.4,33.45,5.2,680.0,2.0,32.6,Clay Loam,17.54,83.01,8.9,Apply Lime,2-4 weeks before planting
Rungwe,-9.4,33.53,5.1,500.0,2.24,36.06,Clay Loam,17.78,84.94,11.7,Apply Lime,2-4 weeks before planting
Rungwe,-9.225,33.45,5.4,640.0,2.0,53.88,Sandy Clay Loam,16.58,91.12,17.89,Apply Lime,2-4 weeks before planting
Rungwe,-9.085,33.65,5.5,738.0,2.02,65.52,Clay Loam,14.12,82.15,0.0,No Fertilizer,No application needed
Rungwe,-9.26,33.73,5.7,374.0,1.98,97.88,Sandy Clay Loam,16.34,75.52,0.0,No Fertilizer,No application needed
Rungwe,-9.085,33.73,5.5,702.0,1.8,72.43,Clay Loam,19.75,60.83,0.0,No Fertilizer,No application needed
Rungwe,-9.33,33.65,5.6,330.0,2.2,53.61,Clay Loam,12.72,76.63,0.0,No Fertilizer,No application needed
Rungwe,-9.33,33.77,5.5,286.0,1.98,43.85,Sandy Clay Loam,16.77,87.4,9.95,NPK,At planting time (basal application)
Rungwe,-9.085,33.65,5.5,738.0,2.02,65.52,Clay Loam,14.05,77.83,0.0,No Fertilizer,No application needed
Rungwe,-9.19,33.81,5.5,540.0,1.6,53.88,Sandy Clay Loam,18.49,82.41,1.62,No Fertilizer,No application needed
Rungwe,-9.085,33.65,5.5,738.0,2.02,65.52,Clay Loam,20.52,67.59,0.09,No Fertilizer,No application needed
Rungwe,-9.12,33.45,5.4,682.0,2.2,59.27,Clay Loam,17.7,71.83,0.0,Apply Lime,2-4 weeks before planting
Rungwe,-9.33,33.61,5.5,308.0,1.98,53.61,Sandy Clay Loam,12.54,76.16,0.0,No Fertilizer,No application needed
Rungwe,-9.26,33.77,5.5,550.0,2.2,108.17,Sandy Clay Loam,18.53,78.43,0.14,No Fertilizer,No application needed
Rungwe,-9.4,33.57,5.6,286.0,1.76,39.67,Sandy Clay Loam,16.33,68.51,0.0,NPK,At planting time (basal application)
Rungwe,-9.33,33.53,5.5,312.0,2.16,52.9,Clay Loam,18.25,73.63,0.11,No Fertilizer,No application needed
Rungwe,-9.155,33.49,5.6,484.0,2.2,72.45,Sandy Clay Loam,17.05,90.35,22.4,No Fertilizer,No application needed
Rungwe,-9.26,33.53,5.6,374.0,1.98,48.49,Sandy Clay Loam,16.12,84.33,1.3,No Fertilizer,No application needed
Rungwe,-9.085,33.61,5.4,700.0,2.0,80.48,Clay Loam,13.91,80.81,0.0,Apply Lime,2-4 weeks before planting
Rungwe,-9.26,33.85,5.6,418.0,2.2,88.53,Sandy Clay Loam,12.46,79.47,0.0,No Fertilizer,No application needed
Rungwe,-9.05,33.53,5.7,506.0,2.2,132.18,Sandy Clay Loam,18.48,86.12,29.55,No Fertilizer,No application needed
Rungwe,-9.12,33.49,5.8,440.0,2.46,119.59,Sandy Clay Loam,18.1,81.81,0.08,No Fertilizer,No application needed
Rungwe,-9.225,33.57,5.8,396.0,2.2,119.59,Sandy Clay Loam,14.31,77.86,0.0,No Fertilizer,No application needed
Rungwe,-9.365,33.73,5.7,264.0,2.4,52.9,Sandy Clay Loam,16.16,83.3,0.03,No Fertilizer,No application needed
Rungwe,-9.19,33.61,5.6,580.0,1.8,132.82,Sandy Clay Loam,19.16,64.72,0.0,No Fertilizer,No application needed
Rungwe,-9.4,33.81,5.6,312.0,2.69,43.27,Sandy Clay Loam,18.63,75.4,0.0,NPK,At planting time (basal application)
Rungwe,-9.12,33.69,5.4,860.0,1.8,72.8,Sandy Clay Loam,18.77,86.76,9.7,Apply Lime,2-4 weeks before planting
Rungwe,-9.05,33.77,5.5,666.0,1.62,80.08,Clay Loam,18.06,89.22,18.12,No Fertilizer,No application needed
Rungwe,-9.295,33.77,5.6,440.0,1.98,88.53,Clay Loam,18.16,93.24,23.39,No Fertilizer,No application needed
Rungwe,-9.05,33.77,5.5,666.0,1.62,80.08,Clay Loam,17.71,86.78,8.48,No Fertilizer,No application needed
Rungwe,-9.26,33.69,5.6,374.0,2.2,59.27,Sandy Clay Loam,11.96,78.49,0.0,No Fertilizer,No application needed
Rungwe,-9.085,33.85,5.6,820.0,2.5,80.48,Sandy Clay Loam,13.36,73.73,0.0,No Fertilizer,No application needed
Rungwe,-9.085,33.81,5.5,640.0,1.8,53.88,Sandy Clay Loam,18.1,79.6,1.06,No Fertilizer,No application needed
Rungwe,-9.19,33.73,5.7,540.0,2.0,120.16,Sandy Clay Loam,18.09,90.74,146.08,No Fertilizer,No application needed
Rungwe,-9.26,33.49,5.5,400.0,1.6,48.74,Sandy Clay Loam,15.66,86.54,0.18,No Fertilizer,No application needed
Rungwe,-9.4,33.73,5.5,240.0,2.4,52.9,Sandy Clay Loam,16.2,78.41,0.4,Urea,2-3 weeks after planting (top dressing)
Rungwe,-9.365,33.73,5.7,264.0,2.4,52.9,Sandy Clay Loam,18.8,77.5,0.44,No Fertilizer,No application needed
Rungwe,-9.05,33.61,5.6,520.0,2.0,98.34,Sandy Clay Loam,12.58,78.64,0.25,No Fertilizer,No application needed
Rungwe,-9.05,33.53,5.7,506.0,2.2,132.18,Sandy Clay Loam,18.0,84.04,5.58,No Fertilizer,No application needed
Rungwe,-9.155,33.85,5.5,600.0,1.6,72.8,Sandy Clay Loam,11.23,85.2,9.62,No Fertilizer,No application needed
Rungwe,-9.085,33.45,5.8,462.0,1.76,72.45,Clay Loam,13.66,71.6,0.0,No Fertilizer,No application needed
Rungwe,-9.085,33.77,5.6,620.0,2.0,53.88,Sandy Clay Loam,16.04,77.18,0.0,No Fertilizer,No application needed
Rungwe,-9.4,33.85,5.7,288.0,2.4,47.83,Sandy Clay Loam,14.12,78.34,0.0,No Fertilizer,No application needed
Rungwe,-9.155,33.49,5.6,484.0,2.2,72.45,Sandy Clay Loam,16.96,92.11,10.67,No Fertilizer,No application needed
Rungwe,-9.4,33.49,5.2,520.0,1.8,36.06,Clay Loam,18.07,85.31,0.13,Apply Lime,2-4 weeks before planting
Rungwe,-9.33,33.81,5.5,286.0,2.2,43.85,Sandy Clay Loam,19.3,76.03,2.54,NPK,At planting time (basal application)
Rungwe,-9.225,33.69,5.8,528.0,2.46,108.17,Sandy Clay Loam,16.99,74.25,0.0,No Fertilizer,No application needed
Rungwe,-9.33,33.53,5.5,312.0,2.16,52.9,Clay Loam,17.48,91.74,37.57,No Fertilizer,No application needed
Rungwe,-9.19,33.45,5.4,704.0,2.46,59.27,Clay Loam,18.74,87.54,30.21,Apply Lime,2-4 weeks before planting
Rungwe,-9.085,33.69,5.6,540.0,2.5,98.34,Clay Loam,17.82,83.21,16.6,No Fertilizer,No application needed
Rungwe,-9.26,33.57,5.5,462.0,2.46,80.08,Sandy Clay Loam,17.36,85.16,29.88,No Fertilizer,No application needed
Rungwe,-9.05,33.53,5.7,506.0,2.2,132.18,Sandy Clay Loam,17.48,82.15,0.39,No Fertilizer,No application needed
Rungwe,-9.155,33.85,5.5,600.0,1.6,72.8,Sandy Clay Loam,17.32,90.6,6.37,No Fertilizer,No application needed
Rungwe,-9.295,33.65,5.7,340.0,1.8,72.8,Sandy Clay Loam,12.41,66.11,0.0,No Fertilizer,No application needed
Rungwe,-9.085,33.69,5.6,540.0,2.5,98.34,Clay Loam,13.94,77.99,0.0,No Fertilizer,No application needed
Rungwe,-9.365,33.49,5.3,520.0,1.8,39.86,Clay Loam,17.86,84.45,1.25,Apply Lime,2-4 weeks before planting
Rungwe,-9.365,33.85,5.6,286.0,2.2,43.85,Sandy Clay Loam,13.8,72.68,0.0,NPK,At planting time (basal application)
Rungwe,-9.19,33.45,5.4,704.0,2.46,59.27,Clay Loam,15.67,81.79,0.13,Apply Lime,2-4 weeks before planting
Rungwe,-9.365,33.53,5.6,330.0,2.2,53.61,Sandy Clay Loam,17.18,84.51,0.93,No Fertilizer,No application needed
Rungwe,-9.155,33.77,5.7,560.0,1.6,98.34,Sandy Clay Loam,11.49,75.1,0.0,No Fertilizer,No application needed
Rungwe,-9.05,33.81,5.6,720.0,1.62,65.52,Clay Loam,15.43,74.25,0.0,No Fertilizer,No application needed
Rungwe,-9.12,33.69,5.4,860.0,1.8,72.8,Sandy Clay Loam,19.8,75.82,0.74,Apply Lime,2-4 weeks before planting
Rungwe,-9.295,33.49,5.5,374.0,2.2,43.85,Sandy Clay Loam,19.15,79.69,0.98,NPK,At planting time (basal application)
